ring	category	gene	promoter_per_kb	background_per_kb	normalised
10-100 kb	HighConfNDD	SAMD11	0.0	0.4	0.0
10-100 kb	HighConfNDD	SKI	0.75	0.4777777777777778	1.569767441860465
10-100 kb	HighConfNDD	RERE	1.5	1.3888888888888888	1.08
10-100 kb	HighConfNDD	CA6	1.0	1.2944444444444445	0.7725321888412017
10-100 kb	HighConfNDD	CASZ1	0.25	0.4888888888888889	0.5113636363636364
10-100 kb	HighConfNDD	MTOR	1.75	0.8277777777777777	2.1140939597315436
10-100 kb	HighConfNDD	MTHFR	0.5	0.9333333333333333	0.5357142857142857
10-100 kb	HighConfNDD	SPEN	0.75	1.5944444444444446	0.470383275261324
10-100 kb	HighConfNDD	EPHB2	0.0	0.42777777777777776	0.0
10-100 kb	HighConfNDD	HNRNPR	0.75	1.0	0.75
10-100 kb	HighConfNDD	AHDC1	0.0	0.7111111111111111	0.0
10-100 kb	HighConfNDD	TMEM39B	1.75	1.488888888888889	1.1753731343283582
10-100 kb	HighConfNDD	DLGAP3	0.5	0.6333333333333333	0.7894736842105263
10-100 kb	HighConfNDD	AGO4	0.5	1.1611111111111112	0.43062200956937796
10-100 kb	HighConfNDD	AGO1	2.0	1.0722222222222222	1.8652849740932642
10-100 kb	HighConfNDD	AGO3	0.0	1.0666666666666667	0.0
10-100 kb	HighConfNDD	GRIK3	0.0	0.15555555555555556	0.0
10-100 kb	HighConfNDD	MTF1	0.75	1.1444444444444444	0.6553398058252428
10-100 kb	HighConfNDD	PPT1	0.75	1.038888888888889	0.7219251336898395
10-100 kb	HighConfNDD	SMAP2	1.25	0.9111111111111111	1.3719512195121952
10-100 kb	HighConfNDD	RIMS3	0.25	0.8222222222222222	0.30405405405405406
10-100 kb	HighConfNDD	HIVEP3	0.25	0.18888888888888888	1.3235294117647058
10-100 kb	HighConfNDD	SZT2	0.5	0.5944444444444444	0.8411214953271028
10-100 kb	HighConfNDD	POMGNT1	1.0	1.1944444444444444	0.8372093023255814
10-100 kb	HighConfNDD	AGBL4	0.0	0.20555555555555555	0.0
10-100 kb	HighConfNDD	SCP2	1.0	1.261111111111111	0.7929515418502203
10-100 kb	HighConfNDD	CPT2	0.0	0.42777777777777776	0.0
10-100 kb	HighConfNDD	GLIS1	0.0	0.6833333333333333	0.0
10-100 kb	HighConfNDD	NFIA	0.0	0.16111111111111112	0.0
10-100 kb	HighConfNDD	PATJ	1.0	1.0777777777777777	0.9278350515463918
10-100 kb	HighConfNDD	DOCK7	0.75	0.5833333333333334	1.2857142857142856
10-100 kb	HighConfNDD	SRSF11	0.25	0.5333333333333333	0.46875
10-100 kb	HighConfNDD	NEGR1	0.0	0.15555555555555556	0.0
10-100 kb	HighConfNDD	PTBP2	0.5	0.34444444444444444	1.4516129032258065
10-100 kb	HighConfNDD	DPYD	0.25	0.15	1.6666666666666667
10-100 kb	HighConfNDD	NTNG1	0.0	0.17777777777777778	0.0
10-100 kb	HighConfNDD	GSTM1	0.0	0.3111111111111111	0.0
10-100 kb	HighConfNDD	KCNA2	0.5	0.1388888888888889	3.5999999999999996
10-100 kb	HighConfNDD	ADORA3	0.0	0.38333333333333336	0.0
10-100 kb	HighConfNDD	KCND3	0.0	0.1111111111111111	0.0
10-100 kb	HighConfNDD	TRIM33	0.5	1.0222222222222221	0.48913043478260876
10-100 kb	HighConfNDD	AMPD1	0.75	0.7277777777777777	1.0305343511450382
10-100 kb	HighConfNDD	CSDE1	0.5	0.5166666666666667	0.9677419354838709
10-100 kb	HighConfNDD	SLC22A15	0.25	0.40555555555555556	0.6164383561643836
10-100 kb	HighConfNDD	ATP1A1	0.25	0.2722222222222222	0.9183673469387756
10-100 kb	HighConfNDD	APH1A	1.0	1.5777777777777777	0.6338028169014085
10-100 kb	HighConfNDD	SETDB1	1.75	1.3444444444444446	1.3016528925619835
10-100 kb	HighConfNDD	POGZ	1.0	1.1611111111111112	0.8612440191387559
10-100 kb	HighConfNDD	ILF2	1.75	1.35	1.2962962962962963
10-100 kb	HighConfNDD	UBAP2L	0.0	1.45	0.0
10-100 kb	HighConfNDD	CHRNB2	0.25	0.7666666666666667	0.32608695652173914
10-100 kb	HighConfNDD	ASH1L	0.75	1.3277777777777777	0.5648535564853556
10-100 kb	HighConfNDD	IQGAP3	0.5	0.7388888888888889	0.6766917293233082
10-100 kb	HighConfNDD	NTRK1	0.25	0.7055555555555556	0.3543307086614173
10-100 kb	HighConfNDD	PYHIN1	0.0	0.17222222222222222	0.0
10-100 kb	HighConfNDD	FCRL6	0.25	0.2	1.25
10-100 kb	HighConfNDD	KCNJ10	0.25	0.3333333333333333	0.75
10-100 kb	HighConfNDD	ATP1A2	0.0	0.3333333333333333	0.0
10-100 kb	HighConfNDD	PBX1	1.5	0.5	3.0
10-100 kb	HighConfNDD	KLHL20	0.0	0.5611111111111111	0.0
10-100 kb	HighConfNDD	ASTN1	0.0	0.15555555555555556	0.0
10-100 kb	HighConfNDD	CACNA1E	0.0	0.19444444444444445	0.0
10-100 kb	HighConfNDD	PTGS2	0.0	0.4111111111111111	0.0
10-100 kb	HighConfNDD	ASPM	0.5	0.20555555555555555	2.4324324324324325
10-100 kb	HighConfNDD	PTPRC	0.0	0.24444444444444444	0.0
10-100 kb	HighConfNDD	KIF14	1.0	1.0333333333333334	0.9677419354838709
10-100 kb	HighConfNDD	KDM5B	0.0	1.0333333333333334	0.0
10-100 kb	HighConfNDD	ZC3H11A	0.5	1.2666666666666666	0.39473684210526316
10-100 kb	HighConfNDD	CNTN2	0.0	0.5111111111111111	0.0
10-100 kb	HighConfNDD	RBBP5	0.75	0.7888888888888889	0.9507042253521127
10-100 kb	HighConfNDD	AVPR1B	0.75	0.55	1.3636363636363635
10-100 kb	HighConfNDD	RASSF5	0.0	0.40555555555555556	0.0
10-100 kb	HighConfNDD	HSD11B1	0.0	0.21666666666666667	0.0
10-100 kb	HighConfNDD	USH2A	0.25	0.16111111111111112	1.5517241379310345
10-100 kb	HighConfNDD	MARK1	0.0	0.2722222222222222	0.0
10-100 kb	HighConfNDD	NUP133	0.5	0.9222222222222223	0.5421686746987951
10-100 kb	HighConfNDD	TSNAX-DISC1	0.25	0.6444444444444445	0.3879310344827586
10-100 kb	HighConfNDD	DISC1	0.75	0.4888888888888889	1.5340909090909092
10-100 kb	HighConfNDD	CHRM3	0.0	0.3611111111111111	0.0
10-100 kb	HighConfNDD	RGS7	0.0	0.24444444444444444	0.0
10-100 kb	HighConfNDD	ADSS2	0.0	0.6166666666666667	0.0
10-100 kb	HighConfNDD	HNRNPU	0.0	1.2833333333333334	0.0
10-100 kb	HighConfNDD	OR1C1	0.25	0.22777777777777777	1.0975609756097562
10-100 kb	HighConfNDD	OR2M4	0.5	0.09444444444444444	5.294117647058823
10-100 kb	HighConfNDD	OR2T10	0.25	0.1	2.5
10-100 kb	HighConfNDD	ZMYND11	1.0	0.46111111111111114	2.1686746987951806
10-100 kb	HighConfNDD	DIP2C	0.0	0.3	0.0
10-100 kb	HighConfNDD	CELF2	0.5	0.35555555555555557	1.40625
10-100 kb	HighConfNDD	UPF2	0.5	1.5555555555555556	0.3214285714285714
10-100 kb	HighConfNDD	CACNB2	0.75	0.4722222222222222	1.5882352941176472
10-100 kb	HighConfNDD	MKX	0.0	0.35	0.0
10-100 kb	HighConfNDD	WAC	0.75	0.8722222222222222	0.8598726114649682
10-100 kb	HighConfNDD	HNRNPF	1.25	1.6055555555555556	0.7785467128027681
10-100 kb	HighConfNDD	WDFY4	0.75	0.13333333333333333	5.625
10-100 kb	HighConfNDD	PCDH15	0.0	0.19444444444444445	0.0
10-100 kb	HighConfNDD	ANK3	0.0	0.3277777777777778	0.0
10-100 kb	HighConfNDD	REEP3	0.25	0.7333333333333333	0.34090909090909094
10-100 kb	HighConfNDD	JMJD1C	0.25	0.7388888888888889	0.3383458646616541
10-100 kb	HighConfNDD	CTNNA3	0.5	0.6388888888888888	0.782608695652174
10-100 kb	HighConfNDD	ADK	0.25	0.9888888888888889	0.25280898876404495
10-100 kb	HighConfNDD	KCNMA1	0.0	0.3333333333333333	0.0
10-100 kb	HighConfNDD	ZMIZ1	0.0	0.2388888888888889	0.0
10-100 kb	HighConfNDD	DYDC2	1.25	0.5111111111111111	2.4456521739130435
10-100 kb	HighConfNDD	DYDC1	0.25	0.5611111111111111	0.44554455445544555
10-100 kb	HighConfNDD	GRID1	0.0	0.5722222222222222	0.0
10-100 kb	HighConfNDD	PTEN	0.0	0.4388888888888889	0.0
10-100 kb	HighConfNDD	BTAF1	0.5	0.6555555555555556	0.7627118644067796
10-100 kb	HighConfNDD	EXOC6	0.75	0.7722222222222223	0.9712230215827338
10-100 kb	HighConfNDD	LGI1	0.0	0.4	0.0
10-100 kb	HighConfNDD	SLC35G1	0.25	0.4	0.625
10-100 kb	HighConfNDD	LZTS2	0.25	0.7555555555555555	0.33088235294117646
10-100 kb	HighConfNDD	BTRC	0.5	0.7888888888888889	0.6338028169014085
10-100 kb	HighConfNDD	LDB1	0.0	1.4222222222222223	0.0
10-100 kb	HighConfNDD	BORCS7-ASMT	2.25	1.288888888888889	1.7456896551724137
10-100 kb	HighConfNDD	SORCS3	0.0	0.2	0.0
10-100 kb	HighConfNDD	SMC3	1.0	0.6222222222222222	1.6071428571428572
10-100 kb	HighConfNDD	TCF7L2	0.0	0.6888888888888889	0.0
10-100 kb	HighConfNDD	DOCK1	0.0	0.4888888888888889	0.0
10-100 kb	HighConfNDD	EBF3	0.0	0.26666666666666666	0.0
10-100 kb	HighConfNDD	HRAS	0.5	0.9055555555555556	0.5521472392638037
10-100 kb	HighConfNDD	PHRF1	0.0	1.0333333333333334	0.0
10-100 kb	HighConfNDD	DEAF1	0.0	1.1611111111111112	0.0
10-100 kb	HighConfNDD	SLC25A22	0.25	0.9666666666666667	0.25862068965517243
10-100 kb	HighConfNDD	TSPAN4	0.75	0.9611111111111111	0.7803468208092486
10-100 kb	HighConfNDD	BRSK2	0.0	0.26666666666666666	0.0
10-100 kb	HighConfNDD	CTSD	0.75	0.46111111111111114	1.6265060240963853
10-100 kb	HighConfNDD	OR52M1	0.0	0.09444444444444444	0.0
10-100 kb	HighConfNDD	APBB1	0.5	0.5	1.0
10-100 kb	HighConfNDD	TPP1	0.0	0.3055555555555556	0.0
10-100 kb	HighConfNDD	KCNC1	0.0	0.1388888888888889	0.0
10-100 kb	HighConfNDD	NAV2	0.0	0.15555555555555556	0.0
10-100 kb	HighConfNDD	GAS2	0.75	0.18888888888888888	3.9705882352941178
10-100 kb	HighConfNDD	ELP4	0.0	0.3611111111111111	0.0
10-100 kb	HighConfNDD	CAPRIN1	0.25	0.9166666666666666	0.27272727272727276
10-100 kb	HighConfNDD	LRRC4C	0.0	0.2222222222222222	0.0
10-100 kb	HighConfNDD	PHF21A	0.0	0.5888888888888889	0.0
10-100 kb	HighConfNDD	SSRP1	0.5	0.3611111111111111	1.3846153846153846
10-100 kb	HighConfNDD	CTNND1	1.25	1.0166666666666666	1.2295081967213115
10-100 kb	HighConfNDD	CPSF7	1.25	1.0055555555555555	1.2430939226519337
10-100 kb	HighConfNDD	DAGLA	0.25	0.5777777777777777	0.4326923076923077
10-100 kb	HighConfNDD	AHNAK	1.25	1.0722222222222222	1.1658031088082903
10-100 kb	HighConfNDD	HNRNPUL2-BSCL2	0.5	1.6	0.3125
10-100 kb	HighConfNDD	HNRNPUL2	0.5	1.6	0.3125
10-100 kb	HighConfNDD	SLC22A9	0.0	0.08333333333333333	0.0
10-100 kb	HighConfNDD	MARK2	0.0	1.25	0.0
10-100 kb	HighConfNDD	NRXN2	0.0	0.5833333333333334	0.0
10-100 kb	HighConfNDD	SF1	0.5	0.6722222222222223	0.743801652892562
10-100 kb	HighConfNDD	POLA2	1.25	1.1111111111111112	1.125
10-100 kb	HighConfNDD	KCNK7	0.75	0.8333333333333334	0.8999999999999999
10-100 kb	HighConfNDD	PACS1	0.0	0.9888888888888889	0.0
10-100 kb	HighConfNDD	DPP3	0.5	1.2055555555555555	0.4147465437788019
10-100 kb	HighConfNDD	CTSF	1.0	1.288888888888889	0.7758620689655172
10-100 kb	HighConfNDD	KMT5B	0.0	1.0944444444444446	0.0
10-100 kb	HighConfNDD	PPFIA1	0.75	0.9722222222222222	0.7714285714285715
10-100 kb	HighConfNDD	SHANK2	0.0	0.5333333333333333	0.0
10-100 kb	HighConfNDD	DHCR7	0.5	0.3388888888888889	1.4754098360655736
10-100 kb	HighConfNDD	EMSY	0.25	0.6111111111111112	0.40909090909090906
10-100 kb	HighConfNDD	DLG2	0.0	0.35	0.0
10-100 kb	HighConfNDD	GRM5	0.0	0.17777777777777778	0.0
10-100 kb	HighConfNDD	CNTN5	0.0	0.12222222222222222	0.0
10-100 kb	HighConfNDD	TRPC6	0.25	0.2722222222222222	0.9183673469387756
10-100 kb	HighConfNDD	GUCY1A2	0.0	0.21666666666666667	0.0
10-100 kb	HighConfNDD	PPP2R1B	0.25	0.7	0.35714285714285715
10-100 kb	HighConfNDD	DIXDC1	1.0	0.7388888888888889	1.3533834586466165
10-100 kb	HighConfNDD	DRD2	0.0	0.19444444444444445	0.0
10-100 kb	HighConfNDD	HTR3A	0.5	0.9	0.5555555555555556
10-100 kb	HighConfNDD	ZBTB16	0.0	0.48333333333333334	0.0
10-100 kb	HighConfNDD	CADM1	0.25	0.36666666666666664	0.6818181818181819
10-100 kb	HighConfNDD	PAFAH1B2	0.25	1.0888888888888888	0.2295918367346939
10-100 kb	HighConfNDD	KMT2A	0.0	0.8388888888888889	0.0
10-100 kb	HighConfNDD	MFRP	0.25	0.7277777777777777	0.3435114503816794
10-100 kb	HighConfNDD	GRIK4	0.0	0.5777777777777777	0.0
10-100 kb	HighConfNDD	TBCEL	0.0	0.2111111111111111	0.0
10-100 kb	HighConfNDD	TBCEL-TECTA	0.0	0.2111111111111111	0.0
10-100 kb	HighConfNDD	TECTA	0.0	0.25	0.0
10-100 kb	HighConfNDD	MSANTD2	0.25	0.4166666666666667	0.6
10-100 kb	HighConfNDD	SRPRA	0.25	0.8166666666666667	0.30612244897959184
10-100 kb	HighConfNDD	KIRREL3	0.0	0.1388888888888889	0.0
10-100 kb	HighConfNDD	ARHGAP32	0.0	0.39444444444444443	0.0
10-100 kb	HighConfNDD	KDM5A	0.25	0.8888888888888888	0.28125
10-100 kb	HighConfNDD	CACNA1C	0.0	0.21666666666666667	0.0
10-100 kb	HighConfNDD	GALNT8	0.25	0.26666666666666666	0.9375
10-100 kb	HighConfNDD	KCNA1	0.25	0.2	1.25
10-100 kb	HighConfNDD	STYK1	0.75	0.26666666666666666	2.8125
10-100 kb	HighConfNDD	GRIN2B	0.0	0.22777777777777777	0.0
10-100 kb	HighConfNDD	SLCO1B3	0.5	0.2222222222222222	2.25
10-100 kb	HighConfNDD	SLCO1B3-SLCO1B7	0.5	0.24444444444444444	2.0454545454545454
10-100 kb	HighConfNDD	SOX5	0.0	0.23333333333333334	0.0
10-100 kb	HighConfNDD	CCDC91	0.0	0.2111111111111111	0.0
10-100 kb	HighConfNDD	PRICKLE1	0.25	0.7388888888888889	0.3383458646616541
10-100 kb	HighConfNDD	ARID2	0.0	0.55	0.0
10-100 kb	HighConfNDD	VDR	0.0	0.32222222222222224	0.0
10-100 kb	HighConfNDD	ARF3	0.75	0.9722222222222222	0.7714285714285715
10-100 kb	HighConfNDD	WNT1	0.25	1.0833333333333333	0.23076923076923078
10-100 kb	HighConfNDD	SCN8A	0.5	0.45	1.1111111111111112
10-100 kb	HighConfNDD	SMARCC2	0.5	1.1555555555555554	0.4326923076923077
10-100 kb	HighConfNDD	LRP1	0.0	0.5333333333333333	0.0
10-100 kb	HighConfNDD	MBD6	0.5	0.9833333333333333	0.5084745762711864
10-100 kb	HighConfNDD	AGAP2	0.5	0.7333333333333333	0.6818181818181819
10-100 kb	HighConfNDD	USP15	0.25	0.28888888888888886	0.8653846153846154
10-100 kb	HighConfNDD	AVPR1A	0.0	0.16666666666666666	0.0
10-100 kb	HighConfNDD	LEMD3	0.25	0.3333333333333333	0.75
10-100 kb	HighConfNDD	GRIP1	0.0	0.4	0.0
10-100 kb	HighConfNDD	PTPRB	0.0	0.38333333333333336	0.0
10-100 kb	HighConfNDD	KRR1	0.25	0.24444444444444444	1.0227272727272727
10-100 kb	HighConfNDD	NAV3	0.0	0.2	0.0
10-100 kb	HighConfNDD	CEP290	0.0	0.25555555555555554	0.0
10-100 kb	HighConfNDD	ANKS1B	0.0	0.5111111111111111	0.0
10-100 kb	HighConfNDD	PAH	0.0	0.15	0.0
10-100 kb	HighConfNDD	NUAK1	0.0	0.24444444444444444	0.0
10-100 kb	HighConfNDD	CUX2	0.0	0.5111111111111111	0.0
10-100 kb	HighConfNDD	HECTD4	1.0	1.4555555555555555	0.6870229007633588
10-100 kb	HighConfNDD	PTPN11	2.25	1.3888888888888888	1.62
10-100 kb	HighConfNDD	MED13L	0.5	0.7611111111111111	0.6569343065693432
10-100 kb	HighConfNDD	BICDL1	0.25	1.3111111111111111	0.1906779661016949
10-100 kb	HighConfNDD	KDM2B	0.25	1.8388888888888888	0.13595166163141995
10-100 kb	HighConfNDD	SETD1B	0.0	1.7	0.0
10-100 kb	HighConfNDD	DENR	0.25	1.4444444444444444	0.17307692307692307
10-100 kb	HighConfNDD	ATP6V0A2	0.75	1.2666666666666666	0.5921052631578948
10-100 kb	HighConfNDD	DNAH10	0.75	1.1555555555555554	0.6490384615384616
10-100 kb	HighConfNDD	EP400	2.5	0.8388888888888889	2.980132450331126
10-100 kb	HighConfNDD	ZMYM2	0.0	1.2166666666666666	0.0
10-100 kb	HighConfNDD	SACS	0.75	0.5333333333333333	1.40625
10-100 kb	HighConfNDD	KATNAL1	0.0	0.5277777777777778	0.0
10-100 kb	HighConfNDD	BRCA2	0.75	0.55	1.3636363636363635
10-100 kb	HighConfNDD	NBEA	0.0	0.28888888888888886	0.0
10-100 kb	HighConfNDD	SETDB2	0.75	0.5944444444444444	1.2616822429906542
10-100 kb	HighConfNDD	INTS6	0.0	0.3388888888888889	0.0
10-100 kb	HighConfNDD	PCDH9	0.0	0.19444444444444445	0.0
10-100 kb	HighConfNDD	CLN5	0.5	0.4111111111111111	1.2162162162162162
10-100 kb	HighConfNDD	MYCBP2	0.0	0.3388888888888889	0.0
10-100 kb	HighConfNDD	SPRY2	0.0	0.7666666666666667	0.0
10-100 kb	HighConfNDD	SLITRK5	0.0	0.15555555555555556	0.0
10-100 kb	HighConfNDD	GPC6	0.0	0.22777777777777777	0.0
10-100 kb	HighConfNDD	MYO16	0.0	0.23333333333333334	0.0
10-100 kb	HighConfNDD	SUPT16H	0.0	1.2666666666666666	0.0
10-100 kb	HighConfNDD	CHD8	1.25	1.1611111111111112	1.076555023923445
10-100 kb	HighConfNDD	SLC7A7	1.0	1.1555555555555554	0.8653846153846154
10-100 kb	HighConfNDD	FOXG1	0.0	0.32222222222222224	0.0
10-100 kb	HighConfNDD	ARHGAP5	0.0	0.4166666666666667	0.0
10-100 kb	HighConfNDD	FBXO33	0.0	0.35555555555555557	0.0
10-100 kb	HighConfNDD	LRFN5	0.0	0.17777777777777778	0.0
10-100 kb	HighConfNDD	PRPF39	0.25	0.85	0.29411764705882354
10-100 kb	HighConfNDD	MDGA2	0.0	0.19444444444444445	0.0
10-100 kb	HighConfNDD	SOS2	0.25	1.1777777777777778	0.2122641509433962
10-100 kb	HighConfNDD	EXOC5	0.25	0.35555555555555557	0.703125
10-100 kb	HighConfNDD	KCNH5	0.25	0.21666666666666667	1.1538461538461537
10-100 kb	HighConfNDD	ESR2	0.5	1.2833333333333334	0.3896103896103896
10-100 kb	HighConfNDD	GPHN	0.25	0.16666666666666666	1.5
10-100 kb	HighConfNDD	ZFYVE26	0.75	0.5	1.5
10-100 kb	HighConfNDD	ESRRB	0.0	0.37777777777777777	0.0
10-100 kb	HighConfNDD	VASH1	0.0	0.6111111111111112	0.0
10-100 kb	HighConfNDD	IRF2BPL	0.5	0.9055555555555556	0.5521472392638037
10-100 kb	HighConfNDD	NRXN3	0.0	0.24444444444444444	0.0
10-100 kb	HighConfNDD	CCDC88C	0.0	0.8111111111111111	0.0
10-100 kb	HighConfNDD	UNC79	0.25	0.6444444444444445	0.3879310344827586
10-100 kb	HighConfNDD	YY1	0.5	1.0555555555555556	0.47368421052631576
10-100 kb	HighConfNDD	DYNC1H1	0.25	1.05	0.23809523809523808
10-100 kb	HighConfNDD	CDC42BPB	0.25	0.7444444444444445	0.33582089552238803
10-100 kb	HighConfNDD	NIPA1	0.25	1.0166666666666666	0.24590163934426232
10-100 kb	HighConfNDD	NIPA2	1.75	1.05	1.6666666666666665
10-100 kb	HighConfNDD	CYFIP1	1.0	1.0722222222222222	0.9326424870466321
10-100 kb	HighConfNDD	TUBGCP5	0.5	1.011111111111111	0.4945054945054945
10-100 kb	HighConfNDD	MAGEL2	0.0	0.48333333333333334	0.0
10-100 kb	HighConfNDD	UBE3A	0.25	0.3	0.8333333333333334
10-100 kb	HighConfNDD	ATP10A	0.0	0.5277777777777778	0.0
10-100 kb	HighConfNDD	GABRB3	0.0	0.32222222222222224	0.0
10-100 kb	HighConfNDD	GABRG3	0.5	0.2722222222222222	1.8367346938775513
10-100 kb	HighConfNDD	APBA2	0.75	0.5611111111111111	1.3366336633663367
10-100 kb	HighConfNDD	NSMCE3	0.0	0.42777777777777776	0.0
10-100 kb	HighConfNDD	ARHGAP11B	0.75	0.5166666666666667	1.4516129032258063
10-100 kb	HighConfNDD	FAN1	0.5	0.5888888888888889	0.8490566037735848
10-100 kb	HighConfNDD	TRPM1	0.25	0.5888888888888889	0.4245283018867924
10-100 kb	HighConfNDD	OTUD7A	0.0	0.2	0.0
10-100 kb	HighConfNDD	CHRNA7	0.0	0.20555555555555555	0.0
10-100 kb	HighConfNDD	MEIS2	0.0	0.26666666666666666	0.0
10-100 kb	HighConfNDD	THBS1	0.0	0.18888888888888888	0.0
10-100 kb	HighConfNDD	C15orf62	0.0	1.4333333333333333	0.0
10-100 kb	HighConfNDD	UBR1	0.75	0.7166666666666667	1.0465116279069768
10-100 kb	HighConfNDD	MAP1A	0.25	0.9944444444444445	0.25139664804469275
10-100 kb	HighConfNDD	TERB2	0.75	0.5833333333333334	1.2857142857142856
10-100 kb	HighConfNDD	FBN1	0.25	0.21666666666666667	1.1538461538461537
10-100 kb	HighConfNDD	DMXL2	0.0	0.42777777777777776	0.0
10-100 kb	HighConfNDD	LEO1	2.0	1.1555555555555554	1.7307692307692308
10-100 kb	HighConfNDD	MYO5C	0.25	0.5	0.5
10-100 kb	HighConfNDD	MYO5A	0.25	0.7388888888888889	0.3383458646616541
10-100 kb	HighConfNDD	CGNL1	0.75	0.5722222222222222	1.3106796116504855
10-100 kb	HighConfNDD	MYO1E	0.25	0.8	0.3125
10-100 kb	HighConfNDD	HERC1	0.25	0.7388888888888889	0.3383458646616541
10-100 kb	HighConfNDD	MEGF11	0.0	0.8444444444444444	0.0
10-100 kb	HighConfNDD	ZWILCH	0.75	0.9277777777777778	0.8083832335329341
10-100 kb	HighConfNDD	CLN6	0.5	0.4666666666666667	1.0714285714285714
10-100 kb	HighConfNDD	ANP32A	0.0	0.7333333333333333	0.0
10-100 kb	HighConfNDD	TLE3	0.0	0.17777777777777778	0.0
10-100 kb	HighConfNDD	CELF6	0.75	0.7944444444444444	0.9440559440559441
10-100 kb	HighConfNDD	BBS4	1.75	0.6555555555555556	2.669491525423729
10-100 kb	HighConfNDD	NEO1	0.0	0.4388888888888889	0.0
10-100 kb	HighConfNDD	CD276	0.25	0.4777777777777778	0.5232558139534883
10-100 kb	HighConfNDD	SIN3A	0.25	1.4277777777777778	0.17509727626459143
10-100 kb	HighConfNDD	CIB2	0.5	0.6277777777777778	0.7964601769911505
10-100 kb	HighConfNDD	ARNT2	0.0	0.16666666666666666	0.0
10-100 kb	HighConfNDD	AP3B2	0.0	0.8388888888888889	0.0
10-100 kb	HighConfNDD	NTRK3	0.0	0.16666666666666666	0.0
10-100 kb	HighConfNDD	ZNF774	1.0	1.05	0.9523809523809523
10-100 kb	HighConfNDD	ST8SIA2	0.0	0.17777777777777778	0.0
10-100 kb	HighConfNDD	CHD2	0.0	1.1111111111111112	0.0
10-100 kb	HighConfNDD	NPRL3	1.5	1.15	1.3043478260869565
10-100 kb	HighConfNDD	METTL26	0.0	0.36666666666666664	0.0
10-100 kb	HighConfNDD	CACNA1H	0.25	0.2833333333333333	0.8823529411764706
10-100 kb	HighConfNDD	MAPK8IP3	0.75	0.7444444444444445	1.007462686567164
10-100 kb	HighConfNDD	TSC2	1.0	0.7055555555555556	1.4173228346456692
10-100 kb	HighConfNDD	TRAF7	0.25	0.7555555555555555	0.33088235294117646
10-100 kb	HighConfNDD	CASKIN1	0.25	0.7833333333333333	0.3191489361702128
10-100 kb	HighConfNDD	SRRM2	1.0	0.6222222222222222	1.6071428571428572
10-100 kb	HighConfNDD	CREBBP	0.25	1.0888888888888888	0.2295918367346939
10-100 kb	HighConfNDD	ROGDI	0.0	1.2166666666666666	0.0
10-100 kb	HighConfNDD	RBFOX1	0.0	0.6888888888888889	0.0
10-100 kb	HighConfNDD	ABAT	0.25	0.9555555555555556	0.26162790697674415
10-100 kb	HighConfNDD	USP7	1.0	1.511111111111111	0.6617647058823529
10-100 kb	HighConfNDD	GRIN2A	0.25	0.7388888888888889	0.3383458646616541
10-100 kb	HighConfNDD	MRTFB	0.5	0.65	0.7692307692307692
10-100 kb	HighConfNDD	SYT17	0.75	0.8777777777777778	0.8544303797468354
10-100 kb	HighConfNDD	DNAH3	0.25	1.038888888888889	0.24064171122994651
10-100 kb	HighConfNDD	PRKCB	0.0	0.8944444444444445	0.0
10-100 kb	HighConfNDD	CLN3	0.25	1.8166666666666667	0.13761467889908258
10-100 kb	HighConfNDD	PRRT2	0.0	1.6	0.0
10-100 kb	HighConfNDD	SEZ6L2	0.0	1.2555555555555555	0.0
10-100 kb	HighConfNDD	KCTD13	0.75	1.3222222222222222	0.5672268907563025
10-100 kb	HighConfNDD	TAOK2	0.0	1.3611111111111112	0.0
10-100 kb	HighConfNDD	MAPK3	1.25	1.4944444444444445	0.8364312267657993
10-100 kb	HighConfNDD	CORO1A	0.75	1.4333333333333333	0.5232558139534884
10-100 kb	HighConfNDD	SRCAP	1.0	1.2444444444444445	0.8035714285714286
10-100 kb	HighConfNDD	SETD1A	0.75	1.4277777777777778	0.5252918287937743
10-100 kb	HighConfNDD	STX1B	0.75	1.2666666666666666	0.5921052631578948
10-100 kb	HighConfNDD	BCKDK	1.0	1.5166666666666666	0.6593406593406593
10-100 kb	HighConfNDD	GNAO1	0.25	0.17777777777777778	1.40625
10-100 kb	HighConfNDD	CNOT1	0.75	1.45	0.5172413793103449
10-100 kb	HighConfNDD	CDH8	0.0	0.3277777777777778	0.0
10-100 kb	HighConfNDD	CDH11	0.0	0.2	0.0
10-100 kb	HighConfNDD	CTCF	0.25	1.4666666666666666	0.17045454545454547
10-100 kb	HighConfNDD	TERF2	1.5	1.1611111111111112	1.2918660287081338
10-100 kb	HighConfNDD	SF3B3	1.75	1.3333333333333333	1.3125
10-100 kb	HighConfNDD	HYDIN	0.0	0.2722222222222222	0.0
10-100 kb	HighConfNDD	CNTNAP4	0.25	0.2833333333333333	0.8823529411764706
10-100 kb	HighConfNDD	WWOX	1.25	0.6	2.0833333333333335
10-100 kb	HighConfNDD	CMIP	0.0	0.65	0.0
10-100 kb	HighConfNDD	CDH13	0.0	0.17777777777777778	0.0
10-100 kb	HighConfNDD	TAF1C	1.5	0.7666666666666667	1.9565217391304346
10-100 kb	HighConfNDD	SLC7A5	0.25	1.0166666666666666	0.24590163934426232
10-100 kb	HighConfNDD	ANKRD11	0.5	1.0222222222222221	0.48913043478260876
10-100 kb	HighConfNDD	CHMP1A	1.5	0.9888888888888889	1.5168539325842696
10-100 kb	HighConfNDD	YWHAE	1.5	1.7222222222222223	0.8709677419354839
10-100 kb	HighConfNDD	SMG6	1.5	0.9944444444444445	1.5083798882681565
10-100 kb	HighConfNDD	MNT	0.0	1.1833333333333333	0.0
10-100 kb	HighConfNDD	P2RX5-TAX1BP3	0.5	1.1944444444444444	0.4186046511627907
10-100 kb	HighConfNDD	P2RX5	0.5	1.1944444444444444	0.4186046511627907
10-100 kb	HighConfNDD	CAMTA2	0.25	1.3277777777777777	0.1882845188284519
10-100 kb	HighConfNDD	DLG4	0.0	1.0944444444444446	0.0
10-100 kb	HighConfNDD	NLGN2	0.0	0.9722222222222222	0.0
10-100 kb	HighConfNDD	KDM6B	0.25	0.7388888888888889	0.3383458646616541
10-100 kb	HighConfNDD	CHD3	0.0	0.8277777777777777	0.0
10-100 kb	HighConfNDD	PER1	1.25	1.0333333333333334	1.2096774193548385
10-100 kb	HighConfNDD	MYH10	0.25	0.5833333333333334	0.42857142857142855
10-100 kb	HighConfNDD	MYH4	0.0	0.26666666666666666	0.0
10-100 kb	HighConfNDD	ZNF18	0.5	0.55	0.9090909090909091
10-100 kb	HighConfNDD	NCOR1	1.5	1.15	1.3043478260869565
10-100 kb	HighConfNDD	RAI1	0.5	0.7666666666666667	0.6521739130434783
10-100 kb	HighConfNDD	PHF12	0.0	0.8222222222222222	0.0
10-100 kb	HighConfNDD	TAOK1	1.25	1.6111111111111112	0.7758620689655172
10-100 kb	HighConfNDD	SLC6A4	0.25	0.85	0.29411764705882354
10-100 kb	HighConfNDD	RNF135	1.25	1.261111111111111	0.9911894273127754
10-100 kb	HighConfNDD	NF1	0.5	0.8166666666666667	0.6122448979591837
10-100 kb	HighConfNDD	PSMD11	0.25	1.2	0.20833333333333334
10-100 kb	HighConfNDD	GGNBP2	0.75	0.8277777777777777	0.9060402684563759
10-100 kb	HighConfNDD	PPP1R1B	0.0	0.7166666666666667	0.0
10-100 kb	HighConfNDD	THRA	0.75	1.1222222222222222	0.6683168316831684
10-100 kb	HighConfNDD	NR1D1	0.75	1.2833333333333334	0.5844155844155844
10-100 kb	HighConfNDD	KRT26	0.5	0.5055555555555555	0.989010989010989
10-100 kb	HighConfNDD	SLC25A39	1.25	1.1111111111111112	1.125
10-100 kb	HighConfNDD	GRN	0.75	1.0888888888888888	0.6887755102040817
10-100 kb	HighConfNDD	GFAP	1.0	1.1055555555555556	0.9045226130653266
10-100 kb	HighConfNDD	KANSL1	0.75	1.1833333333333333	0.6338028169014085
10-100 kb	HighConfNDD	GOSR2	0.0	0.6944444444444444	0.0
10-100 kb	HighConfNDD	ITGB3	0.5	0.7222222222222222	0.6923076923076923
10-100 kb	HighConfNDD	PNPO	0.75	0.8777777777777778	0.8544303797468354
10-100 kb	HighConfNDD	PHB1	0.75	0.8833333333333333	0.8490566037735849
10-100 kb	HighConfNDD	SLC35B1	0.0	0.9555555555555556	0.0
10-100 kb	HighConfNDD	DLX3	0.0	0.5833333333333334	0.0
10-100 kb	HighConfNDD	PDK2	0.5	0.5388888888888889	0.9278350515463918
10-100 kb	HighConfNDD	PPP1R9B	0.0	0.4888888888888889	0.0
10-100 kb	HighConfNDD	CACNA1G	0.0	0.5055555555555555	0.0
10-100 kb	HighConfNDD	VEZF1	0.0	0.7555555555555555	0.0
10-100 kb	HighConfNDD	TSPOAP1	0.0	0.5055555555555555	0.0
10-100 kb	HighConfNDD	PPM1D	0.0	1.5444444444444445	0.0
10-100 kb	HighConfNDD	MED13	0.0	1.2166666666666666	0.0
10-100 kb	HighConfNDD	TLK2	2.25	1.2944444444444445	1.7381974248927037
10-100 kb	HighConfNDD	TANC2	0.0	0.5944444444444444	0.0
10-100 kb	HighConfNDD	ACE	0.25	0.6111111111111112	0.40909090909090906
10-100 kb	HighConfNDD	SCN4A	0.25	0.6388888888888888	0.391304347826087
10-100 kb	HighConfNDD	PRKCA	0.25	0.9666666666666667	0.25862068965517243
10-100 kb	HighConfNDD	PSMD12	1.0	1.4	0.7142857142857143
10-100 kb	HighConfNDD	ABCA10	0.25	0.3333333333333333	0.75
10-100 kb	HighConfNDD	TNRC6C	0.0	0.5333333333333333	0.0
10-100 kb	HighConfNDD	DNAH17	0.5	0.8222222222222222	0.6081081081081081
10-100 kb	HighConfNDD	SLC38A10	1.25	0.6111111111111112	2.0454545454545454
10-100 kb	HighConfNDD	DLGAP1	0.25	0.20555555555555555	1.2162162162162162
10-100 kb	HighConfNDD	LAMA1	0.75	0.7833333333333333	0.9574468085106383
10-100 kb	HighConfNDD	MIB1	0.5	1.2055555555555555	0.4147465437788019
10-100 kb	HighConfNDD	ASXL3	0.0	0.20555555555555555	0.0
10-100 kb	HighConfNDD	ELP2	0.75	0.7388888888888889	1.0150375939849623
10-100 kb	HighConfNDD	CELF4	0.0	0.05555555555555555	0.0
10-100 kb	HighConfNDD	RIT2	0.0	0.16666666666666666	0.0
10-100 kb	HighConfNDD	SETBP1	0.0	0.18888888888888888	0.0
10-100 kb	HighConfNDD	KATNAL2	0.75	0.55	1.3636363636363635
10-100 kb	HighConfNDD	MBD1	0.0	0.49444444444444446	0.0
10-100 kb	HighConfNDD	SMAD4	0.0	0.6277777777777778	0.0
10-100 kb	HighConfNDD	DCC	0.0	0.14444444444444443	0.0
10-100 kb	HighConfNDD	TCF4	1.0	0.3611111111111111	2.769230769230769
10-100 kb	HighConfNDD	TSHZ1	0.0	0.1388888888888889	0.0
10-100 kb	HighConfNDD	HCN2	0.25	0.9777777777777777	0.2556818181818182
10-100 kb	HighConfNDD	ABCA7	0.25	0.9555555555555556	0.26162790697674415
10-100 kb	HighConfNDD	MBD3	1.0	1.1611111111111112	0.8612440191387559
10-100 kb	HighConfNDD	KLF16	0.0	1.0833333333333333	0.0
10-100 kb	HighConfNDD	DOT1L	1.5	1.0611111111111111	1.4136125654450262
10-100 kb	HighConfNDD	SEMA6B	0.5	1.45	0.3448275862068966
10-100 kb	HighConfNDD	KDM4B	0.5	1.4055555555555554	0.3557312252964427
10-100 kb	HighConfNDD	ZNF559	1.0	0.8722222222222222	1.1464968152866242
10-100 kb	HighConfNDD	ZNF559-ZNF177	1.25	0.8666666666666667	1.4423076923076923
10-100 kb	HighConfNDD	EIF3G	2.5	1.65	1.5151515151515151
10-100 kb	HighConfNDD	SMARCA4	1.25	1.4944444444444445	0.8364312267657993
10-100 kb	HighConfNDD	ELAVL3	0.0	1.7944444444444445	0.0
10-100 kb	HighConfNDD	NACC1	0.5	1.1222222222222222	0.44554455445544555
10-100 kb	HighConfNDD	CACNA1A	0.75	1.488888888888889	0.503731343283582
10-100 kb	HighConfNDD	CC2D1A	1.75	1.3944444444444444	1.254980079681275
10-100 kb	HighConfNDD	BRD4	1.5	0.95	1.5789473684210527
10-100 kb	HighConfNDD	SIN3B	1.25	1.4111111111111112	0.8858267716535433
10-100 kb	HighConfNDD	MYO9B	0.25	1.5055555555555555	0.16605166051660517
10-100 kb	HighConfNDD	UNC13A	0.75	1.35	0.5555555555555555
10-100 kb	HighConfNDD	ZNF626	1.0	0.8333333333333334	1.2
10-100 kb	HighConfNDD	TSHZ3	0.0	0.2777777777777778	0.0
10-100 kb	HighConfNDD	SCN1B	0.75	0.8833333333333333	0.8490566037735849
10-100 kb	HighConfNDD	FAM98C	1.75	1.3222222222222222	1.3235294117647058
10-100 kb	HighConfNDD	ACTN4	1.25	1.211111111111111	1.0321100917431194
10-100 kb	HighConfNDD	CAPN12	0.75	1.1166666666666667	0.6716417910447761
10-100 kb	HighConfNDD	ATP1A3	0.0	0.8944444444444445	0.0
10-100 kb	HighConfNDD	GRIK5	0.25	0.8555555555555555	0.29220779220779225
10-100 kb	HighConfNDD	CIC	0.75	0.8333333333333334	0.8999999999999999
10-100 kb	HighConfNDD	PLAUR	1.0	1.1277777777777778	0.8866995073891626
10-100 kb	HighConfNDD	DMPK	0.0	1.5277777777777777	0.0
10-100 kb	HighConfNDD	DMWD	1.0	1.4166666666666667	0.7058823529411764
10-100 kb	HighConfNDD	PPP5C	0.75	1.261111111111111	0.5947136563876653
10-100 kb	HighConfNDD	PRKD2	0.0	1.538888888888889	0.0
10-100 kb	HighConfNDD	AP2S1	1.75	1.5777777777777777	1.1091549295774648
10-100 kb	HighConfNDD	SAE1	1.0	1.6277777777777778	0.6143344709897611
10-100 kb	HighConfNDD	ZC3H4	1.75	1.65	1.0606060606060606
10-100 kb	HighConfNDD	BICRA	1.0	1.4333333333333333	0.6976744186046512
10-100 kb	HighConfNDD	GRIN2D	0.0	1.3	0.0
10-100 kb	HighConfNDD	LIN7B	1.5	1.1666666666666667	1.2857142857142856
10-100 kb	HighConfNDD	PRR12	0.5	1.4333333333333333	0.3488372093023256
10-100 kb	HighConfNDD	SCAF1	0.5	1.5055555555555555	0.33210332103321033
10-100 kb	HighConfNDD	PNKP	0.25	1.0	0.25
10-100 kb	HighConfNDD	SHANK1	0.0	1.0444444444444445	0.0
10-100 kb	HighConfNDD	ETFB	0.25	0.7222222222222222	0.34615384615384615
10-100 kb	HighConfNDD	CNOT3	0.25	1.2555555555555555	0.19911504424778761
10-100 kb	HighConfNDD	MBOAT7	0.5	0.85	0.5882352941176471
10-100 kb	HighConfNDD	LILRB2	0.0	0.8222222222222222	0.0
10-100 kb	HighConfNDD	ZNF865	1.0	0.9555555555555556	1.0465116279069766
10-100 kb	HighConfNDD	ZNF548	0.25	0.7333333333333333	0.34090909090909094
10-100 kb	HighConfNDD	SNTG2	0.0	0.10555555555555556	0.0
10-100 kb	HighConfNDD	TPO	0.25	0.08888888888888889	2.8125
10-100 kb	HighConfNDD	PXDN	0.0	0.21666666666666667	0.0
10-100 kb	HighConfNDD	MYT1L	0.0	0.16666666666666666	0.0
10-100 kb	HighConfNDD	CMPK2	0.0	0.12777777777777777	0.0
10-100 kb	HighConfNDD	ASAP2	0.0	0.5888888888888889	0.0
10-100 kb	HighConfNDD	KCNS3	0.0	0.26666666666666666	0.0
10-100 kb	HighConfNDD	NCOA1	0.0	0.7722222222222223	0.0
10-100 kb	HighConfNDD	ADCY3	0.5	0.8222222222222222	0.6081081081081081
10-100 kb	HighConfNDD	DNMT3A	0.5	0.6055555555555555	0.8256880733944955
10-100 kb	HighConfNDD	GALNT14	0.5	0.20555555555555555	2.4324324324324325
10-100 kb	HighConfNDD	MEMO1	0.5	1.45	0.3448275862068966
10-100 kb	HighConfNDD	SPAST	1.25	1.5333333333333334	0.8152173913043478
10-100 kb	HighConfNDD	BIRC6	0.5	1.2444444444444445	0.4017857142857143
10-100 kb	HighConfNDD	FBXO11	0.0	0.8666666666666667	0.0
10-100 kb	HighConfNDD	NRXN1	0.25	0.1111111111111111	2.25
10-100 kb	HighConfNDD	SPTBN1	0.0	0.4444444444444444	0.0
10-100 kb	HighConfNDD	BCL11A	0.0	0.23333333333333334	0.0
10-100 kb	HighConfNDD	PAPOLG	1.5	1.2	1.25
10-100 kb	HighConfNDD	XPO1	0.5	1.8944444444444444	0.26392961876832843
10-100 kb	HighConfNDD	CCT4	1.25	1.1888888888888889	1.0514018691588785
10-100 kb	HighConfNDD	OTX1	0.0	0.5166666666666667	0.0
10-100 kb	HighConfNDD	EXOC6B	0.75	0.5888888888888889	1.2735849056603774
10-100 kb	HighConfNDD	RAB11FIP5	0.75	0.7555555555555555	0.9926470588235294
10-100 kb	HighConfNDD	ST3GAL5	0.75	0.5555555555555556	1.3499999999999999
10-100 kb	HighConfNDD	NPAS2	0.0	0.3888888888888889	0.0
10-100 kb	HighConfNDD	MAP4K4	0.25	0.7888888888888889	0.31690140845070425
10-100 kb	HighConfNDD	IL1R2	0.0	0.19444444444444445	0.0
10-100 kb	HighConfNDD	SH3RF3	0.25	0.46111111111111114	0.5421686746987951
10-100 kb	HighConfNDD	DPP10	0.0	0.19444444444444445	0.0
10-100 kb	HighConfNDD	CLASP1	0.25	1.1	0.22727272727272727
10-100 kb	HighConfNDD	CNTNAP5	0.0	0.18888888888888888	0.0
10-100 kb	HighConfNDD	NCKAP5	0.0	0.17777777777777778	0.0
10-100 kb	HighConfNDD	MCM6	1.25	0.7777777777777778	1.6071428571428572
10-100 kb	HighConfNDD	MBD5	0.25	0.3	0.8333333333333334
10-100 kb	HighConfNDD	EPC2	0.0	0.3888888888888889	0.0
10-100 kb	HighConfNDD	KIF5C	0.25	0.34444444444444444	0.7258064516129032
10-100 kb	HighConfNDD	GALNT13	0.0	0.16111111111111112	0.0
10-100 kb	HighConfNDD	NR4A2	0.0	0.4388888888888889	0.0
10-100 kb	HighConfNDD	GPD2	0.25	0.5222222222222223	0.4787234042553191
10-100 kb	HighConfNDD	ERMN	0.25	0.19444444444444445	1.2857142857142856
10-100 kb	HighConfNDD	BAZ2B	0.0	0.7944444444444444	0.0
10-100 kb	HighConfNDD	TBR1	0.0	0.3388888888888889	0.0
10-100 kb	HighConfNDD	SLC4A10	0.0	0.35	0.0
10-100 kb	HighConfNDD	DPP4	0.0	0.18888888888888888	0.0
10-100 kb	HighConfNDD	SCN2A	0.0	0.2611111111111111	0.0
10-100 kb	HighConfNDD	SCN3A	0.0	0.2611111111111111	0.0
10-100 kb	HighConfNDD	SCN1A	0.0	0.22777777777777777	0.0
10-100 kb	HighConfNDD	SCN9A	0.0	0.17222222222222222	0.0
10-100 kb	HighConfNDD	STK39	0.0	0.4388888888888889	0.0
10-100 kb	HighConfNDD	LRP2	0.0	0.3888888888888889	0.0
10-100 kb	HighConfNDD	UBR3	1.0	0.8388888888888889	1.1920529801324502
10-100 kb	HighConfNDD	SLC25A12	1.0	0.8666666666666667	1.1538461538461537
10-100 kb	HighConfNDD	DLX2	0.25	0.7111111111111111	0.3515625
10-100 kb	HighConfNDD	RAPGEF4	0.0	0.37222222222222223	0.0
10-100 kb	HighConfNDD	TTN	0.25	0.16666666666666666	1.5
10-100 kb	HighConfNDD	ZNF385B	0.0	0.18888888888888888	0.0
10-100 kb	HighConfNDD	NCKAP1	0.5	0.6222222222222222	0.8035714285714286
10-100 kb	HighConfNDD	ZNF804A	0.0	0.15555555555555556	0.0
10-100 kb	HighConfNDD	INPP1	0.25	0.5166666666666667	0.48387096774193544
10-100 kb	HighConfNDD	HECW2	0.5	0.37777777777777777	1.3235294117647058
10-100 kb	HighConfNDD	SF3B1	0.75	1.25	0.6
10-100 kb	HighConfNDD	SATB2	0.5	0.49444444444444446	1.0112359550561798
10-100 kb	HighConfNDD	PARD3B	0.0	0.17222222222222222	0.0
10-100 kb	HighConfNDD	NRP2	0.0	0.12222222222222222	0.0
10-100 kb	HighConfNDD	UNC80	0.25	0.15555555555555556	1.6071428571428572
10-100 kb	HighConfNDD	VIL1	1.25	1.2777777777777777	0.9782608695652175
10-100 kb	HighConfNDD	PLCD4	0.5	0.9277777777777778	0.5389221556886228
10-100 kb	HighConfNDD	RNF25	0.75	1.0444444444444445	0.7180851063829787
10-100 kb	HighConfNDD	CUL3	0.0	0.7	0.0
10-100 kb	HighConfNDD	DNER	0.0	0.4	0.0
10-100 kb	HighConfNDD	TRIP12	1.0	1.15	0.8695652173913044
10-100 kb	HighConfNDD	GIGYF2	0.75	1.1333333333333333	0.6617647058823529
10-100 kb	HighConfNDD	SPP2	0.0	0.2722222222222222	0.0
10-100 kb	HighConfNDD	AGAP1	0.0	0.5944444444444444	0.0
10-100 kb	HighConfNDD	PER2	0.25	0.5944444444444444	0.4205607476635514
10-100 kb	HighConfNDD	HDAC4	0.0	0.2222222222222222	0.0
10-100 kb	HighConfNDD	KIF1A	0.0	0.16666666666666666	0.0
10-100 kb	HighConfNDD	HDLBP	0.25	0.7333333333333333	0.34090909090909094
10-100 kb	HighConfNDD	PDCD1	0.0	0.3	0.0
10-100 kb	HighConfNDD	CSNK2A1	0.25	0.9277777777777778	0.2694610778443114
10-100 kb	HighConfNDD	RAD21L1	0.5	0.29444444444444445	1.6981132075471697
10-100 kb	HighConfNDD	OXT	1.25	1.05	1.1904761904761905
10-100 kb	HighConfNDD	ITPA	1.5	1.1666666666666667	1.2857142857142856
10-100 kb	HighConfNDD	PLCB1	0.0	0.12222222222222222	0.0
10-100 kb	HighConfNDD	SNAP25	0.0	0.21666666666666667	0.0
10-100 kb	HighConfNDD	MACROD2	0.25	0.6055555555555555	0.41284403669724773
10-100 kb	HighConfNDD	SNX5	0.0	0.8944444444444445	0.0
10-100 kb	HighConfNDD	NINL	1.25	0.7	1.7857142857142858
10-100 kb	HighConfNDD	DUSP15	0.75	0.6666666666666666	1.125
10-100 kb	HighConfNDD	TM9SF4	0.25	0.7777777777777778	0.3214285714285714
10-100 kb	HighConfNDD	RALGAPB	0.5	0.6833333333333333	0.7317073170731707
10-100 kb	HighConfNDD	PTPRT	0.0	0.38333333333333336	0.0
10-100 kb	HighConfNDD	ADA	1.25	0.6111111111111112	2.0454545454545454
10-100 kb	HighConfNDD	SLC12A5	0.5	0.75	0.6666666666666666
10-100 kb	HighConfNDD	CDH22	0.25	0.21666666666666667	1.1538461538461537
10-100 kb	HighConfNDD	ZMYND8	0.0	1.6444444444444444	0.0
10-100 kb	HighConfNDD	PREX1	0.25	0.6611111111111111	0.37815126050420167
10-100 kb	HighConfNDD	KCNB1	0.25	0.49444444444444446	0.5056179775280899
10-100 kb	HighConfNDD	ADNP	0.0	0.8666666666666667	0.0
10-100 kb	HighConfNDD	BCAS1	0.25	0.29444444444444445	0.8490566037735848
10-100 kb	HighConfNDD	GNAS	0.5	0.29444444444444445	1.6981132075471697
10-100 kb	HighConfNDD	TAF4	0.0	0.5333333333333333	0.0
10-100 kb	HighConfNDD	CHRNA4	0.0	0.16666666666666666	0.0
10-100 kb	HighConfNDD	KCNQ2	0.0	0.3055555555555556	0.0
10-100 kb	HighConfNDD	EEF1A2	0.0	0.3888888888888889	0.0
10-100 kb	HighConfNDD	SOD1	0.75	0.9444444444444444	0.7941176470588236
10-100 kb	HighConfNDD	SCAF4	0.0	0.7	0.0
10-100 kb	HighConfNDD	SYNJ1	0.5	0.5222222222222223	0.9574468085106382
10-100 kb	HighConfNDD	SON	0.25	1.1666666666666667	0.21428571428571427
10-100 kb	HighConfNDD	ITSN1	0.0	0.9611111111111111	0.0
10-100 kb	HighConfNDD	DYRK1A	0.0	0.7277777777777777	0.0
10-100 kb	HighConfNDD	KCNJ15	0.5	0.18888888888888888	2.6470588235294117
10-100 kb	HighConfNDD	ERG	0.0	0.3277777777777778	0.0
10-100 kb	HighConfNDD	HMGN1	0.25	1.1444444444444444	0.2184466019417476
10-100 kb	HighConfNDD	DSCAM	0.0	0.3111111111111111	0.0
10-100 kb	HighConfNDD	ZBTB21	0.5	0.4	1.25
10-100 kb	HighConfNDD	CSTB	1.25	0.8777777777777778	1.4240506329113924
10-100 kb	HighConfNDD	DIP2A	0.75	0.6833333333333333	1.0975609756097562
10-100 kb	HighConfNDD	CECR2	2.75	1.2277777777777779	2.239819004524887
10-100 kb	HighConfNDD	PRODH	1.0	0.5277777777777778	1.894736842105263
10-100 kb	HighConfNDD	CLTCL1	0.25	0.9444444444444444	0.2647058823529412
10-100 kb	HighConfNDD	GNB1L	0.25	0.6277777777777778	0.39823008849557523
10-100 kb	HighConfNDD	LZTR1	0.0	1.3055555555555556	0.0
10-100 kb	HighConfNDD	TOP3B	1.25	0.7611111111111111	1.6423357664233578
10-100 kb	HighConfNDD	SPECC1L-ADORA2A	1.0	0.8166666666666667	1.2244897959183674
10-100 kb	HighConfNDD	ADORA2A	0.25	0.6666666666666666	0.375
10-100 kb	HighConfNDD	PRR14L	1.0	1.6888888888888889	0.5921052631578947
10-100 kb	HighConfNDD	DEPDC5	1.0	1.6666666666666667	0.6
10-100 kb	HighConfNDD	MYH9	0.5	1.038888888888889	0.48128342245989303
10-100 kb	HighConfNDD	CACNG2	0.0	0.4166666666666667	0.0
10-100 kb	HighConfNDD	CSNK1E	0.25	0.8555555555555555	0.29220779220779225
10-100 kb	HighConfNDD	TPTEP2-CSNK1E	0.0	0.9166666666666666	0.0
10-100 kb	HighConfNDD	CACNA1I	0.25	0.5611111111111111	0.44554455445544555
10-100 kb	HighConfNDD	TNRC6B	0.25	0.8055555555555556	0.3103448275862069
10-100 kb	HighConfNDD	ADSL	1.75	0.75	2.3333333333333335
10-100 kb	HighConfNDD	SGSM3	1.25	0.8388888888888889	1.490066225165563
10-100 kb	HighConfNDD	EP300	0.25	1.6777777777777778	0.14900662251655628
10-100 kb	HighConfNDD	TCF20	0.0	0.7111111111111111	0.0
10-100 kb	HighConfNDD	SBF1	0.5	0.9388888888888889	0.5325443786982249
10-100 kb	HighConfNDD	SHANK3	0.0	0.65	0.0
10-100 kb	HighConfNDD	CNTN6	0.0	0.19444444444444445	0.0
10-100 kb	HighConfNDD	CNTN4	0.0	0.2722222222222222	0.0
10-100 kb	HighConfNDD	ITPR1	0.0	0.48333333333333334	0.0
10-100 kb	HighConfNDD	GRM7	0.0	0.25	0.0
10-100 kb	HighConfNDD	OXTR	0.0	0.21666666666666667	0.0
10-100 kb	HighConfNDD	SRGAP3	1.25	0.6222222222222222	2.008928571428571
10-100 kb	HighConfNDD	SETD5	0.0	0.7444444444444445	0.0
10-100 kb	HighConfNDD	ATP2B2	0.0	0.1111111111111111	0.0
10-100 kb	HighConfNDD	SLC6A1	0.0	0.2222222222222222	0.0
10-100 kb	HighConfNDD	SYN2	0.0	0.38333333333333336	0.0
10-100 kb	HighConfNDD	TBC1D5	0.0	0.1	0.0
10-100 kb	HighConfNDD	SATB1	0.0	0.1	0.0
10-100 kb	HighConfNDD	KAT2B	0.0	0.9277777777777778	0.0
10-100 kb	HighConfNDD	TOP2B	0.25	0.3055555555555556	0.8181818181818181
10-100 kb	HighConfNDD	CX3CR1	0.5	0.36666666666666664	1.3636363636363638
10-100 kb	HighConfNDD	CTNNB1	0.0	0.2388888888888889	0.0
10-100 kb	HighConfNDD	SETD2	0.5	1.3388888888888888	0.37344398340248963
10-100 kb	HighConfNDD	PLXNB1	0.0	0.9833333333333333	0.0
10-100 kb	HighConfNDD	QRICH1	0.5	1.2055555555555555	0.4147465437788019
10-100 kb	HighConfNDD	GPX1	0.5	2.0277777777777777	0.24657534246575344
10-100 kb	HighConfNDD	AMT	0.75	2.077777777777778	0.36096256684491973
10-100 kb	HighConfNDD	NPRL2	0.5	0.46111111111111114	1.0843373493975903
10-100 kb	HighConfNDD	PHF7	0.25	0.4444444444444444	0.5625
10-100 kb	HighConfNDD	CACNA1D	1.0	1.011111111111111	0.989010989010989
10-100 kb	HighConfNDD	CACNA2D3	0.0	0.2722222222222222	0.0
10-100 kb	HighConfNDD	ASB14	0.25	0.6555555555555556	0.3813559322033898
10-100 kb	HighConfNDD	FHIT	0.0	0.21666666666666667	0.0
10-100 kb	HighConfNDD	FEZF2	0.0	0.29444444444444445	0.0
10-100 kb	HighConfNDD	CADPS	0.0	0.25	0.0
10-100 kb	HighConfNDD	PSMD6	0.75	0.18888888888888888	3.9705882352941178
10-100 kb	HighConfNDD	PRICKLE2	0.25	0.29444444444444445	0.8490566037735848
10-100 kb	HighConfNDD	FOXP1	0.0	0.42777777777777776	0.0
10-100 kb	HighConfNDD	CNTN3	0.5	0.23333333333333334	2.142857142857143
10-100 kb	HighConfNDD	ROBO2	0.0	0.13333333333333333	0.0
10-100 kb	HighConfNDD	GBE1	0.0	0.2388888888888889	0.0
10-100 kb	HighConfNDD	CADM2	0.0	0.2833333333333333	0.0
10-100 kb	HighConfNDD	DRD3	1.0	0.37222222222222223	2.6865671641791042
10-100 kb	HighConfNDD	ZBTB20	0.25	0.2111111111111111	1.1842105263157894
10-100 kb	HighConfNDD	FBXO40	0.75	0.9833333333333333	0.7627118644067797
10-100 kb	HighConfNDD	ADCY5	0.0	0.5055555555555555	0.0
10-100 kb	HighConfNDD	RAB43	0.5	1.3	0.3846153846153846
10-100 kb	HighConfNDD	ISY1-RAB43	0.25	1.3444444444444446	0.1859504132231405
10-100 kb	HighConfNDD	MBD4	0.25	0.5	0.5
10-100 kb	HighConfNDD	UBA5	0.0	0.3277777777777778	0.0
10-100 kb	HighConfNDD	PCCB	0.75	1.0277777777777777	0.7297297297297298
10-100 kb	HighConfNDD	SLC9A9	0.25	0.25	1.0
10-100 kb	HighConfNDD	DIPK2A	0.0	0.24444444444444444	0.0
10-100 kb	HighConfNDD	MED12L	0.25	0.37777777777777777	0.6617647058823529
10-100 kb	HighConfNDD	SERPINI1	0.0	0.23333333333333334	0.0
10-100 kb	HighConfNDD	NLGN1	0.0	0.16111111111111112	0.0
10-100 kb	HighConfNDD	NAALADL2	0.0	0.32222222222222224	0.0
10-100 kb	HighConfNDD	TBL1XR1	1.25	1.3	0.9615384615384615
10-100 kb	HighConfNDD	YEATS2	1.0	1.0055555555555555	0.994475138121547
10-100 kb	HighConfNDD	DVL3	0.5	1.0833333333333333	0.46153846153846156
10-100 kb	HighConfNDD	AP2M1	0.25	1.2333333333333334	0.2027027027027027
10-100 kb	HighConfNDD	ACAP2	0.5	0.8444444444444444	0.5921052631578947
10-100 kb	HighConfNDD	MUC4	0.75	0.5888888888888889	1.2735849056603774
10-100 kb	HighConfNDD	TM4SF19-DYNLT2B	1.25	1.3388888888888888	0.9336099585062241
10-100 kb	HighConfNDD	TM4SF19	1.0	1.3388888888888888	0.7468879668049793
10-100 kb	HighConfNDD	PAK2	0.25	1.1055555555555556	0.22613065326633164
10-100 kb	HighConfNDD	DLG1	0.25	0.5555555555555556	0.44999999999999996
10-100 kb	HighConfNDD	NSD2	0.5	0.8611111111111112	0.5806451612903225
10-100 kb	HighConfNDD	GRK4	0.25	0.9222222222222223	0.2710843373493976
10-100 kb	HighConfNDD	KIAA0232	0.0	0.6277777777777778	0.0
10-100 kb	HighConfNDD	CPZ	0.0	0.4888888888888889	0.0
10-100 kb	HighConfNDD	BST1	0.5	0.4166666666666667	1.2
10-100 kb	HighConfNDD	CD38	0.0	0.32222222222222224	0.0
10-100 kb	HighConfNDD	GABRA4	0.25	0.21666666666666667	1.1538461538461537
10-100 kb	HighConfNDD	SCFD2	0.25	0.36666666666666664	0.6818181818181819
10-100 kb	HighConfNDD	CEP135	0.5	0.6388888888888888	0.782608695652174
10-100 kb	HighConfNDD	ANKRD17	0.25	0.4388888888888889	0.569620253164557
10-100 kb	HighConfNDD	G3BP2	0.5	0.9888888888888889	0.5056179775280899
10-100 kb	HighConfNDD	SCARB2	0.5	0.3611111111111111	1.3846153846153846
10-100 kb	HighConfNDD	HNRNPD	0.5	0.9277777777777778	0.5389221556886228
10-100 kb	HighConfNDD	WDFY3	0.25	0.4166666666666667	0.6
10-100 kb	HighConfNDD	SPARCL1	0.0	0.48333333333333334	0.0
10-100 kb	HighConfNDD	CCSER1	0.0	0.16111111111111112	0.0
10-100 kb	HighConfNDD	GRID2	0.0	0.12222222222222222	0.0
10-100 kb	HighConfNDD	EIF4E	0.5	0.85	0.5882352941176471
10-100 kb	HighConfNDD	DAPP1	0.5	0.2833333333333333	1.7647058823529411
10-100 kb	HighConfNDD	PPP3CA	0.0	0.3388888888888889	0.0
10-100 kb	HighConfNDD	TET2	0.25	0.32222222222222224	0.7758620689655172
10-100 kb	HighConfNDD	TBCK	0.25	0.23333333333333334	1.0714285714285714
10-100 kb	HighConfNDD	ANK2	0.25	0.9722222222222222	0.2571428571428572
10-100 kb	HighConfNDD	MFSD8	0.5	1.2166666666666666	0.4109589041095891
10-100 kb	HighConfNDD	PCDH10	0.0	0.18333333333333332	0.0
10-100 kb	HighConfNDD	NAA15	0.0	1.1722222222222223	0.0
10-100 kb	HighConfNDD	ABCE1	1.0	0.48333333333333334	2.0689655172413794
10-100 kb	HighConfNDD	ZNF827	0.25	0.3055555555555556	0.8181818181818181
10-100 kb	HighConfNDD	PRMT9	1.0	0.8666666666666667	1.1538461538461537
10-100 kb	HighConfNDD	NR3C2	0.0	0.20555555555555555	0.0
10-100 kb	HighConfNDD	LRBA	0.75	1.3388888888888888	0.5601659751037344
10-100 kb	HighConfNDD	FGA	0.25	0.29444444444444445	0.8490566037735848
10-100 kb	HighConfNDD	TDO2	0.0	0.2388888888888889	0.0
10-100 kb	HighConfNDD	GRIA2	0.75	0.13333333333333333	5.625
10-100 kb	HighConfNDD	FAT1	0.25	0.3611111111111111	0.6923076923076923
10-100 kb	HighConfNDD	FRG1	0.0	0.2388888888888889	0.0
10-100 kb	HighConfNDD	EXOC3	0.5	0.18333333333333332	2.7272727272727275
10-100 kb	HighConfNDD	SLC6A3	0.5	0.2111111111111111	2.3684210526315788
10-100 kb	HighConfNDD	SEMA5A	0.0	0.19444444444444445	0.0
10-100 kb	HighConfNDD	CTNND2	0.0	0.18888888888888888	0.0
10-100 kb	HighConfNDD	TRIO	0.0	0.5777777777777777	0.0
10-100 kb	HighConfNDD	CDH10	0.0	0.24444444444444444	0.0
10-100 kb	HighConfNDD	CDH9	1.0	0.2388888888888889	4.186046511627906
10-100 kb	HighConfNDD	NIPBL	0.0	0.3333333333333333	0.0
10-100 kb	HighConfNDD	NUP155	0.75	1.4111111111111112	0.5314960629921259
10-100 kb	HighConfNDD	HCN1	0.0	0.17222222222222222	0.0
10-100 kb	HighConfNDD	TRIM23	0.75	0.7055555555555556	1.0629921259842519
10-100 kb	HighConfNDD	ERBIN	0.75	0.7722222222222223	0.9712230215827338
10-100 kb	HighConfNDD	MAP1B	0.0	0.3055555555555556	0.0
10-100 kb	HighConfNDD	HOMER1	0.25	0.8777777777777778	0.2848101265822785
10-100 kb	HighConfNDD	MEF2C	0.0	0.2	0.0
10-100 kb	HighConfNDD	NR2F1	0.0	0.2777777777777778	0.0
10-100 kb	HighConfNDD	CHD1	0.25	0.6666666666666666	0.375
10-100 kb	HighConfNDD	CAMK4	0.0	0.16666666666666666	0.0
10-100 kb	HighConfNDD	YTHDC2	0.0	0.3055555555555556	0.0
10-100 kb	HighConfNDD	MEGF10	0.0	0.2111111111111111	0.0
10-100 kb	HighConfNDD	P4HA2	0.25	0.35	0.7142857142857143
10-100 kb	HighConfNDD	PITX1	0.0	0.35555555555555557	0.0
10-100 kb	HighConfNDD	KDM3B	0.0	1.3611111111111112	0.0
10-100 kb	HighConfNDD	PURA	0.0	0.5277777777777778	0.0
10-100 kb	HighConfNDD	PCDHA1	0.0	0.5888888888888889	0.0
10-100 kb	HighConfNDD	PCDHA2	0.0	0.5888888888888889	0.0
10-100 kb	HighConfNDD	PCDHA3	0.0	0.6	0.0
10-100 kb	HighConfNDD	PCDHA4	0.0	0.5833333333333334	0.0
10-100 kb	HighConfNDD	PCDHA5	0.0	0.45555555555555555	0.0
10-100 kb	HighConfNDD	PCDHA6	0.0	0.43333333333333335	0.0
10-100 kb	HighConfNDD	PCDHA7	0.0	0.3888888888888889	0.0
10-100 kb	HighConfNDD	PCDHA8	0.25	0.4	0.625
10-100 kb	HighConfNDD	PCDHA9	0.25	0.38333333333333336	0.6521739130434783
10-100 kb	HighConfNDD	PCDHA10	0.25	0.35555555555555557	0.703125
10-100 kb	HighConfNDD	PCDHA11	0.0	0.3111111111111111	0.0
10-100 kb	HighConfNDD	PCDHA12	0.25	0.3388888888888889	0.7377049180327868
10-100 kb	HighConfNDD	PCDHA13	0.0	0.31666666666666665	0.0
10-100 kb	HighConfNDD	PCDHAC1	0.75	0.37777777777777777	1.9852941176470589
10-100 kb	HighConfNDD	PCDHAC2	0.0	0.4166666666666667	0.0
10-100 kb	HighConfNDD	RBM27	1.0	1.0666666666666667	0.9375
10-100 kb	HighConfNDD	DPYSL3	0.25	0.39444444444444443	0.6338028169014085
10-100 kb	HighConfNDD	ADRB2	0.25	0.15	1.6666666666666667
10-100 kb	HighConfNDD	CAMK2A	0.25	0.35	0.7142857142857143
10-100 kb	HighConfNDD	GRIA1	0.0	0.17222222222222222	0.0
10-100 kb	HighConfNDD	GALNT10	0.25	0.3333333333333333	0.75
10-100 kb	HighConfNDD	CYFIP2	0.25	0.4444444444444444	0.5625
10-100 kb	HighConfNDD	GABRB2	0.0	0.20555555555555555	0.0
10-100 kb	HighConfNDD	GABRA1	0.0	0.17777777777777778	0.0
10-100 kb	HighConfNDD	GABRG2	0.5	0.2	2.5
10-100 kb	HighConfNDD	CCNG1	0.5	0.5055555555555555	0.989010989010989
10-100 kb	HighConfNDD	NUDCD2	0.75	0.48333333333333334	1.5517241379310345
10-100 kb	HighConfNDD	RANBP17	0.25	0.3	0.8333333333333334
10-100 kb	HighConfNDD	CPEB4	0.0	0.4444444444444444	0.0
10-100 kb	HighConfNDD	DRD1	0.25	0.4166666666666667	0.6
10-100 kb	HighConfNDD	TSPAN17	0.0	0.5222222222222223	0.0
10-100 kb	HighConfNDD	UIMC1	1.0	1.3611111111111112	0.7346938775510203
10-100 kb	HighConfNDD	NSD1	0.0	1.75	0.0
10-100 kb	HighConfNDD	ELOVL2	0.5	0.5666666666666667	0.8823529411764706
10-100 kb	HighConfNDD	JARID2	0.0	1.4333333333333333	0.0
10-100 kb	HighConfNDD	NHLRC1	0.75	1.038888888888889	0.7219251336898395
10-100 kb	HighConfNDD	KDM1B	0.75	0.9111111111111111	0.8231707317073171
10-100 kb	HighConfNDD	ALDH5A1	0.25	0.85	0.29411764705882354
10-100 kb	HighConfNDD	H2BC11	0.5	0.7055555555555556	0.7086614173228346
10-100 kb	HighConfNDD	HLA-G	0.5	0.23333333333333334	2.142857142857143
10-100 kb	HighConfNDD	HLA-A	0.5	0.25555555555555554	1.956521739130435
10-100 kb	HighConfNDD	HLA-B	0.25	0.26666666666666666	0.9375
10-100 kb	HighConfNDD	C4B	0.0	0.5166666666666667	0.0
10-100 kb	HighConfNDD	HLA-DRB1	0.75	0.34444444444444444	2.1774193548387095
10-100 kb	HighConfNDD	HLA-DPB1	0.0	0.3611111111111111	0.0
10-100 kb	HighConfNDD	SYNGAP1	0.0	1.2777777777777777	0.0
10-100 kb	HighConfNDD	GLO1	0.75	0.5944444444444444	1.2616822429906542
10-100 kb	HighConfNDD	LRFN2	0.0	0.08333333333333333	0.0
10-100 kb	HighConfNDD	PPP2R5D	1.25	1.211111111111111	1.0321100917431194
10-100 kb	HighConfNDD	CUL7	0.75	1.2	0.625
10-100 kb	HighConfNDD	PTK7	0.0	1.2166666666666666	0.0
10-100 kb	HighConfNDD	SLC25A27	0.0	0.23333333333333334	0.0
10-100 kb	HighConfNDD	LRRC1	0.0	0.26666666666666666	0.0
10-100 kb	HighConfNDD	DST	0.0	0.5666666666666667	0.0
10-100 kb	HighConfNDD	KIAA1586	0.0	0.5777777777777777	0.0
10-100 kb	HighConfNDD	KHDRBS2	0.0	0.13333333333333333	0.0
10-100 kb	HighConfNDD	PHF3	0.0	0.5111111111111111	0.0
10-100 kb	HighConfNDD	RIMS1	0.0	0.15555555555555556	0.0
10-100 kb	HighConfNDD	HTR1B	0.0	0.16111111111111112	0.0
10-100 kb	HighConfNDD	PHIP	0.0	0.20555555555555555	0.0
10-100 kb	HighConfNDD	SYNCRIP	0.5	0.8055555555555556	0.6206896551724138
10-100 kb	HighConfNDD	ZNF292	0.5	0.5222222222222223	0.9574468085106382
10-100 kb	HighConfNDD	CNR1	0.0	0.25	0.0
10-100 kb	HighConfNDD	USP45	1.5	0.6277777777777778	2.3893805309734515
10-100 kb	HighConfNDD	GRIK2	0.0	0.20555555555555555	0.0
10-100 kb	HighConfNDD	HS3ST5	0.0	0.18333333333333332	0.0
10-100 kb	HighConfNDD	FRK	0.25	0.16666666666666666	1.5
10-100 kb	HighConfNDD	NUS1	0.5	0.31666666666666665	1.5789473684210527
10-100 kb	HighConfNDD	PLN	0.0	0.35555555555555557	0.0
10-100 kb	HighConfNDD	MED23	0.0	0.43333333333333335	0.0
10-100 kb	HighConfNDD	PEX7	1.0	0.6444444444444445	1.5517241379310345
10-100 kb	HighConfNDD	HIVEP2	0.5	0.2388888888888889	2.093023255813953
10-100 kb	HighConfNDD	EPM2A	0.25	0.14444444444444443	1.7307692307692308
10-100 kb	HighConfNDD	STXBP5	0.0	0.22777777777777777	0.0
10-100 kb	HighConfNDD	SASH1	0.75	0.9166666666666666	0.8181818181818182
10-100 kb	HighConfNDD	SYNE1	0.75	0.2611111111111111	2.872340425531915
10-100 kb	HighConfNDD	ARID1B	0.0	0.5833333333333334	0.0
10-100 kb	HighConfNDD	PRKN	0.25	0.26666666666666666	0.9375
10-100 kb	HighConfNDD	RPS6KA2	0.0	0.4166666666666667	0.0
10-100 kb	HighConfNDD	DLL1	0.0	0.19444444444444445	0.0
10-100 kb	HighConfNDD	PRKAR1B	0.25	0.9222222222222223	0.2710843373493976
10-100 kb	HighConfNDD	BRAT1	1.5	0.6888888888888889	2.1774193548387095
10-100 kb	HighConfNDD	CARD11	0.5	0.8222222222222222	0.6081081081081081
10-100 kb	HighConfNDD	SLC29A4	0.75	1.4111111111111112	0.5314960629921259
10-100 kb	HighConfNDD	ACTB	2.0	1.65	1.2121212121212122
10-100 kb	HighConfNDD	GRID2IP	2.0	1.5333333333333334	1.3043478260869565
10-100 kb	HighConfNDD	COL28A1	0.0	0.3277777777777778	0.0
10-100 kb	HighConfNDD	ICA1	0.0	0.23333333333333334	0.0
10-100 kb	HighConfNDD	NXPH1	0.0	0.10555555555555556	0.0
10-100 kb	HighConfNDD	AGMO	0.25	0.16666666666666666	1.5
10-100 kb	HighConfNDD	NFE2L3	0.0	0.7833333333333333	0.0
10-100 kb	HighConfNDD	PDE1C	0.25	0.5555555555555556	0.44999999999999996
10-100 kb	HighConfNDD	ABCA13	0.25	0.3333333333333333	0.75
10-100 kb	HighConfNDD	DDC	0.25	0.22777777777777777	1.0975609756097562
10-100 kb	HighConfNDD	ZNF713	1.75	1.2944444444444445	1.351931330472103
10-100 kb	HighConfNDD	KCTD7	1.75	1.6111111111111112	1.0862068965517242
10-100 kb	HighConfNDD	AUTS2	0.0	0.9111111111111111	0.0
10-100 kb	HighConfNDD	STX1A	1.0	1.6166666666666667	0.6185567010309279
10-100 kb	HighConfNDD	GTF2I	1.25	1.75	0.7142857142857143
10-100 kb	HighConfNDD	GNAI1	0.0	0.17777777777777778	0.0
10-100 kb	HighConfNDD	CACNA2D1	0.0	0.42777777777777776	0.0
10-100 kb	HighConfNDD	PCLO	0.0	0.2388888888888889	0.0
10-100 kb	HighConfNDD	ADAM22	0.25	0.4111111111111111	0.6081081081081081
10-100 kb	HighConfNDD	AKAP9	0.0	0.5833333333333334	0.0
10-100 kb	HighConfNDD	PON1	0.0	0.17222222222222222	0.0
10-100 kb	HighConfNDD	DLX6	0.0	0.2611111111111111	0.0
10-100 kb	HighConfNDD	TRRAP	0.75	1.1111111111111112	0.6749999999999999
10-100 kb	HighConfNDD	SMURF1	0.5	1.2833333333333334	0.3896103896103896
10-100 kb	HighConfNDD	AZGP1	1.25	1.038888888888889	1.2032085561497325
10-100 kb	HighConfNDD	TAF6	1.75	1.25	1.4
10-100 kb	HighConfNDD	GIGYF1	1.25	1.6388888888888888	0.7627118644067797
10-100 kb	HighConfNDD	ACHE	0.75	1.2944444444444445	0.5793991416309012
10-100 kb	HighConfNDD	MUC12	1.0	1.0277777777777777	0.972972972972973
10-100 kb	HighConfNDD	SERPINE1	0.75	1.3444444444444446	0.5578512396694214
10-100 kb	HighConfNDD	CUX1	0.0	1.4055555555555554	0.0
10-100 kb	HighConfNDD	RELN	0.0	0.3277777777777778	0.0
10-100 kb	HighConfNDD	KMT2E	0.75	0.7777777777777778	0.9642857142857143
10-100 kb	HighConfNDD	PIK3CG	0.0	0.43333333333333335	0.0
10-100 kb	HighConfNDD	LAMB1	0.25	0.5444444444444444	0.4591836734693878
10-100 kb	HighConfNDD	NRCAM	0.0	0.35555555555555557	0.0
10-100 kb	HighConfNDD	IMMP2L	0.25	0.4666666666666667	0.5357142857142857
10-100 kb	HighConfNDD	DOCK4	0.25	0.3277777777777778	0.7627118644067796
10-100 kb	HighConfNDD	GPR85	0.0	0.14444444444444443	0.0
10-100 kb	HighConfNDD	FOXP2	0.0	0.25	0.0
10-100 kb	HighConfNDD	MET	0.0	0.19444444444444445	0.0
10-100 kb	HighConfNDD	ST7	0.0	0.6166666666666667	0.0
10-100 kb	HighConfNDD	CTTNBP2	0.0	0.24444444444444444	0.0
10-100 kb	HighConfNDD	KCND2	0.0	0.22777777777777777	0.0
10-100 kb	HighConfNDD	CADPS2	0.0	0.25	0.0
10-100 kb	HighConfNDD	NDUFA5	0.25	0.25555555555555554	0.9782608695652175
10-100 kb	HighConfNDD	GPR37	0.25	0.2222222222222222	1.125
10-100 kb	HighConfNDD	POT1	0.5	0.2	2.5
10-100 kb	HighConfNDD	SND1	0.5	0.4166666666666667	1.2
10-100 kb	HighConfNDD	LRRC4	0.0	0.2222222222222222	0.0
10-100 kb	HighConfNDD	LEP	0.25	0.5444444444444444	0.4591836734693878
10-100 kb	HighConfNDD	UBE2H	0.5	1.5611111111111111	0.3202846975088968
10-100 kb	HighConfNDD	CEP41	0.5	0.37777777777777777	1.3235294117647058
10-100 kb	HighConfNDD	PLXNA4	0.0	0.25	0.0
10-100 kb	HighConfNDD	UBN2	0.25	0.8555555555555555	0.29220779220779225
10-100 kb	HighConfNDD	BRAF	0.25	0.8222222222222222	0.30405405405405406
10-100 kb	HighConfNDD	EPHA1	0.25	0.43333333333333335	0.5769230769230769
10-100 kb	HighConfNDD	CNTNAP2	0.0	0.16111111111111112	0.0
10-100 kb	HighConfNDD	KMT2C	0.0	1.5277777777777777	0.0
10-100 kb	HighConfNDD	DPP6	0.25	0.29444444444444445	0.8490566037735848
10-100 kb	HighConfNDD	EN2	0.0	0.2111111111111111	0.0
10-100 kb	HighConfNDD	UBE3C	0.75	0.8722222222222222	0.8598726114649682
10-100 kb	HighConfNDD	DLGAP2	0.0	0.2222222222222222	0.0
10-100 kb	HighConfNDD	CLN8	1.0	0.4222222222222222	2.3684210526315788
10-100 kb	HighConfNDD	ARHGEF10	0.0	0.46111111111111114	0.0
10-100 kb	HighConfNDD	CSMD1	0.0	0.25	0.0
10-100 kb	HighConfNDD	MCPH1	0.75	0.7555555555555555	0.9926470588235294
10-100 kb	HighConfNDD	MSR1	0.0	0.18888888888888888	0.0
10-100 kb	HighConfNDD	PCM1	0.0	0.4444444444444444	0.0
10-100 kb	HighConfNDD	PSD3	0.25	0.5277777777777778	0.47368421052631576
10-100 kb	HighConfNDD	EGR3	0.0	0.31666666666666665	0.0
10-100 kb	HighConfNDD	RHOBTB2	0.75	0.6444444444444445	1.1637931034482758
10-100 kb	HighConfNDD	DPYSL2	0.0	0.7277777777777777	0.0
10-100 kb	HighConfNDD	KIF13B	0.75	0.6222222222222222	1.2053571428571428
10-100 kb	HighConfNDD	DDHD2	0.75	1.2222222222222223	0.6136363636363635
10-100 kb	HighConfNDD	FGFR1	0.5	1.038888888888889	0.48128342245989303
10-100 kb	HighConfNDD	KAT6A	0.5	0.7888888888888889	0.6338028169014085
10-100 kb	HighConfNDD	CHRNB3	0.25	1.1222222222222222	0.22277227722772278
10-100 kb	HighConfNDD	PRKDC	0.75	1.1777777777777778	0.6367924528301887
10-100 kb	HighConfNDD	MCM4	0.75	1.1777777777777778	0.6367924528301887
10-100 kb	HighConfNDD	RAB2A	0.5	0.6333333333333333	0.7894736842105263
10-100 kb	HighConfNDD	CHD7	0.0	0.4666666666666667	0.0
10-100 kb	HighConfNDD	FABP5	0.0	0.21666666666666667	0.0
10-100 kb	HighConfNDD	CNGB3	0.25	0.16666666666666666	1.5
10-100 kb	HighConfNDD	RUNX1T1	0.0	0.39444444444444443	0.0
10-100 kb	HighConfNDD	SDC2	0.25	0.34444444444444444	0.7258064516129032
10-100 kb	HighConfNDD	VPS13B	0.75	0.4111111111111111	1.8243243243243243
10-100 kb	HighConfNDD	UBR5	0.75	1.0777777777777777	0.6958762886597939
10-100 kb	HighConfNDD	EXT1	0.25	0.4444444444444444	0.5625
10-100 kb	HighConfNDD	TBC1D31	0.5	0.6388888888888888	0.782608695652174
10-100 kb	HighConfNDD	EFR3A	0.25	0.11666666666666667	2.142857142857143
10-100 kb	HighConfNDD	KCNQ3	0.0	0.26666666666666666	0.0
10-100 kb	HighConfNDD	TRAPPC9	0.75	0.9388888888888889	0.7988165680473372
10-100 kb	HighConfNDD	AGO2	0.0	0.9222222222222223	0.0
10-100 kb	HighConfNDD	CYP11B1	0.0	0.19444444444444445	0.0
10-100 kb	HighConfNDD	EPPK1	0.0	0.36666666666666664	0.0
10-100 kb	HighConfNDD	ZNF517	1.0	1.0166666666666666	0.9836065573770493
10-100 kb	HighConfNDD	DOCK8	0.5	0.4166666666666667	1.2
10-100 kb	HighConfNDD	KANK1	0.5	0.5888888888888889	0.8490566037735848
10-100 kb	HighConfNDD	SMARCA2	0.0	0.1388888888888889	0.0
10-100 kb	HighConfNDD	RFX3	0.0	0.24444444444444444	0.0
10-100 kb	HighConfNDD	SLC1A1	0.75	0.5333333333333333	1.40625
10-100 kb	HighConfNDD	MLANA	0.25	0.5777777777777777	0.4326923076923077
10-100 kb	HighConfNDD	KDM4C	2.75	1.5777777777777777	1.7429577464788732
10-100 kb	HighConfNDD	PTPRD	0.0	0.16111111111111112	0.0
10-100 kb	HighConfNDD	NFIB	0.0	0.2	0.0
10-100 kb	HighConfNDD	SLC24A2	0.25	0.11666666666666667	2.142857142857143
10-100 kb	HighConfNDD	ELAVL2	0.0	0.2111111111111111	0.0
10-100 kb	HighConfNDD	TEK	0.25	0.4888888888888889	0.5113636363636364
10-100 kb	HighConfNDD	PIGO	1.25	0.8388888888888889	1.490066225165563
10-100 kb	HighConfNDD	CCIN	0.75	0.9111111111111111	0.8231707317073171
10-100 kb	HighConfNDD	RNF38	0.0	1.5333333333333334	0.0
10-100 kb	HighConfNDD	PAX5	0.0	0.6444444444444445	0.0
10-100 kb	HighConfNDD	CNTNAP3	0.25	0.37222222222222223	0.6716417910447761
10-100 kb	HighConfNDD	GDA	1.25	0.7333333333333333	1.7045454545454546
10-100 kb	HighConfNDD	ANXA1	0.25	0.2	1.25
10-100 kb	HighConfNDD	RORB	0.0	0.1388888888888889	0.0
10-100 kb	HighConfNDD	PRUNE2	0.0	0.55	0.0
10-100 kb	HighConfNDD	HNRNPK	0.25	0.9833333333333333	0.2542372881355932
10-100 kb	HighConfNDD	PHF2	0.0	0.29444444444444445	0.0
10-100 kb	HighConfNDD	GABBR2	0.0	0.3277777777777778	0.0
10-100 kb	HighConfNDD	CYLC2	0.0	0.20555555555555555	0.0
10-100 kb	HighConfNDD	ZNF462	0.0	0.14444444444444443	0.0
10-100 kb	HighConfNDD	FRRS1L	0.25	0.65	0.3846153846153846
10-100 kb	HighConfNDD	ECPAS	0.5	0.8555555555555555	0.5844155844155845
10-100 kb	HighConfNDD	ASTN2	0.0	0.16666666666666666	0.0
10-100 kb	HighConfNDD	LHX2	0.0	0.7166666666666667	0.0
10-100 kb	HighConfNDD	LMX1B	0.0	0.5	0.0
10-100 kb	HighConfNDD	STXBP1	1.75	1.0444444444444445	1.675531914893617
10-100 kb	HighConfNDD	DNM1	1.0	0.8666666666666667	1.1538461538461537
10-100 kb	HighConfNDD	SLC27A4	1.25	1.35	0.9259259259259258
10-100 kb	HighConfNDD	SPTAN1	0.0	1.4055555555555554	0.0
10-100 kb	HighConfNDD	SET	1.5	1.6888888888888889	0.8881578947368421
10-100 kb	HighConfNDD	POMT1	0.75	0.9722222222222222	0.7714285714285715
10-100 kb	HighConfNDD	TSC1	0.25	0.7222222222222222	0.34615384615384615
10-100 kb	HighConfNDD	KCNT1	0.0	0.31666666666666665	0.0
10-100 kb	HighConfNDD	NOTCH1	0.0	0.4166666666666667	0.0
10-100 kb	HighConfNDD	GRIN1	0.25	0.5777777777777777	0.4326923076923077
10-100 kb	HighConfNDD	PNPLA7	1.0	0.9388888888888889	1.0650887573964498
10-100 kb	HighConfNDD	EHMT1	0.5	1.0666666666666667	0.46875
10-100 kb	HighConfNDD	CACNA1B	0.0	0.5611111111111111	0.0
10-100 kb	HighConfNDD	SHOX	0.0	1.2277777777777779	0.0
10-100 kb	HighConfNDD	ASMT	3.0	1.2666666666666666	2.368421052631579
10-100 kb	HighConfNDD	NLGN4X	0.0	0.4444444444444444	0.0
10-100 kb	HighConfNDD	TBL1X	0.5	0.6888888888888889	0.7258064516129032
10-100 kb	HighConfNDD	CLCN4	0.25	0.35555555555555557	0.703125
10-100 kb	HighConfNDD	MSL3	0.0	0.25	0.0
10-100 kb	HighConfNDD	OFD1	0.0	0.4222222222222222	0.0
10-100 kb	HighConfNDD	GLRA2	0.25	0.11666666666666667	2.142857142857143
10-100 kb	HighConfNDD	PIGA	0.5	0.4777777777777778	1.0465116279069766
10-100 kb	HighConfNDD	SYAP1	1.25	1.3833333333333333	0.9036144578313253
10-100 kb	HighConfNDD	CDKL5	0.25	1.2	0.20833333333333334
10-100 kb	HighConfNDD	RPS6KA3	0.25	0.4111111111111111	0.6081081081081081
10-100 kb	HighConfNDD	CNKSR2	0.0	0.13333333333333333	0.0
10-100 kb	HighConfNDD	DDX53	0.25	0.23333333333333334	1.0714285714285714
10-100 kb	HighConfNDD	PTCHD1	0.0	0.18333333333333332	0.0
10-100 kb	HighConfNDD	ARX	0.0	0.4388888888888889	0.0
10-100 kb	HighConfNDD	IL1RAPL1	0.0	0.3	0.0
10-100 kb	HighConfNDD	FAM47A	0.0	0.1388888888888889	0.0
10-100 kb	HighConfNDD	TSPAN7	0.0	0.17222222222222222	0.0
10-100 kb	HighConfNDD	USP9X	0.0	1.05	0.0
10-100 kb	HighConfNDD	DDX3X	0.0	1.5611111111111111	0.0
10-100 kb	HighConfNDD	CASK	0.0	0.26666666666666666	0.0
10-100 kb	HighConfNDD	MAOA	0.25	0.29444444444444445	0.8490566037735848
10-100 kb	HighConfNDD	MAOB	0.0	0.2	0.0
10-100 kb	HighConfNDD	KDM6A	0.25	1.2055555555555555	0.20737327188940094
10-100 kb	HighConfNDD	CDK16	0.0	1.1388888888888888	0.0
10-100 kb	HighConfNDD	SYN1	0.0	0.7722222222222223	0.0
10-100 kb	HighConfNDD	SLC35A2	0.25	1.038888888888889	0.24064171122994651
10-100 kb	HighConfNDD	WDR45	1.0	1.4055555555555554	0.7114624505928854
10-100 kb	HighConfNDD	CACNA1F	0.75	0.6777777777777778	1.1065573770491803
10-100 kb	HighConfNDD	KDM5C	0.0	0.6611111111111111	0.0
10-100 kb	HighConfNDD	IQSEC2	0.0	0.8111111111111111	0.0
10-100 kb	HighConfNDD	WNK3	0.0	1.4388888888888889	0.0
10-100 kb	HighConfNDD	ARHGEF9	0.25	0.1	2.5
10-100 kb	HighConfNDD	VSIG4	0.0	0.15	0.0
10-100 kb	HighConfNDD	AR	0.0	0.12222222222222222	0.0
10-100 kb	HighConfNDD	OPHN1	0.25	1.2166666666666666	0.20547945205479454
10-100 kb	HighConfNDD	DLG3	0.25	0.7	0.35714285714285715
10-100 kb	HighConfNDD	SLC7A3	0.25	0.9444444444444444	0.2647058823529412
10-100 kb	HighConfNDD	NLGN3	0.5	1.1555555555555554	0.4326923076923077
10-100 kb	HighConfNDD	NEXMIF	0.0	0.11666666666666667	0.0
10-100 kb	HighConfNDD	ATRX	0.25	1.1611111111111112	0.21531100478468898
10-100 kb	HighConfNDD	ZNF711	0.0	0.11666666666666667	0.0
10-100 kb	HighConfNDD	PCDH11X	0.0	0.13333333333333333	0.0
10-100 kb	HighConfNDD	PCDH19	0.0	0.24444444444444444	0.0
10-100 kb	HighConfNDD	RPL36A-HNRNPH2	0.25	0.8111111111111111	0.3082191780821918
10-100 kb	HighConfNDD	HNRNPH2	0.25	0.7555555555555555	0.33088235294117646
10-100 kb	HighConfNDD	IL1RAPL2	0.25	0.15555555555555556	1.6071428571428572
10-100 kb	HighConfNDD	ALG13	0.5	0.3611111111111111	1.3846153846153846
10-100 kb	HighConfNDD	AGTR2	0.0	0.1	0.0
10-100 kb	HighConfNDD	UPF3B	1.0	1.4833333333333334	0.6741573033707865
10-100 kb	HighConfNDD	RHOXF1	0.25	0.2777777777777778	0.8999999999999999
10-100 kb	HighConfNDD	SMARCA1	0.0	0.3611111111111111	0.0
10-100 kb	HighConfNDD	GPC4	0.0	0.8	0.0
10-100 kb	HighConfNDD	SLC9A6	0.25	0.5166666666666667	0.48387096774193544
10-100 kb	HighConfNDD	MAGEC3	0.0	0.12777777777777777	0.0
10-100 kb	HighConfNDD	FMR1	0.0	0.2388888888888889	0.0
10-100 kb	HighConfNDD	AFF2	0.0	0.06666666666666667	0.0
10-100 kb	HighConfNDD	CD99L2	0.0	0.8722222222222222	0.0
10-100 kb	HighConfNDD	SLC6A8	0.0	0.4722222222222222	0.0
10-100 kb	HighConfNDD	MECP2	0.75	0.9166666666666666	0.8181818181818182
10-100 kb	HighConfNDD	RPL10	0.75	0.7944444444444444	0.9440559440559441
10-100 kb	HighConfNDD	PLXNA3	1.5	0.9555555555555556	1.569767441860465
10-100 kb	HighConfNDD	RAB39B	0.25	0.18333333333333332	1.3636363636363638
10-100 kb	HighConfNDD	TMLHE	0.25	0.10555555555555556	2.3684210526315788
10-100 kb	HighConfNDD	SHOX	0.0	1.2277777777777779	0.0
10-100 kb	HighConfNDD	ASMT	3.0	1.2666666666666666	2.368421052631579
10-100 kb	HighConfNDD	USP9Y	0.75	0.5166666666666667	1.4516129032258063
10-100 kb	HighConfNDD	NLGN4Y	0.0	0.3333333333333333	0.0
10-100 kb	Housekeeping	NOC2L	0.5	0.3888888888888889	1.2857142857142856
10-100 kb	Housekeeping	SDF4	0.5	0.45	1.1111111111111112
10-100 kb	Housekeeping	AURKAIP1	0.25	0.7722222222222223	0.3237410071942446
10-100 kb	Housekeeping	CCNL2	0.5	0.9166666666666666	0.5454545454545455
10-100 kb	Housekeeping	MRPL20	2.25	1.0333333333333334	2.1774193548387095
10-100 kb	Housekeeping	SSU72	1.25	1.1333333333333333	1.1029411764705883
10-100 kb	Housekeeping	RER1	0.25	0.2388888888888889	1.0465116279069766
10-100 kb	Housekeeping	TPRG1L	0.25	0.17222222222222222	1.4516129032258065
10-100 kb	Housekeeping	LRRC47	1.25	0.6111111111111112	2.0454545454545454
10-100 kb	Housekeeping	C1orf174	0.75	0.5944444444444444	1.2616822429906542
10-100 kb	Housekeeping	RPL22	0.25	0.7055555555555556	0.3543307086614173
10-100 kb	Housekeeping	ICMT	1.25	0.6611111111111111	1.8907563025210083
10-100 kb	Housekeeping	PHF13	0.25	1.25	0.2
10-100 kb	Housekeeping	KLHL21	0.25	1.2444444444444445	0.20089285714285715
10-100 kb	Housekeeping	DNAJC11	0.75	1.2666666666666666	0.5921052631578948
10-100 kb	Housekeeping	VAMP3	0.25	0.6277777777777778	0.39823008849557523
10-100 kb	Housekeeping	PARK7	0.75	1.0722222222222222	0.6994818652849741
10-100 kb	Housekeeping	ENO1	1.0	1.4666666666666666	0.6818181818181819
10-100 kb	Housekeeping	TARDBP	1.25	1.2666666666666666	0.986842105263158
10-100 kb	Housekeeping	SRM	1.0	1.3833333333333333	0.7228915662650602
10-100 kb	Housekeeping	EXOSC10	1.75	1.1055555555555556	1.5829145728643215
10-100 kb	Housekeeping	KIAA2013	1.25	1.15	1.0869565217391306
10-100 kb	Housekeeping	PLOD1	2.0	1.1444444444444444	1.7475728155339807
10-100 kb	Housekeeping	MFN2	1.0	1.2277777777777779	0.8144796380090498
10-100 kb	Housekeeping	MIIP	2.5	1.1666666666666667	2.142857142857143
10-100 kb	Housekeeping	ZBTB17	1.5	0.75	2.0
10-100 kb	Housekeeping	FBXO42	1.0	1.5888888888888888	0.6293706293706294
10-100 kb	Housekeeping	RCC2	0.0	1.4166666666666667	0.0
10-100 kb	Housekeeping	UBR4	0.5	0.8555555555555555	0.5844155844155845
10-100 kb	Housekeeping	MRTO4	1.25	0.9111111111111111	1.3719512195121952
10-100 kb	Housekeeping	AKR7A2	0.25	0.9166666666666666	0.27272727272727276
10-100 kb	Housekeeping	MUL1	1.0	0.6722222222222223	1.487603305785124
10-100 kb	Housekeeping	HP1BP3	1.0	0.9777777777777777	1.0227272727272727
10-100 kb	Housekeeping	USP48	1.0	1.1666666666666667	0.8571428571428571
10-100 kb	Housekeeping	KDM1A	1.0	0.7944444444444444	1.2587412587412588
10-100 kb	Housekeeping	RPL11	1.0	1.261111111111111	0.7929515418502203
10-100 kb	Housekeeping	PITHD1	0.5	1.261111111111111	0.39647577092511016
10-100 kb	Housekeeping	PNRC2	1.0	1.3388888888888888	0.7468879668049793
10-100 kb	Housekeeping	SRSF10	0.5	1.2333333333333334	0.4054054054054054
10-100 kb	Housekeeping	SRRM1	1.5	1.2166666666666666	1.2328767123287672
10-100 kb	Housekeeping	SYF2	1.0	0.8833333333333333	1.1320754716981132
10-100 kb	Housekeeping	TMEM50A	0.25	0.95	0.2631578947368421
10-100 kb	Housekeeping	MTFR1L	0.25	0.7	0.35714285714285715
10-100 kb	Housekeeping	ZNF593	0.25	1.2222222222222223	0.20454545454545453
10-100 kb	Housekeeping	HMGN2	0.25	1.4055555555555554	0.17786561264822134
10-100 kb	Housekeeping	GPN2	1.0	1.4	0.7142857142857143
10-100 kb	Housekeeping	NUDC	1.5	1.3555555555555556	1.1065573770491803
10-100 kb	Housekeeping	STX12	1.0	1.2777777777777777	0.782608695652174
10-100 kb	Housekeeping	PPP1R8	0.25	1.3944444444444444	0.17928286852589642
10-100 kb	Housekeeping	RPA2	2.0	1.2166666666666666	1.6438356164383563
10-100 kb	Housekeeping	DNAJC8	2.25	1.6277777777777778	1.3822525597269624
10-100 kb	Housekeeping	ATP5IF1	1.0	1.6222222222222222	0.6164383561643836
10-100 kb	Housekeeping	SRSF4	0.5	1.0	0.5
10-100 kb	Housekeeping	ZCCHC17	0.5	1.0611111111111111	0.4712041884816754
10-100 kb	Housekeeping	PEF1	0.0	0.37777777777777777	0.0
10-100 kb	Housekeeping	PTP4A2	0.75	1.2833333333333334	0.5844155844155844
10-100 kb	Housekeeping	KHDRBS1	0.75	1.4222222222222223	0.52734375
10-100 kb	Housekeeping	KPNA6	1.5	1.2833333333333334	1.1688311688311688
10-100 kb	Housekeeping	EIF3I	1.0	1.5166666666666666	0.6593406593406593
10-100 kb	Housekeeping	BSDC1	1.0	1.0944444444444446	0.9137055837563451
10-100 kb	Housekeeping	AK2	0.5	0.7388888888888889	0.6766917293233082
10-100 kb	Housekeeping	SMIM12	0.5	0.40555555555555556	1.2328767123287672
10-100 kb	Housekeeping	SFPQ	1.25	1.3666666666666667	0.9146341463414634
10-100 kb	Housekeeping	PSMB2	1.25	0.9111111111111111	1.3719512195121952
10-100 kb	Housekeeping	TRAPPC3	0.25	1.3166666666666667	0.189873417721519
10-100 kb	Housekeeping	THRAP3	0.75	1.288888888888889	0.5818965517241379
10-100 kb	Housekeeping	LSM10	1.5	0.8388888888888889	1.7880794701986755
10-100 kb	Housekeeping	GNL2	0.5	0.9611111111111111	0.5202312138728323
10-100 kb	Housekeeping	SF3A3	0.75	1.0055555555555555	0.7458563535911602
10-100 kb	Housekeeping	RRAGC	1.0	1.1222222222222222	0.8910891089108911
10-100 kb	Housekeeping	AKIRIN1	0.5	1.788888888888889	0.2795031055900621
10-100 kb	Housekeeping	PABPC4	0.75	0.7944444444444444	0.9440559440559441
10-100 kb	Housekeeping	CAP1	0.5	1.0777777777777777	0.4639175257731959
10-100 kb	Housekeeping	ZMPSTE24	1.0	1.0722222222222222	0.9326424870466321
10-100 kb	Housekeeping	NFYC	0.25	0.7111111111111111	0.3515625
10-100 kb	Housekeeping	PPIH	0.25	0.8	0.3125
10-100 kb	Housekeeping	YBX1	0.0	0.8611111111111112	0.0
10-100 kb	Housekeeping	EBNA1BP2	0.25	0.5888888888888889	0.4245283018867924
10-100 kb	Housekeeping	IPO13	0.25	0.4388888888888889	0.569620253164557
10-100 kb	Housekeeping	ATP6V0B	0.0	0.5277777777777778	0.0
10-100 kb	Housekeeping	ERI3	0.25	0.35555555555555557	0.703125
10-100 kb	Housekeeping	RPS8	1.5	1.25	1.2
10-100 kb	Housekeeping	UROD	0.0	1.1777777777777778	0.0
10-100 kb	Housekeeping	AKR1A1	1.75	1.4166666666666667	1.2352941176470587
10-100 kb	Housekeeping	LRRC41	0.75	1.3333333333333333	0.5625
10-100 kb	Housekeeping	UQCRH	0.75	1.3277777777777777	0.5648535564853556
10-100 kb	Housekeeping	ATPAF1	0.25	0.3888888888888889	0.6428571428571428
10-100 kb	Housekeeping	EFCAB14	0.25	0.28888888888888886	0.8653846153846154
10-100 kb	Housekeeping	CMPK1	1.0	1.1555555555555554	0.8653846153846154
10-100 kb	Housekeeping	RNF11	0.25	1.1111111111111112	0.22499999999999998
10-100 kb	Housekeeping	TXNDC12	0.0	1.2666666666666666	0.0
10-100 kb	Housekeeping	BTF3L4	0.0	1.2666666666666666	0.0
10-100 kb	Housekeeping	PRPF38A	0.5	0.9444444444444444	0.5294117647058824
10-100 kb	Housekeeping	ZYG11B	1.0	1.3888888888888888	0.72
10-100 kb	Housekeeping	MAGOH	1.5	0.3888888888888889	3.857142857142857
10-100 kb	Housekeeping	LRRC42	0.5	0.8055555555555556	0.6206896551724138
10-100 kb	Housekeeping	TMEM59	0.25	0.6777777777777778	0.3688524590163934
10-100 kb	Housekeeping	MRPL37	0.5	0.5166666666666667	0.9677419354838709
10-100 kb	Housekeeping	JAK1	0.0	1.0888888888888888	0.0
10-100 kb	Housekeeping	LEPROT	0.0	0.2722222222222222	0.0
10-100 kb	Housekeeping	SERBP1	0.0	0.9277777777777778	0.0
10-100 kb	Housekeeping	ZRANB2	0.0	0.25	0.0
10-100 kb	Housekeeping	RABGGTB	1.25	0.6055555555555555	2.064220183486239
10-100 kb	Housekeeping	FUBP1	0.5	0.8833333333333333	0.5660377358490566
10-100 kb	Housekeeping	RPF1	0.5	0.43333333333333335	1.1538461538461537
10-100 kb	Housekeeping	SH3GLB1	0.25	0.3	0.8333333333333334
10-100 kb	Housekeeping	SELENOF	0.0	0.6666666666666666	0.0
10-100 kb	Housekeeping	LMO4	0.0	0.23333333333333334	0.0
10-100 kb	Housekeeping	GTF2B	0.5	0.7166666666666667	0.6976744186046512
10-100 kb	Housekeeping	RPL5	1.0	1.0055555555555555	0.994475138121547
10-100 kb	Housekeeping	MFSD14A	0.5	0.8944444444444445	0.5590062111801242
10-100 kb	Housekeeping	PRPF38B	0.25	0.6	0.4166666666666667
10-100 kb	Housekeeping	STXBP3	0.75	0.6444444444444445	1.1637931034482758
10-100 kb	Housekeeping	TMEM167B	1.0	1.4333333333333333	0.6976744186046512
10-100 kb	Housekeeping	PSMA5	1.5	0.7111111111111111	2.109375
10-100 kb	Housekeeping	AHCYL1	0.25	0.38333333333333336	0.6521739130434783
10-100 kb	Housekeeping	LAMTOR5	1.0	0.5055555555555555	1.978021978021978
10-100 kb	Housekeeping	RAP1A	0.25	0.4	0.625
10-100 kb	Housekeeping	CAPZA1	0.5	0.8277777777777777	0.6040268456375839
10-100 kb	Housekeeping	RHOC	0.5	0.9	0.5555555555555556
10-100 kb	Housekeeping	HIPK1	0.25	0.7	0.35714285714285715
10-100 kb	Housekeeping	BCAS2	1.0	1.0888888888888888	0.9183673469387756
10-100 kb	Housekeeping	MAN1A2	0.0	0.37222222222222223	0.0
10-100 kb	Housekeeping	POLR3C	0.75	0.8222222222222222	0.9121621621621622
10-100 kb	Housekeeping	POLR3GL	0.75	1.0777777777777777	0.6958762886597939
10-100 kb	Housekeeping	PRPF3	1.75	1.5	1.1666666666666667
10-100 kb	Housekeeping	RPRD2	1.0	1.5611111111111111	0.6405693950177936
10-100 kb	Housekeeping	ENSA	1.25	1.3888888888888888	0.9
10-100 kb	Housekeeping	ARNT	1.0	1.261111111111111	0.7929515418502203
10-100 kb	Housekeeping	CERS2	0.75	1.461111111111111	0.5133079847908746
10-100 kb	Housekeeping	CDC42SE1	1.25	1.4	0.8928571428571429
10-100 kb	Housekeeping	PSMD4	2.5	1.3555555555555556	1.8442622950819672
10-100 kb	Housekeeping	PSMB4	1.0	1.3111111111111111	0.7627118644067796
10-100 kb	Housekeeping	SNX27	0.5	0.8388888888888889	0.5960264900662251
10-100 kb	Housekeeping	MRPL9	0.25	0.5111111111111111	0.48913043478260876
10-100 kb	Housekeeping	S100A6	0.25	0.7722222222222223	0.3237410071942446
10-100 kb	Housekeeping	CHTOP	1.75	1.3277777777777777	1.3179916317991633
10-100 kb	Housekeeping	SNAPIN	3.0	1.3333333333333333	2.25
10-100 kb	Housekeeping	DENND4B	0.0	1.6722222222222223	0.0
10-100 kb	Housekeeping	SLC39A1	1.0	1.5777777777777777	0.6338028169014085
10-100 kb	Housekeeping	JTB	1.0	1.5222222222222221	0.6569343065693432
10-100 kb	Housekeeping	RAB13	1.0	1.4944444444444445	0.6691449814126395
10-100 kb	Housekeeping	RPS27	1.5	1.461111111111111	1.0266159695817492
10-100 kb	Housekeeping	TPM3	0.5	1.3555555555555556	0.3688524590163934
10-100 kb	Housekeeping	C1orf43	0.0	1.461111111111111	0.0
10-100 kb	Housekeeping	UBE2Q1	0.5	0.7777777777777778	0.6428571428571428
10-100 kb	Housekeeping	PMVK	1.0	0.7166666666666667	1.3953488372093024
10-100 kb	Housekeeping	KRTCAP2	0.25	1.011111111111111	0.24725274725274726
10-100 kb	Housekeeping	SCAMP3	0.25	1.0333333333333334	0.24193548387096772
10-100 kb	Housekeeping	KHDC4	1.0	1.3666666666666667	0.7317073170731707
10-100 kb	Housekeeping	SSR2	1.0	1.1166666666666667	0.8955223880597015
10-100 kb	Housekeeping	UBQLN4	0.25	1.1277777777777778	0.22167487684729065
10-100 kb	Housekeeping	LAMTOR2	0.25	1.1055555555555556	0.22613065326633164
10-100 kb	Housekeeping	PMF1-BGLAP	1.0	1.0833333333333333	0.9230769230769231
10-100 kb	Housekeeping	PMF1	1.0	1.0833333333333333	0.9230769230769231
10-100 kb	Housekeeping	GPATCH4	1.25	0.8111111111111111	1.5410958904109588
10-100 kb	Housekeeping	MRPL24	0.25	0.85	0.29411764705882354
10-100 kb	Housekeeping	PRCC	0.0	0.8277777777777777	0.0
10-100 kb	Housekeeping	IGSF8	0.0	0.3888888888888889	0.0
10-100 kb	Housekeeping	PEA15	0.25	0.6833333333333333	0.36585365853658536
10-100 kb	Housekeeping	COPA	0.25	0.5888888888888889	0.4245283018867924
10-100 kb	Housekeeping	PFDN2	1.0	0.9555555555555556	1.0465116279069766
10-100 kb	Housekeeping	B4GALT3	0.75	0.9611111111111111	0.7803468208092486
10-100 kb	Housekeeping	ATF6	0.75	0.3888888888888889	1.9285714285714286
10-100 kb	Housekeeping	MGST3	0.0	0.55	0.0
10-100 kb	Housekeeping	ALDH9A1	1.25	0.7555555555555555	1.6544117647058825
10-100 kb	Housekeeping	CREG1	0.25	0.5055555555555555	0.4945054945054945
10-100 kb	Housekeeping	MPZL1	0.5	0.5611111111111111	0.8910891089108911
10-100 kb	Housekeeping	MPC2	0.0	0.5111111111111111	0.0
10-100 kb	Housekeeping	PRDX6	0.0	0.32222222222222224	0.0
10-100 kb	Housekeeping	MRPS14	0.25	0.4722222222222222	0.5294117647058824
10-100 kb	Housekeeping	FAM20B	0.0	0.8055555555555556	0.0
10-100 kb	Housekeeping	TOR3A	0.5	0.8666666666666667	0.5769230769230769
10-100 kb	Housekeeping	TOR1AIP1	0.25	0.75	0.3333333333333333
10-100 kb	Housekeeping	QSOX1	0.0	0.4722222222222222	0.0
10-100 kb	Housekeeping	ODR4	0.25	0.37222222222222223	0.6716417910447761
10-100 kb	Housekeeping	GLRX2	0.5	0.4722222222222222	1.0588235294117647
10-100 kb	Housekeeping	TMEM9	0.0	0.21666666666666667	0.0
10-100 kb	Housekeeping	IPO9	0.75	0.7388888888888889	1.0150375939849623
10-100 kb	Housekeeping	TIMM17A	1.0	1.1055555555555556	0.9045226130653266
10-100 kb	Housekeeping	ARL8A	0.5	1.0055555555555555	0.4972375690607735
10-100 kb	Housekeeping	ADIPOR1	0.75	0.7944444444444444	0.9440559440559441
10-100 kb	Housekeeping	CYB5R1	0.5	0.7555555555555555	0.6617647058823529
10-100 kb	Housekeeping	TMEM183A	0.5	0.4777777777777778	1.0465116279069766
10-100 kb	Housekeeping	SNRPE	1.25	1.238888888888889	1.0089686098654709
10-100 kb	Housekeeping	NUCKS1	0.25	0.75	0.3333333333333333
10-100 kb	Housekeeping	EIF2D	1.5	0.4444444444444444	3.375
10-100 kb	Housekeeping	MAPKAPK2	0.0	0.5055555555555555	0.0
10-100 kb	Housekeeping	LPGAT1	0.0	0.6222222222222222	0.0
10-100 kb	Housekeeping	PPP2R5A	0.25	0.7388888888888889	0.3383458646616541
10-100 kb	Housekeeping	NENF	0.25	0.5833333333333334	0.42857142857142855
10-100 kb	Housekeeping	AIDA	0.5	0.46111111111111114	1.0843373493975903
10-100 kb	Housekeeping	SRP9	0.75	0.9833333333333333	0.7627118644067797
10-100 kb	Housekeeping	ACBD3	1.0	1.2444444444444445	0.8035714285714286
10-100 kb	Housekeeping	PARP1	1.0	0.6833333333333333	1.4634146341463414
10-100 kb	Housekeeping	GUK1	1.25	0.45	2.7777777777777777
10-100 kb	Housekeeping	RNF187	0.75	0.35555555555555557	2.109375
10-100 kb	Housekeeping	RAB4A	0.25	0.5666666666666667	0.4411764705882353
10-100 kb	Housekeeping	ABCB10	0.75	0.8611111111111112	0.8709677419354839
10-100 kb	Housekeeping	TSNAX	0.25	0.6444444444444445	0.3879310344827586
10-100 kb	Housekeeping	TSNAX-DISC1	0.25	0.6444444444444445	0.3879310344827586
10-100 kb	Housekeeping	COA6	0.5	0.48333333333333334	1.0344827586206897
10-100 kb	Housekeeping	IRF2BP2	0.0	0.3888888888888889	0.0
10-100 kb	Housekeeping	TOMM20	1.0	1.2444444444444445	0.8035714285714286
10-100 kb	Housekeeping	ZNF672	0.75	0.3611111111111111	2.076923076923077
10-100 kb	Housekeeping	LARP4B	0.25	0.7055555555555556	0.3543307086614173
10-100 kb	Housekeeping	GDI2	1.25	0.9444444444444444	1.3235294117647058
10-100 kb	Housekeeping	FBH1	0.25	1.1722222222222223	0.21327014218009477
10-100 kb	Housekeeping	RBM17	0.0	0.7555555555555555	0.0
10-100 kb	Housekeeping	CDC123	1.0	1.4777777777777779	0.6766917293233082
10-100 kb	Housekeeping	OPTN	0.75	0.7444444444444445	1.007462686567164
10-100 kb	Housekeeping	PRPF18	1.0	0.5055555555555555	1.978021978021978
10-100 kb	Housekeeping	HSPA14	0.5	0.7222222222222222	0.6923076923076923
10-100 kb	Housekeeping	DNAJC1	0.25	0.38333333333333336	0.6521739130434783
10-100 kb	Housekeeping	COMMD3-BMI1	0.0	0.5333333333333333	0.0
10-100 kb	Housekeeping	BMI1	0.0	0.5333333333333333	0.0
10-100 kb	Housekeeping	KIF5B	0.25	0.9611111111111111	0.26011560693641617
10-100 kb	Housekeeping	BMS1	0.25	0.48333333333333334	0.5172413793103449
10-100 kb	Housekeeping	CSGALNACT2	0.5	0.2222222222222222	2.25
10-100 kb	Housekeeping	ZNF32	0.75	0.4222222222222222	1.7763157894736843
10-100 kb	Housekeeping	ZNF22	0.0	0.29444444444444445	0.0
10-100 kb	Housekeeping	ADO	0.25	0.21666666666666667	1.1538461538461537
10-100 kb	Housekeeping	HNRNPH3	1.0	1.3666666666666667	0.7317073170731707
10-100 kb	Housekeeping	DDX50	0.5	1.4388888888888889	0.3474903474903475
10-100 kb	Housekeeping	VPS26A	0.75	1.25	0.6
10-100 kb	Housekeeping	SAR1A	0.75	0.8055555555555556	0.9310344827586207
10-100 kb	Housekeeping	PPA1	0.5	0.7611111111111111	0.6569343065693432
10-100 kb	Housekeeping	EIF4EBP2	0.5	0.8166666666666667	0.6122448979591837
10-100 kb	Housekeeping	PCBD1	0.0	0.2611111111111111	0.0
10-100 kb	Housekeeping	DNAJC9	0.25	0.8666666666666667	0.28846153846153844
10-100 kb	Housekeeping	MRPS16	0.25	0.8833333333333333	0.2830188679245283
10-100 kb	Housekeeping	CHCHD1	0.75	0.65	1.1538461538461537
10-100 kb	Housekeeping	AP3M1	0.75	0.9833333333333333	0.7627118644067797
10-100 kb	Housekeeping	RPS24	1.25	0.85	1.4705882352941178
10-100 kb	Housekeeping	ANXA11	0.5	0.5888888888888889	0.8490566037735848
10-100 kb	Housekeeping	GHITM	0.25	0.4166666666666667	0.6
10-100 kb	Housekeeping	PCGF5	0.0	0.2388888888888889	0.0
10-100 kb	Housekeeping	TNKS2	0.0	0.4888888888888889	0.0
10-100 kb	Housekeeping	TM9SF3	0.0	0.43333333333333335	0.0
10-100 kb	Housekeeping	PGAM1	1.0	1.0888888888888888	0.9183673469387756
10-100 kb	Housekeeping	SLC25A28	0.75	0.6611111111111111	1.134453781512605
10-100 kb	Housekeeping	CUTC	0.75	0.6888888888888889	1.0887096774193548
10-100 kb	Housekeeping	BLOC1S2	1.0	0.8611111111111112	1.161290322580645
10-100 kb	Housekeeping	MRPL43	0.0	0.7833333333333333	0.0
10-100 kb	Housekeeping	FBXW4	0.25	0.7444444444444445	0.33582089552238803
10-100 kb	Housekeeping	OGA	0.75	0.8833333333333333	0.8490566037735849
10-100 kb	Housekeeping	GBF1	0.25	1.1333333333333333	0.22058823529411764
10-100 kb	Housekeeping	CUEDC2	1.0	1.0722222222222222	0.9326424870466321
10-100 kb	Housekeeping	ACTR1A	0.5	1.0777777777777777	0.4639175257731959
10-100 kb	Housekeeping	BORCS7	2.0	1.288888888888889	1.5517241379310345
10-100 kb	Housekeeping	BORCS7-ASMT	2.25	1.288888888888889	1.7456896551724137
10-100 kb	Housekeeping	GSTO1	0.25	0.37222222222222223	0.6716417910447761
10-100 kb	Housekeeping	ZDHHC6	0.5	0.4722222222222222	1.0588235294117647
10-100 kb	Housekeeping	CACUL1	0.5	0.5	1.0
10-100 kb	Housekeeping	EIF3A	1.0	1.2944444444444445	0.7725321888412017
10-100 kb	Housekeeping	MCMBP	0.75	0.7055555555555556	1.0629921259842519
10-100 kb	Housekeeping	ATE1	0.5	0.9833333333333333	0.5084745762711864
10-100 kb	Housekeeping	NSMCE4A	0.75	1.1277777777777778	0.6650246305418719
10-100 kb	Housekeeping	IKZF5	0.0	0.37777777777777777	0.0
10-100 kb	Housekeeping	ZRANB1	0.75	1.0055555555555555	0.7458563535911602
10-100 kb	Housekeeping	BCCIP	0.5	0.5277777777777778	0.9473684210526315
10-100 kb	Housekeeping	GLRX3	0.5	0.48333333333333334	1.0344827586206897
10-100 kb	Housekeeping	BET1L	0.25	0.6888888888888889	0.3629032258064516
10-100 kb	Housekeeping	RIC8A	0.25	0.6888888888888889	0.3629032258064516
10-100 kb	Housekeeping	PTDSS2	1.0	0.6055555555555555	1.651376146788991
10-100 kb	Housekeeping	TALDO1	0.75	1.0666666666666667	0.703125
10-100 kb	Housekeeping	GATD1	0.75	0.9277777777777778	0.8083832335329341
10-100 kb	Housekeeping	RPLP2	1.0	0.8833333333333333	1.1320754716981132
10-100 kb	Housekeeping	POLR2L	0.75	0.9611111111111111	0.7803468208092486
10-100 kb	Housekeeping	CHID1	2.25	0.6722222222222223	3.3471074380165287
10-100 kb	Housekeeping	AP2A2	0.75	0.6666666666666666	1.125
10-100 kb	Housekeeping	TOLLIP	0.0	0.31666666666666665	0.0
10-100 kb	Housekeeping	MRPL23	0.0	0.25	0.0
10-100 kb	Housekeeping	CD81	0.0	0.21666666666666667	0.0
10-100 kb	Housekeeping	NAP1L4	0.75	0.6166666666666667	1.2162162162162162
10-100 kb	Housekeeping	STIM1	0.25	1.0833333333333333	0.23076923076923078
10-100 kb	Housekeeping	TIMM10B	0.0	0.4111111111111111	0.0
10-100 kb	Housekeeping	TAF10	0.0	0.31666666666666665	0.0
10-100 kb	Housekeeping	MRPL17	0.5	0.25	2.0
10-100 kb	Housekeeping	RPL27A	0.75	0.4722222222222222	1.5882352941176472
10-100 kb	Housekeeping	IPO7	1.0	1.75	0.5714285714285714
10-100 kb	Housekeeping	EIF4G2	0.25	0.6833333333333333	0.36585365853658536
10-100 kb	Housekeeping	ZBED5	0.25	0.5722222222222222	0.4368932038834952
10-100 kb	Housekeeping	RPS13	1.5	0.8388888888888889	1.7880794701986755
10-100 kb	Housekeeping	ARL14EP	0.0	0.18888888888888888	0.0
10-100 kb	Housekeeping	RCN1	0.5	0.24444444444444444	2.0454545454545454
10-100 kb	Housekeeping	EIF3M	0.75	0.7611111111111111	0.9854014598540146
10-100 kb	Housekeeping	CD59	0.75	0.3277777777777778	2.288135593220339
10-100 kb	Housekeeping	NAT10	0.5	0.7833333333333333	0.6382978723404256
10-100 kb	Housekeeping	API5	1.25	0.4388888888888889	2.848101265822785
10-100 kb	Housekeeping	HSD17B12	0.5	0.4444444444444444	1.125
10-100 kb	Housekeeping	CRY2	0.0	0.6111111111111112	0.0
10-100 kb	Housekeeping	ARHGAP1	1.0	1.4222222222222223	0.703125
10-100 kb	Housekeeping	CKAP5	1.25	1.0222222222222221	1.2228260869565217
10-100 kb	Housekeeping	ARFGAP2	0.0	1.0833333333333333	0.0
10-100 kb	Housekeeping	SLC39A13	1.0	1.0	1.0
10-100 kb	Housekeeping	NDUFS3	1.75	1.3555555555555556	1.290983606557377
10-100 kb	Housekeeping	CELF1	2.0	1.3611111111111112	1.4693877551020407
10-100 kb	Housekeeping	MTCH2	1.25	1.6388888888888888	0.7627118644067797
10-100 kb	Housekeeping	FNBP4	2.0	1.6388888888888888	1.2203389830508475
10-100 kb	Housekeeping	TIMM10	0.25	1.0166666666666666	0.24590163934426232
10-100 kb	Housekeeping	MED19	0.75	1.0777777777777777	0.6958762886597939
10-100 kb	Housekeeping	SELENOH	0.75	1.038888888888889	0.7219251336898395
10-100 kb	Housekeeping	ZFP91	0.25	0.21666666666666667	1.1538461538461537
10-100 kb	Housekeeping	ZFP91-CNTF	0.0	0.21666666666666667	0.0
10-100 kb	Housekeeping	OSBP	0.0	0.9333333333333333	0.0
10-100 kb	Housekeeping	PATL1	0.25	0.8222222222222222	0.30405405405405406
10-100 kb	Housekeeping	MRPL16	0.75	0.5444444444444444	1.3775510204081634
10-100 kb	Housekeeping	PRPF19	0.25	0.49444444444444446	0.5056179775280899
10-100 kb	Housekeeping	VPS37C	1.25	0.6222222222222222	2.008928571428571
10-100 kb	Housekeeping	SDHAF2	1.25	1.0055555555555555	1.2430939226519337
10-100 kb	Housekeeping	TMEM258	1.0	0.5	2.0
10-100 kb	Housekeeping	EEF1G	0.0	1.0944444444444446	0.0
10-100 kb	Housekeeping	TUT1	0.75	1.1388888888888888	0.6585365853658537
10-100 kb	Housekeeping	C11orf98	1.0	1.3777777777777778	0.7258064516129032
10-100 kb	Housekeeping	UBXN1	1.5	1.4166666666666667	1.0588235294117647
10-100 kb	Housekeeping	NXF1	0.25	1.6	0.15625
10-100 kb	Housekeeping	STX5	1.0	1.55	0.6451612903225806
10-100 kb	Housekeeping	OTUB1	1.75	0.7111111111111111	2.4609375
10-100 kb	Housekeeping	STIP1	0.75	0.7055555555555556	1.0629921259842519
10-100 kb	Housekeeping	DNAJC4	1.0	0.9555555555555556	1.0465116279069766
10-100 kb	Housekeeping	VEGFB	0.5	1.0055555555555555	0.4972375690607735
10-100 kb	Housekeeping	PPP1R14B	0.0	1.0888888888888888	0.0
10-100 kb	Housekeeping	BAD	1.0	0.8888888888888888	1.125
10-100 kb	Housekeeping	TRMT112	0.5	0.8111111111111111	0.6164383561643836
10-100 kb	Housekeeping	PRDX5	0.5	0.8166666666666667	0.6122448979591837
10-100 kb	Housekeeping	PPP2R5B	1.25	1.0666666666666667	1.171875
10-100 kb	Housekeeping	ARL2	1.5	1.2055555555555555	1.2442396313364057
10-100 kb	Housekeeping	ARL2-SNX15	1.5	1.211111111111111	1.2385321100917432
10-100 kb	Housekeeping	ZFPL1	0.25	1.1333333333333333	0.22058823529411764
10-100 kb	Housekeeping	FAU	0.75	1.1166666666666667	0.6716417910447761
10-100 kb	Housekeeping	MRPL49	0.75	1.1166666666666667	0.6716417910447761
10-100 kb	Housekeeping	FAM89B	0.0	0.7611111111111111	0.0
10-100 kb	Housekeeping	MAP3K11	0.25	0.9	0.2777777777777778
10-100 kb	Housekeeping	RELA	1.0	0.8388888888888889	1.1920529801324502
10-100 kb	Housekeeping	MUS81	0.0	1.1444444444444444	0.0
10-100 kb	Housekeeping	CFL1	0.0	1.1388888888888888	0.0
10-100 kb	Housekeeping	CCDC85B	0.25	1.1	0.22727272727272727
10-100 kb	Housekeeping	C11orf68	0.0	1.1	0.0
10-100 kb	Housekeeping	DRAP1	0.0	1.1111111111111112	0.0
10-100 kb	Housekeeping	SART1	1.0	1.0555555555555556	0.9473684210526315
10-100 kb	Housekeeping	BANF1	0.25	1.0833333333333333	0.23076923076923078
10-100 kb	Housekeeping	RAB1B	0.5	0.8444444444444444	0.5921052631578947
10-100 kb	Housekeeping	YIF1A	0.25	0.9444444444444444	0.2647058823529412
10-100 kb	Housekeeping	BRMS1	0.0	0.9277777777777778	0.0
10-100 kb	Housekeeping	RBM14	0.75	1.1722222222222223	0.6398104265402843
10-100 kb	Housekeeping	RBM14-RBM4	0.75	1.1722222222222223	0.6398104265402843
10-100 kb	Housekeeping	RBM4	0.25	1.1	0.22727272727272727
10-100 kb	Housekeeping	KDM2A	0.0	1.6166666666666667	0.0
10-100 kb	Housekeeping	GRK2	0.0	1.1888888888888889	0.0
10-100 kb	Housekeeping	PPP1CA	1.0	0.9388888888888889	1.0650887573964498
10-100 kb	Housekeeping	CDK2AP2	0.25	0.9444444444444444	0.2647058823529412
10-100 kb	Housekeeping	MRPL21	0.25	0.9555555555555556	0.26162790697674415
10-100 kb	Housekeeping	NUMA1	0.5	0.7666666666666667	0.6521739130434783
10-100 kb	Housekeeping	LAMTOR1	0.0	0.9222222222222223	0.0
10-100 kb	Housekeeping	FAM168A	0.75	1.0444444444444445	0.7180851063829787
10-100 kb	Housekeeping	RAB6A	0.75	1.5166666666666666	0.4945054945054945
10-100 kb	Housekeeping	COA4	0.75	1.2777777777777777	0.5869565217391305
10-100 kb	Housekeeping	SPCS2	0.75	0.35555555555555557	2.109375
10-100 kb	Housekeeping	RPS3	1.5	0.7444444444444445	2.014925373134328
10-100 kb	Housekeeping	THAP12	0.0	0.6444444444444445	0.0
10-100 kb	Housekeeping	CLNS1A	1.0	0.8944444444444445	1.1180124223602483
10-100 kb	Housekeeping	PRCP	0.25	0.5111111111111111	0.48913043478260876
10-100 kb	Housekeeping	PICALM	0.0	0.7	0.0
10-100 kb	Housekeeping	AASDHPPT	0.0	0.2222222222222222	0.0
10-100 kb	Housekeeping	CUL5	1.5	1.1444444444444444	1.3106796116504855
10-100 kb	Housekeeping	FDX1	0.5	0.5944444444444444	0.8411214953271028
10-100 kb	Housekeeping	PCSK7	0.0	1.1222222222222222	0.0
10-100 kb	Housekeeping	ATP5MG	1.0	0.8555555555555555	1.168831168831169
10-100 kb	Housekeeping	RPS25	0.75	1.3	0.5769230769230769
10-100 kb	Housekeeping	SNX19	0.0	0.12222222222222222	0.0
10-100 kb	Housekeeping	VPS26B	0.25	0.3888888888888889	0.6428571428571428
10-100 kb	Housekeeping	WNK1	0.0	1.011111111111111	0.0
10-100 kb	Housekeeping	ADIPOR2	1.0	0.7055555555555556	1.4173228346456692
10-100 kb	Housekeeping	MRPL51	0.0	1.0666666666666667	0.0
10-100 kb	Housekeeping	GAPDH	0.0	1.238888888888889	0.0
10-100 kb	Housekeeping	MLF2	0.0	1.0222222222222221	0.0
10-100 kb	Housekeeping	TPI1	0.25	0.8444444444444444	0.29605263157894735
10-100 kb	Housekeeping	FOXJ2	1.0	1.2555555555555555	0.7964601769911505
10-100 kb	Housekeeping	M6PR	0.25	0.8388888888888889	0.29801324503311255
10-100 kb	Housekeeping	DDX47	0.75	1.1166666666666667	0.6716417910447761
10-100 kb	Housekeeping	STRAP	0.25	0.42777777777777776	0.5844155844155845
10-100 kb	Housekeeping	CMAS	0.25	0.3	0.8333333333333334
10-100 kb	Housekeeping	MED21	0.5	0.55	0.9090909090909091
10-100 kb	Housekeeping	ZCRB1	0.25	0.8277777777777777	0.30201342281879195
10-100 kb	Housekeeping	SLC38A2	0.0	0.2388888888888889	0.0
10-100 kb	Housekeeping	DDX23	1.0	1.2444444444444445	0.8035714285714286
10-100 kb	Housekeeping	MCRS1	0.75	0.6944444444444444	1.08
10-100 kb	Housekeeping	TMBIM6	0.25	0.8833333333333333	0.2830188679245283
10-100 kb	Housekeeping	CSRNP2	1.0	1.5	0.6666666666666666
10-100 kb	Housekeeping	ATG101	1.0	0.5555555555555556	1.7999999999999998
10-100 kb	Housekeeping	EIF4B	0.5	1.1888888888888889	0.4205607476635514
10-100 kb	Housekeeping	SPRYD3	1.0	1.1888888888888889	0.8411214953271028
10-100 kb	Housekeeping	PFDN5	1.0	1.4166666666666667	0.7058823529411764
10-100 kb	Housekeeping	SP1	0.5	1.5444444444444445	0.3237410071942446
10-100 kb	Housekeeping	PCBP2	1.25	1.5777777777777777	0.7922535211267606
10-100 kb	Housekeeping	CALCOCO1	0.0	0.8944444444444445	0.0
10-100 kb	Housekeeping	CD63	0.5	0.8944444444444445	0.5590062111801242
10-100 kb	Housekeeping	SARNP	0.25	1.2666666666666666	0.19736842105263158
10-100 kb	Housekeeping	PA2G4	0.25	1.2833333333333334	0.1948051948051948
10-100 kb	Housekeeping	RPL41	0.75	1.3	0.5769230769230769
10-100 kb	Housekeeping	ESYT1	0.0	1.3111111111111111	0.0
10-100 kb	Housekeeping	MYL6	1.0	1.2055555555555555	0.8294930875576038
10-100 kb	Housekeeping	ANKRD52	0.75	1.3166666666666667	0.569620253164557
10-100 kb	Housekeeping	PTGES3	1.5	1.3166666666666667	1.139240506329114
10-100 kb	Housekeeping	NACA	2.25	1.4444444444444444	1.5576923076923077
10-100 kb	Housekeeping	DCTN2	0.0	0.8	0.0
10-100 kb	Housekeeping	OS9	0.5	0.6333333333333333	0.7894736842105263
10-100 kb	Housekeeping	CDK4	0.25	0.7222222222222222	0.34615384615384615
10-100 kb	Housekeeping	CTDSP2	0.25	0.75	0.3333333333333333
10-100 kb	Housekeeping	XPOT	1.25	0.9944444444444445	1.2569832402234637
10-100 kb	Housekeeping	TMBIM4	0.75	0.42777777777777776	1.7532467532467533
10-100 kb	Housekeeping	CAND1	0.25	0.3055555555555556	0.8181818181818181
10-100 kb	Housekeeping	CCT2	0.75	0.6222222222222222	1.2053571428571428
10-100 kb	Housekeeping	ATXN7L3B	0.5	0.16666666666666666	3.0
10-100 kb	Housekeeping	NAP1L1	0.0	0.7111111111111111	0.0
10-100 kb	Housekeeping	BTG1	0.0	0.6055555555555555	0.0
10-100 kb	Housekeeping	NDUFA12	1.25	1.0611111111111111	1.1780104712041886
10-100 kb	Housekeeping	SNRPF	0.5	0.4166666666666667	1.2
10-100 kb	Housekeeping	SLC25A3	0.5	1.2666666666666666	0.39473684210526316
10-100 kb	Housekeeping	ARL1	0.5	1.1888888888888889	0.4205607476635514
10-100 kb	Housekeeping	WASHC3	1.0	0.4666666666666667	2.142857142857143
10-100 kb	Housekeeping	HSP90B1	0.25	0.6	0.4166666666666667
10-100 kb	Housekeeping	NFYB	0.5	0.8	0.625
10-100 kb	Housekeeping	PWP1	1.0	0.5888888888888889	1.6981132075471697
10-100 kb	Housekeeping	PRDM4	0.75	0.6388888888888888	1.173913043478261
10-100 kb	Housekeeping	SART3	0.25	0.5833333333333334	0.42857142857142855
10-100 kb	Housekeeping	ISCU	0.0	0.5777777777777777	0.0
10-100 kb	Housekeeping	KCTD10	0.5	0.6611111111111111	0.7563025210084033
10-100 kb	Housekeeping	ARPC3	1.25	1.5	0.8333333333333334
10-100 kb	Housekeeping	GPN3	1.25	1.461111111111111	0.855513307984791
10-100 kb	Housekeeping	VPS29	0.5	1.4944444444444445	0.3345724907063197
10-100 kb	Housekeeping	PPTC7	0.5	1.25	0.4
10-100 kb	Housekeeping	PPP1CC	0.0	1.2722222222222221	0.0
10-100 kb	Housekeeping	ERP29	1.0	1.25	0.8
10-100 kb	Housekeeping	FBXO21	0.75	0.8611111111111112	0.8709677419354839
10-100 kb	Housekeeping	WSB2	0.25	1.5	0.16666666666666666
10-100 kb	Housekeeping	PEBP1	1.75	1.3444444444444446	1.3016528925619835
10-100 kb	Housekeeping	RAB35	0.5	0.9111111111111111	0.5487804878048781
10-100 kb	Housekeeping	GCN1	2.0	1.0722222222222222	1.8652849740932642
10-100 kb	Housekeeping	RPLP0	1.25	1.1611111111111112	1.076555023923445
10-100 kb	Housekeeping	COX6A1	1.5	1.5666666666666667	0.9574468085106383
10-100 kb	Housekeeping	TRIAP1	1.25	1.6222222222222222	0.7705479452054794
10-100 kb	Housekeeping	DYNLL1	1.5	1.7333333333333334	0.8653846153846153
10-100 kb	Housekeeping	SRSF9	0.5	1.6666666666666667	0.3
10-100 kb	Housekeeping	RNF10	1.75	1.461111111111111	1.1977186311787074
10-100 kb	Housekeeping	MLEC	0.25	1.0222222222222221	0.24456521739130438
10-100 kb	Housekeeping	SPPL3	0.25	1.1222222222222222	0.22277227722772278
10-100 kb	Housekeeping	RSRC2	1.0	1.6888888888888889	0.5921052631578947
10-100 kb	Housekeeping	VPS37B	0.5	1.1222222222222222	0.44554455445544555
10-100 kb	Housekeeping	CDK2AP1	1.0	1.6722222222222223	0.5980066445182725
10-100 kb	Housekeeping	SNRNP35	2.5	1.6444444444444444	1.5202702702702704
10-100 kb	Housekeeping	TMED2	1.5	1.4333333333333333	1.0465116279069768
10-100 kb	Housekeeping	UBC	1.0	1.3055555555555556	0.7659574468085106
10-100 kb	Housekeeping	SFSWAP	0.0	0.4388888888888889	0.0
10-100 kb	Housekeeping	ULK1	0.0	1.038888888888889	0.0
10-100 kb	Housekeeping	DDX51	0.0	0.35	0.0
10-100 kb	Housekeeping	PGAM5	1.5	0.8444444444444444	1.7763157894736843
10-100 kb	Housekeeping	GOLGA3	1.0	1.1222222222222222	0.8910891089108911
10-100 kb	Housekeeping	MPHOSPH8	0.5	0.7944444444444444	0.6293706293706294
10-100 kb	Housekeeping	SAP18	1.25	1.0055555555555555	1.2430939226519337
10-100 kb	Housekeeping	MRPL57	1.5	0.8777777777777778	1.7088607594936709
10-100 kb	Housekeeping	NUP58	0.25	0.5888888888888889	0.4245283018867924
10-100 kb	Housekeeping	RNF6	0.25	0.5	0.5
10-100 kb	Housekeeping	USP12	0.25	0.7444444444444445	0.33582089552238803
10-100 kb	Housekeeping	RPL21	0.25	0.7944444444444444	0.3146853146853147
10-100 kb	Housekeeping	GTF3A	0.5	0.6833333333333333	0.7317073170731707
10-100 kb	Housekeeping	POLR1D	0.0	0.35555555555555557	0.0
10-100 kb	Housekeeping	UBL3	0.0	0.34444444444444444	0.0
10-100 kb	Housekeeping	HMGB1	0.0	0.6777777777777778	0.0
10-100 kb	Housekeeping	USPL1	0.0	0.6722222222222223	0.0
10-100 kb	Housekeeping	GTF2F2	0.75	1.0	0.75
10-100 kb	Housekeeping	TPT1	1.0	1.2222222222222223	0.8181818181818181
10-100 kb	Housekeeping	ESD	0.25	0.22777777777777777	1.0975609756097562
10-100 kb	Housekeeping	NUDT15	0.75	0.6611111111111111	1.134453781512605
10-100 kb	Housekeeping	MED4	0.5	0.6777777777777778	0.7377049180327868
10-100 kb	Housekeeping	ITM2B	0.0	0.5444444444444444	0.0
10-100 kb	Housekeeping	VPS36	0.75	0.6666666666666666	1.125
10-100 kb	Housekeeping	SUGT1	0.0	0.5777777777777777	0.0
10-100 kb	Housekeeping	COMMD6	0.25	0.5444444444444444	0.4591836734693878
10-100 kb	Housekeeping	IPO5	1.25	0.8055555555555556	1.5517241379310345
10-100 kb	Housekeeping	STK24	0.0	0.7444444444444445	0.0
10-100 kb	Housekeeping	TPP2	0.25	0.25555555555555554	0.9782608695652175
10-100 kb	Housekeeping	ANKRD10	0.0	0.22777777777777777	0.0
10-100 kb	Housekeeping	PCID2	0.0	0.6055555555555555	0.0
10-100 kb	Housekeeping	LAMP1	0.5	0.8333333333333334	0.6
10-100 kb	Housekeeping	TFDP1	0.0	0.2611111111111111	0.0
10-100 kb	Housekeeping	CDC16	0.0	0.5333333333333333	0.0
10-100 kb	Housekeeping	PIP4P1	0.5	0.7166666666666667	0.6976744186046512
10-100 kb	Housekeeping	RAB2B	0.75	1.2	0.625
10-100 kb	Housekeeping	DAD1	0.75	0.3888888888888889	1.9285714285714286
10-100 kb	Housekeeping	ABHD4	0.75	0.46111111111111114	1.6265060240963853
10-100 kb	Housekeeping	PSMB5	1.75	0.9666666666666667	1.8103448275862069
10-100 kb	Housekeeping	C14orf119	0.5	0.8555555555555555	0.5844155844155845
10-100 kb	Housekeeping	BCL2L2	0.25	0.7777777777777778	0.3214285714285714
10-100 kb	Housekeeping	BCL2L2-PABPN1	0.5	0.7888888888888889	0.6338028169014085
10-100 kb	Housekeeping	PABPN1	0.0	0.6166666666666667	0.0
10-100 kb	Housekeeping	NGDN	0.75	0.3611111111111111	2.076923076923077
10-100 kb	Housekeeping	DCAF11	0.0	0.6166666666666667	0.0
10-100 kb	Housekeeping	PSME1	0.75	0.7333333333333333	1.0227272727272727
10-100 kb	Housekeeping	PSME2	0.25	0.7777777777777778	0.3214285714285714
10-100 kb	Housekeeping	CHMP4A	1.5	0.7277777777777777	2.0610687022900764
10-100 kb	Housekeeping	NEDD8-MDP1	0.75	0.6444444444444445	1.1637931034482758
10-100 kb	Housekeeping	NEDD8	0.75	0.6444444444444445	1.1637931034482758
10-100 kb	Housekeeping	NOP9	0.5	0.65	0.7692307692307692
10-100 kb	Housekeeping	KHNYN	0.0	0.3111111111111111	0.0
10-100 kb	Housekeeping	STRN3	0.5	1.3055555555555556	0.3829787234042553
10-100 kb	Housekeeping	HECTD1	0.5	1.3777777777777778	0.3629032258064516
10-100 kb	Housekeeping	EAPP	0.75	1.85	0.4054054054054054
10-100 kb	Housekeeping	PSMA6	1.5	1.1277777777777778	1.3300492610837438
10-100 kb	Housekeeping	PNN	1.0	1.2166666666666666	0.8219178082191781
10-100 kb	Housekeeping	RPS29	0.75	1.0611111111111111	0.7068062827225131
10-100 kb	Housekeeping	RPL36AL	0.25	1.1888888888888889	0.2102803738317757
10-100 kb	Housekeeping	SAV1	0.0	0.6111111111111112	0.0
10-100 kb	Housekeeping	RTRAF	0.25	0.2777777777777778	0.8999999999999999
10-100 kb	Housekeeping	MAPK1IP1L	0.5	1.0166666666666666	0.49180327868852464
10-100 kb	Housekeeping	KTN1	0.5	0.5888888888888889	0.8490566037735848
10-100 kb	Housekeeping	PSMA3	0.25	0.9444444444444444	0.2647058823529412
10-100 kb	Housekeeping	MNAT1	0.25	0.6888888888888889	0.3629032258064516
10-100 kb	Housekeeping	PPP2R5E	0.0	1.2	0.0
10-100 kb	Housekeeping	EIF2S1	0.5	0.7888888888888889	0.6338028169014085
10-100 kb	Housekeeping	VTI1B	1.0	0.7555555555555555	1.3235294117647058
10-100 kb	Housekeeping	ZFP36L1	0.0	0.5055555555555555	0.0
10-100 kb	Housekeeping	DCAF5	0.0	0.75	0.0
10-100 kb	Housekeeping	ERH	0.75	0.6277777777777778	1.1946902654867257
10-100 kb	Housekeeping	SUSD6	0.25	0.6666666666666666	0.375
10-100 kb	Housekeeping	RBM25	1.0	1.488888888888889	0.6716417910447761
10-100 kb	Housekeeping	NUMB	0.5	1.488888888888889	0.33582089552238803
10-100 kb	Housekeeping	ISCA2	0.0	0.42777777777777776	0.0
10-100 kb	Housekeeping	FCF1	0.75	0.9222222222222223	0.8132530120481927
10-100 kb	Housekeeping	DLST	1.0	0.5777777777777777	1.7307692307692308
10-100 kb	Housekeeping	TMED10	0.5	1.1666666666666667	0.42857142857142855
10-100 kb	Housekeeping	CIPC	0.25	0.7388888888888889	0.3383458646616541
10-100 kb	Housekeeping	AHSA1	0.0	1.0722222222222222	0.0
10-100 kb	Housekeeping	SLIRP	0.25	1.288888888888889	0.1939655172413793
10-100 kb	Housekeeping	NDUFB1	1.75	1.0444444444444445	1.675531914893617
10-100 kb	Housekeeping	GOLGA5	0.5	0.7333333333333333	0.6818181818181819
10-100 kb	Housekeeping	ITPK1	1.0	1.0777777777777777	0.9278350515463918
10-100 kb	Housekeeping	MOAP1	0.5	1.2944444444444445	0.38626609442060084
10-100 kb	Housekeeping	PAPOLA	1.0	0.7611111111111111	1.3138686131386863
10-100 kb	Housekeeping	SETD3	0.0	0.28888888888888886	0.0
10-100 kb	Housekeeping	ZFYVE21	0.5	1.2833333333333334	0.3896103896103896
10-100 kb	Housekeeping	BTBD6	0.25	0.6555555555555556	0.3813559322033898
10-100 kb	Housekeeping	EMC7	0.5	0.85	0.5882352941176471
10-100 kb	Housekeeping	EMC4	1.75	0.8111111111111111	2.1575342465753424
10-100 kb	Housekeeping	SRP14	0.25	0.4888888888888889	0.5113636363636364
10-100 kb	Housekeeping	RTF1	2.25	1.8611111111111112	1.208955223880597
10-100 kb	Housekeeping	VPS39	0.0	0.5833333333333334	0.0
10-100 kb	Housekeeping	TMEM87A	0.5	0.6555555555555556	0.7627118644067796
10-100 kb	Housekeeping	PDIA3	0.5	1.1222222222222222	0.44554455445544555
10-100 kb	Housekeeping	SERF2	1.25	1.2777777777777777	0.9782608695652175
10-100 kb	Housekeeping	MFAP1	2.25	1.1611111111111112	1.9377990430622007
10-100 kb	Housekeeping	EIF3J	0.75	1.2444444444444445	0.6026785714285714
10-100 kb	Housekeeping	DUT	0.75	0.37222222222222223	2.014925373134328
10-100 kb	Housekeeping	EID1	0.0	0.31666666666666665	0.0
10-100 kb	Housekeeping	SECISBP2L	0.0	0.35	0.0
10-100 kb	Housekeeping	COPS2	0.0	0.4444444444444444	0.0
10-100 kb	Housekeeping	ARPP19	1.25	0.6333333333333333	1.973684210526316
10-100 kb	Housekeeping	RSL24D1	0.0	0.45	0.0
10-100 kb	Housekeeping	SLTM	0.75	1.1277777777777778	0.6650246305418719
10-100 kb	Housekeeping	SNX1	0.25	0.7777777777777778	0.3214285714285714
10-100 kb	Housekeeping	CIAO2A	0.25	0.7833333333333333	0.3191489361702128
10-100 kb	Housekeeping	PPIB	1.25	0.9444444444444444	1.3235294117647058
10-100 kb	Housekeeping	TRIP4	1.5	1.4222222222222223	1.0546875
10-100 kb	Housekeeping	OAZ2	0.25	1.511111111111111	0.16544117647058823
10-100 kb	Housekeeping	PDCD7	1.5	0.9444444444444444	1.5882352941176472
10-100 kb	Housekeeping	CLPX	1.25	1.0833333333333333	1.153846153846154
10-100 kb	Housekeeping	RAB11A	2.0	0.9111111111111111	2.1951219512195124
10-100 kb	Housekeeping	RPL4	1.0	0.9333333333333333	1.0714285714285714
10-100 kb	Housekeeping	RPLP1	0.75	0.5277777777777778	1.4210526315789473
10-100 kb	Housekeeping	NPTN	0.5	0.4888888888888889	1.0227272727272727
10-100 kb	Housekeeping	UBL7	1.0	0.9111111111111111	1.0975609756097562
10-100 kb	Housekeeping	COX5A	1.5	1.2777777777777777	1.173913043478261
10-100 kb	Housekeeping	IMP3	0.0	1.0555555555555556	0.0
10-100 kb	Housekeeping	TSPAN3	0.75	0.3111111111111111	2.4107142857142856
10-100 kb	Housekeeping	MORF4L1	0.25	0.8277777777777777	0.30201342281879195
10-100 kb	Housekeeping	WHAMM	0.25	0.7833333333333333	0.3191489361702128
10-100 kb	Housekeeping	RAMAC	1.25	0.8722222222222222	1.4331210191082802
10-100 kb	Housekeeping	BTBD1	0.75	0.8055555555555556	0.9310344827586207
10-100 kb	Housekeeping	SEC11A	0.5	1.1166666666666667	0.44776119402985076
10-100 kb	Housekeeping	MRPL46	0.25	0.3055555555555556	0.8181818181818181
10-100 kb	Housekeeping	AP3S2	1.0	1.1888888888888889	0.8411214953271028
10-100 kb	Housekeeping	ARPIN-AP3S2	0.75	1.1777777777777778	0.6367924528301887
10-100 kb	Housekeeping	CIB1	1.0	1.2333333333333334	0.8108108108108107
10-100 kb	Housekeeping	NGRN	1.0	1.1944444444444444	0.8372093023255814
10-100 kb	Housekeeping	CRTC3	0.75	0.8	0.9375
10-100 kb	Housekeeping	FURIN	0.25	0.9666666666666667	0.25862068965517243
10-100 kb	Housekeeping	SELENOS	1.0	0.45	2.2222222222222223
10-100 kb	Housekeeping	FAM234A	2.5	1.261111111111111	1.9823788546255507
10-100 kb	Housekeeping	MRPL28	0.0	1.35	0.0
10-100 kb	Housekeeping	RHOT2	0.0	0.6	0.0
10-100 kb	Housekeeping	UBE2I	1.75	0.5333333333333333	3.28125
10-100 kb	Housekeeping	TSR3	0.5	0.8944444444444445	0.5590062111801242
10-100 kb	Housekeeping	HAGH	0.75	1.0722222222222222	0.6994818652849741
10-100 kb	Housekeeping	NDUFB10	0.25	1.1	0.22727272727272727
10-100 kb	Housekeeping	RPS2	0.75	1.0333333333333334	0.7258064516129031
10-100 kb	Housekeeping	E4F1	2.5	0.8833333333333333	2.8301886792452833
10-100 kb	Housekeeping	RNPS1	0.25	1.0555555555555556	0.23684210526315788
10-100 kb	Housekeeping	PDPK1	1.0	0.8111111111111111	1.2328767123287672
10-100 kb	Housekeeping	KCTD5	1.0	0.6944444444444444	1.44
10-100 kb	Housekeeping	ELOB	0.5	0.7166666666666667	0.6976744186046512
10-100 kb	Housekeeping	PAM16	1.75	1.261111111111111	1.3876651982378856
10-100 kb	Housekeeping	CORO7-PAM16	2.25	1.1055555555555556	2.0351758793969847
10-100 kb	Housekeeping	DNAJA3	1.25	1.1055555555555556	1.1306532663316582
10-100 kb	Housekeeping	MGRN1	1.25	1.288888888888889	0.9698275862068965
10-100 kb	Housekeeping	NUDT16L1	0.0	1.3055555555555556	0.0
10-100 kb	Housekeeping	NUBP1	0.75	0.8611111111111112	0.8709677419354839
10-100 kb	Housekeeping	DEXI	0.0	0.7388888888888889	0.0
10-100 kb	Housekeeping	GSPT1	0.75	1.65	0.4545454545454546
10-100 kb	Housekeeping	BFAR	1.5	1.4833333333333334	1.0112359550561798
10-100 kb	Housekeeping	NOMO1	0.75	0.8611111111111112	0.8709677419354839
10-100 kb	Housekeeping	NPIPA1	0.0	0.95	0.0
10-100 kb	Housekeeping	RRN3	1.75	0.8055555555555556	2.1724137931034484
10-100 kb	Housekeeping	RPS15A	1.0	1.0	1.0
10-100 kb	Housekeeping	GDE1	0.75	1.1666666666666667	0.6428571428571428
10-100 kb	Housekeeping	NPIPB3	0.25	1.2833333333333334	0.1948051948051948
10-100 kb	Housekeeping	METTL9	1.25	1.1888888888888889	1.0514018691588785
10-100 kb	Housekeeping	GGA2	1.0	1.4555555555555555	0.6870229007633588
10-100 kb	Housekeeping	UBFD1	0.75	1.4111111111111112	0.5314960629921259
10-100 kb	Housekeeping	NDUFAB1	1.5	1.2722222222222221	1.1790393013100438
10-100 kb	Housekeeping	LCMT1	0.75	1.2333333333333334	0.6081081081081081
10-100 kb	Housekeeping	NSMCE1	0.5	0.8555555555555555	0.5844155844155845
10-100 kb	Housekeeping	SGF29	1.5	1.4277777777777778	1.0505836575875487
10-100 kb	Housekeeping	NFATC2IP	1.5	1.488888888888889	1.007462686567164
10-100 kb	Housekeeping	MAZ	0.0	1.5944444444444446	0.0
10-100 kb	Housekeeping	CDIPT	0.5	1.3666666666666667	0.36585365853658536
10-100 kb	Housekeeping	TMEM219	2.0	1.238888888888889	1.6143497757847534
10-100 kb	Housekeeping	CD2BP2	0.0	1.4833333333333334	0.0
10-100 kb	Housekeeping	TBC1D10B	0.0	1.5166666666666666	0.0
10-100 kb	Housekeeping	DCTPP1	0.75	1.6222222222222222	0.4623287671232877
10-100 kb	Housekeeping	ZNF768	0.25	1.7944444444444445	0.1393188854489164
10-100 kb	Housekeeping	FBRS	0.5	1.6111111111111112	0.3103448275862069
10-100 kb	Housekeeping	BCL7C	0.0	1.3833333333333333	0.0
10-100 kb	Housekeeping	VKORC1	2.0	1.4666666666666666	1.3636363636363638
10-100 kb	Housekeeping	DNAJA2	0.5	1.238888888888889	0.40358744394618834
10-100 kb	Housekeeping	LONP2	0.5	0.5833333333333334	0.8571428571428571
10-100 kb	Housekeeping	N4BP1	1.5	0.5166666666666667	2.9032258064516125
10-100 kb	Housekeeping	NUDT21	0.25	0.5944444444444444	0.4205607476635514
10-100 kb	Housekeeping	HERPUD1	0.25	0.7777777777777778	0.3214285714285714
10-100 kb	Housekeeping	ARL2BP	1.0	1.0	1.0
10-100 kb	Housekeeping	POLR2C	0.25	0.7277777777777777	0.3435114503816794
10-100 kb	Housekeeping	USB1	0.0	0.7777777777777778	0.0
10-100 kb	Housekeeping	CSNK2A2	0.25	0.7777777777777778	0.3214285714285714
10-100 kb	Housekeeping	DYNC1LI2	0.25	1.25	0.2
10-100 kb	Housekeeping	CIAO2B	0.5	1.1444444444444444	0.4368932038834952
10-100 kb	Housekeeping	E2F4	0.75	0.9055555555555556	0.8282208588957055
10-100 kb	Housekeeping	TMEM208	0.0	0.7055555555555556	0.0
10-100 kb	Housekeeping	ATP6V0D1	0.5	1.0444444444444445	0.4787234042553191
10-100 kb	Housekeeping	RANBP10	1.0	1.3833333333333333	0.7228915662650602
10-100 kb	Housekeeping	THAP11	0.75	1.3888888888888888	0.54
10-100 kb	Housekeeping	NUTF2	0.75	1.3333333333333333	0.5625
10-100 kb	Housekeeping	PLA2G15	0.5	1.1888888888888889	0.4205607476635514
10-100 kb	Housekeeping	CHTF8	0.0	1.5833333333333333	0.0
10-100 kb	Housekeeping	CYB5B	2.0	1.0944444444444446	1.8274111675126903
10-100 kb	Housekeeping	NOB1	1.25	1.4388888888888889	0.8687258687258688
10-100 kb	Housekeeping	DDX19A	2.25	1.8333333333333333	1.2272727272727273
10-100 kb	Housekeeping	DHX38	0.5	0.5611111111111111	0.8910891089108911
10-100 kb	Housekeeping	PSMD7	1.0	1.1722222222222223	0.8530805687203791
10-100 kb	Housekeeping	GLG1	0.25	1.3611111111111112	0.18367346938775508
10-100 kb	Housekeeping	WDR59	0.0	1.3	0.0
10-100 kb	Housekeeping	CFDP1	1.0	1.1777777777777778	0.8490566037735848
10-100 kb	Housekeeping	GABARAPL2	0.5	1.1055555555555556	0.4522613065326633
10-100 kb	Housekeeping	TERF2IP	1.5	0.95	1.5789473684210527
10-100 kb	Housekeeping	HSBP1	0.25	0.37777777777777777	0.6617647058823529
10-100 kb	Housekeeping	ZDHHC7	1.25	0.8611111111111112	1.4516129032258063
10-100 kb	Housekeeping	EMC8	0.5	0.7888888888888889	0.6338028169014085
10-100 kb	Housekeeping	MAP1LC3B	1.5	0.7611111111111111	1.9708029197080292
10-100 kb	Housekeeping	ZC3H18	0.75	0.6	1.25
10-100 kb	Housekeeping	APRT	0.25	0.45	0.5555555555555556
10-100 kb	Housekeeping	RPL13	1.25	1.0722222222222222	1.1658031088082903
10-100 kb	Housekeeping	ZNF276	0.5	1.3722222222222222	0.3643724696356275
10-100 kb	Housekeeping	TCF25	1.25	1.2444444444444445	1.0044642857142856
10-100 kb	Housekeeping	MRM3	1.0	1.1555555555555554	0.8653846153846154
10-100 kb	Housekeeping	TIMM22	1.5	1.0222222222222221	1.4673913043478262
10-100 kb	Housekeeping	CRK	2.0	1.6444444444444444	1.2162162162162162
10-100 kb	Housekeeping	PRPF8	1.5	1.3222222222222222	1.134453781512605
10-100 kb	Housekeeping	RPA1	1.25	1.4111111111111112	0.8858267716535433
10-100 kb	Housekeeping	OVCA2	0.25	1.0888888888888888	0.2295918367346939
10-100 kb	Housekeeping	TSR1	0.0	1.0666666666666667	0.0
10-100 kb	Housekeeping	TAX1BP3	0.75	1.1555555555555554	0.6490384615384616
10-100 kb	Housekeeping	EMC6	0.75	1.1555555555555554	0.6490384615384616
10-100 kb	Housekeeping	P2RX5-TAX1BP3	0.5	1.1944444444444444	0.4186046511627907
10-100 kb	Housekeeping	ANKFY1	1.75	1.1555555555555554	1.514423076923077
10-100 kb	Housekeeping	UBE2G1	1.75	1.5611111111111111	1.1209964412811388
10-100 kb	Housekeeping	PELP1	0.75	1.261111111111111	0.5947136563876653
10-100 kb	Housekeeping	PSMB6	1.25	1.3555555555555556	0.9221311475409836
10-100 kb	Housekeeping	RNF167	0.25	1.211111111111111	0.20642201834862386
10-100 kb	Housekeeping	SLC25A11	0.25	1.211111111111111	0.20642201834862386
10-100 kb	Housekeeping	PFN1	0.0	1.261111111111111	0.0
10-100 kb	Housekeeping	SPAG7	0.75	1.2944444444444445	0.5793991416309012
10-100 kb	Housekeeping	RNASEK	0.5	0.85	0.5882352941176471
10-100 kb	Housekeeping	RNASEK-C17orf49	0.5	0.8555555555555555	0.5844155844155845
10-100 kb	Housekeeping	DVL2	0.5	1.0333333333333334	0.48387096774193544
10-100 kb	Housekeeping	GABARAP	0.0	1.0277777777777777	0.0
10-100 kb	Housekeeping	CTDNEP1	0.25	0.95	0.2631578947368421
10-100 kb	Housekeeping	TMEM256	0.5	0.9722222222222222	0.5142857142857143
10-100 kb	Housekeeping	TMEM256-PLSCR3	0.5	0.9722222222222222	0.5142857142857143
10-100 kb	Housekeeping	SENP3-EIF4A1	0.0	1.4222222222222223	0.0
10-100 kb	Housekeeping	EIF4A1	0.0	1.4666666666666666	0.0
10-100 kb	Housekeeping	FXR2	1.5	1.3277777777777777	1.1297071129707112
10-100 kb	Housekeeping	TRAPPC1	0.0	0.7277777777777777	0.0
10-100 kb	Housekeeping	RPL26	1.25	1.0333333333333334	1.2096774193548385
10-100 kb	Housekeeping	STX8	0.75	0.8777777777777778	0.8544303797468354
10-100 kb	Housekeeping	UBB	1.25	1.3722222222222222	0.9109311740890689
10-100 kb	Housekeeping	MPRIP	0.25	0.3611111111111111	0.6923076923076923
10-100 kb	Housekeeping	MED9	0.75	0.4666666666666667	1.6071428571428572
10-100 kb	Housekeeping	TOM1L2	0.5	0.75	0.6666666666666666
10-100 kb	Housekeeping	ALKBH5	0.5	0.7555555555555555	0.6617647058823529
10-100 kb	Housekeeping	AKAP10	0.75	1.15	0.6521739130434783
10-100 kb	Housekeeping	USP22	0.5	0.8222222222222222	0.6081081081081081
10-100 kb	Housekeeping	WSB1	1.0	0.8166666666666667	1.2244897959183674
10-100 kb	Housekeeping	TNFAIP1	0.5	0.8388888888888889	0.5960264900662251
10-100 kb	Housekeeping	SUPT6H	0.25	1.0222222222222221	0.24456521739130438
10-100 kb	Housekeeping	RPL23A	1.0	1.288888888888889	0.7758620689655172
10-100 kb	Housekeeping	ERAL1	1.25	1.3611111111111112	0.9183673469387755
10-100 kb	Housekeeping	FLOT2	0.5	1.2444444444444445	0.4017857142857143
10-100 kb	Housekeeping	NUFIP2	0.25	1.5222222222222221	0.1642335766423358
10-100 kb	Housekeeping	COPRS	0.5	1.538888888888889	0.3249097472924188
10-100 kb	Housekeeping	RPL23	0.75	1.55	0.48387096774193544
10-100 kb	Housekeeping	LASP1	0.0	1.5777777777777777	0.0
10-100 kb	Housekeeping	RPL19	1.0	1.2722222222222221	0.7860262008733625
10-100 kb	Housekeeping	MIEN1	1.5	0.7111111111111111	2.109375
10-100 kb	Housekeeping	PSMD3	0.25	1.0888888888888888	0.2295918367346939
10-100 kb	Housekeeping	MSL1	0.5	1.3166666666666667	0.379746835443038
10-100 kb	Housekeeping	CASC3	0.75	1.4444444444444444	0.5192307692307693
10-100 kb	Housekeeping	EIF1	0.5	0.9833333333333333	0.5084745762711864
10-100 kb	Housekeeping	CNP	0.25	1.3222222222222222	0.18907563025210083
10-100 kb	Housekeeping	DNAJC7	0.75	1.2444444444444445	0.6026785714285714
10-100 kb	Housekeeping	STAT5B	0.0	1.211111111111111	0.0
10-100 kb	Housekeeping	RETREG3	0.5	1.1944444444444444	0.4186046511627907
10-100 kb	Housekeeping	VPS25	1.5	1.0444444444444445	1.4361702127659575
10-100 kb	Housekeeping	COA3	0.5	1.25	0.4
10-100 kb	Housekeeping	PSME3	2.0	1.3	1.5384615384615383
10-100 kb	Housekeeping	AARSD1	2.0	1.4666666666666666	1.3636363636363638
10-100 kb	Housekeeping	PTGES3L-AARSD1	0.75	1.5333333333333334	0.48913043478260865
10-100 kb	Housekeeping	RPL27	1.25	1.4944444444444445	0.8364312267657993
10-100 kb	Housekeeping	VAT1	1.25	1.6555555555555554	0.7550335570469799
10-100 kb	Housekeeping	TMEM101	0.0	1.1666666666666667	0.0
10-100 kb	Housekeeping	LSM12	1.0	1.4111111111111112	0.7086614173228346
10-100 kb	Housekeeping	G6PC3	1.0	1.4388888888888889	0.694980694980695
10-100 kb	Housekeeping	NMT1	0.75	0.9666666666666667	0.7758620689655172
10-100 kb	Housekeeping	HEXIM1	0.0	1.3055555555555556	0.0
10-100 kb	Housekeeping	CDC27	0.25	1.0222222222222221	0.24456521739130438
10-100 kb	Housekeeping	NPEPPS	1.75	1.4666666666666666	1.1931818181818183
10-100 kb	Housekeeping	KPNB1	1.25	1.0777777777777777	1.1597938144329898
10-100 kb	Housekeeping	SP2	0.25	0.7	0.35714285714285715
10-100 kb	Housekeeping	CBX1	0.75	1.0222222222222221	0.7336956521739131
10-100 kb	Housekeeping	CALCOCO2	1.25	1.261111111111111	0.9911894273127754
10-100 kb	Housekeeping	ATP5MC1	1.0	1.6833333333333333	0.594059405940594
10-100 kb	Housekeeping	UBE2Z	1.0	1.6055555555555556	0.6228373702422145
10-100 kb	Housekeeping	LRRC59	0.5	0.9222222222222223	0.5421686746987951
10-100 kb	Housekeeping	RSAD1	1.0	0.75	1.3333333333333333
10-100 kb	Housekeeping	ANKRD40	1.25	0.9055555555555556	1.3803680981595092
10-100 kb	Housekeeping	LUC7L3	1.0	0.9444444444444444	1.0588235294117647
10-100 kb	Housekeeping	SPAG9	0.5	1.4111111111111112	0.3543307086614173
10-100 kb	Housekeeping	NME1-NME2	1.5	1.4444444444444444	1.0384615384615385
10-100 kb	Housekeeping	NME2	1.0	1.4444444444444444	0.6923076923076923
10-100 kb	Housekeeping	UTP18	0.5	0.8888888888888888	0.5625
10-100 kb	Housekeeping	SRSF1	0.5	0.7055555555555556	0.7086614173228346
10-100 kb	Housekeeping	DYNLL2	0.0	0.6166666666666667	0.0
10-100 kb	Housekeeping	SUPT4H1	0.25	0.5555555555555556	0.44999999999999996
10-100 kb	Housekeeping	DHX40	0.25	1.0833333333333333	0.23076923076923078
10-100 kb	Housekeeping	MAP3K3	0.25	0.9222222222222223	0.2710843373493976
10-100 kb	Housekeeping	PSMC5	0.0	1.0722222222222222	0.0
10-100 kb	Housekeeping	FTSJ3	0.0	1.0555555555555556	0.0
10-100 kb	Housekeeping	SMARCD2	0.5	0.8777777777777778	0.569620253164557
10-100 kb	Housekeeping	RPL38	0.75	0.8111111111111111	0.9246575342465754
10-100 kb	Housekeeping	MRPL58	0.75	1.1388888888888888	0.6585365853658537
10-100 kb	Housekeeping	ATP5PD	0.25	1.2722222222222221	0.19650655021834063
10-100 kb	Housekeeping	SUMO2	0.5	1.5944444444444446	0.313588850174216
10-100 kb	Housekeeping	MRPS7	0.5	1.8777777777777778	0.26627218934911245
10-100 kb	Housekeeping	GRB2	1.0	1.4388888888888889	0.694980694980695
10-100 kb	Housekeeping	WBP2	1.75	1.2222222222222223	1.4318181818181817
10-100 kb	Housekeeping	MRPL38	1.25	1.3833333333333333	0.9036144578313253
10-100 kb	Housekeeping	PRPSAP1	0.0	1.3111111111111111	0.0
10-100 kb	Housekeeping	UBE2O	1.0	0.9666666666666667	1.0344827586206897
10-100 kb	Housekeeping	SRSF2	0.0	1.2777777777777777	0.0
10-100 kb	Housekeeping	EIF4A3	1.25	0.9	1.3888888888888888
10-100 kb	Housekeeping	CHMP6	0.75	0.5055555555555555	1.4835164835164836
10-100 kb	Housekeeping	NPLOC4	1.75	1.2722222222222221	1.3755458515283843
10-100 kb	Housekeeping	HGS	0.5	1.1722222222222223	0.42654028436018954
10-100 kb	Housekeeping	MCRIP1	0.5	0.6055555555555555	0.8256880733944955
10-100 kb	Housekeeping	P4HB	0.75	0.75	1.0
10-100 kb	Housekeeping	ANAPC11	0.5	0.8888888888888888	0.5625
10-100 kb	Housekeeping	ASPSCR1	1.75	0.7055555555555556	2.4803149606299213
10-100 kb	Housekeeping	DUS1L	0.75	0.7333333333333333	1.0227272727272727
10-100 kb	Housekeeping	CSNK1D	0.25	0.7055555555555556	0.3543307086614173
10-100 kb	Housekeeping	FN3KRP	1.0	0.9611111111111111	1.0404624277456647
10-100 kb	Housekeeping	USP14	1.25	0.7444444444444445	1.6791044776119401
10-100 kb	Housekeeping	MYL12A	0.0	0.5944444444444444	0.0
10-100 kb	Housekeeping	MYL12B	0.5	0.6277777777777778	0.7964601769911505
10-100 kb	Housekeeping	RAB12	0.25	0.5777777777777777	0.4326923076923077
10-100 kb	Housekeeping	RALBP1	0.25	0.8	0.3125
10-100 kb	Housekeeping	VAPA	0.25	0.35	0.7142857142857143
10-100 kb	Housekeeping	NAPG	0.5	0.3333333333333333	1.5
10-100 kb	Housekeeping	PSMG2	0.5	1.1222222222222222	0.44554455445544555
10-100 kb	Housekeeping	SS18	0.25	0.6055555555555555	0.41284403669724773
10-100 kb	Housekeeping	GALNT1	0.0	0.35555555555555557	0.0
10-100 kb	Housekeeping	SLC39A6	0.75	0.7388888888888889	1.0150375939849623
10-100 kb	Housekeeping	MBD2	0.5	0.4666666666666667	1.0714285714285714
10-100 kb	Housekeeping	TXNL1	0.25	0.5388888888888889	0.4639175257731959
10-100 kb	Housekeeping	LMAN1	0.0	0.3611111111111111	0.0
10-100 kb	Housekeeping	TMX3	0.75	0.18888888888888888	3.9705882352941178
10-100 kb	Housekeeping	CDC34	0.5	0.85	0.5882352941176471
10-100 kb	Housekeeping	BSG	1.25	0.9555555555555556	1.3081395348837208
10-100 kb	Housekeeping	RNF126	0.75	1.0722222222222222	0.6994818652849741
10-100 kb	Housekeeping	R3HDM4	1.25	1.15	1.0869565217391306
10-100 kb	Housekeeping	TMEM259	1.0	1.0444444444444445	0.9574468085106382
10-100 kb	Housekeeping	GPX4	0.75	1.038888888888889	0.7219251336898395
10-100 kb	Housekeeping	STK11	2.0	0.8555555555555555	2.337662337662338
10-100 kb	Housekeeping	CIRBP	0.0	1.2	0.0
10-100 kb	Housekeeping	RPS15	1.5	0.9888888888888889	1.5168539325842696
10-100 kb	Housekeeping	UQCR11	1.5	1.261111111111111	1.1894273127753305
10-100 kb	Housekeeping	REXO1	1.25	1.0777777777777777	1.1597938144329898
10-100 kb	Housekeeping	ABHD17A	1.5	1.0777777777777777	1.3917525773195878
10-100 kb	Housekeeping	CSNK1G2	0.75	1.3555555555555556	0.5532786885245902
10-100 kb	Housekeeping	BTBD2	1.75	1.238888888888889	1.412556053811659
10-100 kb	Housekeeping	MOB3A	0.5	1.4277777777777778	0.35019455252918286
10-100 kb	Housekeeping	SF3A2	1.25	1.1888888888888889	1.0514018691588785
10-100 kb	Housekeeping	TIMM13	0.0	1.4	0.0
10-100 kb	Housekeeping	SGTA	0.75	1.1611111111111112	0.6459330143540669
10-100 kb	Housekeeping	NCLN	0.75	1.2166666666666666	0.6164383561643836
10-100 kb	Housekeeping	NFIC	0.5	1.4444444444444444	0.34615384615384615
10-100 kb	Housekeeping	CACTIN	1.25	1.1444444444444444	1.0922330097087378
10-100 kb	Housekeeping	PIP5K1C	0.75	1.0833333333333333	0.6923076923076924
10-100 kb	Housekeeping	MRPL54	1.75	1.2777777777777777	1.3695652173913044
10-100 kb	Housekeeping	DAPK3	1.75	1.5611111111111111	1.1209964412811388
10-100 kb	Housekeeping	PIAS4	1.25	1.461111111111111	0.855513307984791
10-100 kb	Housekeeping	YJU2	1.5	1.7277777777777779	0.8681672025723473
10-100 kb	Housekeeping	SH3GL1	1.0	1.4222222222222223	0.703125
10-100 kb	Housekeeping	UBXN6	1.25	1.2	1.0416666666666667
10-100 kb	Housekeeping	MYDGF	1.25	1.45	0.8620689655172414
10-100 kb	Housekeeping	SAFB	0.0	1.2277777777777779	0.0
10-100 kb	Housekeeping	SAFB2	0.0	1.238888888888889	0.0
10-100 kb	Housekeeping	RPL36	0.75	1.4777777777777779	0.5075187969924811
10-100 kb	Housekeeping	ALKBH7	1.25	1.6666666666666667	0.75
10-100 kb	Housekeeping	GTF2F1	1.0	1.7666666666666666	0.5660377358490566
10-100 kb	Housekeeping	KHSRP	0.5	1.9166666666666667	0.2608695652173913
10-100 kb	Housekeeping	ELAVL1	1.5	1.3222222222222222	1.134453781512605
10-100 kb	Housekeeping	CD320	1.0	1.9055555555555554	0.5247813411078718
10-100 kb	Housekeeping	RPS28	0.5	1.9722222222222223	0.2535211267605634
10-100 kb	Housekeeping	HNRNPM	1.5	1.6333333333333333	0.9183673469387755
10-100 kb	Housekeeping	UBL5	1.25	1.5166666666666666	0.8241758241758242
10-100 kb	Housekeeping	PIN1	1.0	1.5944444444444446	0.627177700348432
10-100 kb	Housekeeping	CDC37	0.0	1.9722222222222223	0.0
10-100 kb	Housekeeping	KEAP1	1.75	1.988888888888889	0.8798882681564245
10-100 kb	Housekeeping	ILF3	0.75	1.9277777777777778	0.38904899135446686
10-100 kb	Housekeeping	TMED1	1.0	1.5555555555555556	0.6428571428571428
10-100 kb	Housekeeping	TMEM205	0.75	1.8611111111111112	0.40298507462686567
10-100 kb	Housekeeping	PRKCSH	1.5	1.5833333333333333	0.9473684210526316
10-100 kb	Housekeeping	ECSIT	2.0	1.6722222222222223	1.196013289036545
10-100 kb	Housekeeping	ELOF1	2.25	1.6777777777777778	1.3410596026490067
10-100 kb	Housekeeping	TRIR	1.75	1.5166666666666666	1.153846153846154
10-100 kb	Housekeeping	PRDX2	0.75	1.5833333333333333	0.4736842105263158
10-100 kb	Housekeeping	DNASE2	2.25	1.7944444444444445	1.2538699690402477
10-100 kb	Housekeeping	FARSA	1.25	1.3722222222222222	0.9109311740890689
10-100 kb	Housekeeping	CALR	0.5	1.3888888888888888	0.36
10-100 kb	Housekeeping	RAD23A	1.0	1.3944444444444444	0.7171314741035857
10-100 kb	Housekeeping	GADD45GIP1	2.0	1.211111111111111	1.651376146788991
10-100 kb	Housekeeping	C19orf53	1.75	1.7333333333333334	1.0096153846153846
10-100 kb	Housekeeping	DCAF15	0.75	1.6666666666666667	0.44999999999999996
10-100 kb	Housekeeping	SAMD1	0.0	1.5277777777777777	0.0
10-100 kb	Housekeeping	DDX39A	2.0	1.7722222222222221	1.1285266457680252
10-100 kb	Housekeeping	NDUFB7	2.5	1.6	1.5625
10-100 kb	Housekeeping	TPM4	0.5	1.1277777777777778	0.4433497536945813
10-100 kb	Housekeeping	FAM32A	1.75	1.4111111111111112	1.2401574803149606
10-100 kb	Housekeeping	SLC35E1	0.5	1.35	0.37037037037037035
10-100 kb	Housekeeping	USE1	1.25	1.738888888888889	0.7188498402555911
10-100 kb	Housekeeping	NR2F6	0.5	1.65	0.30303030303030304
10-100 kb	Housekeeping	MRPL34	1.5	1.6222222222222222	0.9246575342465754
10-100 kb	Housekeeping	DDA1	2.0	1.6833333333333333	1.188118811881188
10-100 kb	Housekeeping	PGLS	2.0	1.7	1.1764705882352942
10-100 kb	Housekeeping	RPL18A	1.0	1.738888888888889	0.5750798722044729
10-100 kb	Housekeeping	CCDC124	1.5	1.5833333333333333	0.9473684210526316
10-100 kb	Housekeeping	LSM4	0.75	1.4833333333333334	0.5056179775280899
10-100 kb	Housekeeping	ELL	1.0	0.9944444444444445	1.005586592178771
10-100 kb	Housekeeping	FKBP8	1.25	1.238888888888889	1.0089686098654709
10-100 kb	Housekeeping	KXD1	1.5	1.1666666666666667	1.2857142857142856
10-100 kb	Housekeeping	UBA52	1.5	1.25	1.2
10-100 kb	Housekeeping	COPE	1.0	1.3888888888888888	0.72
10-100 kb	Housekeeping	DDX49	0.75	1.3888888888888888	0.54
10-100 kb	Housekeeping	MAU2	1.0	1.45	0.6896551724137931
10-100 kb	Housekeeping	PDCD5	0.75	1.2333333333333334	0.6081081081081081
10-100 kb	Housekeeping	LSM14A	0.75	1.35	0.5555555555555555
10-100 kb	Housekeeping	USF2	0.0	0.8944444444444445	0.0
10-100 kb	Housekeeping	RBM42	1.5	1.1944444444444444	1.255813953488372
10-100 kb	Housekeeping	POLR2I	0.25	1.4666666666666666	0.17045454545454547
10-100 kb	Housekeeping	CAPNS1	1.0	1.45	0.6896551724137931
10-100 kb	Housekeeping	ZNF146	1.25	1.0833333333333333	1.153846153846154
10-100 kb	Housekeeping	PSMD8	1.5	1.3222222222222222	1.134453781512605
10-100 kb	Housekeeping	EIF3K	1.0	1.2833333333333334	0.7792207792207791
10-100 kb	Housekeeping	ECH1	2.0	1.4333333333333333	1.3953488372093024
10-100 kb	Housekeeping	SIRT2	1.5	1.4722222222222223	1.0188679245283019
10-100 kb	Housekeeping	SAMD4B	0.25	1.038888888888889	0.24064171122994651
10-100 kb	Housekeeping	PAF1	1.0	1.0555555555555556	0.9473684210526315
10-100 kb	Housekeeping	MED29	1.0	1.0611111111111111	0.9424083769633508
10-100 kb	Housekeeping	RPS16	1.0	1.0611111111111111	0.9424083769633508
10-100 kb	Housekeeping	EID2	1.0	0.8388888888888889	1.1920529801324502
10-100 kb	Housekeeping	FBL	0.25	0.7833333333333333	0.3191489361702128
10-100 kb	Housekeeping	PLD3	1.25	1.4111111111111112	0.8858267716535433
10-100 kb	Housekeeping	SNRPA	0.75	1.2833333333333334	0.5844155844155844
10-100 kb	Housekeeping	RAB4B-EGLN2	0.75	1.25	0.6
10-100 kb	Housekeeping	EGLN2	0.5	1.3055555555555556	0.3829787234042553
10-100 kb	Housekeeping	HNRNPUL1	0.5	1.3611111111111112	0.36734693877551017
10-100 kb	Housekeeping	CCDC97	1.5	1.3888888888888888	1.08
10-100 kb	Housekeeping	RABAC1	1.0	0.8166666666666667	1.2244897959183674
10-100 kb	Housekeeping	GSK3A	0.75	0.8777777777777778	0.8544303797468354
10-100 kb	Housekeeping	CLPTM1	1.25	1.6555555555555554	0.7550335570469799
10-100 kb	Housekeeping	PPP1R37	0.75	1.2666666666666666	0.5921052631578948
10-100 kb	Housekeeping	SNRPD2	1.5	1.711111111111111	0.8766233766233766
10-100 kb	Housekeeping	IRF2BP1	0.25	1.3277777777777777	0.1882845188284519
10-100 kb	Housekeeping	STRN4	0.75	1.6611111111111112	0.451505016722408
10-100 kb	Housekeeping	ARHGAP35	0.25	1.6222222222222222	0.1541095890410959
10-100 kb	Housekeeping	CCDC9	1.75	1.761111111111111	0.9936908517350158
10-100 kb	Housekeeping	NAPA	1.25	1.2222222222222223	1.0227272727272727
10-100 kb	Housekeeping	NOP53	1.75	1.45	1.206896551724138
10-100 kb	Housekeeping	SELENOW	1.75	1.5555555555555556	1.125
10-100 kb	Housekeeping	KDELR1	0.0	1.3222222222222222	0.0
10-100 kb	Housekeeping	RPL18	1.0	1.7166666666666666	0.5825242718446603
10-100 kb	Housekeeping	SNRNP70	1.75	1.0555555555555556	1.6578947368421053
10-100 kb	Housekeeping	RPL13A	1.5	1.3611111111111112	1.1020408163265305
10-100 kb	Housekeeping	RPS11	1.25	1.4388888888888889	0.8687258687258688
10-100 kb	Housekeeping	NOSIP	0.5	1.4444444444444444	0.34615384615384615
10-100 kb	Housekeeping	PRMT1	1.75	1.4555555555555555	1.202290076335878
10-100 kb	Housekeeping	AP2A1	0.75	1.238888888888889	0.6053811659192825
10-100 kb	Housekeeping	NR1H2	0.25	1.1888888888888889	0.2102803738317757
10-100 kb	Housekeeping	LENG1	1.0	1.15	0.8695652173913044
10-100 kb	Housekeeping	RPS9	1.25	0.7888888888888889	1.5845070422535212
10-100 kb	Housekeeping	LENG8	0.75	0.8944444444444445	0.8385093167701863
10-100 kb	Housekeeping	PPP1R12C	0.5	1.1611111111111112	0.43062200956937796
10-100 kb	Housekeeping	PPP6R1	0.75	1.1388888888888888	0.6585365853658537
10-100 kb	Housekeeping	RPL28	0.0	1.05	0.0
10-100 kb	Housekeeping	ISOC2	0.5	0.9555555555555556	0.5232558139534883
10-100 kb	Housekeeping	FIZ1	0.0	0.9611111111111111	0.0
10-100 kb	Housekeeping	U2AF2	0.25	0.9166666666666666	0.27272727272727276
10-100 kb	Housekeeping	EPN1	0.0	0.7166666666666667	0.0
10-100 kb	Housekeeping	ERVK3-1	0.5	1.0666666666666667	0.46875
10-100 kb	Housekeeping	RPS5	0.25	0.9166666666666666	0.27272727272727276
10-100 kb	Housekeeping	ACP1	0.0	0.1	0.0
10-100 kb	Housekeeping	ADI1	0.5	0.4777777777777778	1.0465116279069766
10-100 kb	Housekeeping	RPS7	1.0	0.5222222222222223	1.9148936170212765
10-100 kb	Housekeeping	YWHAQ	0.0	0.9666666666666667	0.0
10-100 kb	Housekeeping	PDIA6	0.5	0.6333333333333333	0.7894736842105263
10-100 kb	Housekeeping	ROCK2	0.5	0.6111111111111112	0.8181818181818181
10-100 kb	Housekeeping	DDX1	1.25	0.45	2.7777777777777777
10-100 kb	Housekeeping	RDH14	0.0	0.12777777777777777	0.0
10-100 kb	Housekeeping	NT5C1B-RDH14	0.0	0.13333333333333333	0.0
10-100 kb	Housekeeping	LAPTM4A	0.25	0.4	0.625
10-100 kb	Housekeeping	PUM2	0.0	0.7166666666666667	0.0
10-100 kb	Housekeeping	SF3B6	1.0	1.1055555555555556	0.9045226130653266
10-100 kb	Housekeeping	OST4	0.25	0.6944444444444444	0.36
10-100 kb	Housekeeping	PREB	1.0	0.8222222222222222	1.2162162162162162
10-100 kb	Housekeeping	ATRAID	0.75	0.9666666666666667	0.7758620689655172
10-100 kb	Housekeeping	SNX17	0.25	1.261111111111111	0.19823788546255508
10-100 kb	Housekeeping	NRBP1	0.75	1.1611111111111112	0.6459330143540669
10-100 kb	Housekeeping	SLC4A1AP	0.5	0.7666666666666667	0.6521739130434783
10-100 kb	Housekeeping	MRPL33	0.75	0.7333333333333333	1.0227272727272727
10-100 kb	Housekeeping	YPEL5	0.5	0.5277777777777778	0.9473684210526315
10-100 kb	Housekeeping	DPY30	1.75	1.4055555555555554	1.2450592885375495
10-100 kb	Housekeeping	FAM98A	0.25	0.5	0.5
10-100 kb	Housekeeping	CEBPZOS	1.25	0.7333333333333333	1.7045454545454546
10-100 kb	Housekeeping	CEBPZ	0.5	0.6611111111111111	0.7563025210084033
10-100 kb	Housekeeping	ATL2	0.25	0.8333333333333334	0.3
10-100 kb	Housekeeping	COX7A2L	0.25	1.0888888888888888	0.2295918367346939
10-100 kb	Housekeeping	ERLEC1	0.5	0.7944444444444444	0.6293706293706294
10-100 kb	Housekeeping	RPS27A	0.75	0.85	0.8823529411764706
10-100 kb	Housekeeping	CFAP36	1.0	0.8444444444444444	1.1842105263157894
10-100 kb	Housekeeping	USP34	0.75	1.5944444444444446	0.470383275261324
10-100 kb	Housekeeping	VPS54	0.5	0.5611111111111111	0.8910891089108911
10-100 kb	Housekeeping	RAB1A	0.5	1.1833333333333333	0.4225352112676056
10-100 kb	Housekeeping	ACTR2	0.75	1.1	0.6818181818181818
10-100 kb	Housekeeping	PNO1	0.75	0.5	1.5
10-100 kb	Housekeeping	PCBP1	0.0	1.4666666666666666	0.0
10-100 kb	Housekeeping	PCYOX1	0.75	1.5055555555555555	0.4981549815498155
10-100 kb	Housekeeping	SNRPG	1.5	1.211111111111111	1.2385321100917432
10-100 kb	Housekeeping	TEX261	0.75	0.4	1.875
10-100 kb	Housekeeping	MPHOSPH10	0.5	0.5	1.0
10-100 kb	Housekeeping	SMYD5	1.0	0.7555555555555555	1.3235294117647058
10-100 kb	Housekeeping	PRADC1	0.75	0.7333333333333333	1.0227272727272727
10-100 kb	Housekeeping	DUSP11	1.0	0.6555555555555556	1.5254237288135593
10-100 kb	Housekeeping	MOB1A	1.0	0.8	1.25
10-100 kb	Housekeeping	INO80B	0.25	0.65	0.3846153846153846
10-100 kb	Housekeeping	INO80B-WBP1	0.25	0.65	0.3846153846153846
10-100 kb	Housekeeping	MRPL53	1.75	0.6055555555555555	2.889908256880734
10-100 kb	Housekeeping	TMSB10	0.75	0.95	0.7894736842105263
10-100 kb	Housekeeping	KCMF1	0.0	1.1388888888888888	0.0
10-100 kb	Housekeeping	VAMP5	0.75	1.2	0.625
10-100 kb	Housekeeping	RNF181	0.5	1.2277777777777779	0.4072398190045249
10-100 kb	Housekeeping	USP39	0.5	1.2222222222222223	0.40909090909090906
10-100 kb	Housekeeping	CHMP3	0.25	0.49444444444444446	0.5056179775280899
10-100 kb	Housekeeping	RMND5A	0.0	0.6166666666666667	0.0
10-100 kb	Housekeeping	RNF103-CHMP3	0.0	0.6111111111111112	0.0
10-100 kb	Housekeeping	KRCC1	1.0	0.6388888888888888	1.565217391304348
10-100 kb	Housekeeping	MRPS5	0.5	0.4444444444444444	1.125
10-100 kb	Housekeeping	TMEM127	0.25	0.9888888888888889	0.25280898876404495
10-100 kb	Housekeeping	COX5B	0.25	0.4222222222222222	0.5921052631578947
10-100 kb	Housekeeping	ACTR1B	0.75	0.4388888888888889	1.7088607594936709
10-100 kb	Housekeeping	TMEM131	0.5	0.36666666666666664	1.3636363636363638
10-100 kb	Housekeeping	COA5	0.0	0.4	0.0
10-100 kb	Housekeeping	UNC50	0.0	0.4	0.0
10-100 kb	Housekeeping	EIF5B	0.25	0.6888888888888889	0.3629032258064516
10-100 kb	Housekeeping	TXNDC9	1.0	0.7	1.4285714285714286
10-100 kb	Housekeeping	RPL31	0.5	0.5	1.0
10-100 kb	Housekeeping	CNOT11	0.75	0.9277777777777778	0.8083832335329341
10-100 kb	Housekeeping	RNF149	0.75	0.7555555555555555	0.9926470588235294
10-100 kb	Housekeeping	MRPS9	0.25	0.3	0.8333333333333334
10-100 kb	Housekeeping	ACTR3	0.25	0.6722222222222223	0.371900826446281
10-100 kb	Housekeeping	DDX18	0.0	0.2222222222222222	0.0
10-100 kb	Housekeeping	NIFK	0.5	1.0222222222222221	0.48913043478260876
10-100 kb	Housekeeping	TSN	0.5	1.0166666666666666	0.49180327868852464
10-100 kb	Housekeeping	IWS1	0.25	0.55	0.45454545454545453
10-100 kb	Housekeeping	MZT2B	1.0	0.5388888888888889	1.8556701030927836
10-100 kb	Housekeeping	FAM168B	1.0	0.7055555555555556	1.4173228346456692
10-100 kb	Housekeeping	ARL5A	0.25	0.43333333333333335	0.5769230769230769
10-100 kb	Housekeeping	PRPF40A	0.0	0.4166666666666667	0.0
10-100 kb	Housekeeping	PSMD14	0.5	0.4	1.25
10-100 kb	Housekeeping	SSB	1.0	0.8555555555555555	1.168831168831169
10-100 kb	Housekeeping	GORASP2	0.25	0.6444444444444445	0.3879310344827586
10-100 kb	Housekeeping	HAT1	1.25	1.0	1.25
10-100 kb	Housekeeping	MTX2	0.5	0.40555555555555556	1.2328767123287672
10-100 kb	Housekeeping	HNRNPA3	0.5	0.65	0.7692307692307692
10-100 kb	Housekeeping	ZC3H15	0.0	0.3388888888888889	0.0
10-100 kb	Housekeeping	WDR75	0.25	0.28888888888888886	0.8653846153846154
10-100 kb	Housekeeping	ASNSD1	0.75	0.4166666666666667	1.7999999999999998
10-100 kb	Housekeeping	COQ10B	0.5	1.2666666666666666	0.39473684210526316
10-100 kb	Housekeeping	HSPE1	0.5	1.2666666666666666	0.39473684210526316
10-100 kb	Housekeeping	HSPE1-MOB4	0.5	1.261111111111111	0.39647577092511016
10-100 kb	Housekeeping	BZW1	0.5	0.8722222222222222	0.5732484076433121
10-100 kb	Housekeeping	NDUFB3	0.25	1.15	0.2173913043478261
10-100 kb	Housekeeping	TRAK2	0.75	0.3055555555555556	2.454545454545454
10-100 kb	Housekeeping	SUMO1	1.0	1.3611111111111112	0.7346938775510203
10-100 kb	Housekeeping	NOP58	1.75	1.4555555555555555	1.202290076335878
10-100 kb	Housekeeping	EEF1B2	0.5	1.4055555555555554	0.3557312252964427
10-100 kb	Housekeeping	XRCC5	0.75	0.6833333333333333	1.0975609756097562
10-100 kb	Housekeeping	RPL37A	0.75	0.5833333333333334	1.2857142857142856
10-100 kb	Housekeeping	ARPC2	0.5	0.8722222222222222	0.5732484076433121
10-100 kb	Housekeeping	PNKD	1.0	1.1166666666666667	0.8955223880597015
10-100 kb	Housekeeping	AAMP	1.0	1.1222222222222222	0.8910891089108911
10-100 kb	Housekeeping	CTDSP1	0.25	1.3888888888888888	0.18
10-100 kb	Housekeeping	CNPPD1	0.0	0.7722222222222223	0.0
10-100 kb	Housekeeping	DNAJB2	0.0	0.9222222222222223	0.0
10-100 kb	Housekeeping	WDFY1	0.25	0.6777777777777778	0.3688524590163934
10-100 kb	Housekeeping	MRPL44	0.0	0.6777777777777778	0.0
10-100 kb	Housekeeping	AGFG1	0.25	0.6833333333333333	0.36585365853658536
10-100 kb	Housekeeping	CAB39	0.75	0.7944444444444444	0.9440559440559441
10-100 kb	Housekeeping	PSMD1	0.5	0.6222222222222222	0.8035714285714286
10-100 kb	Housekeeping	NCL	0.75	1.0944444444444446	0.6852791878172588
10-100 kb	Housekeeping	PTMA	0.5	1.2777777777777777	0.391304347826087
10-100 kb	Housekeeping	UBE2F	0.5	0.8388888888888889	0.5960264900662251
10-100 kb	Housekeeping	UBE2F-SCLY	0.5	0.8388888888888889	0.5960264900662251
10-100 kb	Housekeeping	ILKAP	0.5	0.4666666666666667	1.0714285714285714
10-100 kb	Housekeeping	PPP1R7	0.25	0.5444444444444444	0.4591836734693878
10-100 kb	Housekeeping	THAP4	0.5	1.0277777777777777	0.4864864864864865
10-100 kb	Housekeeping	FKBP1A	0.25	0.26666666666666666	0.9375
10-100 kb	Housekeeping	IDH3B	1.75	0.6888888888888889	2.5403225806451615
10-100 kb	Housekeeping	MRPS26	0.25	1.1277777777777778	0.22167487684729065
10-100 kb	Housekeeping	DDRGK1	1.5	1.1888888888888889	1.2616822429906542
10-100 kb	Housekeeping	ATRN	0.5	0.8222222222222222	0.6081081081081081
10-100 kb	Housekeeping	CENPB	0.25	1.1333333333333333	0.22058823529411764
10-100 kb	Housekeeping	TMEM230	1.0	1.3222222222222222	0.7563025210084033
10-100 kb	Housekeeping	CDS2	1.0	1.1777777777777778	0.8490566037735848
10-100 kb	Housekeeping	TMX4	0.0	0.17222222222222222	0.0
10-100 kb	Housekeeping	PET117	0.5	0.8888888888888888	0.5625
10-100 kb	Housekeeping	SMIM26	1.25	0.6944444444444444	1.8
10-100 kb	Housekeeping	DTD1	0.75	0.65	1.1538461538461537
10-100 kb	Housekeeping	ABHD12	1.5	0.8777777777777778	1.7088607594936709
10-100 kb	Housekeeping	POFUT1	0.25	1.1055555555555556	0.22613065326633164
10-100 kb	Housekeeping	COMMD7	1.5	1.4222222222222223	1.0546875
10-100 kb	Housekeeping	MAPRE1	1.5	1.3388888888888888	1.120331950207469
10-100 kb	Housekeeping	CHMP4B	0.75	1.1722222222222223	0.6398104265402843
10-100 kb	Housekeeping	RALY	0.25	0.7555555555555555	0.33088235294117646
10-100 kb	Housekeeping	EIF2S2	1.25	0.7666666666666667	1.6304347826086956
10-100 kb	Housekeeping	ITCH	1.75	1.461111111111111	1.1977186311787074
10-100 kb	Housekeeping	DYNLRB1	0.5	0.9944444444444445	0.5027932960893855
10-100 kb	Housekeeping	TRPC4AP	1.0	0.8611111111111112	1.161290322580645
10-100 kb	Housekeeping	MMP24OS	0.25	0.8388888888888889	0.29801324503311255
10-100 kb	Housekeeping	ERGIC3	0.75	1.1444444444444444	0.6553398058252428
10-100 kb	Housekeeping	ROMO1	0.25	1.5	0.16666666666666666
10-100 kb	Housekeeping	SCAND1	1.0	1.2444444444444445	0.8035714285714286
10-100 kb	Housekeeping	AAR2	0.5	0.5888888888888889	0.8490566037735848
10-100 kb	Housekeeping	DLGAP4	0.0	0.6055555555555555	0.0
10-100 kb	Housekeeping	RPN2	1.25	1.2666666666666666	0.986842105263158
10-100 kb	Housekeeping	BLCAP	0.0	0.5277777777777778	0.0
10-100 kb	Housekeeping	CTNNBL1	0.75	0.48333333333333334	1.5517241379310345
10-100 kb	Housekeeping	TOP1	0.5	0.5888888888888889	0.8490566037735848
10-100 kb	Housekeeping	PLCG1	0.0	0.39444444444444443	0.0
10-100 kb	Housekeeping	SRSF6	0.25	0.9333333333333333	0.26785714285714285
10-100 kb	Housekeeping	OSER1	0.25	0.6333333333333333	0.39473684210526316
10-100 kb	Housekeeping	SERINC3	0.25	0.8611111111111112	0.29032258064516125
10-100 kb	Housekeeping	YWHAB	0.5	0.6666666666666666	0.75
10-100 kb	Housekeeping	SYS1	1.25	0.6	2.0833333333333335
10-100 kb	Housekeeping	SYS1-DBNDD2	0.75	0.6	1.25
10-100 kb	Housekeeping	DNTTIP1	1.25	0.9611111111111111	1.300578034682081
10-100 kb	Housekeeping	PCIF1	1.25	1.0611111111111111	1.1780104712041886
10-100 kb	Housekeeping	NCOA5	0.0	0.45	0.0
10-100 kb	Housekeeping	STAU1	0.75	1.3555555555555556	0.5532786885245902
10-100 kb	Housekeeping	DDX27	1.75	1.3666666666666667	1.2804878048780488
10-100 kb	Housekeeping	B4GALT5	0.0	1.2222222222222223	0.0
10-100 kb	Housekeeping	RNF114	1.0	1.0944444444444446	0.9137055837563451
10-100 kb	Housekeeping	UBE2V1	0.75	1.0944444444444446	0.6852791878172588
10-100 kb	Housekeeping	PEDS1-UBE2V1	0.75	0.9055555555555556	0.8282208588957055
10-100 kb	Housekeeping	PTPN1	0.5	0.7833333333333333	0.6382978723404256
10-100 kb	Housekeeping	RTF2	0.5	0.9611111111111111	0.5202312138728323
10-100 kb	Housekeeping	STX16-NPEPL1	0.0	0.20555555555555555	0.0
10-100 kb	Housekeeping	NPEPL1	0.5	0.17777777777777778	2.8125
10-100 kb	Housekeeping	CTSZ	0.25	0.6222222222222222	0.4017857142857143
10-100 kb	Housekeeping	PRELID3B	0.25	0.5111111111111111	0.48913043478260876
10-100 kb	Housekeeping	LSM14B	0.5	0.6777777777777778	0.7377049180327868
10-100 kb	Housekeeping	PSMA7	0.0	0.6444444444444445	0.0
10-100 kb	Housekeeping	ADRM1	0.5	0.45555555555555555	1.0975609756097562
10-100 kb	Housekeeping	RPS21	0.75	0.2388888888888889	3.13953488372093
10-100 kb	Housekeeping	MRGBP	0.5	0.4444444444444444	1.125
10-100 kb	Housekeeping	OGFR	0.25	0.4388888888888889	0.569620253164557
10-100 kb	Housekeeping	GID8	1.0	0.46111111111111114	2.1686746987951806
10-100 kb	Housekeeping	YTHDF1	0.0	0.22777777777777777	0.0
10-100 kb	Housekeeping	PPDPF	0.0	0.4222222222222222	0.0
10-100 kb	Housekeeping	PRPF6	0.25	0.8666666666666667	0.28846153846153844
10-100 kb	Housekeeping	ATP5PF	0.0	0.6388888888888888	0.0
10-100 kb	Housekeeping	MRPS6	0.25	0.4222222222222222	0.5921052631578947
10-100 kb	Housekeeping	VPS26C	0.5	0.8166666666666667	0.6122448979591837
10-100 kb	Housekeeping	NDUFV3	0.75	1.05	0.7142857142857143
10-100 kb	Housekeeping	U2AF1	0.0	0.7833333333333333	0.0
10-100 kb	Housekeeping	AGPAT3	0.5	0.7777777777777778	0.6428571428571428
10-100 kb	Housekeeping	PWP2	0.25	0.5833333333333334	0.42857142857142855
10-100 kb	Housekeeping	PFKL	0.75	0.5944444444444444	1.2616822429906542
10-100 kb	Housekeeping	UBE2G2	0.0	0.35	0.0
10-100 kb	Housekeeping	SUMO3	0.5	0.3611111111111111	1.3846153846153846
10-100 kb	Housekeeping	PTTG1IP	0.0	0.36666666666666664	0.0
10-100 kb	Housekeeping	C22orf39	1.0	0.7388888888888889	1.3533834586466165
10-100 kb	Housekeeping	RANBP1	0.0	0.5555555555555556	0.0
10-100 kb	Housekeeping	DGCR6L	0.0	0.43333333333333335	0.0
10-100 kb	Housekeeping	MIF	0.25	0.8777777777777778	0.2848101265822785
10-100 kb	Housekeeping	SNRPD3	0.25	0.9333333333333333	0.26785714285714285
10-100 kb	Housekeeping	UQCR10	1.25	0.8444444444444444	1.480263157894737
10-100 kb	Housekeeping	RTCB	0.5	0.5333333333333333	0.9375
10-100 kb	Housekeeping	EIF3D	1.5	0.95	1.5789473684210527
10-100 kb	Housekeeping	POLR2F	1.5	1.2055555555555555	1.2442396313364057
10-100 kb	Housekeeping	TMEM184B	0.5	0.9777777777777777	0.5113636363636364
10-100 kb	Housekeeping	DDX17	0.75	1.15	0.6521739130434783
10-100 kb	Housekeeping	TOMM22	0.75	0.9277777777777778	0.8083832335329341
10-100 kb	Housekeeping	JOSD1	1.0	0.9055555555555556	1.1042944785276074
10-100 kb	Housekeeping	TAB1	2.0	0.9444444444444444	2.1176470588235294
10-100 kb	Housekeeping	MIEF1	1.5	0.7	2.142857142857143
10-100 kb	Housekeeping	ATF4	0.25	0.7055555555555556	0.3543307086614173
10-100 kb	Housekeeping	RPS19BP1	0.25	0.65	0.3846153846153846
10-100 kb	Housekeeping	ST13	0.75	1.4166666666666667	0.5294117647058824
10-100 kb	Housekeeping	RBX1	1.0	1.65	0.6060606060606061
10-100 kb	Housekeeping	RANGAP1	1.75	1.3166666666666667	1.3291139240506329
10-100 kb	Housekeeping	TOB2	0.0	1.3388888888888888	0.0
10-100 kb	Housekeeping	PHF5A	1.0	1.4833333333333334	0.6741573033707865
10-100 kb	Housekeeping	PMM1	2.0	1.3833333333333333	1.4457831325301205
10-100 kb	Housekeeping	DESI1	0.5	1.3777777777777778	0.3629032258064516
10-100 kb	Housekeeping	SREBF2	0.5	1.15	0.4347826086956522
10-100 kb	Housekeeping	SMDT1	0.5	0.9111111111111111	0.5487804878048781
10-100 kb	Housekeeping	ARFGAP3	1.25	0.9333333333333333	1.3392857142857142
10-100 kb	Housekeeping	PACSIN2	0.75	1.2055555555555555	0.6221198156682028
10-100 kb	Housekeeping	SAMM50	0.25	0.7888888888888889	0.31690140845070425
10-100 kb	Housekeeping	CERK	0.5	0.5333333333333333	0.9375
10-100 kb	Housekeeping	PPP6R2	0.5	0.9	0.5555555555555556
10-100 kb	Housekeeping	LMF2	0.0	0.7722222222222223	0.0
10-100 kb	Housekeeping	ARL8B	1.25	0.8944444444444445	1.3975155279503104
10-100 kb	Housekeeping	TADA3	0.75	0.9277777777777778	0.8083832335329341
10-100 kb	Housekeeping	JAGN1	1.0	1.0222222222222221	0.9782608695652175
10-100 kb	Housekeeping	EMC3	0.25	1.1222222222222222	0.22277227722772278
10-100 kb	Housekeeping	BRK1	1.75	1.4555555555555555	1.202290076335878
10-100 kb	Housekeeping	TATDN2	1.25	1.0777777777777777	1.1597938144329898
10-100 kb	Housekeeping	SEC13	0.5	0.5777777777777777	0.8653846153846154
10-100 kb	Housekeeping	MKRN2	0.75	1.0333333333333334	0.7258064516129031
10-100 kb	Housekeeping	RPL32	1.0	0.5722222222222222	1.7475728155339807
10-100 kb	Housekeeping	LSM3	0.5	0.31666666666666665	1.5789473684210527
10-100 kb	Housekeeping	MRPS25	1.0	0.7555555555555555	1.3235294117647058
10-100 kb	Housekeeping	RAB5A	0.0	0.9222222222222223	0.0
10-100 kb	Housekeeping	RPL15	0.0	0.8222222222222222	0.0
10-100 kb	Housekeeping	DYNC1LI1	0.25	0.9944444444444445	0.25139664804469275
10-100 kb	Housekeeping	UBP1	1.25	0.8611111111111112	1.4516129032258063
10-100 kb	Housekeeping	EPM2AIP1	0.5	0.8555555555555555	0.5844155844155845
10-100 kb	Housekeeping	GOLGA4	0.25	0.9166666666666666	0.27272727272727276
10-100 kb	Housekeeping	OXSR1	0.5	0.37777777777777777	1.3235294117647058
10-100 kb	Housekeeping	SLC25A38	0.75	0.65	1.1538461538461537
10-100 kb	Housekeeping	RPSA	0.75	0.5722222222222222	1.3106796116504855
10-100 kb	Housekeeping	EIF1B	0.0	0.3388888888888889	0.0
10-100 kb	Housekeeping	RPL14	1.25	0.7777777777777778	1.6071428571428572
10-100 kb	Housekeeping	SS18L2	0.0	0.36666666666666664	0.0
10-100 kb	Housekeeping	SEC22C	0.75	0.37222222222222223	2.014925373134328
10-100 kb	Housekeeping	HIGD1A	0.0	0.5555555555555556	0.0
10-100 kb	Housekeeping	TMEM42	0.5	0.6333333333333333	0.7894736842105263
10-100 kb	Housekeeping	CCDC12	0.5	0.6	0.8333333333333334
10-100 kb	Housekeeping	SMARCC1	0.75	1.6555555555555554	0.45302013422818793
10-100 kb	Housekeeping	MAP4	1.25	1.5	0.8333333333333334
10-100 kb	Housekeeping	TMA7	1.0	0.9611111111111111	1.0404624277456647
10-100 kb	Housekeeping	SHISA5	0.5	0.7222222222222222	0.6923076923076923
10-100 kb	Housekeeping	IP6K2	1.0	1.4166666666666667	0.7058823529411764
10-100 kb	Housekeeping	PRKAR2A	1.25	2.0833333333333335	0.6
10-100 kb	Housekeeping	ARIH2	2.25	1.6111111111111112	1.396551724137931
10-100 kb	Housekeeping	WDR6	0.25	1.7055555555555555	0.1465798045602606
10-100 kb	Housekeeping	USP4	1.25	1.8888888888888888	0.6617647058823529
10-100 kb	Housekeeping	TCTA	0.25	2.1	0.11904761904761904
10-100 kb	Housekeeping	APEH	0.5	0.9111111111111111	0.5487804878048781
10-100 kb	Housekeeping	RBM5	1.5	0.9944444444444445	1.5083798882681565
10-100 kb	Housekeeping	GNAI2	1.25	0.6111111111111112	2.0454545454545454
10-100 kb	Housekeeping	TUSC2	1.0	0.48333333333333334	2.0689655172413794
10-100 kb	Housekeeping	RASSF1	0.25	0.4444444444444444	0.5625
10-100 kb	Housekeeping	TMEM115	0.5	0.46111111111111114	1.0843373493975903
10-100 kb	Housekeeping	RRP9	0.5	0.5611111111111111	0.8910891089108911
10-100 kb	Housekeeping	RPL29	0.75	0.46111111111111114	1.6265060240963853
10-100 kb	Housekeeping	TWF2	0.25	0.7444444444444445	0.33582089552238803
10-100 kb	Housekeeping	WDR82	1.25	0.5388888888888889	2.3195876288659796
10-100 kb	Housekeeping	PBRM1	0.5	1.1555555555555554	0.4326923076923077
10-100 kb	Housekeeping	SELENOK	0.0	0.4444444444444444	0.0
10-100 kb	Housekeeping	APPL1	0.75	0.5777777777777777	1.2980769230769231
10-100 kb	Housekeeping	ARF4	0.75	1.2222222222222223	0.6136363636363635
10-100 kb	Housekeeping	DENND6A	1.0	1.2055555555555555	0.8294930875576038
10-100 kb	Housekeeping	THOC7	0.5	0.4722222222222222	1.0588235294117647
10-100 kb	Housekeeping	ARL6IP5	0.25	0.6722222222222223	0.371900826446281
10-100 kb	Housekeeping	CGGBP1	0.25	0.3388888888888889	0.7377049180327868
10-100 kb	Housekeeping	TOMM70	0.25	0.4888888888888889	0.5113636363636364
10-100 kb	Housekeeping	TFG	0.25	0.20555555555555555	1.2162162162162162
10-100 kb	Housekeeping	RPL24	1.5	1.0722222222222222	1.3989637305699483
10-100 kb	Housekeeping	ATG3	0.25	0.2833333333333333	0.8823529411764706
10-100 kb	Housekeeping	COX17	0.25	0.37222222222222223	0.6716417910447761
10-100 kb	Housekeeping	NDUFB4	0.5	0.3055555555555556	1.6363636363636362
10-100 kb	Housekeeping	GOLGB1	0.0	0.4222222222222222	0.0
10-100 kb	Housekeeping	FAM162A	0.25	0.5555555555555556	0.44999999999999996
10-100 kb	Housekeeping	KPNA1	0.75	0.7111111111111111	1.0546875
10-100 kb	Housekeeping	SLC41A3	0.25	0.17777777777777778	1.40625
10-100 kb	Housekeeping	RUVBL1	0.5	0.43333333333333335	1.1538461538461537
10-100 kb	Housekeeping	RPN1	1.75	1.3222222222222222	1.3235294117647058
10-100 kb	Housekeeping	RAB7A	2.5	1.3333333333333333	1.875
10-100 kb	Housekeeping	ACAD9	0.25	0.6888888888888889	0.3629032258064516
10-100 kb	Housekeeping	COPG1	1.25	1.2	1.0416666666666667
10-100 kb	Housekeeping	HMCES	0.5	1.0888888888888888	0.4591836734693878
10-100 kb	Housekeeping	MRPL3	0.25	0.20555555555555555	1.2162162162162162
10-100 kb	Housekeeping	DNAJC13	0.0	0.35555555555555557	0.0
10-100 kb	Housekeeping	CDV3	0.5	0.8166666666666667	0.6122448979591837
10-100 kb	Housekeeping	SRPRB	0.25	0.2	1.25
10-100 kb	Housekeeping	ANAPC13	0.25	0.3333333333333333	0.75
10-100 kb	Housekeeping	ZBTB38	0.25	0.22777777777777777	1.0975609756097562
10-100 kb	Housekeeping	RNF7	0.25	0.7166666666666667	0.3488372093023256
10-100 kb	Housekeeping	SELENOT	0.5	0.7888888888888889	0.6338028169014085
10-100 kb	Housekeeping	SERP1	0.5	0.7888888888888889	0.6338028169014085
10-100 kb	Housekeeping	SIAH2	0.0	0.5	0.0
10-100 kb	Housekeeping	SSR3	0.5	0.12777777777777777	3.91304347826087
10-100 kb	Housekeeping	KPNA4	0.0	0.4888888888888889	0.0
10-100 kb	Housekeeping	NMD3	0.5	0.4111111111111111	1.2162162162162162
10-100 kb	Housekeeping	SEC62	0.25	0.7055555555555556	0.3543307086614173
10-100 kb	Housekeeping	MRPL47	1.25	0.8111111111111111	1.5410958904109588
10-100 kb	Housekeeping	PSMD2	1.0	0.9	1.1111111111111112
10-100 kb	Housekeeping	MAGEF1	0.25	0.5611111111111111	0.44554455445544555
10-100 kb	Housekeeping	TMEM41A	0.5	1.0611111111111111	0.4712041884816754
10-100 kb	Housekeeping	SENP2	1.75	1.05	1.6666666666666665
10-100 kb	Housekeeping	DNAJB11	1.0	0.4222222222222222	2.3684210526315788
10-100 kb	Housekeeping	CCDC50	0.25	0.37777777777777777	0.6617647058823529
10-100 kb	Housekeeping	LSG1	0.75	0.7333333333333333	1.0227272727272727
10-100 kb	Housekeeping	RNF168	1.75	1.3722222222222222	1.2753036437246963
10-100 kb	Housekeeping	SENP5	1.5	1.0944444444444446	1.3705583756345177
10-100 kb	Housekeeping	NCBP2	1.0	0.9166666666666666	1.090909090909091
10-100 kb	Housekeeping	RPL35A	1.25	1.011111111111111	1.2362637362637363
10-100 kb	Housekeeping	ATP5ME	0.75	0.5388888888888889	1.3917525773195878
10-100 kb	Housekeeping	PCGF3	0.0	0.55	0.0
10-100 kb	Housekeeping	MAEA	0.25	0.35555555555555557	0.703125
10-100 kb	Housekeeping	ADD1	0.75	0.7111111111111111	1.0546875
10-100 kb	Housekeeping	NOP14	0.0	0.9222222222222223	0.0
10-100 kb	Housekeeping	LRPAP1	0.25	0.2611111111111111	0.9574468085106382
10-100 kb	Housekeeping	MRFAP1	0.75	0.6111111111111112	1.227272727272727
10-100 kb	Housekeeping	MRFAP1L1	0.0	0.7722222222222223	0.0
10-100 kb	Housekeeping	BLOC1S4	0.75	0.7666666666666667	0.9782608695652173
10-100 kb	Housekeeping	TADA2B	0.5	0.6	0.8333333333333334
10-100 kb	Housekeeping	GRPEL1	0.5	0.5333333333333333	0.9375
10-100 kb	Housekeeping	FBXL5	0.25	0.45555555555555555	0.5487804878048781
10-100 kb	Housekeeping	TAPT1	0.25	0.2611111111111111	0.9574468085106382
10-100 kb	Housekeeping	MED28	1.25	0.8555555555555555	1.4610389610389611
10-100 kb	Housekeeping	DHX15	0.5	0.4888888888888889	1.0227272727272727
10-100 kb	Housekeeping	RPL9	0.75	1.3444444444444446	0.5578512396694214
10-100 kb	Housekeeping	UBE2K	0.75	1.7	0.4411764705882353
10-100 kb	Housekeeping	PDS5A	0.75	1.8888888888888888	0.3970588235294118
10-100 kb	Housekeeping	SLC30A9	0.5	0.49444444444444446	1.0112359550561798
10-100 kb	Housekeeping	YTHDC1	0.75	0.4111111111111111	1.8243243243243243
10-100 kb	Housekeeping	UTP3	0.5	0.8055555555555556	0.6206896551724138
10-100 kb	Housekeeping	CCNI	0.25	0.5555555555555556	0.44999999999999996
10-100 kb	Housekeeping	HNRNPDL	0.5	0.9388888888888889	0.5325443786982249
10-100 kb	Housekeeping	COPS4	1.25	1.0888888888888888	1.1479591836734695
10-100 kb	Housekeeping	MRPS18C	0.5	0.9722222222222222	0.5142857142857143
10-100 kb	Housekeeping	NUDT9	0.75	0.65	1.1538461538461537
10-100 kb	Housekeeping	PYURF	0.25	0.5888888888888889	0.4245283018867924
10-100 kb	Housekeeping	UBE2D3	0.5	0.5611111111111111	0.8910891089108911
10-100 kb	Housekeeping	BDH2	0.0	0.29444444444444445	0.0
10-100 kb	Housekeeping	INTS12	0.0	0.2111111111111111	0.0
10-100 kb	Housekeeping	RPL34	0.25	0.6444444444444445	0.3879310344827586
10-100 kb	Housekeeping	OSTC	0.0	0.7111111111111111	0.0
10-100 kb	Housekeeping	SEC24B	0.0	0.6277777777777778	0.0
10-100 kb	Housekeeping	C4orf3	1.0	0.2833333333333333	3.5294117647058822
10-100 kb	Housekeeping	PGRMC2	0.0	0.4	0.0
10-100 kb	Housekeeping	ZNF330	0.0	0.2222222222222222	0.0
10-100 kb	Housekeeping	SMARCA5	0.5	0.3111111111111111	1.6071428571428572
10-100 kb	Housekeeping	OTUD4	0.25	0.5055555555555555	0.4945054945054945
10-100 kb	Housekeeping	TMEM184C	0.75	0.7777777777777778	0.9642857142857143
10-100 kb	Housekeeping	RPS3A	1.25	1.4333333333333333	0.872093023255814
10-100 kb	Housekeeping	PPID	0.5	0.6222222222222222	0.8035714285714286
10-100 kb	Housekeeping	CBR4	0.5	0.6333333333333333	0.7894736842105263
10-100 kb	Housekeeping	HPF1	0.25	0.4666666666666667	0.5357142857142857
10-100 kb	Housekeeping	HMGB2	0.0	0.3388888888888889	0.0
10-100 kb	Housekeeping	SPCS3	0.0	0.29444444444444445	0.0
10-100 kb	Housekeeping	DCTD	0.0	0.5	0.0
10-100 kb	Housekeeping	IRF2	0.75	0.5	1.5
10-100 kb	Housekeeping	PDCD6	0.5	0.3055555555555556	1.6363636363636362
10-100 kb	Housekeeping	PDCD6-AHRR	0.5	0.3055555555555556	1.6363636363636362
10-100 kb	Housekeeping	CLPTM1L	0.25	0.2722222222222222	0.9183673469387756
10-100 kb	Housekeeping	MRPL36	0.0	0.18888888888888888	0.0
10-100 kb	Housekeeping	MED10	0.25	0.20555555555555555	1.2162162162162162
10-100 kb	Housekeeping	TENT4A	0.0	0.32222222222222224	0.0
10-100 kb	Housekeeping	DAP	0.25	0.13333333333333333	1.875
10-100 kb	Housekeeping	ZNF622	0.25	0.29444444444444445	0.8490566037735848
10-100 kb	Housekeeping	GOLPH3	1.25	0.9888888888888889	1.2640449438202246
10-100 kb	Housekeeping	SUB1	1.75	0.85	2.058823529411765
10-100 kb	Housekeeping	PRKAA1	0.0	0.7888888888888889	0.0
10-100 kb	Housekeeping	RPL37	0.75	0.8555555555555555	0.8766233766233766
10-100 kb	Housekeeping	PAIP1	0.25	0.4	0.625
10-100 kb	Housekeeping	MRPS30	0.0	0.16666666666666666	0.0
10-100 kb	Housekeeping	DHX29	0.0	0.5722222222222222	0.0
10-100 kb	Housekeeping	MTREX	0.0	0.5777777777777777	0.0
10-100 kb	Housekeeping	GPBP1	0.25	1.4	0.17857142857142858
10-100 kb	Housekeeping	DIMT1	0.75	0.9166666666666666	0.8181818181818182
10-100 kb	Housekeeping	SLC30A5	1.25	1.1888888888888889	1.0514018691588785
10-100 kb	Housekeeping	TAF9	0.25	1.6055555555555556	0.15570934256055363
10-100 kb	Housekeeping	BTF3	0.5	0.6055555555555555	0.8256880733944955
10-100 kb	Housekeeping	NSA2	0.75	0.5833333333333334	1.2857142857142856
10-100 kb	Housekeeping	TBCA	0.25	0.43333333333333335	0.5769230769230769
10-100 kb	Housekeeping	TMEM167A	0.25	0.2611111111111111	0.9574468085106382
10-100 kb	Housekeeping	COX7C	0.5	0.1388888888888889	3.5999999999999996
10-100 kb	Housekeeping	FAM174A	0.0	0.16111111111111112	0.0
10-100 kb	Housekeeping	SRP19	0.5	0.8388888888888889	0.5960264900662251
10-100 kb	Housekeeping	REEP5	0.25	0.9277777777777778	0.2694610778443114
10-100 kb	Housekeeping	TMED7-TICAM2	0.25	0.21666666666666667	1.1538461538461537
10-100 kb	Housekeeping	TMED7	0.5	0.20555555555555555	2.4324324324324325
10-100 kb	Housekeeping	HSPA4	0.5	1.288888888888889	0.3879310344827586
10-100 kb	Housekeeping	C5orf15	0.5	0.7777777777777778	0.6428571428571428
10-100 kb	Housekeeping	VDAC1	0.75	0.8722222222222222	0.8598726114649682
10-100 kb	Housekeeping	SKP1	0.25	0.8277777777777777	0.30201342281879195
10-100 kb	Housekeeping	UBE2B	0.25	1.1944444444444444	0.20930232558139536
10-100 kb	Housekeeping	CDKN2AIPNL	0.75	1.2055555555555555	0.6221198156682028
10-100 kb	Housekeeping	HNRNPA0	0.5	0.35555555555555557	1.40625
10-100 kb	Housekeeping	CDC23	1.5	1.3777777777777778	1.0887096774193548
10-100 kb	Housekeeping	FAM53C	0.75	1.35	0.5555555555555555
10-100 kb	Housekeeping	ETF1	0.25	1.1166666666666667	0.22388059701492538
10-100 kb	Housekeeping	HSPA9	1.0	1.1111111111111112	0.8999999999999999
10-100 kb	Housekeeping	PAIP2	0.75	1.0944444444444446	0.6852791878172588
10-100 kb	Housekeeping	UBE2D2	0.25	1.5722222222222222	0.15901060070671377
10-100 kb	Housekeeping	PFDN1	0.5	0.9333333333333333	0.5357142857142857
10-100 kb	Housekeeping	ANKHD1-EIF4EBP3	1.0	1.011111111111111	0.989010989010989
10-100 kb	Housekeeping	EIF4EBP3	1.0	0.8555555555555555	1.168831168831169
10-100 kb	Housekeeping	SLC35A4	0.25	0.9388888888888889	0.26627218934911245
10-100 kb	Housekeeping	IK	0.5	0.9555555555555556	0.5232558139534883
10-100 kb	Housekeeping	WDR55	2.0	0.9722222222222222	2.0571428571428574
10-100 kb	Housekeeping	ZMAT2	0.25	0.9333333333333333	0.26785714285714285
10-100 kb	Housekeeping	TAF7	0.25	0.40555555555555556	0.6164383561643836
10-100 kb	Housekeeping	DELE1	1.25	0.5611111111111111	2.227722772277228
10-100 kb	Housekeeping	CSNK1A1	0.5	1.05	0.47619047619047616
10-100 kb	Housekeeping	HMGXB3	0.25	0.6611111111111111	0.37815126050420167
10-100 kb	Housekeeping	RPS14	1.0	0.8055555555555556	1.2413793103448276
10-100 kb	Housekeeping	DCTN4	0.0	0.5111111111111111	0.0
10-100 kb	Housekeeping	G3BP1	0.5	0.6833333333333333	0.7317073170731707
10-100 kb	Housekeeping	ATOX1	0.0	0.7055555555555556	0.0
10-100 kb	Housekeeping	LARP1	0.75	1.1722222222222223	0.6398104265402843
10-100 kb	Housekeeping	MRPL22	1.0	0.8833333333333333	1.1320754716981132
10-100 kb	Housekeeping	TTC1	1.0	0.7833333333333333	1.2765957446808511
10-100 kb	Housekeeping	SLU7	0.0	0.5	0.0
10-100 kb	Housekeeping	PANK3	0.5	0.7777777777777778	0.6428571428571428
10-100 kb	Housekeeping	NPM1	1.0	0.75	1.3333333333333333
10-100 kb	Housekeeping	ERGIC1	0.25	0.5888888888888889	0.4245283018867924
10-100 kb	Housekeeping	ATP6V0E1	1.0	1.038888888888889	0.9625668449197861
10-100 kb	Housekeeping	BOD1	0.25	0.22777777777777777	1.0975609756097562
10-100 kb	Housekeeping	HIGD2A	1.0	1.1611111111111112	0.8612440191387559
10-100 kb	Housekeeping	FAF2	1.25	1.0944444444444446	1.1421319796954315
10-100 kb	Housekeeping	RNF44	0.25	1.1388888888888888	0.21951219512195122
10-100 kb	Housekeeping	LMAN2	0.75	0.7333333333333333	1.0227272727272727
10-100 kb	Housekeeping	TMED9	0.5	0.6444444444444445	0.7758620689655172
10-100 kb	Housekeeping	B4GALT7	0.75	0.7111111111111111	1.0546875
10-100 kb	Housekeeping	HNRNPAB	1.0	0.8944444444444445	1.1180124223602483
10-100 kb	Housekeeping	MAML1	0.5	1.5333333333333334	0.32608695652173914
10-100 kb	Housekeeping	RACK1	1.0	0.8722222222222222	1.1464968152866242
10-100 kb	Housekeeping	DUSP22	0.25	0.26666666666666666	0.9375
10-100 kb	Housekeeping	WRNIP1	0.5	0.4222222222222222	1.1842105263157894
10-100 kb	Housekeeping	TMEM14C	0.5	0.95	0.5263157894736842
10-100 kb	Housekeeping	TMEM14B	0.25	0.9833333333333333	0.2542372881355932
10-100 kb	Housekeeping	NOL7	0.25	0.5333333333333333	0.46875
10-100 kb	Housekeeping	RANBP9	0.25	0.8333333333333334	0.3
10-100 kb	Housekeeping	FAM8A1	0.75	0.95	0.7894736842105263
10-100 kb	Housekeeping	NUP153	0.75	1.1333333333333333	0.6617647058823529
10-100 kb	Housekeeping	DEK	0.25	0.9611111111111111	0.26011560693641617
10-100 kb	Housekeeping	C6orf62	0.5	0.75	0.6666666666666666
10-100 kb	Housekeeping	HMGN4	0.5	0.7166666666666667	0.6976744186046512
10-100 kb	Housekeeping	PPP1R11	0.0	0.32222222222222224	0.0
10-100 kb	Housekeeping	HLA-E	1.0	0.7111111111111111	1.40625
10-100 kb	Housekeeping	PPP1R10	0.75	1.15	0.6521739130434783
10-100 kb	Housekeeping	HLA-C	0.0	0.5277777777777778	0.0
10-100 kb	Housekeeping	BAG6	1.0	1.0277777777777777	0.972972972972973
10-100 kb	Housekeeping	C6orf47	0.25	1.0833333333333333	0.23076923076923078
10-100 kb	Housekeeping	LSM2	2.25	1.1166666666666667	2.014925373134328
10-100 kb	Housekeeping	ATF6B	0.25	0.5833333333333334	0.42857142857142855
10-100 kb	Housekeeping	AGPAT1	0.0	0.8111111111111111	0.0
10-100 kb	Housekeeping	PBX2	0.0	0.8	0.0
10-100 kb	Housekeeping	SLC39A7	0.25	0.7333333333333333	0.34090909090909094
10-100 kb	Housekeeping	RXRB	0.25	0.7333333333333333	0.34090909090909094
10-100 kb	Housekeeping	RING1	0.25	0.7833333333333333	0.3191489361702128
10-100 kb	Housekeeping	VPS52	1.0	1.0722222222222222	0.9326424870466321
10-100 kb	Housekeeping	RPS18	1.0	1.0722222222222222	0.9326424870466321
10-100 kb	Housekeeping	WDR46	0.0	1.2666666666666666	0.0
10-100 kb	Housekeeping	TAPBP	0.0	1.3444444444444446	0.0
10-100 kb	Housekeeping	PHF1	0.75	1.1888888888888889	0.6308411214953271
10-100 kb	Housekeeping	CUTA	0.0	1.261111111111111	0.0
10-100 kb	Housekeeping	LEMD2	0.0	0.25	0.0
10-100 kb	Housekeeping	RPS10	1.75	1.1944444444444444	1.4651162790697674
10-100 kb	Housekeeping	RPS10-NUDT3	1.75	1.1944444444444444	1.4651162790697674
10-100 kb	Housekeeping	SNRPC	1.75	1.5666666666666667	1.1170212765957448
10-100 kb	Housekeeping	TAF11	0.5	0.9555555555555556	0.5232558139534883
10-100 kb	Housekeeping	ANKS1A	0.5	0.9611111111111111	0.5202312138728323
10-100 kb	Housekeeping	RPL10A	0.5	0.9888888888888889	0.5056179775280899
10-100 kb	Housekeeping	KCTD20	0.25	1.0722222222222222	0.23316062176165803
10-100 kb	Housekeeping	STK38	0.75	1.288888888888889	0.5818965517241379
10-100 kb	Housekeeping	SRSF3	1.0	1.1388888888888888	0.8780487804878049
10-100 kb	Housekeeping	C6orf89	0.5	0.6222222222222222	0.8035714285714286
10-100 kb	Housekeeping	MTCH1	0.0	0.7944444444444444	0.0
10-100 kb	Housekeeping	TBC1D22B	0.25	1.0333333333333334	0.24193548387096772
10-100 kb	Housekeeping	CMTR1	0.5	0.6444444444444445	0.7758620689655172
10-100 kb	Housekeeping	ZFAND3	0.25	0.8333333333333334	0.3
10-100 kb	Housekeeping	TOMM6	0.75	0.8611111111111112	0.8709677419354839
10-100 kb	Housekeeping	MRPS10	1.5	0.7611111111111111	1.9708029197080292
10-100 kb	Housekeeping	RPL7L1	1.75	1.4666666666666666	1.1931818181818183
10-100 kb	Housekeeping	MEA1	0.5	1.2944444444444445	0.38626609442060084
10-100 kb	Housekeeping	RRP36	1.75	1.2	1.4583333333333335
10-100 kb	Housekeeping	DNPH1	1.5	0.8111111111111111	1.8493150684931507
10-100 kb	Housekeeping	YIPF3	0.5	1.1277777777777778	0.4433497536945813
10-100 kb	Housekeeping	MAD2L1BP	1.0	1.2055555555555555	0.8294930875576038
10-100 kb	Housekeeping	MRPS18A	0.5	0.9166666666666666	0.5454545454545455
10-100 kb	Housekeeping	MRPL14	0.5	0.7388888888888889	0.6766917293233082
10-100 kb	Housekeeping	HSP90AB1	0.5	0.7222222222222222	0.6923076923076923
10-100 kb	Housekeeping	CDC5L	0.0	0.5888888888888889	0.0
10-100 kb	Housekeeping	MCM3	0.0	0.6	0.0
10-100 kb	Housekeeping	SMAP1	0.25	0.6722222222222223	0.371900826446281
10-100 kb	Housekeeping	EEF1A1	1.25	1.7833333333333334	0.7009345794392523
10-100 kb	Housekeeping	TMEM30A	0.25	0.38333333333333336	0.6521739130434783
10-100 kb	Housekeeping	HMGN3	0.0	0.18333333333333332	0.0
10-100 kb	Housekeeping	AKIRIN2	0.5	0.9944444444444445	0.5027932960893855
10-100 kb	Housekeeping	UBE2J1	0.75	0.6888888888888889	1.0887096774193548
10-100 kb	Housekeeping	UFL1	0.0	0.12777777777777777	0.0
10-100 kb	Housekeeping	PNISR	0.25	0.7277777777777777	0.3435114503816794
10-100 kb	Housekeeping	PREP	0.25	0.32222222222222224	0.7758620689655172
10-100 kb	Housekeeping	SNX3	1.25	1.0944444444444446	1.1421319796954315
10-100 kb	Housekeeping	GTF3C6	1.5	1.4666666666666666	1.0227272727272727
10-100 kb	Housekeeping	TSPYL1	0.25	0.22777777777777777	1.0975609756097562
10-100 kb	Housekeeping	SERINC1	0.75	0.2388888888888889	3.13953488372093
10-100 kb	Housekeeping	HDDC2	0.25	0.2	1.25
10-100 kb	Housekeeping	HINT3	0.0	0.35555555555555557	0.0
10-100 kb	Housekeeping	RPS12	0.5	0.5944444444444444	0.8411214953271028
10-100 kb	Housekeeping	LTV1	0.5	0.46111111111111114	1.0843373493975903
10-100 kb	Housekeeping	SF3B5	0.75	0.45	1.6666666666666665
10-100 kb	Housekeeping	PPIL4	1.0	1.1833333333333333	0.8450704225352113
10-100 kb	Housekeeping	GINM1	1.0	1.1444444444444444	0.8737864077669903
10-100 kb	Housekeeping	PCMT1	1.0	1.3055555555555556	0.7659574468085106
10-100 kb	Housekeeping	SNX9	0.25	0.4388888888888889	0.569620253164557
10-100 kb	Housekeeping	DYNLT1	0.5	0.8166666666666667	0.6122448979591837
10-100 kb	Housekeeping	WTAP	1.0	0.7	1.4285714285714286
10-100 kb	Housekeeping	MRPL18	0.5	0.7555555555555555	0.6617647058823529
10-100 kb	Housekeeping	SFT2D1	0.75	0.4	1.875
10-100 kb	Housekeeping	C6orf120	0.0	0.2722222222222222	0.0
10-100 kb	Housekeeping	PHF10	0.25	0.2222222222222222	1.125
10-100 kb	Housekeeping	MAFK	1.0	0.6722222222222223	1.487603305785124
10-100 kb	Housekeeping	PSMG3	1.25	0.7333333333333333	1.7045454545454546
10-100 kb	Housekeeping	EIF3B	1.5	1.6	0.9375
10-100 kb	Housekeeping	RNF216	2.0	1.4777777777777779	1.3533834586466165
10-100 kb	Housekeeping	CCZ1	1.75	1.8722222222222222	0.9347181008902077
10-100 kb	Housekeeping	FAM220A	2.5	1.8222222222222222	1.3719512195121952
10-100 kb	Housekeeping	KDELR2	2.25	1.65	1.3636363636363638
10-100 kb	Housekeeping	NDUFA4	0.0	0.49444444444444446	0.0
10-100 kb	Housekeeping	TOMM7	1.0	0.6055555555555555	1.651376146788991
10-100 kb	Housekeeping	TRA2A	1.25	1.3388888888888888	0.9336099585062241
10-100 kb	Housekeeping	CYCS	0.25	0.6388888888888888	0.391304347826087
10-100 kb	Housekeeping	CBX3	0.0	1.0055555555555555	0.0
10-100 kb	Housekeeping	TAX1BP1	0.75	0.6222222222222222	1.2053571428571428
10-100 kb	Housekeeping	KBTBD2	1.0	0.8277777777777777	1.2080536912751678
10-100 kb	Housekeeping	RP9	0.75	0.7	1.0714285714285714
10-100 kb	Housekeeping	HERPUD2	0.5	0.39444444444444443	1.267605633802817
10-100 kb	Housekeeping	PSMA2	0.75	0.34444444444444444	2.1774193548387095
10-100 kb	Housekeeping	MRPL32	0.75	0.34444444444444444	2.1774193548387095
10-100 kb	Housekeeping	MRPS24	0.0	1.0222222222222221	0.0
10-100 kb	Housekeeping	URGCP-MRPS24	0.5	1.1	0.45454545454545453
10-100 kb	Housekeeping	POLD2	1.0	0.48333333333333334	2.0689655172413794
10-100 kb	Housekeeping	YKT6	0.0	0.2388888888888889	0.0
10-100 kb	Housekeeping	TMED4	1.5	1.0722222222222222	1.3989637305699483
10-100 kb	Housekeeping	PPIA	1.0	1.4	0.7142857142857143
10-100 kb	Housekeeping	PURB	0.5	1.4277777777777778	0.35019455252918286
10-100 kb	Housekeeping	MRPS17	1.75	1.55	1.129032258064516
10-100 kb	Housekeeping	CCT6A	1.5	1.6111111111111112	0.9310344827586207
10-100 kb	Housekeeping	CHCHD2	1.0	1.4	0.7142857142857143
10-100 kb	Housekeeping	TMEM248	1.5	1.5666666666666667	0.9574468085106383
10-100 kb	Housekeeping	RHBDD2	1.75	1.8611111111111112	0.9402985074626865
10-100 kb	Housekeeping	PTPN12	0.75	0.9	0.8333333333333333
10-100 kb	Housekeeping	TMEM60	0.0	0.9222222222222223	0.0
10-100 kb	Housekeeping	GATAD1	0.25	0.5333333333333333	0.46875
10-100 kb	Housekeeping	SEM1	0.25	0.15555555555555556	1.6071428571428572
10-100 kb	Housekeeping	TECPR1	0.75	0.9666666666666667	0.7758620689655172
10-100 kb	Housekeeping	BRI3	1.0	0.9722222222222222	1.0285714285714287
10-100 kb	Housekeeping	ARPC1A	1.25	1.3833333333333333	0.9036144578313253
10-100 kb	Housekeeping	PDAP1	0.25	1.5	0.16666666666666666
10-100 kb	Housekeeping	BUD31	0.25	1.5	0.16666666666666666
10-100 kb	Housekeeping	ATP5MF	2.25	1.3722222222222222	1.639676113360324
10-100 kb	Housekeeping	ATP5MF-PTCD1	2.25	1.3722222222222222	1.639676113360324
10-100 kb	Housekeeping	ZKSCAN1	1.0	1.1222222222222222	0.8910891089108911
10-100 kb	Housekeeping	COPS6	1.0	1.5055555555555555	0.6642066420664207
10-100 kb	Housekeeping	LAMTOR4	1.75	1.3388888888888888	1.3070539419087137
10-100 kb	Housekeeping	MEPCE	0.75	1.4666666666666666	0.5113636363636364
10-100 kb	Housekeeping	TSC22D4	1.75	1.4111111111111112	1.2401574803149606
10-100 kb	Housekeeping	LRCH4	0.75	1.4777777777777779	0.5075187969924811
10-100 kb	Housekeeping	POP7	1.5	1.5944444444444446	0.940766550522648
10-100 kb	Housekeeping	ZNHIT1	1.0	1.5777777777777777	0.6338028169014085
10-100 kb	Housekeeping	PLOD3	1.0	1.5722222222222222	0.6360424028268551
10-100 kb	Housekeeping	FIS1	1.75	1.6388888888888888	1.0677966101694916
10-100 kb	Housekeeping	POLR2J	1.25	1.6222222222222222	0.7705479452054794
10-100 kb	Housekeeping	SYPL1	0.5	0.4722222222222222	1.0588235294117647
10-100 kb	Housekeeping	DNAJB9	0.25	0.31666666666666665	0.7894736842105263
10-100 kb	Housekeeping	IFRD1	0.25	0.38333333333333336	0.6521739130434783
10-100 kb	Housekeeping	WASL	0.0	0.34444444444444444	0.0
10-100 kb	Housekeeping	ARF5	0.25	0.4444444444444444	0.5625
10-100 kb	Housekeeping	ATP6V1F	1.25	0.45	2.7777777777777777
10-100 kb	Housekeeping	KLHDC10	0.75	1.3444444444444446	0.5578512396694214
10-100 kb	Housekeeping	BPGM	0.75	0.28888888888888886	2.5961538461538463
10-100 kb	Housekeeping	MTPN	0.25	0.3888888888888889	0.6428571428571428
10-100 kb	Housekeeping	MKRN1	1.25	1.7	0.7352941176470589
10-100 kb	Housekeeping	NDUFB2	1.0	0.8722222222222222	1.1464968152866242
10-100 kb	Housekeeping	SSBP1	0.25	0.25	1.0
10-100 kb	Housekeeping	GSTK1	0.25	0.55	0.45454545454545453
10-100 kb	Housekeeping	ZYX	0.0	0.4888888888888889	0.0
10-100 kb	Housekeeping	TCAF1	0.25	0.2388888888888889	1.0465116279069766
10-100 kb	Housekeeping	CUL1	0.0	0.6555555555555556	0.0
10-100 kb	Housekeeping	ZNF777	0.25	0.46111111111111114	0.5421686746987951
10-100 kb	Housekeeping	AGAP3	0.25	0.4722222222222222	0.5294117647058824
10-100 kb	Housekeeping	ABCF2-H2BK1	0.5	0.45	1.1111111111111112
10-100 kb	Housekeeping	ABCF2	0.5	0.45	1.1111111111111112
10-100 kb	Housekeeping	RHEB	0.5	0.6888888888888889	0.7258064516129032
10-100 kb	Housekeeping	GALNT11	0.25	0.6277777777777778	0.39823008849557523
10-100 kb	Housekeeping	DNAJB6	1.75	1.0	1.75
10-100 kb	Housekeeping	ESYT2	0.25	0.7	0.35714285714285715
10-100 kb	Housekeeping	TNKS	0.25	0.5833333333333334	0.42857142857142855
10-100 kb	Housekeeping	CTSB	1.25	0.7555555555555555	1.6544117647058825
10-100 kb	Housekeeping	CNOT7	0.25	0.31666666666666665	0.7894736842105263
10-100 kb	Housekeeping	INTS10	0.5	0.40555555555555556	1.2328767123287672
10-100 kb	Housekeeping	CCAR2	0.0	0.4166666666666667	0.0
10-100 kb	Housekeeping	R3HCC1	1.25	0.5666666666666667	2.2058823529411766
10-100 kb	Housekeeping	ENTPD4	0.25	0.5666666666666667	0.4411764705882353
10-100 kb	Housekeeping	KCTD9	0.0	0.6388888888888888	0.0
10-100 kb	Housekeeping	BNIP3L	0.5	0.65	0.7692307692307692
10-100 kb	Housekeeping	ZNF395	0.5	0.9111111111111111	0.5487804878048781
10-100 kb	Housekeeping	SARAF	0.5	0.9333333333333333	0.5357142857142857
10-100 kb	Housekeeping	DCTN6	0.75	1.011111111111111	0.7417582417582418
10-100 kb	Housekeeping	PPP2CB	0.75	1.1277777777777778	0.6650246305418719
10-100 kb	Housekeeping	BRF2	1.25	1.0777777777777777	1.1597938144329898
10-100 kb	Housekeeping	LSM1	0.75	1.4111111111111112	0.5314960629921259
10-100 kb	Housekeeping	GPAT4	0.75	0.7166666666666667	1.0465116279069768
10-100 kb	Housekeeping	VDAC3	0.75	0.9333333333333333	0.8035714285714286
10-100 kb	Housekeeping	SMIM19	0.5	1.1166666666666667	0.44776119402985076
10-100 kb	Housekeeping	MRPL15	0.75	0.9888888888888889	0.7584269662921348
10-100 kb	Housekeeping	SDCBP	0.0	0.37222222222222223	0.0
10-100 kb	Housekeeping	ARMC1	1.75	1.0166666666666666	1.7213114754098362
10-100 kb	Housekeeping	COPS5	1.0	0.8722222222222222	1.1464968152866242
10-100 kb	Housekeeping	TRAM1	0.25	0.5555555555555556	0.44999999999999996
10-100 kb	Housekeeping	RPL7	0.0	0.4666666666666667	0.0
10-100 kb	Housekeeping	MRPS28	0.75	0.4444444444444444	1.6875
10-100 kb	Housekeeping	RMDN1	0.75	0.45555555555555555	1.6463414634146343
10-100 kb	Housekeeping	UQCRB	0.5	0.3277777777777778	1.5254237288135593
10-100 kb	Housekeeping	MTDH	0.75	1.2166666666666666	0.6164383561643836
10-100 kb	Housekeeping	RPL30	1.0	0.95	1.0526315789473684
10-100 kb	Housekeeping	POLR2K	0.5	0.6388888888888888	0.782608695652174
10-100 kb	Housekeeping	RNF19A	0.25	0.4666666666666667	0.5357142857142857
10-100 kb	Housekeeping	PABPC1	0.5	1.0833333333333333	0.46153846153846156
10-100 kb	Housekeeping	YWHAZ	0.25	0.7666666666666667	0.32608695652173914
10-100 kb	Housekeeping	ZNF706	0.25	0.3888888888888889	0.6428571428571428
10-100 kb	Housekeeping	AZIN1	1.0	0.9666666666666667	1.0344827586206897
10-100 kb	Housekeeping	EIF3E	0.0	0.34444444444444444	0.0
10-100 kb	Housekeeping	EMC2	0.0	0.34444444444444444	0.0
10-100 kb	Housekeeping	EBAG9	0.25	0.22777777777777777	1.0975609756097562
10-100 kb	Housekeeping	EIF3H	0.5	0.35555555555555557	1.40625
10-100 kb	Housekeeping	DERL1	0.5	0.6333333333333333	0.7894736842105263
10-100 kb	Housekeeping	RNF139	0.0	0.8	0.0
10-100 kb	Housekeeping	NDUFB9	0.25	0.6777777777777778	0.3688524590163934
10-100 kb	Housekeeping	LY6E	0.0	0.5888888888888889	0.0
10-100 kb	Housekeeping	ZC3H3	1.0	0.5611111111111111	1.7821782178217822
10-100 kb	Housekeeping	EEF1D	0.0	0.7888888888888889	0.0
10-100 kb	Housekeeping	GRINA	0.5	0.6722222222222223	0.743801652892562
10-100 kb	Housekeeping	EXOSC4	0.5	0.9888888888888889	0.5056179775280899
10-100 kb	Housekeeping	CYC1	1.0	0.9888888888888889	1.0112359550561798
10-100 kb	Housekeeping	MAF1	0.25	1.0444444444444445	0.23936170212765956
10-100 kb	Housekeeping	SHARPIN	0.0	1.0777777777777777	0.0
10-100 kb	Housekeeping	HSF1	0.75	0.8388888888888889	0.8940397350993378
10-100 kb	Housekeeping	VPS28	0.5	0.6722222222222223	0.743801652892562
10-100 kb	Housekeeping	LRRC14	0.0	0.7333333333333333	0.0
10-100 kb	Housekeeping	ZNF251	0.75	0.9777777777777777	0.7670454545454546
10-100 kb	Housekeeping	RPL8	0.25	1.0	0.25
10-100 kb	Housekeeping	CDC37L1	0.25	0.6944444444444444	0.36
10-100 kb	Housekeeping	AK3	0.75	0.7666666666666667	0.9782608695652173
10-100 kb	Housekeeping	DMAC1	0.25	0.12222222222222222	2.0454545454545454
10-100 kb	Housekeeping	RRAGA	0.5	1.0055555555555555	0.4972375690607735
10-100 kb	Housekeeping	RPS6	0.75	0.8277777777777777	0.9060402684563759
10-100 kb	Housekeeping	NDUFB6	0.0	0.5277777777777778	0.0
10-100 kb	Housekeeping	DNAJA1	0.75	0.7777777777777778	0.9642857142857143
10-100 kb	Housekeeping	SMU1	1.75	0.7222222222222222	2.423076923076923
10-100 kb	Housekeeping	BAG1	0.25	0.9	0.2777777777777778
10-100 kb	Housekeeping	CHMP5	0.25	0.9	0.2777777777777778
10-100 kb	Housekeeping	NFX1	0.5	0.9055555555555556	0.5521472392638037
10-100 kb	Housekeeping	UBE2R2	0.5	1.0944444444444446	0.45685279187817257
10-100 kb	Housekeeping	DCAF12	1.25	1.961111111111111	0.6373937677053825
10-100 kb	Housekeeping	DCTN3	0.0	0.5	0.0
10-100 kb	Housekeeping	STOML2	0.0	0.8555555555555555	0.0
10-100 kb	Housekeeping	CREB3	0.5	0.5777777777777777	0.8653846153846154
10-100 kb	Housekeeping	RGP1	0.0	0.5444444444444444	0.0
10-100 kb	Housekeeping	HINT2	0.25	0.45555555555555555	0.5487804878048781
10-100 kb	Housekeeping	CLTA	0.0	1.0277777777777777	0.0
10-100 kb	Housekeeping	GRHPR	1.0	0.8111111111111111	1.2328767123287672
10-100 kb	Housekeeping	POLR1E	0.5	0.9166666666666666	0.5454545454545455
10-100 kb	Housekeeping	TOMM5	1.25	0.6277777777777778	1.991150442477876
10-100 kb	Housekeeping	UBQLN1	0.0	0.6722222222222223	0.0
10-100 kb	Housekeeping	NINJ1	0.25	0.6333333333333333	0.39473684210526316
10-100 kb	Housekeeping	MFSD14B	1.0	0.9333333333333333	1.0714285714285714
10-100 kb	Housekeeping	HABP4	0.25	1.15	0.2173913043478261
10-100 kb	Housekeeping	NCBP1	0.75	0.4388888888888889	1.7088607594936709
10-100 kb	Housekeeping	ANP32B	0.0	0.9166666666666666	0.0
10-100 kb	Housekeeping	SEC61B	0.5	0.29444444444444445	1.6981132075471697
10-100 kb	Housekeeping	ERP44	0.0	0.4444444444444444	0.0
10-100 kb	Housekeeping	RNF20	0.5	0.18333333333333332	2.7272727272727275
10-100 kb	Housekeeping	RAD23B	0.25	0.55	0.45454545454545453
10-100 kb	Housekeeping	TMEM245	0.25	0.7	0.35714285714285715
10-100 kb	Housekeeping	DNAJC25-GNG10	0.25	0.8222222222222222	0.30405405405405406
10-100 kb	Housekeeping	GNG10	0.25	0.7333333333333333	0.34090909090909094
10-100 kb	Housekeeping	CDC26	0.75	0.8055555555555556	0.9310344827586207
10-100 kb	Housekeeping	POLE3	0.75	0.7222222222222222	1.0384615384615385
10-100 kb	Housekeeping	ATP6V1G1	0.5	0.8166666666666667	0.6122448979591837
10-100 kb	Housekeeping	FBXW2	0.5	0.7666666666666667	0.6521739130434783
10-100 kb	Housekeeping	PSMD5	0.75	0.7055555555555556	1.0629921259842519
10-100 kb	Housekeeping	RAB14	0.75	0.40555555555555556	1.8493150684931507
10-100 kb	Housekeeping	RC3H2	0.5	0.9555555555555556	0.5232558139534883
10-100 kb	Housekeeping	RABGAP1	0.75	0.7555555555555555	0.9926470588235294
10-100 kb	Housekeeping	PSMB7	0.5	0.4388888888888889	1.139240506329114
10-100 kb	Housekeeping	RPL35	1.0	1.1	0.9090909090909091
10-100 kb	Housekeeping	PPP6C	1.75	1.6444444444444444	1.0641891891891893
10-100 kb	Housekeeping	PTGES2	0.5	1.3111111111111111	0.3813559322033898
10-100 kb	Housekeeping	URM1	1.0	1.5444444444444445	0.6474820143884892
10-100 kb	Housekeeping	ZER1	2.0	1.6	1.25
10-100 kb	Housekeeping	NTMT1	0.25	0.9666666666666667	0.25862068965517243
10-100 kb	Housekeeping	TOR1B	1.5	1.0777777777777777	1.3917525773195878
10-100 kb	Housekeeping	C9orf78	0.0	1.1777777777777778	0.0
10-100 kb	Housekeeping	FUBP3	0.5	1.0333333333333334	0.48387096774193544
10-100 kb	Housekeeping	RPL7A	0.25	0.6777777777777778	0.3688524590163934
10-100 kb	Housekeeping	SURF2	0.25	0.7444444444444445	0.33582089552238803
10-100 kb	Housekeeping	SURF4	0.5	0.65	0.7692307692307692
10-100 kb	Housekeeping	REXO4	1.5	0.5555555555555556	2.6999999999999997
10-100 kb	Housekeeping	BRD3	0.25	0.85	0.29411764705882354
10-100 kb	Housekeeping	UBAC1	0.5	0.6166666666666667	0.8108108108108107
10-100 kb	Housekeeping	DNLZ	0.0	0.4166666666666667	0.0
10-100 kb	Housekeeping	RABL6	0.5	0.8055555555555556	0.6206896551724138
10-100 kb	Housekeeping	EDF1	1.5	0.8111111111111111	1.8493150684931507
10-100 kb	Housekeeping	FBXW5	0.0	0.8055555555555556	0.0
10-100 kb	Housekeeping	DPP7	1.25	0.5777777777777777	2.1634615384615388
10-100 kb	Housekeeping	ANAPC2	0.0	0.7055555555555556	0.0
10-100 kb	Housekeeping	SSNA1	0.0	0.7055555555555556	0.0
10-100 kb	Housekeeping	TMEM203	0.25	0.6111111111111112	0.40909090909090906
10-100 kb	Housekeeping	NELFB	0.0	0.4888888888888889	0.0
10-100 kb	Housekeeping	MRPL41	0.75	0.9444444444444444	0.7941176470588236
10-100 kb	Housekeeping	ZMYND19	0.75	1.0777777777777777	0.6958762886597939
10-100 kb	Housekeeping	SLC25A6	2.0	1.3666666666666667	1.4634146341463414
10-100 kb	Housekeeping	CD99	0.5	0.85	0.5882352941176471
10-100 kb	Housekeeping	TMSB4X	0.0	0.39444444444444443	0.0
10-100 kb	Housekeeping	RAB9A	0.0	0.4444444444444444	0.0
10-100 kb	Housekeeping	EIF1AX	0.5	0.7166666666666667	0.6976744186046512
10-100 kb	Housekeeping	DYNLT3	0.5	0.23333333333333334	2.142857142857143
10-100 kb	Housekeeping	UBA1	1.25	1.0166666666666666	1.2295081967213115
10-100 kb	Housekeeping	USP11	0.25	1.2055555555555555	0.20737327188940094
10-100 kb	Housekeeping	ARAF	0.75	0.9055555555555556	0.8282208588957055
10-100 kb	Housekeeping	ELK1	0.0	0.5722222222222222	0.0
10-100 kb	Housekeeping	WDR13	1.5	1.288888888888889	1.1637931034482758
10-100 kb	Housekeeping	TIMM17B	1.5	0.9222222222222223	1.6265060240963853
10-100 kb	Housekeeping	GPKOW	1.5	1.1666666666666667	1.2857142857142856
10-100 kb	Housekeeping	TSR2	1.25	1.4333333333333333	0.872093023255814
10-100 kb	Housekeeping	MAGED2	0.0	0.11666666666666667	0.0
10-100 kb	Housekeeping	MSN	0.5	0.7222222222222222	0.6923076923076923
10-100 kb	Housekeeping	YIPF6	1.0	0.9666666666666667	1.0344827586206897
10-100 kb	Housekeeping	PDZD11	0.25	0.45	0.5555555555555556
10-100 kb	Housekeeping	SNX12	0.25	0.9166666666666666	0.27272727272727276
10-100 kb	Housekeeping	PIN4	0.25	0.75	0.3333333333333333
10-100 kb	Housekeeping	RPS4X	0.5	0.8055555555555556	0.6206896551724138
10-100 kb	Housekeeping	PBDC1	0.5	0.15	3.3333333333333335
10-100 kb	Housekeeping	TAF9B	0.75	0.37222222222222223	2.014925373134328
10-100 kb	Housekeeping	SH3BGRL	0.0	0.13333333333333333	0.0
10-100 kb	Housekeeping	RPL36A	0.0	0.8111111111111111	0.0
10-100 kb	Housekeeping	RPL36A-HNRNPH2	0.25	0.8111111111111111	0.3082191780821918
10-100 kb	Housekeeping	ARMCX3	0.0	0.18333333333333332	0.0
10-100 kb	Housekeeping	TCEAL4	0.5	0.26666666666666666	1.875
10-100 kb	Housekeeping	MORF4L2	0.25	0.37777777777777777	0.6617647058823529
10-100 kb	Housekeeping	PSMD10	0.25	0.17777777777777778	1.40625
10-100 kb	Housekeeping	PGRMC1	0.25	0.4	0.625
10-100 kb	Housekeeping	SLC25A5	0.0	1.0666666666666667	0.0
10-100 kb	Housekeeping	RPL39	0.5	1.3777777777777778	0.3629032258064516
10-100 kb	Housekeeping	MCTS1	1.0	0.8166666666666667	1.2244897959183674
10-100 kb	Housekeeping	RBMX2	0.75	0.4166666666666667	1.7999999999999998
10-100 kb	Housekeeping	RTL8C	0.25	0.4666666666666667	0.5357142857142857
10-100 kb	Housekeeping	RTL8A	0.5	0.34444444444444444	1.4516129032258065
10-100 kb	Housekeeping	HTATSF1	0.0	0.2833333333333333	0.0
10-100 kb	Housekeeping	IDH3G	0.0	0.6166666666666667	0.0
10-100 kb	Housekeeping	UBL4A	0.0	0.9777777777777777	0.0
10-100 kb	Housekeeping	VBP1	0.25	0.22777777777777777	1.0975609756097562
10-100 kb	Housekeeping	SLC25A6	2.0	1.3666666666666667	1.4634146341463414
10-100 kb	Housekeeping	CD99	0.5	0.8111111111111111	0.6164383561643836
25-250 kb	HighConfNDD	SAMD11	0.0	0.48444444444444446	0.0
25-250 kb	HighConfNDD	SKI	0.75	0.4822222222222222	1.555299539170507
25-250 kb	HighConfNDD	RERE	1.5	1.0955555555555556	1.3691683569979716
25-250 kb	HighConfNDD	CA6	1.0	1.2355555555555555	0.8093525179856116
25-250 kb	HighConfNDD	CASZ1	0.25	0.7288888888888889	0.34298780487804875
25-250 kb	HighConfNDD	MTOR	1.75	0.8533333333333334	2.05078125
25-250 kb	HighConfNDD	MTHFR	0.5	0.9911111111111112	0.5044843049327354
25-250 kb	HighConfNDD	SPEN	0.75	1.1355555555555557	0.6604696673189824
25-250 kb	HighConfNDD	EPHB2	0.0	0.4	0.0
25-250 kb	HighConfNDD	HNRNPR	0.75	1.0888888888888888	0.6887755102040817
25-250 kb	HighConfNDD	AHDC1	0.0	1.1	0.0
25-250 kb	HighConfNDD	TMEM39B	1.75	1.3933333333333333	1.255980861244019
25-250 kb	HighConfNDD	DLGAP3	0.5	0.7288888888888889	0.6859756097560975
25-250 kb	HighConfNDD	AGO4	0.5	1.0355555555555556	0.48283261802575106
25-250 kb	HighConfNDD	AGO1	2.0	1.1133333333333333	1.7964071856287427
25-250 kb	HighConfNDD	AGO3	0.0	1.1044444444444443	0.0
25-250 kb	HighConfNDD	GRIK3	0.0	0.13333333333333333	0.0
25-250 kb	HighConfNDD	MTF1	0.75	0.8933333333333333	0.8395522388059702
25-250 kb	HighConfNDD	PPT1	0.75	1.12	0.6696428571428571
25-250 kb	HighConfNDD	SMAP2	1.25	0.9533333333333334	1.3111888111888113
25-250 kb	HighConfNDD	RIMS3	0.25	0.8422222222222222	0.29683377308707126
25-250 kb	HighConfNDD	HIVEP3	0.25	0.27555555555555555	0.907258064516129
25-250 kb	HighConfNDD	SZT2	0.5	0.5066666666666667	0.9868421052631579
25-250 kb	HighConfNDD	POMGNT1	1.0	0.9288888888888889	1.076555023923445
25-250 kb	HighConfNDD	AGBL4	0.0	0.18444444444444444	0.0
25-250 kb	HighConfNDD	SCP2	1.0	1.0977777777777777	0.9109311740890689
25-250 kb	HighConfNDD	CPT2	0.0	0.4711111111111111	0.0
25-250 kb	HighConfNDD	GLIS1	0.0	0.5866666666666667	0.0
25-250 kb	HighConfNDD	NFIA	0.0	0.26222222222222225	0.0
25-250 kb	HighConfNDD	PATJ	1.0	0.7155555555555555	1.3975155279503106
25-250 kb	HighConfNDD	DOCK7	0.75	0.52	1.4423076923076923
25-250 kb	HighConfNDD	SRSF11	0.25	0.5533333333333333	0.45180722891566266
25-250 kb	HighConfNDD	NEGR1	0.0	0.17555555555555555	0.0
25-250 kb	HighConfNDD	PTBP2	0.5	0.2511111111111111	1.991150442477876
25-250 kb	HighConfNDD	DPYD	0.25	0.12666666666666668	1.9736842105263157
25-250 kb	HighConfNDD	NTNG1	0.0	0.15555555555555556	0.0
25-250 kb	HighConfNDD	GSTM1	0.0	0.4	0.0
25-250 kb	HighConfNDD	KCNA2	0.5	0.2511111111111111	1.991150442477876
25-250 kb	HighConfNDD	ADORA3	0.0	0.3088888888888889	0.0
25-250 kb	HighConfNDD	KCND3	0.0	0.13333333333333333	0.0
25-250 kb	HighConfNDD	TRIM33	0.5	0.7	0.7142857142857143
25-250 kb	HighConfNDD	AMPD1	0.75	0.7377777777777778	1.016566265060241
25-250 kb	HighConfNDD	CSDE1	0.5	0.6488888888888888	0.7705479452054795
25-250 kb	HighConfNDD	SLC22A15	0.25	0.3088888888888889	0.8093525179856116
25-250 kb	HighConfNDD	ATP1A1	0.25	0.28	0.8928571428571428
25-250 kb	HighConfNDD	APH1A	1.0	1.32	0.7575757575757576
25-250 kb	HighConfNDD	SETDB1	1.75	1.2733333333333334	1.3743455497382198
25-250 kb	HighConfNDD	POGZ	1.0	1.1444444444444444	0.8737864077669903
25-250 kb	HighConfNDD	ILF2	1.75	1.1066666666666667	1.5813253012048192
25-250 kb	HighConfNDD	UBAP2L	0.0	1.4088888888888889	0.0
25-250 kb	HighConfNDD	CHRNB2	0.25	0.7888888888888889	0.31690140845070425
25-250 kb	HighConfNDD	ASH1L	0.75	1.448888888888889	0.5176380368098159
25-250 kb	HighConfNDD	IQGAP3	0.5	0.84	0.5952380952380952
25-250 kb	HighConfNDD	NTRK1	0.25	0.64	0.390625
25-250 kb	HighConfNDD	PYHIN1	0.0	0.18444444444444444	0.0
25-250 kb	HighConfNDD	FCRL6	0.25	0.21777777777777776	1.1479591836734695
25-250 kb	HighConfNDD	KCNJ10	0.25	0.44	0.5681818181818182
25-250 kb	HighConfNDD	ATP1A2	0.0	0.4666666666666667	0.0
25-250 kb	HighConfNDD	PBX1	1.5	0.32666666666666666	4.591836734693878
25-250 kb	HighConfNDD	KLHL20	0.0	0.6555555555555556	0.0
25-250 kb	HighConfNDD	ASTN1	0.0	0.13555555555555557	0.0
25-250 kb	HighConfNDD	CACNA1E	0.0	0.2866666666666667	0.0
25-250 kb	HighConfNDD	PTGS2	0.0	0.29333333333333333	0.0
25-250 kb	HighConfNDD	ASPM	0.5	0.20666666666666667	2.4193548387096775
25-250 kb	HighConfNDD	PTPRC	0.0	0.17777777777777778	0.0
25-250 kb	HighConfNDD	KIF14	1.0	0.8555555555555555	1.168831168831169
25-250 kb	HighConfNDD	KDM5B	0.0	0.6222222222222222	0.0
25-250 kb	HighConfNDD	ZC3H11A	0.5	1.0955555555555556	0.45638945233265715
25-250 kb	HighConfNDD	CNTN2	0.0	0.6111111111111112	0.0
25-250 kb	HighConfNDD	RBBP5	0.75	0.5555555555555556	1.3499999999999999
25-250 kb	HighConfNDD	AVPR1B	0.75	0.4177777777777778	1.7952127659574466
25-250 kb	HighConfNDD	RASSF5	0.0	0.44	0.0
25-250 kb	HighConfNDD	HSD11B1	0.0	0.24666666666666667	0.0
25-250 kb	HighConfNDD	USH2A	0.25	0.16444444444444445	1.5202702702702702
25-250 kb	HighConfNDD	MARK1	0.0	0.3377777777777778	0.0
25-250 kb	HighConfNDD	NUP133	0.5	0.68	0.7352941176470588
25-250 kb	HighConfNDD	TSNAX-DISC1	0.25	0.5688888888888889	0.439453125
25-250 kb	HighConfNDD	DISC1	0.75	0.48444444444444446	1.5481651376146788
25-250 kb	HighConfNDD	CHRM3	0.0	0.3088888888888889	0.0
25-250 kb	HighConfNDD	RGS7	0.0	0.3466666666666667	0.0
25-250 kb	HighConfNDD	ADSS2	0.0	0.5977777777777777	0.0
25-250 kb	HighConfNDD	HNRNPU	0.0	1.0222222222222221	0.0
25-250 kb	HighConfNDD	OR1C1	0.25	0.24888888888888888	1.0044642857142858
25-250 kb	HighConfNDD	OR2M4	0.5	0.12	4.166666666666667
25-250 kb	HighConfNDD	OR2T10	0.25	0.18666666666666668	1.3392857142857142
25-250 kb	HighConfNDD	DIP2C	0.0	0.36	0.0
25-250 kb	HighConfNDD	CELF2	0.5	0.32666666666666666	1.530612244897959
25-250 kb	HighConfNDD	UPF2	0.5	1.2577777777777779	0.39752650176678445
25-250 kb	HighConfNDD	CACNB2	0.75	0.5444444444444444	1.3775510204081634
25-250 kb	HighConfNDD	MKX	0.0	0.4177777777777778	0.0
25-250 kb	HighConfNDD	WAC	0.75	0.9533333333333334	0.7867132867132867
25-250 kb	HighConfNDD	HNRNPF	1.25	0.8844444444444445	1.4133165829145728
25-250 kb	HighConfNDD	WDFY4	0.75	0.13333333333333333	5.625
25-250 kb	HighConfNDD	PCDH15	0.0	0.18222222222222223	0.0
25-250 kb	HighConfNDD	ANK3	0.0	0.28	0.0
25-250 kb	HighConfNDD	REEP3	0.25	0.8622222222222222	0.28994845360824745
25-250 kb	HighConfNDD	JMJD1C	0.25	0.86	0.29069767441860467
25-250 kb	HighConfNDD	CTNNA3	0.5	0.6377777777777778	0.7839721254355401
25-250 kb	HighConfNDD	ADK	0.25	0.9288888888888889	0.26913875598086123
25-250 kb	HighConfNDD	KCNMA1	0.0	0.36444444444444446	0.0
25-250 kb	HighConfNDD	ZMIZ1	0.0	0.18888888888888888	0.0
25-250 kb	HighConfNDD	DYDC2	1.25	0.6133333333333333	2.0380434782608696
25-250 kb	HighConfNDD	DYDC1	0.25	0.5844444444444444	0.42775665399239543
25-250 kb	HighConfNDD	GRID1	0.0	0.6133333333333333	0.0
25-250 kb	HighConfNDD	PTEN	0.0	0.43777777777777777	0.0
25-250 kb	HighConfNDD	BTAF1	0.5	0.5911111111111111	0.8458646616541353
25-250 kb	HighConfNDD	EXOC6	0.75	0.8177777777777778	0.9171195652173912
25-250 kb	HighConfNDD	LGI1	0.0	0.42	0.0
25-250 kb	HighConfNDD	SLC35G1	0.25	0.36	0.6944444444444444
25-250 kb	HighConfNDD	LZTS2	0.25	0.6066666666666667	0.41208791208791207
25-250 kb	HighConfNDD	BTRC	0.5	0.7244444444444444	0.6901840490797546
25-250 kb	HighConfNDD	LDB1	0.0	1.1088888888888888	0.0
25-250 kb	HighConfNDD	BORCS7-ASMT	2.25	1.0644444444444445	2.113778705636743
25-250 kb	HighConfNDD	SORCS3	0.0	0.20222222222222222	0.0
25-250 kb	HighConfNDD	SMC3	1.0	0.4822222222222222	2.0737327188940093
25-250 kb	HighConfNDD	TCF7L2	0.0	0.4488888888888889	0.0
25-250 kb	HighConfNDD	DOCK1	0.0	0.36444444444444446	0.0
25-250 kb	HighConfNDD	EBF3	0.0	0.3288888888888889	0.0
25-250 kb	HighConfNDD	HRAS	0.5	0.8844444444444445	0.5653266331658291
25-250 kb	HighConfNDD	PHRF1	0.0	0.9266666666666666	0.0
25-250 kb	HighConfNDD	DEAF1	0.0	1.008888888888889	0.0
25-250 kb	HighConfNDD	SLC25A22	0.25	0.9266666666666666	0.2697841726618705
25-250 kb	HighConfNDD	TSPAN4	0.75	0.9288888888888889	0.8074162679425837
25-250 kb	HighConfNDD	BRSK2	0.0	0.32666666666666666	0.0
25-250 kb	HighConfNDD	CTSD	0.75	0.4711111111111111	1.5919811320754718
25-250 kb	HighConfNDD	OR52M1	0.0	0.1511111111111111	0.0
25-250 kb	HighConfNDD	APBB1	0.5	0.32666666666666666	1.530612244897959
25-250 kb	HighConfNDD	TPP1	0.0	0.35333333333333333	0.0
25-250 kb	HighConfNDD	KCNC1	0.0	0.16666666666666666	0.0
25-250 kb	HighConfNDD	NAV2	0.0	0.17555555555555555	0.0
25-250 kb	HighConfNDD	GAS2	0.75	0.19777777777777777	3.7921348314606744
25-250 kb	HighConfNDD	ELP4	0.0	0.3	0.0
25-250 kb	HighConfNDD	CAPRIN1	0.25	0.6688888888888889	0.37375415282392027
25-250 kb	HighConfNDD	LRRC4C	0.0	0.20222222222222222	0.0
25-250 kb	HighConfNDD	PHF21A	0.0	0.6155555555555555	0.0
25-250 kb	HighConfNDD	SSRP1	0.5	0.5133333333333333	0.9740259740259741
25-250 kb	HighConfNDD	CTNND1	1.25	0.8911111111111111	1.4027431421446384
25-250 kb	HighConfNDD	CPSF7	1.25	0.8333333333333334	1.5
25-250 kb	HighConfNDD	DAGLA	0.25	0.6066666666666667	0.41208791208791207
25-250 kb	HighConfNDD	AHNAK	1.25	1.2466666666666666	1.0026737967914439
25-250 kb	HighConfNDD	HNRNPUL2-BSCL2	0.5	1.2933333333333332	0.3865979381443299
25-250 kb	HighConfNDD	HNRNPUL2	0.5	1.2933333333333332	0.3865979381443299
25-250 kb	HighConfNDD	SLC22A9	0.0	0.2733333333333333	0.0
25-250 kb	HighConfNDD	MARK2	0.0	1.1311111111111112	0.0
25-250 kb	HighConfNDD	NRXN2	0.0	0.6222222222222222	0.0
25-250 kb	HighConfNDD	SF1	0.5	0.6955555555555556	0.7188498402555911
25-250 kb	HighConfNDD	POLA2	1.25	1.0888888888888888	1.1479591836734695
25-250 kb	HighConfNDD	KCNK7	0.75	1.051111111111111	0.7135306553911205
25-250 kb	HighConfNDD	PACS1	0.0	1.0066666666666666	0.0
25-250 kb	HighConfNDD	DPP3	0.5	1.011111111111111	0.4945054945054945
25-250 kb	HighConfNDD	CTSF	1.0	1.1311111111111112	0.8840864440078585
25-250 kb	HighConfNDD	KMT5B	0.0	0.8644444444444445	0.0
25-250 kb	HighConfNDD	PPFIA1	0.75	0.64	1.171875
25-250 kb	HighConfNDD	SHANK2	0.0	0.3622222222222222	0.0
25-250 kb	HighConfNDD	DHCR7	0.5	0.4577777777777778	1.0922330097087378
25-250 kb	HighConfNDD	EMSY	0.25	0.43777777777777777	0.5710659898477157
25-250 kb	HighConfNDD	DLG2	0.0	0.3	0.0
25-250 kb	HighConfNDD	GRM5	0.0	0.1511111111111111	0.0
25-250 kb	HighConfNDD	CNTN5	0.0	0.17555555555555555	0.0
25-250 kb	HighConfNDD	TRPC6	0.25	0.4488888888888889	0.556930693069307
25-250 kb	HighConfNDD	GUCY1A2	0.0	0.17555555555555555	0.0
25-250 kb	HighConfNDD	PPP2R1B	0.25	0.6666666666666666	0.375
25-250 kb	HighConfNDD	DIXDC1	1.0	0.8111111111111111	1.2328767123287672
25-250 kb	HighConfNDD	DRD2	0.0	0.17555555555555555	0.0
25-250 kb	HighConfNDD	HTR3A	0.5	0.6533333333333333	0.7653061224489796
25-250 kb	HighConfNDD	ZBTB16	0.0	0.5866666666666667	0.0
25-250 kb	HighConfNDD	CADM1	0.25	0.32	0.78125
25-250 kb	HighConfNDD	PAFAH1B2	0.25	0.9777777777777777	0.2556818181818182
25-250 kb	HighConfNDD	KMT2A	0.0	0.7577777777777778	0.0
25-250 kb	HighConfNDD	MFRP	0.25	0.8	0.3125
25-250 kb	HighConfNDD	GRIK4	0.0	0.4177777777777778	0.0
25-250 kb	HighConfNDD	TBCEL	0.0	0.2311111111111111	0.0
25-250 kb	HighConfNDD	TBCEL-TECTA	0.0	0.2311111111111111	0.0
25-250 kb	HighConfNDD	TECTA	0.0	0.25555555555555554	0.0
25-250 kb	HighConfNDD	MSANTD2	0.25	0.31555555555555553	0.7922535211267606
25-250 kb	HighConfNDD	SRPRA	0.25	0.5711111111111111	0.4377431906614786
25-250 kb	HighConfNDD	KIRREL3	0.0	0.15555555555555556	0.0
25-250 kb	HighConfNDD	ARHGAP32	0.0	0.31777777777777777	0.0
25-250 kb	HighConfNDD	KDM5A	0.25	0.6111111111111112	0.40909090909090906
25-250 kb	HighConfNDD	CACNA1C	0.0	0.24888888888888888	0.0
25-250 kb	HighConfNDD	GALNT8	0.25	0.24	1.0416666666666667
25-250 kb	HighConfNDD	KCNA1	0.25	0.21333333333333335	1.171875
25-250 kb	HighConfNDD	STYK1	0.75	0.2222222222222222	3.375
25-250 kb	HighConfNDD	GRIN2B	0.0	0.3488888888888889	0.0
25-250 kb	HighConfNDD	SLCO1B3	0.5	0.20666666666666667	2.4193548387096775
25-250 kb	HighConfNDD	SLCO1B3-SLCO1B7	0.5	0.20222222222222222	2.4725274725274726
25-250 kb	HighConfNDD	SOX5	0.0	0.2822222222222222	0.0
25-250 kb	HighConfNDD	CCDC91	0.0	0.20666666666666667	0.0
25-250 kb	HighConfNDD	PRICKLE1	0.25	0.5644444444444444	0.4429133858267717
25-250 kb	HighConfNDD	ARID2	0.0	0.4688888888888889	0.0
25-250 kb	HighConfNDD	VDR	0.0	0.3711111111111111	0.0
25-250 kb	HighConfNDD	ARF3	0.75	1.2933333333333332	0.5798969072164949
25-250 kb	HighConfNDD	WNT1	0.25	1.32	0.1893939393939394
25-250 kb	HighConfNDD	SCN8A	0.5	0.5533333333333333	0.9036144578313253
25-250 kb	HighConfNDD	SMARCC2	0.5	1.2422222222222221	0.40250447227191416
25-250 kb	HighConfNDD	LRP1	0.0	0.6333333333333333	0.0
25-250 kb	HighConfNDD	MBD6	0.5	0.9955555555555555	0.5022321428571429
25-250 kb	HighConfNDD	AGAP2	0.5	0.7155555555555555	0.6987577639751553
25-250 kb	HighConfNDD	USP15	0.25	0.32	0.78125
25-250 kb	HighConfNDD	AVPR1A	0.0	0.2088888888888889	0.0
25-250 kb	HighConfNDD	LEMD3	0.25	0.28444444444444444	0.87890625
25-250 kb	HighConfNDD	GRIP1	0.0	0.3244444444444444	0.0
25-250 kb	HighConfNDD	PTPRB	0.0	0.3511111111111111	0.0
25-250 kb	HighConfNDD	KRR1	0.25	0.2288888888888889	1.0922330097087378
25-250 kb	HighConfNDD	NAV3	0.0	0.18	0.0
25-250 kb	HighConfNDD	CEP290	0.0	0.20222222222222222	0.0
25-250 kb	HighConfNDD	ANKS1B	0.0	0.5866666666666667	0.0
25-250 kb	HighConfNDD	PAH	0.0	0.14888888888888888	0.0
25-250 kb	HighConfNDD	NUAK1	0.0	0.31555555555555553	0.0
25-250 kb	HighConfNDD	CUX2	0.0	0.7511111111111111	0.0
25-250 kb	HighConfNDD	HECTD4	1.0	1.1133333333333333	0.8982035928143713
25-250 kb	HighConfNDD	PTPN11	2.25	1.0377777777777777	2.1680942184154177
25-250 kb	HighConfNDD	MED13L	0.5	0.7955555555555556	0.6284916201117319
25-250 kb	HighConfNDD	BICDL1	0.25	1.0177777777777777	0.24563318777292578
25-250 kb	HighConfNDD	KDM2B	0.25	1.5422222222222222	0.16210374639769454
25-250 kb	HighConfNDD	SETD1B	0.0	1.6888888888888889	0.0
25-250 kb	HighConfNDD	DENR	0.25	1.3066666666666666	0.1913265306122449
25-250 kb	HighConfNDD	ATP6V0A2	0.75	1.048888888888889	0.7150423728813559
25-250 kb	HighConfNDD	DNAH10	0.75	0.9711111111111111	0.7723112128146453
25-250 kb	HighConfNDD	EP400	2.5	0.6111111111111112	4.090909090909091
25-250 kb	HighConfNDD	ZMYM2	0.0	1.248888888888889	0.0
25-250 kb	HighConfNDD	SACS	0.75	0.4222222222222222	1.7763157894736843
25-250 kb	HighConfNDD	KATNAL1	0.0	0.6377777777777778	0.0
25-250 kb	HighConfNDD	BRCA2	0.75	0.56	1.3392857142857142
25-250 kb	HighConfNDD	NBEA	0.0	0.2644444444444444	0.0
25-250 kb	HighConfNDD	SETDB2	0.75	0.7088888888888889	1.0579937304075235
25-250 kb	HighConfNDD	INTS6	0.0	0.29777777777777775	0.0
25-250 kb	HighConfNDD	PCDH9	0.0	0.18444444444444444	0.0
25-250 kb	HighConfNDD	CLN5	0.5	0.3111111111111111	1.6071428571428572
25-250 kb	HighConfNDD	MYCBP2	0.0	0.3022222222222222	0.0
25-250 kb	HighConfNDD	SPRY2	0.0	0.43777777777777777	0.0
25-250 kb	HighConfNDD	SLITRK5	0.0	0.16	0.0
25-250 kb	HighConfNDD	GPC6	0.0	0.23777777777777778	0.0
25-250 kb	HighConfNDD	MYO16	0.0	0.21333333333333335	0.0
25-250 kb	HighConfNDD	SUPT16H	0.0	1.1955555555555555	0.0
25-250 kb	HighConfNDD	CHD8	1.25	1.1244444444444444	1.1116600790513835
25-250 kb	HighConfNDD	SLC7A7	1.0	0.9577777777777777	1.0440835266821347
25-250 kb	HighConfNDD	FOXG1	0.0	0.2088888888888889	0.0
25-250 kb	HighConfNDD	ARHGAP5	0.0	0.36	0.0
25-250 kb	HighConfNDD	FBXO33	0.0	0.46444444444444444	0.0
25-250 kb	HighConfNDD	LRFN5	0.0	0.15555555555555556	0.0
25-250 kb	HighConfNDD	PRPF39	0.25	0.6288888888888889	0.39752650176678445
25-250 kb	HighConfNDD	MDGA2	0.0	0.20444444444444446	0.0
25-250 kb	HighConfNDD	SOS2	0.25	0.7955555555555556	0.31424581005586594
25-250 kb	HighConfNDD	EXOC5	0.25	0.34	0.7352941176470588
25-250 kb	HighConfNDD	KCNH5	0.25	0.2688888888888889	0.9297520661157025
25-250 kb	HighConfNDD	ESR2	0.5	0.8822222222222222	0.5667506297229219
25-250 kb	HighConfNDD	GPHN	0.25	0.2	1.25
25-250 kb	HighConfNDD	ZFYVE26	0.75	0.5533333333333333	1.355421686746988
25-250 kb	HighConfNDD	ESRRB	0.0	0.49333333333333335	0.0
25-250 kb	HighConfNDD	VASH1	0.0	0.7866666666666666	0.0
25-250 kb	HighConfNDD	IRF2BPL	0.5	0.7177777777777777	0.6965944272445821
25-250 kb	HighConfNDD	NRXN3	0.0	0.3088888888888889	0.0
25-250 kb	HighConfNDD	CCDC88C	0.0	0.7888888888888889	0.0
25-250 kb	HighConfNDD	UNC79	0.25	0.8311111111111111	0.30080213903743314
25-250 kb	HighConfNDD	YY1	0.5	0.6266666666666667	0.7978723404255319
25-250 kb	HighConfNDD	DYNC1H1	0.25	0.8888888888888888	0.28125
25-250 kb	HighConfNDD	CDC42BPB	0.25	0.7088888888888889	0.35266457680250785
25-250 kb	HighConfNDD	NIPA1	0.25	0.9022222222222223	0.27709359605911327
25-250 kb	HighConfNDD	NIPA2	1.75	0.94	1.8617021276595747
25-250 kb	HighConfNDD	CYFIP1	1.0	0.9155555555555556	1.0922330097087378
25-250 kb	HighConfNDD	TUBGCP5	0.5	0.8866666666666667	0.5639097744360902
25-250 kb	HighConfNDD	MAGEL2	0.0	0.4822222222222222	0.0
25-250 kb	HighConfNDD	UBE3A	0.25	0.27111111111111114	0.9221311475409836
25-250 kb	HighConfNDD	ATP10A	0.0	0.44	0.0
25-250 kb	HighConfNDD	GABRB3	0.0	0.2866666666666667	0.0
25-250 kb	HighConfNDD	GABRG3	0.5	0.2733333333333333	1.829268292682927
25-250 kb	HighConfNDD	APBA2	0.75	0.5266666666666666	1.4240506329113924
25-250 kb	HighConfNDD	NSMCE3	0.0	0.35555555555555557	0.0
25-250 kb	HighConfNDD	ARHGAP11B	0.75	0.5711111111111111	1.3132295719844358
25-250 kb	HighConfNDD	FAN1	0.5	0.5088888888888888	0.9825327510917031
25-250 kb	HighConfNDD	TRPM1	0.25	0.45111111111111113	0.5541871921182265
25-250 kb	HighConfNDD	OTUD7A	0.0	0.2111111111111111	0.0
25-250 kb	HighConfNDD	CHRNA7	0.0	0.20444444444444446	0.0
25-250 kb	HighConfNDD	MEIS2	0.0	0.2	0.0
25-250 kb	HighConfNDD	THBS1	0.0	0.20222222222222222	0.0
25-250 kb	HighConfNDD	C15orf62	0.0	1.1822222222222223	0.0
25-250 kb	HighConfNDD	UBR1	0.75	0.7355555555555555	1.0196374622356497
25-250 kb	HighConfNDD	MAP1A	0.25	0.8622222222222222	0.28994845360824745
25-250 kb	HighConfNDD	TERB2	0.75	0.49777777777777776	1.5066964285714286
25-250 kb	HighConfNDD	FBN1	0.25	0.2288888888888889	1.0922330097087378
25-250 kb	HighConfNDD	DMXL2	0.0	0.39111111111111113	0.0
25-250 kb	HighConfNDD	LEO1	2.0	0.8044444444444444	2.4861878453038675
25-250 kb	HighConfNDD	MYO5C	0.25	0.68	0.3676470588235294
25-250 kb	HighConfNDD	MYO5A	0.25	0.5377777777777778	0.46487603305785125
25-250 kb	HighConfNDD	CGNL1	0.75	0.4533333333333333	1.6544117647058825
25-250 kb	HighConfNDD	MYO1E	0.25	0.8088888888888889	0.3090659340659341
25-250 kb	HighConfNDD	HERC1	0.25	0.6422222222222222	0.38927335640138405
25-250 kb	HighConfNDD	MEGF11	0.0	0.7733333333333333	0.0
25-250 kb	HighConfNDD	ZWILCH	0.75	0.9444444444444444	0.7941176470588236
25-250 kb	HighConfNDD	CLN6	0.5	0.4222222222222222	1.1842105263157894
25-250 kb	HighConfNDD	ANP32A	0.0	0.5022222222222222	0.0
25-250 kb	HighConfNDD	TLE3	0.0	0.17555555555555555	0.0
25-250 kb	HighConfNDD	CELF6	0.75	0.8333333333333334	0.8999999999999999
25-250 kb	HighConfNDD	BBS4	1.75	0.64	2.734375
25-250 kb	HighConfNDD	NEO1	0.0	0.38	0.0
25-250 kb	HighConfNDD	CD276	0.25	0.37555555555555553	0.6656804733727811
25-250 kb	HighConfNDD	SIN3A	0.25	1.04	0.24038461538461536
25-250 kb	HighConfNDD	CIB2	0.5	0.5111111111111111	0.9782608695652175
25-250 kb	HighConfNDD	ARNT2	0.0	0.29777777777777775	0.0
25-250 kb	HighConfNDD	AP3B2	0.0	0.6666666666666666	0.0
25-250 kb	HighConfNDD	NTRK3	0.0	0.23333333333333334	0.0
25-250 kb	HighConfNDD	ZNF774	1.0	1.0888888888888888	0.9183673469387756
25-250 kb	HighConfNDD	ST8SIA2	0.0	0.18	0.0
25-250 kb	HighConfNDD	CHD2	0.0	0.76	0.0
25-250 kb	HighConfNDD	METTL26	0.0	0.8177777777777778	0.0
25-250 kb	HighConfNDD	CACNA1H	0.25	0.42	0.5952380952380952
25-250 kb	HighConfNDD	MAPK8IP3	0.75	0.9088888888888889	0.8251833740831296
25-250 kb	HighConfNDD	TSC2	1.0	0.9466666666666667	1.056338028169014
25-250 kb	HighConfNDD	TRAF7	0.25	0.8777777777777778	0.2848101265822785
25-250 kb	HighConfNDD	CASKIN1	0.25	0.9066666666666666	0.2757352941176471
25-250 kb	HighConfNDD	SRRM2	1.0	0.8666666666666667	1.1538461538461537
25-250 kb	HighConfNDD	CREBBP	0.25	1.1288888888888888	0.22145669291338585
25-250 kb	HighConfNDD	ROGDI	0.0	1.1688888888888889	0.0
25-250 kb	HighConfNDD	RBFOX1	0.0	0.7311111111111112	0.0
25-250 kb	HighConfNDD	ABAT	0.25	0.7555555555555555	0.33088235294117646
25-250 kb	HighConfNDD	USP7	1.0	1.2	0.8333333333333334
25-250 kb	HighConfNDD	GRIN2A	0.25	0.7755555555555556	0.3223495702005731
25-250 kb	HighConfNDD	MRTFB	0.5	0.5777777777777777	0.8653846153846154
25-250 kb	HighConfNDD	SYT17	0.75	1.1711111111111112	0.6404174573055028
25-250 kb	HighConfNDD	DNAH3	0.25	0.9733333333333334	0.2568493150684931
25-250 kb	HighConfNDD	PRKCB	0.0	0.9155555555555556	0.0
25-250 kb	HighConfNDD	CLN3	0.25	1.551111111111111	0.16117478510028654
25-250 kb	HighConfNDD	PRRT2	0.0	1.5244444444444445	0.0
25-250 kb	HighConfNDD	SEZ6L2	0.0	1.44	0.0
25-250 kb	HighConfNDD	KCTD13	0.75	1.451111111111111	0.5168453292496172
25-250 kb	HighConfNDD	TAOK2	0.0	1.4866666666666666	0.0
25-250 kb	HighConfNDD	MAPK3	1.25	1.2955555555555556	0.9648370497427101
25-250 kb	HighConfNDD	CORO1A	0.75	1.3711111111111112	0.5470016207455429
25-250 kb	HighConfNDD	SRCAP	1.0	1.4533333333333334	0.6880733944954128
25-250 kb	HighConfNDD	SETD1A	0.75	1.3488888888888888	0.556013179571664
25-250 kb	HighConfNDD	STX1B	0.75	1.38	0.5434782608695653
25-250 kb	HighConfNDD	BCKDK	1.0	1.2533333333333334	0.7978723404255319
25-250 kb	HighConfNDD	GNAO1	0.25	0.23333333333333334	1.0714285714285714
25-250 kb	HighConfNDD	CNOT1	0.75	0.9222222222222223	0.8132530120481927
25-250 kb	HighConfNDD	CDH8	0.0	0.24	0.0
25-250 kb	HighConfNDD	CDH11	0.0	0.20666666666666667	0.0
25-250 kb	HighConfNDD	CTCF	0.25	1.2266666666666666	0.20380434782608697
25-250 kb	HighConfNDD	TERF2	1.5	1.228888888888889	1.2206148282097649
25-250 kb	HighConfNDD	SF3B3	1.75	1.2555555555555555	1.3938053097345133
25-250 kb	HighConfNDD	HYDIN	0.0	0.3333333333333333	0.0
25-250 kb	HighConfNDD	CNTNAP4	0.25	0.26222222222222225	0.9533898305084745
25-250 kb	HighConfNDD	WWOX	1.25	0.54	2.314814814814815
25-250 kb	HighConfNDD	CMIP	0.0	0.6466666666666666	0.0
25-250 kb	HighConfNDD	CDH13	0.0	0.17555555555555555	0.0
25-250 kb	HighConfNDD	TAF1C	1.5	0.6444444444444445	2.3275862068965516
25-250 kb	HighConfNDD	SLC7A5	0.25	0.6711111111111111	0.37251655629139074
25-250 kb	HighConfNDD	ANKRD11	0.5	0.8977777777777778	0.556930693069307
25-250 kb	HighConfNDD	CHMP1A	1.5	1.2133333333333334	1.2362637362637363
25-250 kb	HighConfNDD	YWHAE	1.5	1.4222222222222223	1.0546875
25-250 kb	HighConfNDD	SMG6	1.5	1.1488888888888888	1.3056092843326885
25-250 kb	HighConfNDD	MNT	0.0	1.3533333333333333	0.0
25-250 kb	HighConfNDD	P2RX5-TAX1BP3	0.5	0.94	0.5319148936170213
25-250 kb	HighConfNDD	P2RX5	0.5	0.9377777777777778	0.533175355450237
25-250 kb	HighConfNDD	CAMTA2	0.25	1.271111111111111	0.1966783216783217
25-250 kb	HighConfNDD	DLG4	0.0	1.0222222222222221	0.0
25-250 kb	HighConfNDD	NLGN2	0.0	1.1355555555555557	0.0
25-250 kb	HighConfNDD	KDM6B	0.25	1.0555555555555556	0.23684210526315788
25-250 kb	HighConfNDD	CHD3	0.0	0.9533333333333334	0.0
25-250 kb	HighConfNDD	PER1	1.25	1.0355555555555556	1.2070815450643777
25-250 kb	HighConfNDD	MYH10	0.25	0.6022222222222222	0.4151291512915129
25-250 kb	HighConfNDD	MYH4	0.0	0.6111111111111112	0.0
25-250 kb	HighConfNDD	ZNF18	0.5	0.49777777777777776	1.0044642857142858
25-250 kb	HighConfNDD	NCOR1	1.5	1.1022222222222222	1.3608870967741935
25-250 kb	HighConfNDD	RAI1	0.5	0.6177777777777778	0.8093525179856116
25-250 kb	HighConfNDD	PHF12	0.0	0.98	0.0
25-250 kb	HighConfNDD	TAOK1	1.25	1.22	1.0245901639344261
25-250 kb	HighConfNDD	SLC6A4	0.25	0.76	0.32894736842105265
25-250 kb	HighConfNDD	RNF135	1.25	1.24	1.0080645161290323
25-250 kb	HighConfNDD	NF1	0.5	0.9577777777777777	0.5220417633410673
25-250 kb	HighConfNDD	PSMD11	0.25	0.9311111111111111	0.2684964200477327
25-250 kb	HighConfNDD	GGNBP2	0.75	0.6533333333333333	1.1479591836734695
25-250 kb	HighConfNDD	PPP1R1B	0.0	1.208888888888889	0.0
25-250 kb	HighConfNDD	THRA	0.75	1.2066666666666668	0.6215469613259668
25-250 kb	HighConfNDD	NR1D1	0.75	1.208888888888889	0.6204044117647058
25-250 kb	HighConfNDD	KRT26	0.5	0.4222222222222222	1.1842105263157894
25-250 kb	HighConfNDD	SLC25A39	1.25	1.22	1.0245901639344261
25-250 kb	HighConfNDD	GRN	0.75	1.2444444444444445	0.6026785714285714
25-250 kb	HighConfNDD	GFAP	1.0	1.2555555555555555	0.7964601769911505
25-250 kb	HighConfNDD	KANSL1	0.75	0.8866666666666667	0.8458646616541353
25-250 kb	HighConfNDD	GOSR2	0.0	0.8	0.0
25-250 kb	HighConfNDD	ITGB3	0.5	0.9355555555555556	0.5344418052256532
25-250 kb	HighConfNDD	PNPO	0.75	0.8977777777777778	0.8353960396039604
25-250 kb	HighConfNDD	PHB1	0.75	0.9155555555555556	0.8191747572815534
25-250 kb	HighConfNDD	SLC35B1	0.0	0.6866666666666666	0.0
25-250 kb	HighConfNDD	DLX3	0.0	0.5911111111111111	0.0
25-250 kb	HighConfNDD	PDK2	0.5	0.6444444444444445	0.7758620689655172
25-250 kb	HighConfNDD	PPP1R9B	0.0	0.6177777777777778	0.0
25-250 kb	HighConfNDD	CACNA1G	0.0	0.8555555555555555	0.0
25-250 kb	HighConfNDD	VEZF1	0.0	0.6422222222222222	0.0
25-250 kb	HighConfNDD	TSPOAP1	0.0	0.5933333333333334	0.0
25-250 kb	HighConfNDD	PPM1D	0.0	1.2444444444444445	0.0
25-250 kb	HighConfNDD	MED13	0.0	1.1355555555555557	0.0
25-250 kb	HighConfNDD	TLK2	2.25	0.9866666666666667	2.2804054054054053
25-250 kb	HighConfNDD	TANC2	0.0	0.6511111111111111	0.0
25-250 kb	HighConfNDD	ACE	0.25	0.6333333333333333	0.39473684210526316
25-250 kb	HighConfNDD	SCN4A	0.25	0.8066666666666666	0.30991735537190085
25-250 kb	HighConfNDD	PRKCA	0.25	0.6422222222222222	0.38927335640138405
25-250 kb	HighConfNDD	PSMD12	1.0	1.0777777777777777	0.9278350515463918
25-250 kb	HighConfNDD	ABCA10	0.25	0.47555555555555556	0.5257009345794392
25-250 kb	HighConfNDD	TNRC6C	0.0	0.6355555555555555	0.0
25-250 kb	HighConfNDD	DNAH17	0.5	0.8622222222222222	0.5798969072164949
25-250 kb	HighConfNDD	SLC38A10	1.25	0.46444444444444444	2.6913875598086126
25-250 kb	HighConfNDD	DLGAP1	0.25	0.17777777777777778	1.40625
25-250 kb	HighConfNDD	LAMA1	0.75	0.5866666666666667	1.2784090909090908
25-250 kb	HighConfNDD	MIB1	0.5	1.0711111111111111	0.46680497925311204
25-250 kb	HighConfNDD	ASXL3	0.0	0.1511111111111111	0.0
25-250 kb	HighConfNDD	ELP2	0.75	0.5555555555555556	1.3499999999999999
25-250 kb	HighConfNDD	CELF4	0.0	0.1	0.0
25-250 kb	HighConfNDD	RIT2	0.0	0.15777777777777777	0.0
25-250 kb	HighConfNDD	SETBP1	0.0	0.14444444444444443	0.0
25-250 kb	HighConfNDD	KATNAL2	0.75	0.42444444444444446	1.7670157068062826
25-250 kb	HighConfNDD	MBD1	0.0	0.32222222222222224	0.0
25-250 kb	HighConfNDD	SMAD4	0.0	0.7333333333333333	0.0
25-250 kb	HighConfNDD	DCC	0.0	0.20222222222222222	0.0
25-250 kb	HighConfNDD	TCF4	1.0	0.2577777777777778	3.8793103448275863
25-250 kb	HighConfNDD	TSHZ1	0.0	0.13111111111111112	0.0
25-250 kb	HighConfNDD	HCN2	0.25	1.008888888888889	0.24779735682819382
25-250 kb	HighConfNDD	ABCA7	0.25	0.9911111111111112	0.2522421524663677
25-250 kb	HighConfNDD	MBD3	1.0	1.0422222222222222	0.9594882729211088
25-250 kb	HighConfNDD	KLF16	0.0	1.24	0.0
25-250 kb	HighConfNDD	DOT1L	1.5	1.1844444444444444	1.2664165103189493
25-250 kb	HighConfNDD	SEMA6B	0.5	1.471111111111111	0.33987915407854985
25-250 kb	HighConfNDD	KDM4B	0.5	1.4022222222222223	0.3565768621236133
25-250 kb	HighConfNDD	ZNF559	1.0	1.0466666666666666	0.9554140127388535
25-250 kb	HighConfNDD	ZNF559-ZNF177	1.25	1.0533333333333332	1.1867088607594938
25-250 kb	HighConfNDD	EIF3G	2.5	1.7022222222222223	1.4686684073107048
25-250 kb	HighConfNDD	SMARCA4	1.25	1.6666666666666667	0.75
25-250 kb	HighConfNDD	ELAVL3	0.0	1.6111111111111112	0.0
25-250 kb	HighConfNDD	NACC1	0.5	1.308888888888889	0.38200339558573854
25-250 kb	HighConfNDD	CACNA1A	0.75	1.4177777777777778	0.5289968652037618
25-250 kb	HighConfNDD	CC2D1A	1.75	1.6266666666666667	1.0758196721311475
25-250 kb	HighConfNDD	BRD4	1.5	1.1	1.3636363636363635
25-250 kb	HighConfNDD	SIN3B	1.25	1.3377777777777777	0.9343853820598007
25-250 kb	HighConfNDD	MYO9B	0.25	1.3933333333333333	0.17942583732057416
25-250 kb	HighConfNDD	UNC13A	0.75	1.6244444444444444	0.46169630642954856
25-250 kb	HighConfNDD	ZNF626	1.0	0.6377777777777778	1.5679442508710801
25-250 kb	HighConfNDD	TSHZ3	0.0	0.3088888888888889	0.0
25-250 kb	HighConfNDD	SCN1B	0.75	0.68	1.102941176470588
25-250 kb	HighConfNDD	FAM98C	1.75	1.46	1.1986301369863015
25-250 kb	HighConfNDD	ACTN4	1.25	1.3022222222222222	0.9598976109215017
25-250 kb	HighConfNDD	CAPN12	0.75	1.3555555555555556	0.5532786885245902
25-250 kb	HighConfNDD	ATP1A3	0.0	0.8088888888888889	0.0
25-250 kb	HighConfNDD	GRIK5	0.25	0.9044444444444445	0.2764127764127764
25-250 kb	HighConfNDD	CIC	0.75	0.9155555555555556	0.8191747572815534
25-250 kb	HighConfNDD	PLAUR	1.0	1.0555555555555556	0.9473684210526315
25-250 kb	HighConfNDD	DMPK	0.0	1.5355555555555556	0.0
25-250 kb	HighConfNDD	DMWD	1.0	1.48	0.6756756756756757
25-250 kb	HighConfNDD	PPP5C	0.75	0.9977777777777778	0.7516703786191536
25-250 kb	HighConfNDD	PRKD2	0.0	1.4066666666666667	0.0
25-250 kb	HighConfNDD	AP2S1	1.75	1.3222222222222222	1.3235294117647058
25-250 kb	HighConfNDD	SAE1	1.0	1.5044444444444445	0.6646971935007385
25-250 kb	HighConfNDD	ZC3H4	1.75	1.508888888888889	1.1597938144329896
25-250 kb	HighConfNDD	BICRA	1.0	1.3133333333333332	0.7614213197969544
25-250 kb	HighConfNDD	GRIN2D	0.0	1.2822222222222222	0.0
25-250 kb	HighConfNDD	LIN7B	1.5	1.36	1.102941176470588
25-250 kb	HighConfNDD	PRR12	0.5	1.2977777777777777	0.38527397260273977
25-250 kb	HighConfNDD	SCAF1	0.5	1.2977777777777777	0.38527397260273977
25-250 kb	HighConfNDD	PNKP	0.25	1.1955555555555555	0.20910780669144982
25-250 kb	HighConfNDD	SHANK1	0.0	0.9711111111111111	0.0
25-250 kb	HighConfNDD	ETFB	0.25	0.48	0.5208333333333334
25-250 kb	HighConfNDD	CNOT3	0.25	1.0822222222222222	0.23100616016427106
25-250 kb	HighConfNDD	MBOAT7	0.5	0.9977777777777778	0.5011135857461024
25-250 kb	HighConfNDD	LILRB2	0.0	1.0066666666666666	0.0
25-250 kb	HighConfNDD	ZNF865	1.0	0.8088888888888889	1.2362637362637363
25-250 kb	HighConfNDD	ZNF548	0.25	0.7577777777777778	0.32991202346041054
25-250 kb	HighConfNDD	SNTG2	0.0	0.13111111111111112	0.0
25-250 kb	HighConfNDD	TPO	0.25	0.12666666666666668	1.9736842105263157
25-250 kb	HighConfNDD	PXDN	0.0	0.18222222222222223	0.0
25-250 kb	HighConfNDD	MYT1L	0.0	0.17555555555555555	0.0
25-250 kb	HighConfNDD	CMPK2	0.0	0.14444444444444443	0.0
25-250 kb	HighConfNDD	ASAP2	0.0	0.5377777777777778	0.0
25-250 kb	HighConfNDD	KCNS3	0.0	0.24444444444444444	0.0
25-250 kb	HighConfNDD	NCOA1	0.0	0.7022222222222222	0.0
25-250 kb	HighConfNDD	ADCY3	0.5	0.74	0.6756756756756757
25-250 kb	HighConfNDD	DNMT3A	0.5	0.76	0.6578947368421053
25-250 kb	HighConfNDD	GALNT14	0.5	0.20222222222222222	2.4725274725274726
25-250 kb	HighConfNDD	MEMO1	0.5	1.028888888888889	0.48596112311015116
25-250 kb	HighConfNDD	SPAST	1.25	1.0866666666666667	1.1503067484662577
25-250 kb	HighConfNDD	BIRC6	0.5	1.0888888888888888	0.4591836734693878
25-250 kb	HighConfNDD	FBXO11	0.0	0.8622222222222222	0.0
25-250 kb	HighConfNDD	NRXN1	0.25	0.16	1.5625
25-250 kb	HighConfNDD	SPTBN1	0.0	0.3622222222222222	0.0
25-250 kb	HighConfNDD	BCL11A	0.0	0.6222222222222222	0.0
25-250 kb	HighConfNDD	PAPOLG	1.5	0.7422222222222222	2.020958083832335
25-250 kb	HighConfNDD	XPO1	0.5	1.36	0.3676470588235294
25-250 kb	HighConfNDD	CCT4	1.25	1.0822222222222222	1.1550308008213552
25-250 kb	HighConfNDD	OTX1	0.0	0.4088888888888889	0.0
25-250 kb	HighConfNDD	EXOC6B	0.75	0.47333333333333333	1.5845070422535212
25-250 kb	HighConfNDD	RAB11FIP5	0.75	0.5466666666666666	1.3719512195121952
25-250 kb	HighConfNDD	ST3GAL5	0.75	0.5355555555555556	1.400414937759336
25-250 kb	HighConfNDD	NPAS2	0.0	0.47555555555555556	0.0
25-250 kb	HighConfNDD	MAP4K4	0.25	0.5422222222222223	0.4610655737704918
25-250 kb	HighConfNDD	IL1R2	0.0	0.24	0.0
25-250 kb	HighConfNDD	SH3RF3	0.25	0.3933333333333333	0.6355932203389831
25-250 kb	HighConfNDD	DPP10	0.0	0.16	0.0
25-250 kb	HighConfNDD	CLASP1	0.25	0.6977777777777778	0.35828025477707004
25-250 kb	HighConfNDD	CNTNAP5	0.0	0.1622222222222222	0.0
25-250 kb	HighConfNDD	NCKAP5	0.0	0.1622222222222222	0.0
25-250 kb	HighConfNDD	MCM6	1.25	0.7066666666666667	1.7688679245283019
25-250 kb	HighConfNDD	MBD5	0.25	0.3111111111111111	0.8035714285714286
25-250 kb	HighConfNDD	EPC2	0.0	0.3288888888888889	0.0
25-250 kb	HighConfNDD	KIF5C	0.25	0.3377777777777778	0.7401315789473684
25-250 kb	HighConfNDD	GALNT13	0.0	0.12444444444444444	0.0
25-250 kb	HighConfNDD	NR4A2	0.0	0.34	0.0
25-250 kb	HighConfNDD	GPD2	0.25	0.30666666666666664	0.8152173913043479
25-250 kb	HighConfNDD	ERMN	0.25	0.22444444444444445	1.113861386138614
25-250 kb	HighConfNDD	BAZ2B	0.0	0.6177777777777778	0.0
25-250 kb	HighConfNDD	TBR1	0.0	0.3466666666666667	0.0
25-250 kb	HighConfNDD	SLC4A10	0.0	0.34	0.0
25-250 kb	HighConfNDD	DPP4	0.0	0.1688888888888889	0.0
25-250 kb	HighConfNDD	SCN2A	0.0	0.24	0.0
25-250 kb	HighConfNDD	SCN3A	0.0	0.23333333333333334	0.0
25-250 kb	HighConfNDD	SCN1A	0.0	0.21777777777777776	0.0
25-250 kb	HighConfNDD	SCN9A	0.0	0.1711111111111111	0.0
25-250 kb	HighConfNDD	STK39	0.0	0.33111111111111113	0.0
25-250 kb	HighConfNDD	LRP2	0.0	0.5111111111111111	0.0
25-250 kb	HighConfNDD	UBR3	1.0	0.6822222222222222	1.465798045602606
25-250 kb	HighConfNDD	SLC25A12	1.0	0.7511111111111111	1.3313609467455623
25-250 kb	HighConfNDD	DLX2	0.25	0.7377777777777778	0.338855421686747
25-250 kb	HighConfNDD	RAPGEF4	0.0	0.3711111111111111	0.0
25-250 kb	HighConfNDD	TTN	0.25	0.14	1.7857142857142856
25-250 kb	HighConfNDD	ZNF385B	0.0	0.18	0.0
25-250 kb	HighConfNDD	NCKAP1	0.5	0.4311111111111111	1.1597938144329898
25-250 kb	HighConfNDD	ZNF804A	0.0	0.15333333333333332	0.0
25-250 kb	HighConfNDD	INPP1	0.25	0.35333333333333333	0.7075471698113207
25-250 kb	HighConfNDD	HECW2	0.5	0.36444444444444446	1.371951219512195
25-250 kb	HighConfNDD	SF3B1	0.75	0.8133333333333334	0.9221311475409836
25-250 kb	HighConfNDD	SATB2	0.5	0.3111111111111111	1.6071428571428572
25-250 kb	HighConfNDD	PARD3B	0.0	0.15777777777777777	0.0
25-250 kb	HighConfNDD	NRP2	0.0	0.24	0.0
25-250 kb	HighConfNDD	UNC80	0.25	0.25333333333333335	0.9868421052631579
25-250 kb	HighConfNDD	VIL1	1.25	1.1466666666666667	1.0901162790697674
25-250 kb	HighConfNDD	PLCD4	0.5	1.02	0.49019607843137253
25-250 kb	HighConfNDD	RNF25	0.75	0.9511111111111111	0.7885514018691588
25-250 kb	HighConfNDD	CUL3	0.0	0.6044444444444445	0.0
25-250 kb	HighConfNDD	DNER	0.0	0.5688888888888889	0.0
25-250 kb	HighConfNDD	TRIP12	1.0	0.7222222222222222	1.3846153846153846
25-250 kb	HighConfNDD	GIGYF2	0.75	0.7377777777777778	1.016566265060241
25-250 kb	HighConfNDD	SPP2	0.0	0.3088888888888889	0.0
25-250 kb	HighConfNDD	AGAP1	0.0	0.5066666666666667	0.0
25-250 kb	HighConfNDD	PER2	0.25	0.4911111111111111	0.5090497737556561
25-250 kb	HighConfNDD	HDAC4	0.0	0.16666666666666666	0.0
25-250 kb	HighConfNDD	KIF1A	0.0	0.18444444444444444	0.0
25-250 kb	HighConfNDD	HDLBP	0.25	0.68	0.3676470588235294
25-250 kb	HighConfNDD	PDCD1	0.0	0.5111111111111111	0.0
25-250 kb	HighConfNDD	CSNK2A1	0.25	0.8066666666666666	0.30991735537190085
25-250 kb	HighConfNDD	RAD21L1	0.5	0.2911111111111111	1.717557251908397
25-250 kb	HighConfNDD	OXT	1.25	1.0755555555555556	1.162190082644628
25-250 kb	HighConfNDD	ITPA	1.5	1.0733333333333333	1.3975155279503106
25-250 kb	HighConfNDD	PLCB1	0.0	0.17555555555555555	0.0
25-250 kb	HighConfNDD	SNAP25	0.0	0.2777777777777778	0.0
25-250 kb	HighConfNDD	MACROD2	0.25	0.5	0.5
25-250 kb	HighConfNDD	SNX5	0.0	0.74	0.0
25-250 kb	HighConfNDD	NINL	1.25	0.6977777777777778	1.7914012738853502
25-250 kb	HighConfNDD	DUSP15	0.75	0.9711111111111111	0.7723112128146453
25-250 kb	HighConfNDD	TM9SF4	0.25	0.9244444444444444	0.27043269230769235
25-250 kb	HighConfNDD	RALGAPB	0.5	0.5511111111111111	0.907258064516129
25-250 kb	HighConfNDD	PTPRT	0.0	0.37333333333333335	0.0
25-250 kb	HighConfNDD	ADA	1.25	0.6888888888888889	1.814516129032258
25-250 kb	HighConfNDD	SLC12A5	0.5	0.7733333333333333	0.646551724137931
25-250 kb	HighConfNDD	CDH22	0.25	0.3288888888888889	0.7601351351351351
25-250 kb	HighConfNDD	ZMYND8	0.0	1.3777777777777778	0.0
25-250 kb	HighConfNDD	PREX1	0.25	0.7066666666666667	0.35377358490566035
25-250 kb	HighConfNDD	KCNB1	0.25	0.7888888888888889	0.31690140845070425
25-250 kb	HighConfNDD	ADNP	0.0	0.9533333333333334	0.0
25-250 kb	HighConfNDD	BCAS1	0.25	0.38222222222222224	0.6540697674418604
25-250 kb	HighConfNDD	GNAS	0.5	0.37333333333333335	1.3392857142857142
25-250 kb	HighConfNDD	TAF4	0.0	0.44666666666666666	0.0
25-250 kb	HighConfNDD	CHRNA4	0.0	0.34444444444444444	0.0
25-250 kb	HighConfNDD	KCNQ2	0.0	0.47333333333333333	0.0
25-250 kb	HighConfNDD	EEF1A2	0.0	0.4577777777777778	0.0
25-250 kb	HighConfNDD	SOD1	0.75	0.8422222222222222	0.8905013192612138
25-250 kb	HighConfNDD	SCAF4	0.0	0.7866666666666666	0.0
25-250 kb	HighConfNDD	SYNJ1	0.5	0.5177777777777778	0.9656652360515021
25-250 kb	HighConfNDD	SON	0.25	1.0755555555555556	0.23243801652892562
25-250 kb	HighConfNDD	ITSN1	0.0	0.9666666666666667	0.0
25-250 kb	HighConfNDD	DYRK1A	0.0	0.5511111111111111	0.0
25-250 kb	HighConfNDD	KCNJ15	0.5	0.17333333333333334	2.8846153846153846
25-250 kb	HighConfNDD	ERG	0.0	0.3	0.0
25-250 kb	HighConfNDD	HMGN1	0.25	0.6422222222222222	0.38927335640138405
25-250 kb	HighConfNDD	DSCAM	0.0	0.2688888888888889	0.0
25-250 kb	HighConfNDD	ZBTB21	0.5	0.37555555555555553	1.3313609467455623
25-250 kb	HighConfNDD	CSTB	1.25	0.7577777777777778	1.6495601173020529
25-250 kb	HighConfNDD	CECR2	2.75	1.2822222222222222	2.14471403812825
25-250 kb	HighConfNDD	PRODH	1.0	0.6044444444444445	1.6544117647058822
25-250 kb	HighConfNDD	CLTCL1	0.25	0.8	0.3125
25-250 kb	HighConfNDD	GNB1L	0.25	0.6377777777777778	0.39198606271777003
25-250 kb	HighConfNDD	LZTR1	0.0	1.1177777777777778	0.0
25-250 kb	HighConfNDD	TOP3B	1.25	0.8111111111111111	1.5410958904109588
25-250 kb	HighConfNDD	SPECC1L-ADORA2A	1.0	0.6244444444444445	1.601423487544484
25-250 kb	HighConfNDD	ADORA2A	0.25	0.8844444444444445	0.28266331658291455
25-250 kb	HighConfNDD	PRR14L	1.0	1.4111111111111112	0.7086614173228346
25-250 kb	HighConfNDD	DEPDC5	1.0	1.4088888888888889	0.7097791798107256
25-250 kb	HighConfNDD	MYH9	0.5	0.7066666666666667	0.7075471698113207
25-250 kb	HighConfNDD	CACNG2	0.0	0.5466666666666666	0.0
25-250 kb	HighConfNDD	CSNK1E	0.25	0.9577777777777777	0.26102088167053367
25-250 kb	HighConfNDD	TPTEP2-CSNK1E	0.0	1.0866666666666667	0.0
25-250 kb	HighConfNDD	CACNA1I	0.25	0.6577777777777778	0.38006756756756754
25-250 kb	HighConfNDD	TNRC6B	0.25	0.7466666666666667	0.33482142857142855
25-250 kb	HighConfNDD	ADSL	1.75	0.9488888888888889	1.8442622950819672
25-250 kb	HighConfNDD	SGSM3	1.25	0.9644444444444444	1.2960829493087558
25-250 kb	HighConfNDD	EP300	0.25	1.551111111111111	0.16117478510028654
25-250 kb	HighConfNDD	TCF20	0.0	0.9666666666666667	0.0
25-250 kb	HighConfNDD	SBF1	0.5	0.8355555555555556	0.5984042553191489
25-250 kb	HighConfNDD	CNTN6	0.0	0.19333333333333333	0.0
25-250 kb	HighConfNDD	CNTN4	0.0	0.2311111111111111	0.0
25-250 kb	HighConfNDD	ITPR1	0.0	0.39555555555555555	0.0
25-250 kb	HighConfNDD	GRM7	0.0	0.24222222222222223	0.0
25-250 kb	HighConfNDD	OXTR	0.0	0.20222222222222222	0.0
25-250 kb	HighConfNDD	SRGAP3	1.25	0.6844444444444444	1.8262987012987013
25-250 kb	HighConfNDD	SETD5	0.0	0.8022222222222222	0.0
25-250 kb	HighConfNDD	ATP2B2	0.0	0.13777777777777778	0.0
25-250 kb	HighConfNDD	SLC6A1	0.0	0.30666666666666664	0.0
25-250 kb	HighConfNDD	SYN2	0.0	0.5244444444444445	0.0
25-250 kb	HighConfNDD	TBC1D5	0.0	0.1111111111111111	0.0
25-250 kb	HighConfNDD	SATB1	0.0	0.1111111111111111	0.0
25-250 kb	HighConfNDD	KAT2B	0.0	0.6022222222222222	0.0
25-250 kb	HighConfNDD	TOP2B	0.25	0.2822222222222222	0.8858267716535434
25-250 kb	HighConfNDD	CX3CR1	0.5	0.4444444444444444	1.125
25-250 kb	HighConfNDD	CTNNB1	0.0	0.2311111111111111	0.0
25-250 kb	HighConfNDD	SETD2	0.5	0.9822222222222222	0.5090497737556561
25-250 kb	HighConfNDD	PLXNB1	0.0	0.9577777777777777	0.0
25-250 kb	HighConfNDD	QRICH1	0.5	1.5911111111111111	0.31424581005586594
25-250 kb	HighConfNDD	GPX1	0.5	1.5066666666666666	0.33185840707964603
25-250 kb	HighConfNDD	AMT	0.75	1.4333333333333333	0.5232558139534884
25-250 kb	HighConfNDD	NPRL2	0.5	0.43333333333333335	1.1538461538461537
25-250 kb	HighConfNDD	PHF7	0.25	0.7155555555555555	0.34937888198757766
25-250 kb	HighConfNDD	CACNA1D	1.0	0.6622222222222223	1.5100671140939597
25-250 kb	HighConfNDD	CACNA2D3	0.0	0.3377777777777778	0.0
25-250 kb	HighConfNDD	ASB14	0.25	0.7666666666666667	0.32608695652173914
25-250 kb	HighConfNDD	FHIT	0.0	0.2822222222222222	0.0
25-250 kb	HighConfNDD	FEZF2	0.0	0.26666666666666666	0.0
25-250 kb	HighConfNDD	CADPS	0.0	0.21333333333333335	0.0
25-250 kb	HighConfNDD	PSMD6	0.75	0.30666666666666664	2.4456521739130435
25-250 kb	HighConfNDD	PRICKLE2	0.25	0.21777777777777776	1.1479591836734695
25-250 kb	HighConfNDD	FOXP1	0.0	0.46444444444444444	0.0
25-250 kb	HighConfNDD	CNTN3	0.5	0.2	2.5
25-250 kb	HighConfNDD	ROBO2	0.0	0.24666666666666667	0.0
25-250 kb	HighConfNDD	GBE1	0.0	0.2088888888888889	0.0
25-250 kb	HighConfNDD	CADM2	0.0	0.24	0.0
25-250 kb	HighConfNDD	DRD3	1.0	0.3088888888888889	3.2374100719424463
25-250 kb	HighConfNDD	ZBTB20	0.25	0.1711111111111111	1.4610389610389611
25-250 kb	HighConfNDD	FBXO40	0.75	0.5377777777777778	1.3946280991735536
25-250 kb	HighConfNDD	ADCY5	0.0	0.42444444444444446	0.0
25-250 kb	HighConfNDD	RAB43	0.5	0.9377777777777778	0.533175355450237
25-250 kb	HighConfNDD	ISY1-RAB43	0.25	0.8688888888888889	0.2877237851662404
25-250 kb	HighConfNDD	MBD4	0.25	0.7111111111111111	0.3515625
25-250 kb	HighConfNDD	UBA5	0.0	0.29777777777777775	0.0
25-250 kb	HighConfNDD	PCCB	0.75	0.8377777777777777	0.8952254641909815
25-250 kb	HighConfNDD	SLC9A9	0.25	0.20444444444444446	1.2228260869565217
25-250 kb	HighConfNDD	DIPK2A	0.0	0.22	0.0
25-250 kb	HighConfNDD	MED12L	0.25	0.28444444444444444	0.87890625
25-250 kb	HighConfNDD	SERPINI1	0.0	0.21555555555555556	0.0
25-250 kb	HighConfNDD	NLGN1	0.0	0.15555555555555556	0.0
25-250 kb	HighConfNDD	NAALADL2	0.0	0.24888888888888888	0.0
25-250 kb	HighConfNDD	TBL1XR1	1.25	0.74	1.6891891891891893
25-250 kb	HighConfNDD	YEATS2	1.0	0.9022222222222223	1.108374384236453
25-250 kb	HighConfNDD	DVL3	0.5	0.9311111111111111	0.5369928400954654
25-250 kb	HighConfNDD	AP2M1	0.25	0.9511111111111111	0.2628504672897196
25-250 kb	HighConfNDD	ACAP2	0.5	0.6377777777777778	0.7839721254355401
25-250 kb	HighConfNDD	MUC4	0.75	0.6022222222222222	1.2453874538745389
25-250 kb	HighConfNDD	TM4SF19-DYNLT2B	1.25	1.3955555555555557	0.8957006369426751
25-250 kb	HighConfNDD	TM4SF19	1.0	1.3933333333333333	0.7177033492822966
25-250 kb	HighConfNDD	PAK2	0.25	1.1111111111111112	0.22499999999999998
25-250 kb	HighConfNDD	DLG1	0.25	0.5288888888888889	0.47268907563025214
25-250 kb	HighConfNDD	NSD2	0.5	0.7155555555555555	0.6987577639751553
25-250 kb	HighConfNDD	GRK4	0.25	0.8422222222222222	0.29683377308707126
25-250 kb	HighConfNDD	KIAA0232	0.0	0.6533333333333333	0.0
25-250 kb	HighConfNDD	CPZ	0.0	0.3488888888888889	0.0
25-250 kb	HighConfNDD	BST1	0.5	0.3488888888888889	1.4331210191082802
25-250 kb	HighConfNDD	CD38	0.0	0.39111111111111113	0.0
25-250 kb	HighConfNDD	GABRA4	0.25	0.18888888888888888	1.3235294117647058
25-250 kb	HighConfNDD	SCFD2	0.25	0.28888888888888886	0.8653846153846154
25-250 kb	HighConfNDD	CEP135	0.5	0.5622222222222222	0.8893280632411068
25-250 kb	HighConfNDD	ANKRD17	0.25	0.41333333333333333	0.6048387096774194
25-250 kb	HighConfNDD	G3BP2	0.5	0.8333333333333334	0.6
25-250 kb	HighConfNDD	SCARB2	0.5	0.4311111111111111	1.1597938144329898
25-250 kb	HighConfNDD	HNRNPD	0.5	0.5888888888888889	0.8490566037735848
25-250 kb	HighConfNDD	WDFY3	0.25	0.32222222222222224	0.7758620689655172
25-250 kb	HighConfNDD	SPARCL1	0.0	0.4577777777777778	0.0
25-250 kb	HighConfNDD	CCSER1	0.0	0.18888888888888888	0.0
25-250 kb	HighConfNDD	GRID2	0.0	0.12666666666666668	0.0
25-250 kb	HighConfNDD	EIF4E	0.5	0.49333333333333335	1.0135135135135136
25-250 kb	HighConfNDD	DAPP1	0.5	0.26666666666666666	1.875
25-250 kb	HighConfNDD	PPP3CA	0.0	0.2644444444444444	0.0
25-250 kb	HighConfNDD	TET2	0.25	0.22	1.1363636363636365
25-250 kb	HighConfNDD	TBCK	0.25	0.17777777777777778	1.40625
25-250 kb	HighConfNDD	ANK2	0.25	0.8288888888888889	0.30160857908847183
25-250 kb	HighConfNDD	MFSD8	0.5	0.8911111111111111	0.5610972568578554
25-250 kb	HighConfNDD	PCDH10	0.0	0.20222222222222222	0.0
25-250 kb	HighConfNDD	NAA15	0.0	0.9466666666666667	0.0
25-250 kb	HighConfNDD	ABCE1	1.0	0.3377777777777778	2.9605263157894735
25-250 kb	HighConfNDD	ZNF827	0.25	0.28888888888888886	0.8653846153846154
25-250 kb	HighConfNDD	PRMT9	1.0	0.5666666666666667	1.7647058823529411
25-250 kb	HighConfNDD	NR3C2	0.0	0.2311111111111111	0.0
25-250 kb	HighConfNDD	LRBA	0.75	0.9022222222222223	0.8312807881773399
25-250 kb	HighConfNDD	FGA	0.25	0.23555555555555555	1.0613207547169812
25-250 kb	HighConfNDD	TDO2	0.0	0.28444444444444444	0.0
25-250 kb	HighConfNDD	GRIA2	0.75	0.18888888888888888	3.9705882352941178
25-250 kb	HighConfNDD	FAT1	0.25	0.33555555555555555	0.7450331125827815
25-250 kb	HighConfNDD	FRG1	0.0	0.15777777777777777	0.0
25-250 kb	HighConfNDD	EXOC3	0.5	0.2577777777777778	1.9396551724137931
25-250 kb	HighConfNDD	SLC6A3	0.5	0.2644444444444444	1.8907563025210086
25-250 kb	HighConfNDD	SEMA5A	0.0	0.18	0.0
25-250 kb	HighConfNDD	CTNND2	0.0	0.18	0.0
25-250 kb	HighConfNDD	TRIO	0.0	0.3711111111111111	0.0
25-250 kb	HighConfNDD	CDH10	0.0	0.24888888888888888	0.0
25-250 kb	HighConfNDD	CDH9	1.0	0.22	4.545454545454546
25-250 kb	HighConfNDD	NIPBL	0.0	0.37333333333333335	0.0
25-250 kb	HighConfNDD	NUP155	0.75	0.9066666666666666	0.8272058823529412
25-250 kb	HighConfNDD	HCN1	0.0	0.14444444444444443	0.0
25-250 kb	HighConfNDD	TRIM23	0.75	0.6711111111111111	1.1175496688741722
25-250 kb	HighConfNDD	ERBIN	0.75	0.6777777777777778	1.1065573770491803
25-250 kb	HighConfNDD	MAP1B	0.0	0.2822222222222222	0.0
25-250 kb	HighConfNDD	HOMER1	0.25	0.7555555555555555	0.33088235294117646
25-250 kb	HighConfNDD	MEF2C	0.0	0.19111111111111112	0.0
25-250 kb	HighConfNDD	NR2F1	0.0	0.21555555555555556	0.0
25-250 kb	HighConfNDD	CHD1	0.25	0.3977777777777778	0.6284916201117319
25-250 kb	HighConfNDD	CAMK4	0.0	0.18666666666666668	0.0
25-250 kb	HighConfNDD	YTHDC2	0.0	0.3244444444444444	0.0
25-250 kb	HighConfNDD	MEGF10	0.0	0.22	0.0
25-250 kb	HighConfNDD	P4HA2	0.25	0.33555555555555555	0.7450331125827815
25-250 kb	HighConfNDD	PITX1	0.0	0.6088888888888889	0.0
25-250 kb	HighConfNDD	KDM3B	0.0	1.3288888888888888	0.0
25-250 kb	HighConfNDD	PURA	0.0	0.52	0.0
25-250 kb	HighConfNDD	PCDHA1	0.0	0.6422222222222222	0.0
25-250 kb	HighConfNDD	PCDHA2	0.0	0.6444444444444445	0.0
25-250 kb	HighConfNDD	PCDHA3	0.0	0.6355555555555555	0.0
25-250 kb	HighConfNDD	PCDHA4	0.0	0.6422222222222222	0.0
25-250 kb	HighConfNDD	PCDHA5	0.0	0.6688888888888889	0.0
25-250 kb	HighConfNDD	PCDHA6	0.0	0.6666666666666666	0.0
25-250 kb	HighConfNDD	PCDHA7	0.0	0.6577777777777778	0.0
25-250 kb	HighConfNDD	PCDHA8	0.25	0.6355555555555555	0.3933566433566434
25-250 kb	HighConfNDD	PCDHA9	0.25	0.6355555555555555	0.3933566433566434
25-250 kb	HighConfNDD	PCDHA10	0.25	0.6177777777777778	0.4046762589928058
25-250 kb	HighConfNDD	PCDHA11	0.0	0.5933333333333334	0.0
25-250 kb	HighConfNDD	PCDHA12	0.25	0.5733333333333334	0.436046511627907
25-250 kb	HighConfNDD	PCDHA13	0.0	0.5644444444444444	0.0
25-250 kb	HighConfNDD	PCDHAC1	0.75	0.5111111111111111	1.4673913043478262
25-250 kb	HighConfNDD	PCDHAC2	0.0	0.45555555555555555	0.0
25-250 kb	HighConfNDD	RBM27	1.0	0.6288888888888889	1.5901060070671378
25-250 kb	HighConfNDD	DPYSL3	0.25	0.2866666666666667	0.872093023255814
25-250 kb	HighConfNDD	ADRB2	0.25	0.12444444444444444	2.0089285714285716
25-250 kb	HighConfNDD	CAMK2A	0.25	0.5288888888888889	0.47268907563025214
25-250 kb	HighConfNDD	GRIA1	0.0	0.16	0.0
25-250 kb	HighConfNDD	GALNT10	0.25	0.29555555555555557	0.8458646616541353
25-250 kb	HighConfNDD	CYFIP2	0.25	0.7155555555555555	0.34937888198757766
25-250 kb	HighConfNDD	GABRB2	0.0	0.18666666666666668	0.0
25-250 kb	HighConfNDD	GABRA1	0.0	0.20666666666666667	0.0
25-250 kb	HighConfNDD	GABRG2	0.5	0.18666666666666668	2.6785714285714284
25-250 kb	HighConfNDD	CCNG1	0.5	0.37333333333333335	1.3392857142857142
25-250 kb	HighConfNDD	NUDCD2	0.75	0.36444444444444446	2.0579268292682924
25-250 kb	HighConfNDD	RANBP17	0.25	0.2288888888888889	1.0922330097087378
25-250 kb	HighConfNDD	CPEB4	0.0	0.35333333333333333	0.0
25-250 kb	HighConfNDD	DRD1	0.25	0.4022222222222222	0.6215469613259669
25-250 kb	HighConfNDD	TSPAN17	0.0	0.7044444444444444	0.0
25-250 kb	HighConfNDD	UIMC1	1.0	1.0844444444444445	0.9221311475409836
25-250 kb	HighConfNDD	NSD1	0.0	1.2022222222222223	0.0
25-250 kb	HighConfNDD	ELOVL2	0.5	0.6155555555555555	0.8122743682310469
25-250 kb	HighConfNDD	JARID2	0.0	1.0622222222222222	0.0
25-250 kb	HighConfNDD	NHLRC1	0.75	0.9355555555555556	0.8016627078384798
25-250 kb	HighConfNDD	KDM1B	0.75	0.9066666666666666	0.8272058823529412
25-250 kb	HighConfNDD	ALDH5A1	0.25	0.6577777777777778	0.38006756756756754
25-250 kb	HighConfNDD	H2BC11	0.5	0.5022222222222222	0.995575221238938
25-250 kb	HighConfNDD	HLA-G	0.5	0.41333333333333333	1.2096774193548387
25-250 kb	HighConfNDD	HLA-A	0.5	0.3022222222222222	1.6544117647058822
25-250 kb	HighConfNDD	HLA-B	0.25	0.7	0.35714285714285715
25-250 kb	HighConfNDD	C4B	0.0	0.9244444444444444	0.0
25-250 kb	HighConfNDD	HLA-DRB1	0.75	0.28888888888888886	2.5961538461538463
25-250 kb	HighConfNDD	HLA-DPB1	0.0	0.5511111111111111	0.0
25-250 kb	HighConfNDD	SYNGAP1	0.0	1.1333333333333333	0.0
25-250 kb	HighConfNDD	GLO1	0.75	0.4577777777777778	1.6383495145631068
25-250 kb	HighConfNDD	LRFN2	0.0	0.10666666666666667	0.0
25-250 kb	HighConfNDD	PPP2R5D	1.25	1.3244444444444445	0.9437919463087248
25-250 kb	HighConfNDD	CUL7	0.75	1.1888888888888889	0.6308411214953271
25-250 kb	HighConfNDD	PTK7	0.0	1.1444444444444444	0.0
25-250 kb	HighConfNDD	SLC25A27	0.0	0.20222222222222222	0.0
25-250 kb	HighConfNDD	LRRC1	0.0	0.31555555555555553	0.0
25-250 kb	HighConfNDD	DST	0.0	0.5066666666666667	0.0
25-250 kb	HighConfNDD	KIAA1586	0.0	0.4888888888888889	0.0
25-250 kb	HighConfNDD	KHDRBS2	0.0	0.10222222222222223	0.0
25-250 kb	HighConfNDD	PHF3	0.0	0.5755555555555556	0.0
25-250 kb	HighConfNDD	RIMS1	0.0	0.16444444444444445	0.0
25-250 kb	HighConfNDD	HTR1B	0.0	0.14888888888888888	0.0
25-250 kb	HighConfNDD	PHIP	0.0	0.24888888888888888	0.0
25-250 kb	HighConfNDD	SYNCRIP	0.5	0.40444444444444444	1.2362637362637363
25-250 kb	HighConfNDD	ZNF292	0.5	0.36	1.3888888888888888
25-250 kb	HighConfNDD	CNR1	0.0	0.22444444444444445	0.0
25-250 kb	HighConfNDD	USP45	1.5	0.47555555555555556	3.1542056074766354
25-250 kb	HighConfNDD	GRIK2	0.0	0.19333333333333333	0.0
25-250 kb	HighConfNDD	HS3ST5	0.0	0.18444444444444444	0.0
25-250 kb	HighConfNDD	FRK	0.25	0.1511111111111111	1.6544117647058822
25-250 kb	HighConfNDD	NUS1	0.5	0.27111111111111114	1.8442622950819672
25-250 kb	HighConfNDD	PLN	0.0	0.37777777777777777	0.0
25-250 kb	HighConfNDD	MED23	0.0	0.3711111111111111	0.0
25-250 kb	HighConfNDD	PEX7	1.0	0.5355555555555556	1.8672199170124482
25-250 kb	HighConfNDD	HIVEP2	0.5	0.2733333333333333	1.829268292682927
25-250 kb	HighConfNDD	EPM2A	0.25	0.14888888888888888	1.6791044776119404
25-250 kb	HighConfNDD	STXBP5	0.0	0.23555555555555555	0.0
25-250 kb	HighConfNDD	SASH1	0.75	0.6422222222222222	1.1678200692041523
25-250 kb	HighConfNDD	SYNE1	0.75	0.27555555555555555	2.721774193548387
25-250 kb	HighConfNDD	ARID1B	0.0	0.4577777777777778	0.0
25-250 kb	HighConfNDD	PRKN	0.25	0.32666666666666666	0.7653061224489796
25-250 kb	HighConfNDD	RPS6KA2	0.0	0.33111111111111113	0.0
25-250 kb	HighConfNDD	DLL1	0.0	0.18444444444444444	0.0
25-250 kb	HighConfNDD	PRKAR1B	0.25	0.6711111111111111	0.37251655629139074
25-250 kb	HighConfNDD	BRAT1	1.5	1.0666666666666667	1.40625
25-250 kb	HighConfNDD	CARD11	0.5	0.8822222222222222	0.5667506297229219
25-250 kb	HighConfNDD	SLC29A4	0.75	1.58	0.47468354430379744
25-250 kb	HighConfNDD	ACTB	2.0	1.4111111111111112	1.4173228346456692
25-250 kb	HighConfNDD	GRID2IP	2.0	1.6377777777777778	1.2211668928086838
25-250 kb	HighConfNDD	COL28A1	0.0	0.3111111111111111	0.0
25-250 kb	HighConfNDD	ICA1	0.0	0.19555555555555557	0.0
25-250 kb	HighConfNDD	NXPH1	0.0	0.15777777777777777	0.0
25-250 kb	HighConfNDD	AGMO	0.25	0.20444444444444446	1.2228260869565217
25-250 kb	HighConfNDD	NFE2L3	0.0	0.66	0.0
25-250 kb	HighConfNDD	PDE1C	0.25	0.4888888888888889	0.5113636363636364
25-250 kb	HighConfNDD	ABCA13	0.25	0.2733333333333333	0.9146341463414634
25-250 kb	HighConfNDD	DDC	0.25	0.18	1.3888888888888888
25-250 kb	HighConfNDD	ZNF713	1.75	1.4022222222222223	1.2480190174326466
25-250 kb	HighConfNDD	KCTD7	1.75	1.451111111111111	1.2059724349157734
25-250 kb	HighConfNDD	AUTS2	0.0	0.88	0.0
25-250 kb	HighConfNDD	STX1A	1.0	1.5466666666666666	0.646551724137931
25-250 kb	HighConfNDD	GTF2I	1.25	1.6933333333333334	0.7381889763779528
25-250 kb	HighConfNDD	GNAI1	0.0	0.20444444444444446	0.0
25-250 kb	HighConfNDD	CACNA2D1	0.0	0.3466666666666667	0.0
25-250 kb	HighConfNDD	PCLO	0.0	0.1711111111111111	0.0
25-250 kb	HighConfNDD	ADAM22	0.25	0.3244444444444444	0.7705479452054795
25-250 kb	HighConfNDD	AKAP9	0.0	0.4488888888888889	0.0
25-250 kb	HighConfNDD	PON1	0.0	0.29555555555555557	0.0
25-250 kb	HighConfNDD	DLX6	0.0	0.29333333333333333	0.0
25-250 kb	HighConfNDD	TRRAP	0.75	0.9866666666666667	0.7601351351351351
25-250 kb	HighConfNDD	SMURF1	0.5	1.1488888888888888	0.43520309477756286
25-250 kb	HighConfNDD	AZGP1	1.25	0.8644444444444445	1.4460154241645244
25-250 kb	HighConfNDD	TAF6	1.75	1.2022222222222223	1.4556377079482439
25-250 kb	HighConfNDD	GIGYF1	1.25	1.5222222222222221	0.8211678832116789
25-250 kb	HighConfNDD	ACHE	0.75	1.38	0.5434782608695653
25-250 kb	HighConfNDD	MUC12	1.0	1.4044444444444444	0.7120253164556962
25-250 kb	HighConfNDD	SERPINE1	0.75	1.3644444444444443	0.5496742671009772
25-250 kb	HighConfNDD	CUX1	0.0	1.2444444444444445	0.0
25-250 kb	HighConfNDD	RELN	0.0	0.2866666666666667	0.0
25-250 kb	HighConfNDD	KMT2E	0.75	0.5577777777777778	1.344621513944223
25-250 kb	HighConfNDD	PIK3CG	0.0	0.43777777777777777	0.0
25-250 kb	HighConfNDD	LAMB1	0.25	0.4266666666666667	0.5859375
25-250 kb	HighConfNDD	NRCAM	0.0	0.24666666666666667	0.0
25-250 kb	HighConfNDD	IMMP2L	0.25	0.3711111111111111	0.6736526946107785
25-250 kb	HighConfNDD	DOCK4	0.25	0.30666666666666664	0.8152173913043479
25-250 kb	HighConfNDD	GPR85	0.0	0.14888888888888888	0.0
25-250 kb	HighConfNDD	FOXP2	0.0	0.2577777777777778	0.0
25-250 kb	HighConfNDD	MET	0.0	0.34	0.0
25-250 kb	HighConfNDD	ST7	0.0	0.4088888888888889	0.0
25-250 kb	HighConfNDD	CTTNBP2	0.0	0.20222222222222222	0.0
25-250 kb	HighConfNDD	KCND2	0.0	0.17333333333333334	0.0
25-250 kb	HighConfNDD	CADPS2	0.0	0.20222222222222222	0.0
25-250 kb	HighConfNDD	NDUFA5	0.25	0.2577777777777778	0.9698275862068966
25-250 kb	HighConfNDD	GPR37	0.25	0.19111111111111112	1.3081395348837208
25-250 kb	HighConfNDD	POT1	0.5	0.20222222222222222	2.4725274725274726
25-250 kb	HighConfNDD	SND1	0.5	0.30444444444444446	1.6423357664233575
25-250 kb	HighConfNDD	LRRC4	0.0	0.3888888888888889	0.0
25-250 kb	HighConfNDD	LEP	0.25	0.5844444444444444	0.42775665399239543
25-250 kb	HighConfNDD	UBE2H	0.5	1.0777777777777777	0.4639175257731959
25-250 kb	HighConfNDD	CEP41	0.5	0.5022222222222222	0.995575221238938
25-250 kb	HighConfNDD	PLXNA4	0.0	0.23777777777777778	0.0
25-250 kb	HighConfNDD	UBN2	0.25	1.0022222222222221	0.2494456762749446
25-250 kb	HighConfNDD	BRAF	0.25	0.6488888888888888	0.38527397260273977
25-250 kb	HighConfNDD	EPHA1	0.25	0.3711111111111111	0.6736526946107785
25-250 kb	HighConfNDD	CNTNAP2	0.0	0.22	0.0
25-250 kb	HighConfNDD	KMT2C	0.0	1.1866666666666668	0.0
25-250 kb	HighConfNDD	DPP6	0.25	0.26666666666666666	0.9375
25-250 kb	HighConfNDD	EN2	0.0	0.27555555555555555	0.0
25-250 kb	HighConfNDD	UBE3C	0.75	0.9555555555555556	0.7848837209302325
25-250 kb	HighConfNDD	DLGAP2	0.0	0.21777777777777776	0.0
25-250 kb	HighConfNDD	CLN8	1.0	0.26222222222222225	3.813559322033898
25-250 kb	HighConfNDD	ARHGEF10	0.0	0.33111111111111113	0.0
25-250 kb	HighConfNDD	CSMD1	0.0	0.21555555555555556	0.0
25-250 kb	HighConfNDD	MCPH1	0.75	0.62	1.2096774193548387
25-250 kb	HighConfNDD	MSR1	0.0	0.21333333333333335	0.0
25-250 kb	HighConfNDD	PCM1	0.0	0.5155555555555555	0.0
25-250 kb	HighConfNDD	PSD3	0.25	0.43555555555555553	0.5739795918367347
25-250 kb	HighConfNDD	EGR3	0.0	0.5022222222222222	0.0
25-250 kb	HighConfNDD	RHOBTB2	0.75	0.5488888888888889	1.3663967611336032
25-250 kb	HighConfNDD	DPYSL2	0.0	0.5711111111111111	0.0
25-250 kb	HighConfNDD	KIF13B	0.75	0.5644444444444444	1.328740157480315
25-250 kb	HighConfNDD	DDHD2	0.75	1.1977777777777778	0.6261595547309833
25-250 kb	HighConfNDD	FGFR1	0.5	0.8555555555555555	0.5844155844155845
25-250 kb	HighConfNDD	KAT6A	0.5	0.7444444444444445	0.6716417910447761
25-250 kb	HighConfNDD	CHRNB3	0.25	1.0666666666666667	0.234375
25-250 kb	HighConfNDD	PRKDC	0.75	0.8622222222222222	0.8698453608247423
25-250 kb	HighConfNDD	MCM4	0.75	0.8622222222222222	0.8698453608247423
25-250 kb	HighConfNDD	RAB2A	0.5	0.49777777777777776	1.0044642857142858
25-250 kb	HighConfNDD	CHD7	0.0	0.4822222222222222	0.0
25-250 kb	HighConfNDD	FABP5	0.0	0.21777777777777776	0.0
25-250 kb	HighConfNDD	CNGB3	0.25	0.29777777777777775	0.8395522388059702
25-250 kb	HighConfNDD	RUNX1T1	0.0	0.29333333333333333	0.0
25-250 kb	HighConfNDD	SDC2	0.25	0.29555555555555557	0.8458646616541353
25-250 kb	HighConfNDD	VPS13B	0.75	0.5022222222222222	1.4933628318584071
25-250 kb	HighConfNDD	UBR5	0.75	0.7533333333333333	0.995575221238938
25-250 kb	HighConfNDD	EXT1	0.25	0.39555555555555555	0.6320224719101124
25-250 kb	HighConfNDD	TBC1D31	0.5	0.5733333333333334	0.872093023255814
25-250 kb	HighConfNDD	EFR3A	0.25	0.1288888888888889	1.9396551724137931
25-250 kb	HighConfNDD	KCNQ3	0.0	0.20666666666666667	0.0
25-250 kb	HighConfNDD	TRAPPC9	0.75	0.7666666666666667	0.9782608695652173
25-250 kb	HighConfNDD	AGO2	0.0	0.7844444444444445	0.0
25-250 kb	HighConfNDD	CYP11B1	0.0	0.3466666666666667	0.0
25-250 kb	HighConfNDD	EPPK1	0.0	0.6977777777777778	0.0
25-250 kb	HighConfNDD	ZNF517	1.0	0.7888888888888889	1.267605633802817
25-250 kb	HighConfNDD	KANK1	0.5	0.5644444444444444	0.8858267716535434
25-250 kb	HighConfNDD	SMARCA2	0.0	0.2088888888888889	0.0
25-250 kb	HighConfNDD	RFX3	0.0	0.24666666666666667	0.0
25-250 kb	HighConfNDD	SLC1A1	0.75	0.4711111111111111	1.5919811320754718
25-250 kb	HighConfNDD	MLANA	0.25	0.41555555555555557	0.6016042780748663
25-250 kb	HighConfNDD	KDM4C	2.75	1.028888888888889	2.672786177105831
25-250 kb	HighConfNDD	PTPRD	0.0	0.16666666666666666	0.0
25-250 kb	HighConfNDD	NFIB	0.0	0.1711111111111111	0.0
25-250 kb	HighConfNDD	SLC24A2	0.25	0.15555555555555556	1.6071428571428572
25-250 kb	HighConfNDD	ELAVL2	0.0	0.18444444444444444	0.0
25-250 kb	HighConfNDD	TEK	0.25	0.48	0.5208333333333334
25-250 kb	HighConfNDD	PIGO	1.25	0.5844444444444444	2.1387832699619773
25-250 kb	HighConfNDD	CCIN	0.75	0.8044444444444444	0.9323204419889504
25-250 kb	HighConfNDD	RNF38	0.0	1.1977777777777778	0.0
25-250 kb	HighConfNDD	PAX5	0.0	0.4888888888888889	0.0
25-250 kb	HighConfNDD	CNTNAP3	0.25	0.46	0.5434782608695652
25-250 kb	HighConfNDD	GDA	1.25	0.6866666666666666	1.8203883495145632
25-250 kb	HighConfNDD	ANXA1	0.25	0.19111111111111112	1.3081395348837208
25-250 kb	HighConfNDD	RORB	0.0	0.20222222222222222	0.0
25-250 kb	HighConfNDD	PRUNE2	0.0	0.5844444444444444	0.0
25-250 kb	HighConfNDD	HNRNPK	0.25	0.6911111111111111	0.3617363344051447
25-250 kb	HighConfNDD	PHF2	0.0	0.35777777777777775	0.0
25-250 kb	HighConfNDD	GABBR2	0.0	0.36444444444444446	0.0
25-250 kb	HighConfNDD	CYLC2	0.0	0.19111111111111112	0.0
25-250 kb	HighConfNDD	ZNF462	0.0	0.15333333333333332	0.0
25-250 kb	HighConfNDD	FRRS1L	0.25	0.6355555555555555	0.3933566433566434
25-250 kb	HighConfNDD	ECPAS	0.5	0.6422222222222222	0.7785467128027681
25-250 kb	HighConfNDD	ASTN2	0.0	0.16444444444444445	0.0
25-250 kb	HighConfNDD	LHX2	0.0	0.7133333333333334	0.0
25-250 kb	HighConfNDD	LMX1B	0.0	0.5688888888888889	0.0
25-250 kb	HighConfNDD	STXBP1	1.75	0.8733333333333333	2.00381679389313
25-250 kb	HighConfNDD	DNM1	1.0	1.2866666666666666	0.7772020725388601
25-250 kb	HighConfNDD	SLC27A4	1.25	1.24	1.0080645161290323
25-250 kb	HighConfNDD	SPTAN1	0.0	1.5955555555555556	0.0
25-250 kb	HighConfNDD	SET	1.5	1.5	1.0
25-250 kb	HighConfNDD	POMT1	0.75	1.0177777777777777	0.7368995633187774
25-250 kb	HighConfNDD	TSC1	0.25	0.6577777777777778	0.38006756756756754
25-250 kb	HighConfNDD	KCNT1	0.0	0.4777777777777778	0.0
25-250 kb	HighConfNDD	NOTCH1	0.0	0.4533333333333333	0.0
25-250 kb	HighConfNDD	GRIN1	0.25	0.6577777777777778	0.38006756756756754
25-250 kb	HighConfNDD	PNPLA7	1.0	0.7488888888888889	1.3353115727002967
25-250 kb	HighConfNDD	EHMT1	0.5	0.7044444444444444	0.7097791798107256
25-250 kb	HighConfNDD	CACNA1B	0.0	0.5733333333333334	0.0
25-250 kb	HighConfNDD	SHOX	0.0	1.1644444444444444	0.0
25-250 kb	HighConfNDD	ASMT	3.0	1.1644444444444444	2.5763358778625953
25-250 kb	HighConfNDD	NLGN4X	0.0	0.38222222222222224	0.0
25-250 kb	HighConfNDD	TBL1X	0.5	0.5777777777777777	0.8653846153846154
25-250 kb	HighConfNDD	CLCN4	0.25	0.4177777777777778	0.5984042553191489
25-250 kb	HighConfNDD	MSL3	0.0	0.18	0.0
25-250 kb	HighConfNDD	OFD1	0.0	0.4066666666666667	0.0
25-250 kb	HighConfNDD	GLRA2	0.25	0.11333333333333333	2.2058823529411766
25-250 kb	HighConfNDD	PIGA	0.5	0.2733333333333333	1.829268292682927
25-250 kb	HighConfNDD	SYAP1	1.25	0.8222222222222222	1.5202702702702704
25-250 kb	HighConfNDD	CDKL5	0.25	0.7555555555555555	0.33088235294117646
25-250 kb	HighConfNDD	RPS6KA3	0.25	0.44	0.5681818181818182
25-250 kb	HighConfNDD	CNKSR2	0.0	0.11333333333333333	0.0
25-250 kb	HighConfNDD	DDX53	0.25	0.22	1.1363636363636365
25-250 kb	HighConfNDD	PTCHD1	0.0	0.2311111111111111	0.0
25-250 kb	HighConfNDD	ARX	0.0	0.33555555555555555	0.0
25-250 kb	HighConfNDD	IL1RAPL1	0.0	0.21333333333333335	0.0
25-250 kb	HighConfNDD	FAM47A	0.0	0.1511111111111111	0.0
25-250 kb	HighConfNDD	TSPAN7	0.0	0.2911111111111111	0.0
25-250 kb	HighConfNDD	USP9X	0.0	1.0222222222222221	0.0
25-250 kb	HighConfNDD	DDX3X	0.0	1.0977777777777777	0.0
25-250 kb	HighConfNDD	CASK	0.0	0.32222222222222224	0.0
25-250 kb	HighConfNDD	MAOA	0.25	0.24222222222222223	1.0321100917431192
25-250 kb	HighConfNDD	MAOB	0.0	0.20222222222222222	0.0
25-250 kb	HighConfNDD	KDM6A	0.25	0.9355555555555556	0.2672209026128266
25-250 kb	HighConfNDD	CDK16	0.0	1.2822222222222222	0.0
25-250 kb	HighConfNDD	SYN1	0.0	0.8288888888888889	0.0
25-250 kb	HighConfNDD	SLC35A2	0.25	1.1866666666666668	0.21067415730337077
25-250 kb	HighConfNDD	WDR45	1.0	0.9422222222222222	1.0613207547169812
25-250 kb	HighConfNDD	CACNA1F	0.75	0.8266666666666667	0.907258064516129
25-250 kb	HighConfNDD	KDM5C	0.0	0.86	0.0
25-250 kb	HighConfNDD	IQSEC2	0.0	0.8533333333333334	0.0
25-250 kb	HighConfNDD	WNK3	0.0	1.1311111111111112	0.0
25-250 kb	HighConfNDD	ARHGEF9	0.25	0.12222222222222222	2.0454545454545454
25-250 kb	HighConfNDD	VSIG4	0.0	0.1688888888888889	0.0
25-250 kb	HighConfNDD	AR	0.0	0.08444444444444445	0.0
25-250 kb	HighConfNDD	OPHN1	0.25	0.7022222222222222	0.3560126582278481
25-250 kb	HighConfNDD	DLG3	0.25	0.47555555555555556	0.5257009345794392
25-250 kb	HighConfNDD	SLC7A3	0.25	0.7311111111111112	0.34194528875379937
25-250 kb	HighConfNDD	NLGN3	0.5	1.2422222222222221	0.40250447227191416
25-250 kb	HighConfNDD	NEXMIF	0.0	0.20222222222222222	0.0
25-250 kb	HighConfNDD	ATRX	0.25	0.8066666666666666	0.30991735537190085
25-250 kb	HighConfNDD	ZNF711	0.0	0.13111111111111112	0.0
25-250 kb	HighConfNDD	PCDH11X	0.0	0.16444444444444445	0.0
25-250 kb	HighConfNDD	PCDH19	0.0	0.2	0.0
25-250 kb	HighConfNDD	RPL36A-HNRNPH2	0.25	0.5733333333333334	0.436046511627907
25-250 kb	HighConfNDD	HNRNPH2	0.25	0.5488888888888889	0.45546558704453444
25-250 kb	HighConfNDD	IL1RAPL2	0.25	0.22	1.1363636363636365
25-250 kb	HighConfNDD	ALG13	0.5	0.2644444444444444	1.8907563025210086
25-250 kb	HighConfNDD	AGTR2	0.0	0.12	0.0
25-250 kb	HighConfNDD	UPF3B	1.0	1.1088888888888888	0.9018036072144289
25-250 kb	HighConfNDD	RHOXF1	0.25	0.38	0.6578947368421053
25-250 kb	HighConfNDD	SMARCA1	0.0	0.2688888888888889	0.0
25-250 kb	HighConfNDD	GPC4	0.0	0.6111111111111112	0.0
25-250 kb	HighConfNDD	SLC9A6	0.25	0.5933333333333334	0.42134831460674155
25-250 kb	HighConfNDD	MAGEC3	0.0	0.18666666666666668	0.0
25-250 kb	HighConfNDD	FMR1	0.0	0.16666666666666666	0.0
25-250 kb	HighConfNDD	AFF2	0.0	0.09333333333333334	0.0
25-250 kb	HighConfNDD	CD99L2	0.0	0.5088888888888888	0.0
25-250 kb	HighConfNDD	SLC6A8	0.0	0.4266666666666667	0.0
25-250 kb	HighConfNDD	MECP2	0.75	0.8422222222222222	0.8905013192612138
25-250 kb	HighConfNDD	RPL10	0.75	0.8466666666666667	0.8858267716535433
25-250 kb	HighConfNDD	PLXNA3	1.5	0.8022222222222222	1.8698060941828256
25-250 kb	HighConfNDD	RAB39B	0.25	0.18666666666666668	1.3392857142857142
25-250 kb	HighConfNDD	TMLHE	0.25	0.14666666666666667	1.7045454545454546
25-250 kb	HighConfNDD	SHOX	0.0	1.1644444444444444	0.0
25-250 kb	HighConfNDD	ASMT	3.0	1.1644444444444444	2.5763358778625953
25-250 kb	HighConfNDD	USP9Y	0.75	0.7111111111111111	1.0546875
25-250 kb	HighConfNDD	NLGN4Y	0.0	0.3333333333333333	0.0
25-250 kb	Housekeeping	NOC2L	0.5	0.5288888888888889	0.9453781512605043
25-250 kb	Housekeeping	SDF4	0.5	0.6866666666666666	0.7281553398058253
25-250 kb	Housekeeping	AURKAIP1	0.25	0.7911111111111111	0.3160112359550562
25-250 kb	Housekeeping	CCNL2	0.5	0.8022222222222222	0.6232686980609419
25-250 kb	Housekeeping	MRPL20	2.25	0.8422222222222222	2.6715039577836412
25-250 kb	Housekeeping	SSU72	1.25	1.1088888888888888	1.1272545090180361
25-250 kb	Housekeeping	RER1	0.25	0.34	0.7352941176470588
25-250 kb	Housekeeping	TPRG1L	0.25	0.31777777777777777	0.7867132867132868
25-250 kb	Housekeeping	LRRC47	1.25	0.38222222222222224	3.270348837209302
25-250 kb	Housekeeping	C1orf174	0.75	0.4088888888888889	1.8342391304347825
25-250 kb	Housekeeping	RPL22	0.25	0.6577777777777778	0.38006756756756754
25-250 kb	Housekeeping	ICMT	1.25	0.7111111111111111	1.7578125
25-250 kb	Housekeeping	PHF13	0.25	1.1355555555555557	0.22015655577299412
25-250 kb	Housekeeping	KLHL21	0.25	1.1266666666666667	0.22189349112426035
25-250 kb	Housekeeping	DNAJC11	0.75	0.9711111111111111	0.7723112128146453
25-250 kb	Housekeeping	VAMP3	0.25	0.6711111111111111	0.37251655629139074
25-250 kb	Housekeeping	PARK7	0.75	0.9666666666666667	0.7758620689655172
25-250 kb	Housekeeping	ENO1	1.0	1.1555555555555554	0.8653846153846154
25-250 kb	Housekeeping	TARDBP	1.25	0.8666666666666667	1.4423076923076923
25-250 kb	Housekeeping	SRM	1.0	1.0444444444444445	0.9574468085106382
25-250 kb	Housekeeping	EXOSC10	1.75	1.0044444444444445	1.7422566371681416
25-250 kb	Housekeeping	KIAA2013	1.25	0.9422222222222222	1.3266509433962266
25-250 kb	Housekeeping	PLOD1	2.0	0.9466666666666667	2.112676056338028
25-250 kb	Housekeeping	MFN2	1.0	0.9533333333333334	1.048951048951049
25-250 kb	Housekeeping	MIIP	2.5	0.9911111111111112	2.522421524663677
25-250 kb	Housekeeping	ZBTB17	1.5	1.051111111111111	1.427061310782241
25-250 kb	Housekeeping	FBXO42	1.0	0.9822222222222222	1.0180995475113122
25-250 kb	Housekeeping	RCC2	0.0	0.7955555555555556	0.0
25-250 kb	Housekeeping	UBR4	0.5	0.6755555555555556	0.7401315789473684
25-250 kb	Housekeeping	MRTO4	1.25	0.6644444444444444	1.8812709030100336
25-250 kb	Housekeeping	AKR7A2	0.25	0.7822222222222223	0.3196022727272727
25-250 kb	Housekeeping	MUL1	1.0	0.6444444444444445	1.5517241379310345
25-250 kb	Housekeeping	HP1BP3	1.0	0.8933333333333333	1.119402985074627
25-250 kb	Housekeeping	USP48	1.0	0.8666666666666667	1.1538461538461537
25-250 kb	Housekeeping	KDM1A	1.0	0.84	1.1904761904761905
25-250 kb	Housekeeping	RPL11	1.0	1.1755555555555555	0.8506616257088847
25-250 kb	Housekeeping	PITHD1	0.5	1.2022222222222223	0.41589648798521256
25-250 kb	Housekeeping	PNRC2	1.0	1.0955555555555556	0.9127789046653143
25-250 kb	Housekeeping	SRSF10	0.5	1.0666666666666667	0.46875
25-250 kb	Housekeeping	SRRM1	1.5	1.0622222222222222	1.4121338912133892
25-250 kb	Housekeeping	SYF2	1.0	0.6644444444444444	1.5050167224080269
25-250 kb	Housekeeping	TMEM50A	0.25	0.7511111111111111	0.33284023668639057
25-250 kb	Housekeeping	MTFR1L	0.25	0.7511111111111111	0.33284023668639057
25-250 kb	Housekeeping	ZNF593	0.25	1.0777777777777777	0.23195876288659795
25-250 kb	Housekeeping	HMGN2	0.25	1.3	0.1923076923076923
25-250 kb	Housekeeping	GPN2	1.0	1.22	0.819672131147541
25-250 kb	Housekeeping	NUDC	1.5	1.2044444444444444	1.2453874538745389
25-250 kb	Housekeeping	STX12	1.0	1.028888888888889	0.9719222462203023
25-250 kb	Housekeeping	PPP1R8	0.25	1.1133333333333333	0.22455089820359284
25-250 kb	Housekeeping	RPA2	2.0	1.2044444444444444	1.6605166051660516
25-250 kb	Housekeeping	DNAJC8	2.25	1.5422222222222222	1.4589337175792507
25-250 kb	Housekeeping	ATP5IF1	1.0	1.551111111111111	0.6446991404011462
25-250 kb	Housekeeping	SRSF4	0.5	0.8177777777777778	0.6114130434782609
25-250 kb	Housekeeping	ZCCHC17	0.5	1.2577777777777779	0.39752650176678445
25-250 kb	Housekeeping	PEF1	0.0	0.5955555555555555	0.0
25-250 kb	Housekeeping	PTP4A2	0.75	1.0422222222222222	0.7196162046908317
25-250 kb	Housekeeping	KHDRBS1	0.75	1.2333333333333334	0.6081081081081081
25-250 kb	Housekeeping	KPNA6	1.5	1.3488888888888888	1.112026359143328
25-250 kb	Housekeeping	EIF3I	1.0	1.3333333333333333	0.75
25-250 kb	Housekeeping	BSDC1	1.0	1.44	0.6944444444444444
25-250 kb	Housekeeping	AK2	0.5	0.7155555555555555	0.6987577639751553
25-250 kb	Housekeeping	SMIM12	0.5	0.5888888888888889	0.8490566037735848
25-250 kb	Housekeeping	SFPQ	1.25	1.1111111111111112	1.125
25-250 kb	Housekeeping	PSMB2	1.25	0.9444444444444444	1.3235294117647058
25-250 kb	Housekeeping	TRAPPC3	0.25	1.1422222222222222	0.2188715953307393
25-250 kb	Housekeeping	THRAP3	0.75	1.0577777777777777	0.7090336134453782
25-250 kb	Housekeeping	LSM10	1.5	0.8866666666666667	1.6917293233082706
25-250 kb	Housekeeping	GNL2	0.5	0.8133333333333334	0.6147540983606558
25-250 kb	Housekeeping	SF3A3	0.75	0.7533333333333333	0.995575221238938
25-250 kb	Housekeeping	RRAGC	1.0	1.0177777777777777	0.9825327510917031
25-250 kb	Housekeeping	AKIRIN1	0.5	1.1977777777777778	0.4174397031539889
25-250 kb	Housekeeping	PABPC4	0.75	0.7244444444444444	1.0352760736196318
25-250 kb	Housekeeping	CAP1	0.5	1.0755555555555556	0.46487603305785125
25-250 kb	Housekeeping	ZMPSTE24	1.0	0.9911111111111112	1.0089686098654709
25-250 kb	Housekeeping	NFYC	0.25	0.8266666666666667	0.3024193548387097
25-250 kb	Housekeeping	PPIH	0.25	0.6511111111111111	0.3839590443686007
25-250 kb	Housekeeping	YBX1	0.0	0.6688888888888889	0.0
25-250 kb	Housekeeping	EBNA1BP2	0.25	0.5488888888888889	0.45546558704453444
25-250 kb	Housekeeping	IPO13	0.25	0.7533333333333333	0.33185840707964603
25-250 kb	Housekeeping	ATP6V0B	0.0	0.76	0.0
25-250 kb	Housekeeping	ERI3	0.25	0.6	0.4166666666666667
25-250 kb	Housekeeping	RPS8	1.5	0.9755555555555555	1.5375854214123008
25-250 kb	Housekeeping	UROD	0.0	0.9955555555555555	0.0
25-250 kb	Housekeeping	AKR1A1	1.75	1.3333333333333333	1.3125
25-250 kb	Housekeeping	LRRC41	0.75	0.8644444444444445	0.8676092544987146
25-250 kb	Housekeeping	UQCRH	0.75	0.8644444444444445	0.8676092544987146
25-250 kb	Housekeeping	ATPAF1	0.25	0.32666666666666666	0.7653061224489796
25-250 kb	Housekeeping	EFCAB14	0.25	0.29333333333333333	0.8522727272727273
25-250 kb	Housekeeping	CMPK1	1.0	0.5111111111111111	1.956521739130435
25-250 kb	Housekeeping	RNF11	0.25	0.8577777777777778	0.2914507772020726
25-250 kb	Housekeeping	TXNDC12	0.0	0.9733333333333334	0.0
25-250 kb	Housekeeping	BTF3L4	0.0	0.9711111111111111	0.0
25-250 kb	Housekeeping	PRPF38A	0.5	0.9844444444444445	0.5079006772009029
25-250 kb	Housekeeping	ZYG11B	1.0	1.2977777777777777	0.7705479452054795
25-250 kb	Housekeeping	MAGOH	1.5	0.37555555555555553	3.9940828402366866
25-250 kb	Housekeeping	LRRC42	0.5	0.7577777777777778	0.6598240469208211
25-250 kb	Housekeeping	TMEM59	0.25	0.6711111111111111	0.37251655629139074
25-250 kb	Housekeeping	MRPL37	0.5	0.6444444444444445	0.7758620689655172
25-250 kb	Housekeeping	JAK1	0.0	0.6866666666666666	0.0
25-250 kb	Housekeeping	LEPROT	0.0	0.35777777777777775	0.0
25-250 kb	Housekeeping	SERBP1	0.0	0.6644444444444444	0.0
25-250 kb	Housekeeping	ZRANB2	0.0	0.18888888888888888	0.0
25-250 kb	Housekeeping	RABGGTB	1.25	0.3511111111111111	3.5601265822784813
25-250 kb	Housekeeping	FUBP1	0.5	0.7711111111111111	0.6484149855907781
25-250 kb	Housekeeping	RPF1	0.5	0.30444444444444446	1.6423357664233575
25-250 kb	Housekeeping	SH3GLB1	0.25	0.4066666666666667	0.6147540983606558
25-250 kb	Housekeeping	SELENOF	0.0	0.44	0.0
25-250 kb	Housekeeping	LMO4	0.0	0.20444444444444446	0.0
25-250 kb	Housekeeping	GTF2B	0.5	0.46444444444444444	1.076555023923445
25-250 kb	Housekeeping	RPL5	1.0	0.7577777777777778	1.3196480938416422
25-250 kb	Housekeeping	MFSD14A	0.5	0.7777777777777778	0.6428571428571428
25-250 kb	Housekeeping	PRPF38B	0.25	0.5244444444444445	0.47669491525423724
25-250 kb	Housekeeping	STXBP3	0.75	0.6577777777777778	1.1402027027027026
25-250 kb	Housekeeping	TMEM167B	1.0	1.0044444444444445	0.995575221238938
25-250 kb	Housekeeping	PSMA5	1.5	0.5977777777777777	2.509293680297398
25-250 kb	Housekeeping	AHCYL1	0.25	0.27555555555555555	0.907258064516129
25-250 kb	Housekeeping	LAMTOR5	1.0	0.28444444444444444	3.515625
25-250 kb	Housekeeping	RAP1A	0.25	0.3111111111111111	0.8035714285714286
25-250 kb	Housekeeping	CAPZA1	0.5	0.8622222222222222	0.5798969072164949
25-250 kb	Housekeeping	RHOC	0.5	0.9644444444444444	0.5184331797235023
25-250 kb	Housekeeping	HIPK1	0.25	0.4866666666666667	0.5136986301369862
25-250 kb	Housekeeping	BCAS2	1.0	0.7555555555555555	1.3235294117647058
25-250 kb	Housekeeping	MAN1A2	0.0	0.32	0.0
25-250 kb	Housekeeping	POLR3C	0.75	0.8155555555555556	0.9196185286103542
25-250 kb	Housekeeping	POLR3GL	0.75	0.7022222222222222	1.0680379746835444
25-250 kb	Housekeeping	PRPF3	1.75	1.2777777777777777	1.3695652173913044
25-250 kb	Housekeeping	RPRD2	1.0	1.4177777777777778	0.7053291536050157
25-250 kb	Housekeeping	ENSA	1.25	1.3266666666666667	0.9422110552763819
25-250 kb	Housekeeping	ARNT	1.0	1.34	0.7462686567164178
25-250 kb	Housekeeping	CERS2	0.75	1.4177777777777778	0.5289968652037618
25-250 kb	Housekeeping	CDC42SE1	1.25	1.44	0.8680555555555556
25-250 kb	Housekeeping	PSMD4	2.5	1.3844444444444444	1.8057784911717496
25-250 kb	Housekeeping	PSMB4	1.0	1.26	0.7936507936507936
25-250 kb	Housekeeping	SNX27	0.5	0.8422222222222222	0.5936675461741425
25-250 kb	Housekeeping	MRPL9	0.25	0.6733333333333333	0.3712871287128713
25-250 kb	Housekeeping	S100A6	0.25	0.7888888888888889	0.31690140845070425
25-250 kb	Housekeeping	CHTOP	1.75	0.9911111111111112	1.765695067264574
25-250 kb	Housekeeping	SNAPIN	3.0	1.068888888888889	2.8066528066528065
25-250 kb	Housekeeping	DENND4B	0.0	1.5066666666666666	0.0
25-250 kb	Housekeeping	SLC39A1	1.0	1.4955555555555555	0.6686478454680536
25-250 kb	Housekeeping	JTB	1.0	1.4066666666666667	0.7109004739336493
25-250 kb	Housekeeping	RAB13	1.0	1.3777777777777778	0.7258064516129032
25-250 kb	Housekeeping	RPS27	1.5	1.34	1.1194029850746268
25-250 kb	Housekeeping	TPM3	0.5	1.3822222222222222	0.3617363344051447
25-250 kb	Housekeeping	C1orf43	0.0	1.4066666666666667	0.0
25-250 kb	Housekeeping	UBE2Q1	0.5	0.8044444444444444	0.6215469613259669
25-250 kb	Housekeeping	PMVK	1.0	0.6533333333333333	1.530612244897959
25-250 kb	Housekeeping	KRTCAP2	0.25	1.0755555555555556	0.23243801652892562
25-250 kb	Housekeeping	SCAMP3	0.25	1.1577777777777778	0.21593090211132437
25-250 kb	Housekeeping	KHDC4	1.0	1.3555555555555556	0.7377049180327868
25-250 kb	Housekeeping	SSR2	1.0	1.251111111111111	0.7992895204262878
25-250 kb	Housekeeping	UBQLN4	0.25	1.2666666666666666	0.19736842105263158
25-250 kb	Housekeeping	LAMTOR2	0.25	1.268888888888889	0.19702276707530647
25-250 kb	Housekeeping	PMF1-BGLAP	1.0	1.0222222222222221	0.9782608695652175
25-250 kb	Housekeeping	PMF1	1.0	1.0222222222222221	0.9782608695652175
25-250 kb	Housekeeping	GPATCH4	1.25	0.7466666666666667	1.6741071428571428
25-250 kb	Housekeeping	MRPL24	0.25	0.6488888888888888	0.38527397260273977
25-250 kb	Housekeeping	PRCC	0.0	0.6666666666666666	0.0
25-250 kb	Housekeeping	IGSF8	0.0	0.4622222222222222	0.0
25-250 kb	Housekeeping	PEA15	0.25	0.4711111111111111	0.5306603773584906
25-250 kb	Housekeeping	COPA	0.25	0.43777777777777777	0.5710659898477157
25-250 kb	Housekeeping	PFDN2	1.0	1.0377777777777777	0.9635974304068523
25-250 kb	Housekeeping	B4GALT3	0.75	1.1377777777777778	0.6591796875
25-250 kb	Housekeeping	ATF6	0.75	0.3288888888888889	2.2804054054054053
25-250 kb	Housekeeping	MGST3	0.0	0.5444444444444444	0.0
25-250 kb	Housekeeping	ALDH9A1	1.25	0.5488888888888889	2.2773279352226723
25-250 kb	Housekeeping	CREG1	0.25	0.5377777777777778	0.46487603305785125
25-250 kb	Housekeeping	MPZL1	0.5	0.5222222222222223	0.9574468085106382
25-250 kb	Housekeeping	MPC2	0.0	0.5777777777777777	0.0
25-250 kb	Housekeeping	PRDX6	0.0	0.29555555555555557	0.0
25-250 kb	Housekeeping	MRPS14	0.25	0.49777777777777776	0.5022321428571429
25-250 kb	Housekeeping	FAM20B	0.0	0.7377777777777778	0.0
25-250 kb	Housekeeping	TOR3A	0.5	0.8333333333333334	0.6
25-250 kb	Housekeeping	TOR1AIP1	0.25	0.5266666666666666	0.4746835443037975
25-250 kb	Housekeeping	QSOX1	0.0	0.5111111111111111	0.0
25-250 kb	Housekeeping	ODR4	0.25	0.28888888888888886	0.8653846153846154
25-250 kb	Housekeeping	GLRX2	0.5	0.3111111111111111	1.6071428571428572
25-250 kb	Housekeeping	TMEM9	0.0	0.3288888888888889	0.0
25-250 kb	Housekeeping	IPO9	0.75	0.8311111111111111	0.9024064171122994
25-250 kb	Housekeeping	TIMM17A	1.0	0.94	1.0638297872340425
25-250 kb	Housekeeping	ARL8A	0.5	0.9755555555555555	0.5125284738041003
25-250 kb	Housekeeping	ADIPOR1	0.75	0.6666666666666666	1.125
25-250 kb	Housekeeping	CYB5R1	0.5	0.6666666666666666	0.75
25-250 kb	Housekeeping	TMEM183A	0.5	0.64	0.78125
25-250 kb	Housekeeping	SNRPE	1.25	1.0933333333333333	1.1432926829268293
25-250 kb	Housekeeping	NUCKS1	0.25	0.5177777777777778	0.48283261802575106
25-250 kb	Housekeeping	EIF2D	1.5	0.38666666666666666	3.8793103448275863
25-250 kb	Housekeeping	MAPKAPK2	0.0	0.4088888888888889	0.0
25-250 kb	Housekeeping	LPGAT1	0.0	0.5844444444444444	0.0
25-250 kb	Housekeeping	PPP2R5A	0.25	0.6666666666666666	0.375
25-250 kb	Housekeeping	NENF	0.25	0.5688888888888889	0.439453125
25-250 kb	Housekeeping	AIDA	0.5	0.5355555555555556	0.9336099585062241
25-250 kb	Housekeeping	SRP9	0.75	0.9888888888888889	0.7584269662921348
25-250 kb	Housekeeping	ACBD3	1.0	1.1222222222222222	0.8910891089108911
25-250 kb	Housekeeping	PARP1	1.0	0.7688888888888888	1.300578034682081
25-250 kb	Housekeeping	GUK1	1.25	0.37333333333333335	3.3482142857142856
25-250 kb	Housekeeping	RNF187	0.75	0.3488888888888889	2.1496815286624202
25-250 kb	Housekeeping	RAB4A	0.25	0.6111111111111112	0.40909090909090906
25-250 kb	Housekeeping	ABCB10	0.75	0.68	1.102941176470588
25-250 kb	Housekeeping	TSNAX	0.25	0.5688888888888889	0.439453125
25-250 kb	Housekeeping	TSNAX-DISC1	0.25	0.5688888888888889	0.439453125
25-250 kb	Housekeeping	COA6	0.5	0.41333333333333333	1.2096774193548387
25-250 kb	Housekeeping	IRF2BP2	0.0	0.4177777777777778	0.0
25-250 kb	Housekeeping	TOMM20	1.0	1.0622222222222222	0.9414225941422595
25-250 kb	Housekeeping	LARP4B	0.25	0.48	0.5208333333333334
25-250 kb	Housekeeping	GDI2	1.25	0.7377777777777778	1.694277108433735
25-250 kb	Housekeeping	FBH1	0.25	0.8377777777777777	0.2984084880636605
25-250 kb	Housekeeping	RBM17	0.0	0.8622222222222222	0.0
25-250 kb	Housekeeping	CDC123	1.0	1.451111111111111	0.6891271056661562
25-250 kb	Housekeeping	OPTN	0.75	0.9133333333333333	0.8211678832116789
25-250 kb	Housekeeping	PRPF18	1.0	0.7133333333333334	1.4018691588785046
25-250 kb	Housekeeping	HSPA14	0.5	0.7733333333333333	0.646551724137931
25-250 kb	Housekeeping	DNAJC1	0.25	0.47555555555555556	0.5257009345794392
25-250 kb	Housekeeping	COMMD3-BMI1	0.0	0.44666666666666666	0.0
25-250 kb	Housekeeping	BMI1	0.0	0.4577777777777778	0.0
25-250 kb	Housekeeping	KIF5B	0.25	0.9222222222222223	0.2710843373493976
25-250 kb	Housekeeping	BMS1	0.25	0.4266666666666667	0.5859375
25-250 kb	Housekeeping	CSGALNACT2	0.5	0.45555555555555555	1.0975609756097562
25-250 kb	Housekeeping	ZNF32	0.75	0.7022222222222222	1.0680379746835444
25-250 kb	Housekeeping	ZNF22	0.0	0.31777777777777777	0.0
25-250 kb	Housekeeping	ADO	0.25	0.28	0.8928571428571428
25-250 kb	Housekeeping	HNRNPH3	1.0	1.3866666666666667	0.7211538461538461
25-250 kb	Housekeeping	DDX50	0.5	1.5377777777777777	0.32514450867052025
25-250 kb	Housekeeping	VPS26A	0.75	1.2377777777777779	0.6059245960502693
25-250 kb	Housekeeping	SAR1A	0.75	0.6822222222222222	1.0993485342019544
25-250 kb	Housekeeping	PPA1	0.5	0.7755555555555556	0.6446991404011462
25-250 kb	Housekeeping	EIF4EBP2	0.5	0.7533333333333333	0.6637168141592921
25-250 kb	Housekeeping	PCBD1	0.0	0.22	0.0
25-250 kb	Housekeeping	DNAJC9	0.25	0.9688888888888889	0.2580275229357798
25-250 kb	Housekeeping	MRPS16	0.25	0.9688888888888889	0.2580275229357798
25-250 kb	Housekeeping	CHCHD1	0.75	1.1022222222222222	0.6804435483870968
25-250 kb	Housekeeping	AP3M1	0.75	0.9311111111111111	0.8054892601431981
25-250 kb	Housekeeping	RPS24	1.25	0.5222222222222223	2.3936170212765955
25-250 kb	Housekeeping	ANXA11	0.5	0.7333333333333333	0.6818181818181819
25-250 kb	Housekeeping	GHITM	0.25	0.4266666666666667	0.5859375
25-250 kb	Housekeeping	PCGF5	0.0	0.2311111111111111	0.0
25-250 kb	Housekeeping	TNKS2	0.0	0.4911111111111111	0.0
25-250 kb	Housekeeping	TM9SF3	0.0	0.6333333333333333	0.0
25-250 kb	Housekeeping	PGAM1	1.0	1.0888888888888888	0.9183673469387756
25-250 kb	Housekeeping	SLC25A28	0.75	0.6444444444444445	1.1637931034482758
25-250 kb	Housekeeping	CUTC	0.75	0.7177777777777777	1.0448916408668731
25-250 kb	Housekeeping	BLOC1S2	1.0	0.9088888888888889	1.1002444987775062
25-250 kb	Housekeeping	MRPL43	0.0	0.6133333333333333	0.0
25-250 kb	Housekeeping	FBXW4	0.25	0.7577777777777778	0.32991202346041054
25-250 kb	Housekeeping	OGA	0.75	0.8777777777777778	0.8544303797468354
25-250 kb	Housekeeping	GBF1	0.25	1.1866666666666668	0.21067415730337077
25-250 kb	Housekeeping	CUEDC2	1.0	0.9888888888888889	1.0112359550561798
25-250 kb	Housekeeping	ACTR1A	0.5	1.02	0.49019607843137253
25-250 kb	Housekeeping	BORCS7	2.0	1.0644444444444445	1.8789144050104383
25-250 kb	Housekeeping	BORCS7-ASMT	2.25	1.0644444444444445	2.113778705636743
25-250 kb	Housekeeping	GSTO1	0.25	0.33111111111111113	0.7550335570469798
25-250 kb	Housekeeping	ZDHHC6	0.5	0.3888888888888889	1.2857142857142856
25-250 kb	Housekeeping	CACUL1	0.5	0.3888888888888889	1.2857142857142856
25-250 kb	Housekeeping	EIF3A	1.0	0.7844444444444445	1.2747875354107647
25-250 kb	Housekeeping	MCMBP	0.75	0.5911111111111111	1.268796992481203
25-250 kb	Housekeeping	ATE1	0.5	0.6733333333333333	0.7425742574257426
25-250 kb	Housekeeping	NSMCE4A	0.75	0.7133333333333334	1.0514018691588785
25-250 kb	Housekeeping	IKZF5	0.0	0.25555555555555554	0.0
25-250 kb	Housekeeping	ZRANB1	0.75	0.7755555555555556	0.9670487106017192
25-250 kb	Housekeeping	BCCIP	0.5	0.3844444444444444	1.300578034682081
25-250 kb	Housekeeping	GLRX3	0.5	0.26	1.923076923076923
25-250 kb	Housekeeping	PTDSS2	1.0	0.7488888888888889	1.3353115727002967
25-250 kb	Housekeeping	TALDO1	0.75	0.9288888888888889	0.8074162679425837
25-250 kb	Housekeeping	GATD1	0.75	0.9288888888888889	0.8074162679425837
25-250 kb	Housekeeping	RPLP2	1.0	0.9266666666666666	1.079136690647482
25-250 kb	Housekeeping	POLR2L	0.75	0.9311111111111111	0.8054892601431981
25-250 kb	Housekeeping	CHID1	2.25	0.7133333333333334	3.1542056074766354
25-250 kb	Housekeeping	AP2A2	0.75	0.64	1.171875
25-250 kb	Housekeeping	TOLLIP	0.0	0.24222222222222223	0.0
25-250 kb	Housekeeping	MRPL23	0.0	0.3244444444444444	0.0
25-250 kb	Housekeeping	CD81	0.0	0.20222222222222222	0.0
25-250 kb	Housekeeping	NAP1L4	0.75	0.33111111111111113	2.2651006711409396
25-250 kb	Housekeeping	STIM1	0.25	0.9644444444444444	0.25921658986175117
25-250 kb	Housekeeping	TIMM10B	0.0	0.36444444444444446	0.0
25-250 kb	Housekeeping	TAF10	0.0	0.34444444444444444	0.0
25-250 kb	Housekeeping	MRPL17	0.5	0.25333333333333335	1.9736842105263157
25-250 kb	Housekeeping	RPL27A	0.75	0.5133333333333333	1.4610389610389611
25-250 kb	Housekeeping	IPO7	1.0	1.4111111111111112	0.7086614173228346
25-250 kb	Housekeeping	EIF4G2	0.25	0.3977777777777778	0.6284916201117319
25-250 kb	Housekeeping	ZBED5	0.25	0.3688888888888889	0.677710843373494
25-250 kb	Housekeeping	RPS13	1.5	0.9088888888888889	1.6503667481662592
25-250 kb	Housekeeping	ARL14EP	0.0	0.18222222222222223	0.0
25-250 kb	Housekeeping	RCN1	0.5	0.4022222222222222	1.2430939226519337
25-250 kb	Housekeeping	EIF3M	0.75	0.6311111111111111	1.188380281690141
25-250 kb	Housekeeping	CD59	0.75	0.41333333333333333	1.814516129032258
25-250 kb	Housekeeping	NAT10	0.5	0.7311111111111112	0.6838905775075987
25-250 kb	Housekeeping	API5	1.25	0.30666666666666664	4.076086956521739
25-250 kb	Housekeeping	HSD17B12	0.5	0.38666666666666666	1.293103448275862
25-250 kb	Housekeeping	CRY2	0.0	0.42	0.0
25-250 kb	Housekeeping	ARHGAP1	1.0	1.1933333333333334	0.8379888268156425
25-250 kb	Housekeeping	CKAP5	1.25	1.0911111111111111	1.145621181262729
25-250 kb	Housekeeping	ARFGAP2	0.0	0.9022222222222223	0.0
25-250 kb	Housekeeping	SLC39A13	1.0	1.2377777777777779	0.807899461400359
25-250 kb	Housekeeping	NDUFS3	1.75	1.4155555555555555	1.2362637362637363
25-250 kb	Housekeeping	CELF1	2.0	1.4155555555555555	1.4128728414442702
25-250 kb	Housekeeping	MTCH2	1.25	1.4733333333333334	0.8484162895927602
25-250 kb	Housekeeping	FNBP4	2.0	1.5622222222222222	1.2802275960170697
25-250 kb	Housekeeping	TIMM10	0.25	0.7977777777777778	0.31337047353760444
25-250 kb	Housekeeping	MED19	0.75	0.8911111111111111	0.8416458852867831
25-250 kb	Housekeeping	SELENOH	0.75	0.9088888888888889	0.8251833740831296
25-250 kb	Housekeeping	ZFP91	0.25	0.1711111111111111	1.4610389610389611
25-250 kb	Housekeeping	ZFP91-CNTF	0.0	0.1711111111111111	0.0
25-250 kb	Housekeeping	OSBP	0.0	0.6044444444444445	0.0
25-250 kb	Housekeeping	PATL1	0.25	0.6844444444444444	0.3652597402597403
25-250 kb	Housekeeping	MRPL16	0.75	0.5444444444444444	1.3775510204081634
25-250 kb	Housekeeping	PRPF19	0.25	0.45111111111111113	0.5541871921182265
25-250 kb	Housekeeping	VPS37C	1.25	0.7155555555555555	1.7468944099378882
25-250 kb	Housekeeping	SDHAF2	1.25	0.8333333333333334	1.5
25-250 kb	Housekeeping	TMEM258	1.0	0.7177777777777777	1.3931888544891642
25-250 kb	Housekeeping	EEF1G	0.0	1.2555555555555555	0.0
25-250 kb	Housekeeping	TUT1	0.75	1.3222222222222222	0.5672268907563025
25-250 kb	Housekeeping	C11orf98	1.0	1.3111111111111111	0.7627118644067796
25-250 kb	Housekeeping	UBXN1	1.5	1.2844444444444445	1.1678200692041523
25-250 kb	Housekeeping	NXF1	0.25	1.2044444444444444	0.20756457564575645
25-250 kb	Housekeeping	STX5	1.0	1.1111111111111112	0.8999999999999999
25-250 kb	Housekeeping	OTUB1	1.75	0.9444444444444444	1.8529411764705883
25-250 kb	Housekeeping	STIP1	0.75	0.7888888888888889	0.9507042253521127
25-250 kb	Housekeeping	DNAJC4	1.0	0.7911111111111111	1.2640449438202248
25-250 kb	Housekeeping	VEGFB	0.5	0.7777777777777778	0.6428571428571428
25-250 kb	Housekeeping	PPP1R14B	0.0	0.7822222222222223	0.0
25-250 kb	Housekeeping	BAD	1.0	0.7088888888888889	1.4106583072100314
25-250 kb	Housekeeping	TRMT112	0.5	0.7133333333333334	0.7009345794392523
25-250 kb	Housekeeping	PRDX5	0.5	0.7133333333333334	0.7009345794392523
25-250 kb	Housekeeping	PPP2R5B	1.25	0.9422222222222222	1.3266509433962266
25-250 kb	Housekeeping	ARL2	1.5	1.0155555555555555	1.477024070021882
25-250 kb	Housekeeping	ARL2-SNX15	1.5	1.0155555555555555	1.477024070021882
25-250 kb	Housekeeping	ZFPL1	0.25	1.0866666666666667	0.23006134969325154
25-250 kb	Housekeeping	FAU	0.75	1.1777777777777778	0.6367924528301887
25-250 kb	Housekeeping	MRPL49	0.75	1.1777777777777778	0.6367924528301887
25-250 kb	Housekeeping	FAM89B	0.0	1.0377777777777777	0.0
25-250 kb	Housekeeping	MAP3K11	0.25	1.0155555555555555	0.2461706783369803
25-250 kb	Housekeeping	RELA	1.0	0.8933333333333333	1.119402985074627
25-250 kb	Housekeeping	MUS81	0.0	0.9866666666666667	0.0
25-250 kb	Housekeeping	CFL1	0.0	0.9977777777777778	0.0
25-250 kb	Housekeeping	CCDC85B	0.25	1.028888888888889	0.24298056155507558
25-250 kb	Housekeeping	C11orf68	0.0	1.0066666666666666	0.0
25-250 kb	Housekeeping	DRAP1	0.0	1.0066666666666666	0.0
25-250 kb	Housekeeping	SART1	1.0	0.9777777777777777	1.0227272727272727
25-250 kb	Housekeeping	BANF1	0.25	0.9977777777777778	0.2505567928730512
25-250 kb	Housekeeping	RAB1B	0.5	0.9955555555555555	0.5022321428571429
25-250 kb	Housekeeping	YIF1A	0.25	0.9844444444444445	0.25395033860045146
25-250 kb	Housekeeping	BRMS1	0.0	1.0422222222222222	0.0
25-250 kb	Housekeeping	RBM14	0.75	1.1111111111111112	0.6749999999999999
25-250 kb	Housekeeping	RBM14-RBM4	0.75	1.1111111111111112	0.6749999999999999
25-250 kb	Housekeeping	RBM4	0.25	1.0733333333333333	0.23291925465838512
25-250 kb	Housekeeping	KDM2A	0.0	1.2622222222222221	0.0
25-250 kb	Housekeeping	GRK2	0.0	1.268888888888889	0.0
25-250 kb	Housekeeping	PPP1CA	1.0	0.9377777777777778	1.066350710900474
25-250 kb	Housekeeping	CDK2AP2	0.25	0.8	0.3125
25-250 kb	Housekeeping	MRPL21	0.25	0.6622222222222223	0.3775167785234899
25-250 kb	Housekeeping	NUMA1	0.5	0.6733333333333333	0.7425742574257426
25-250 kb	Housekeeping	LAMTOR1	0.0	0.7488888888888889	0.0
25-250 kb	Housekeeping	FAM168A	0.75	1.0133333333333334	0.7401315789473684
25-250 kb	Housekeeping	RAB6A	0.75	1.1822222222222223	0.6343984962406015
25-250 kb	Housekeeping	COA4	0.75	1.08	0.6944444444444444
25-250 kb	Housekeeping	SPCS2	0.75	0.45555555555555555	1.6463414634146343
25-250 kb	Housekeeping	RPS3	1.5	0.5088888888888888	2.9475982532751095
25-250 kb	Housekeeping	THAP12	0.0	0.41555555555555557	0.0
25-250 kb	Housekeeping	CLNS1A	1.0	0.8133333333333334	1.2295081967213115
25-250 kb	Housekeeping	PRCP	0.25	0.5666666666666667	0.4411764705882353
25-250 kb	Housekeeping	PICALM	0.0	0.62	0.0
25-250 kb	Housekeeping	AASDHPPT	0.0	0.18444444444444444	0.0
25-250 kb	Housekeeping	CUL5	1.5	1.16	1.293103448275862
25-250 kb	Housekeeping	FDX1	0.5	0.5733333333333334	0.872093023255814
25-250 kb	Housekeeping	PCSK7	0.0	0.9244444444444444	0.0
25-250 kb	Housekeeping	ATP5MG	1.0	0.7466666666666667	1.3392857142857142
25-250 kb	Housekeeping	RPS25	0.75	1.22	0.6147540983606558
25-250 kb	Housekeeping	SNX19	0.0	0.13555555555555557	0.0
25-250 kb	Housekeeping	VPS26B	0.25	0.32666666666666666	0.7653061224489796
25-250 kb	Housekeeping	WNK1	0.0	0.9244444444444444	0.0
25-250 kb	Housekeeping	ADIPOR2	1.0	0.4955555555555556	2.0179372197309418
25-250 kb	Housekeeping	MRPL51	0.0	1.0711111111111111	0.0
25-250 kb	Housekeeping	GAPDH	0.0	1.1111111111111112	0.0
25-250 kb	Housekeeping	MLF2	0.0	1.0733333333333333	0.0
25-250 kb	Housekeeping	TPI1	0.25	0.9844444444444445	0.25395033860045146
25-250 kb	Housekeeping	FOXJ2	1.0	1.1733333333333333	0.8522727272727273
25-250 kb	Housekeeping	M6PR	0.25	0.6711111111111111	0.37251655629139074
25-250 kb	Housekeeping	DDX47	0.75	0.8822222222222222	0.8501259445843828
25-250 kb	Housekeeping	STRAP	0.25	0.32	0.78125
25-250 kb	Housekeeping	CMAS	0.25	0.25555555555555554	0.9782608695652175
25-250 kb	Housekeeping	MED21	0.5	0.5444444444444444	0.9183673469387756
25-250 kb	Housekeeping	ZCRB1	0.25	0.7822222222222223	0.3196022727272727
25-250 kb	Housekeeping	SLC38A2	0.0	0.18888888888888888	0.0
25-250 kb	Housekeeping	DDX23	1.0	1.0888888888888888	0.9183673469387756
25-250 kb	Housekeeping	MCRS1	0.75	0.9822222222222222	0.7635746606334841
25-250 kb	Housekeeping	TMBIM6	0.25	0.7177777777777777	0.34829721362229105
25-250 kb	Housekeeping	CSRNP2	1.0	1.2644444444444445	0.7908611599297012
25-250 kb	Housekeeping	ATG101	1.0	0.4911111111111111	2.0361990950226243
25-250 kb	Housekeeping	EIF4B	0.5	0.8355555555555556	0.5984042553191489
25-250 kb	Housekeeping	SPRYD3	1.0	1.1222222222222222	0.8910891089108911
25-250 kb	Housekeeping	PFDN5	1.0	1.1822222222222223	0.8458646616541353
25-250 kb	Housekeeping	SP1	0.5	1.1888888888888889	0.4205607476635514
25-250 kb	Housekeeping	PCBP2	1.25	1.3822222222222222	0.9043408360128617
25-250 kb	Housekeeping	CALCOCO1	0.0	0.8244444444444444	0.0
25-250 kb	Housekeeping	CD63	0.5	0.82	0.6097560975609756
25-250 kb	Housekeeping	SARNP	0.25	1.0222222222222221	0.24456521739130438
25-250 kb	Housekeeping	PA2G4	0.25	1.3711111111111112	0.18233387358184763
25-250 kb	Housekeeping	RPL41	0.75	1.3555555555555556	0.5532786885245902
25-250 kb	Housekeeping	ESYT1	0.0	1.3577777777777778	0.0
25-250 kb	Housekeeping	MYL6	1.0	1.2666666666666666	0.7894736842105263
25-250 kb	Housekeeping	ANKRD52	0.75	1.2822222222222222	0.5849220103986136
25-250 kb	Housekeeping	PTGES3	1.5	1.0422222222222222	1.4392324093816633
25-250 kb	Housekeeping	NACA	2.25	1.0377777777777777	2.1680942184154177
25-250 kb	Housekeeping	DCTN2	0.0	1.0333333333333334	0.0
25-250 kb	Housekeeping	OS9	0.5	0.6955555555555556	0.7188498402555911
25-250 kb	Housekeeping	CDK4	0.25	0.6644444444444444	0.3762541806020067
25-250 kb	Housekeeping	CTDSP2	0.25	0.5022222222222222	0.497787610619469
25-250 kb	Housekeeping	XPOT	1.25	1.02	1.2254901960784315
25-250 kb	Housekeeping	TMBIM4	0.75	0.41555555555555557	1.8048128342245988
25-250 kb	Housekeeping	CAND1	0.25	0.29333333333333333	0.8522727272727273
25-250 kb	Housekeeping	CCT2	0.75	0.5266666666666666	1.4240506329113924
25-250 kb	Housekeeping	ATXN7L3B	0.5	0.17777777777777778	2.8125
25-250 kb	Housekeeping	NAP1L1	0.0	0.56	0.0
25-250 kb	Housekeeping	BTG1	0.0	0.3888888888888889	0.0
25-250 kb	Housekeeping	NDUFA12	1.25	0.9044444444444445	1.382063882063882
25-250 kb	Housekeeping	SNRPF	0.5	0.5977777777777777	0.8364312267657993
25-250 kb	Housekeeping	SLC25A3	0.5	0.7911111111111111	0.6320224719101124
25-250 kb	Housekeeping	ARL1	0.5	0.7222222222222222	0.6923076923076923
25-250 kb	Housekeeping	WASHC3	1.0	0.5888888888888889	1.6981132075471697
25-250 kb	Housekeeping	HSP90B1	0.25	0.5422222222222223	0.4610655737704918
25-250 kb	Housekeeping	NFYB	0.5	0.8088888888888889	0.6181318681318682
25-250 kb	Housekeeping	PWP1	1.0	0.4266666666666667	2.34375
25-250 kb	Housekeeping	PRDM4	0.75	0.39555555555555555	1.8960674157303372
25-250 kb	Housekeeping	SART3	0.25	0.6044444444444445	0.41360294117647056
25-250 kb	Housekeeping	ISCU	0.0	0.5955555555555555	0.0
25-250 kb	Housekeeping	KCTD10	0.5	0.6688888888888889	0.7475083056478405
25-250 kb	Housekeeping	ARPC3	1.25	1.3177777777777777	0.948566610455312
25-250 kb	Housekeeping	GPN3	1.25	1.3466666666666667	0.9282178217821783
25-250 kb	Housekeeping	VPS29	0.5	1.3577777777777778	0.36824877250409166
25-250 kb	Housekeeping	PPTC7	0.5	1.3377777777777777	0.37375415282392027
25-250 kb	Housekeeping	PPP1CC	0.0	1.1311111111111112	0.0
25-250 kb	Housekeeping	ERP29	1.0	1.2	0.8333333333333334
25-250 kb	Housekeeping	FBXO21	0.75	0.68	1.102941176470588
25-250 kb	Housekeeping	WSB2	0.25	1.1555555555555554	0.21634615384615385
25-250 kb	Housekeeping	PEBP1	1.75	1.1755555555555555	1.4886578449905483
25-250 kb	Housekeeping	RAB35	0.5	1.2844444444444445	0.38927335640138405
25-250 kb	Housekeeping	GCN1	2.0	1.28	1.5625
25-250 kb	Housekeeping	RPLP0	1.25	1.2977777777777777	0.9631849315068494
25-250 kb	Housekeeping	COX6A1	1.5	1.42	1.0563380281690142
25-250 kb	Housekeeping	TRIAP1	1.25	1.4155555555555555	0.8830455259026688
25-250 kb	Housekeeping	DYNLL1	1.5	1.4111111111111112	1.0629921259842519
25-250 kb	Housekeeping	SRSF9	0.5	1.3933333333333333	0.3588516746411483
25-250 kb	Housekeeping	RNF10	1.75	1.3377777777777777	1.308139534883721
25-250 kb	Housekeeping	MLEC	0.25	1.1577777777777778	0.21593090211132437
25-250 kb	Housekeeping	SPPL3	0.25	1.02	0.24509803921568626
25-250 kb	Housekeeping	RSRC2	1.0	1.5644444444444445	0.6392045454545454
25-250 kb	Housekeeping	VPS37B	0.5	1.0733333333333333	0.46583850931677023
25-250 kb	Housekeeping	CDK2AP1	1.0	1.4	0.7142857142857143
25-250 kb	Housekeeping	SNRNP35	2.5	1.5933333333333333	1.5690376569037658
25-250 kb	Housekeeping	TMED2	1.5	1.4555555555555555	1.0305343511450382
25-250 kb	Housekeeping	UBC	1.0	0.9644444444444444	1.0368663594470047
25-250 kb	Housekeeping	SFSWAP	0.0	0.56	0.0
25-250 kb	Housekeeping	ULK1	0.0	0.6866666666666666	0.0
25-250 kb	Housekeeping	DDX51	0.0	0.4711111111111111	0.0
25-250 kb	Housekeeping	PGAM5	1.5	0.7244444444444444	2.0705521472392636
25-250 kb	Housekeeping	GOLGA3	1.0	0.9733333333333334	1.0273972602739725
25-250 kb	Housekeeping	MPHOSPH8	0.5	1.0777777777777777	0.4639175257731959
25-250 kb	Housekeeping	SAP18	1.25	0.8955555555555555	1.3957816377171215
25-250 kb	Housekeeping	MRPL57	1.5	0.8311111111111111	1.8048128342245988
25-250 kb	Housekeeping	NUP58	0.25	0.5044444444444445	0.49559471365638763
25-250 kb	Housekeeping	RNF6	0.25	0.4488888888888889	0.556930693069307
25-250 kb	Housekeeping	USP12	0.25	0.6377777777777778	0.39198606271777003
25-250 kb	Housekeeping	RPL21	0.25	0.68	0.3676470588235294
25-250 kb	Housekeeping	GTF3A	0.5	0.6044444444444445	0.8272058823529411
25-250 kb	Housekeeping	POLR1D	0.0	0.4822222222222222	0.0
25-250 kb	Housekeeping	UBL3	0.0	0.3377777777777778	0.0
25-250 kb	Housekeeping	HMGB1	0.0	0.7	0.0
25-250 kb	Housekeeping	USPL1	0.0	0.7	0.0
25-250 kb	Housekeeping	GTF2F2	0.75	0.98	0.7653061224489796
25-250 kb	Housekeeping	TPT1	1.0	0.8555555555555555	1.168831168831169
25-250 kb	Housekeeping	ESD	0.25	0.2822222222222222	0.8858267716535434
25-250 kb	Housekeeping	NUDT15	0.75	0.54	1.3888888888888888
25-250 kb	Housekeeping	MED4	0.5	0.5266666666666666	0.949367088607595
25-250 kb	Housekeeping	ITM2B	0.0	0.49333333333333335	0.0
25-250 kb	Housekeeping	VPS36	0.75	0.5866666666666667	1.2784090909090908
25-250 kb	Housekeeping	SUGT1	0.0	0.5177777777777778	0.0
25-250 kb	Housekeeping	COMMD6	0.25	0.4	0.625
25-250 kb	Housekeeping	IPO5	1.25	0.6466666666666666	1.9329896907216497
25-250 kb	Housekeeping	STK24	0.0	0.54	0.0
25-250 kb	Housekeeping	TPP2	0.25	0.29777777777777775	0.8395522388059702
25-250 kb	Housekeeping	ANKRD10	0.0	0.3377777777777778	0.0
25-250 kb	Housekeeping	PCID2	0.0	0.5088888888888888	0.0
25-250 kb	Housekeeping	LAMP1	0.5	0.4955555555555556	1.0089686098654709
25-250 kb	Housekeeping	TFDP1	0.0	0.34444444444444444	0.0
25-250 kb	Housekeeping	PIP4P1	0.5	0.5844444444444444	0.8555133079847909
25-250 kb	Housekeeping	RAB2B	0.75	1.0933333333333333	0.6859756097560976
25-250 kb	Housekeeping	DAD1	0.75	0.5244444444444445	1.4300847457627117
25-250 kb	Housekeeping	ABHD4	0.75	0.54	1.3888888888888888
25-250 kb	Housekeeping	PSMB5	1.75	1.0377777777777777	1.6862955032119915
25-250 kb	Housekeeping	C14orf119	0.5	1.04	0.4807692307692307
25-250 kb	Housekeeping	BCL2L2	0.25	0.6177777777777778	0.4046762589928058
25-250 kb	Housekeeping	BCL2L2-PABPN1	0.5	0.6333333333333333	0.7894736842105263
25-250 kb	Housekeeping	PABPN1	0.0	0.6466666666666666	0.0
25-250 kb	Housekeeping	NGDN	0.75	0.52	1.4423076923076923
25-250 kb	Housekeeping	DCAF11	0.0	0.49777777777777776	0.0
25-250 kb	Housekeeping	PSME1	0.75	0.4955555555555556	1.513452914798206
25-250 kb	Housekeeping	PSME2	0.25	0.4866666666666667	0.5136986301369862
25-250 kb	Housekeeping	CHMP4A	1.5	0.45555555555555555	3.2926829268292686
25-250 kb	Housekeeping	NEDD8-MDP1	0.75	0.4666666666666667	1.6071428571428572
25-250 kb	Housekeeping	NEDD8	0.75	0.4666666666666667	1.6071428571428572
25-250 kb	Housekeeping	NOP9	0.5	0.4911111111111111	1.0180995475113122
25-250 kb	Housekeeping	KHNYN	0.0	0.3688888888888889	0.0
25-250 kb	Housekeeping	STRN3	0.5	1.0644444444444445	0.46972860125260957
25-250 kb	Housekeeping	HECTD1	0.5	1.271111111111111	0.3933566433566434
25-250 kb	Housekeeping	EAPP	0.75	1.291111111111111	0.580895008605852
25-250 kb	Housekeeping	PSMA6	1.5	1.0666666666666667	1.40625
25-250 kb	Housekeeping	PNN	1.0	0.74	1.3513513513513513
25-250 kb	Housekeeping	RPS29	0.75	0.8044444444444444	0.9323204419889504
25-250 kb	Housekeeping	RPL36AL	0.25	0.8466666666666667	0.2952755905511811
25-250 kb	Housekeeping	SAV1	0.0	0.54	0.0
25-250 kb	Housekeeping	RTRAF	0.25	0.3111111111111111	0.8035714285714286
25-250 kb	Housekeeping	MAPK1IP1L	0.5	0.9622222222222222	0.5196304849884527
25-250 kb	Housekeeping	KTN1	0.5	0.54	0.9259259259259258
25-250 kb	Housekeeping	PSMA3	0.25	0.6844444444444444	0.3652597402597403
25-250 kb	Housekeeping	MNAT1	0.25	0.45111111111111113	0.5541871921182265
25-250 kb	Housekeeping	PPP2R5E	0.0	1.031111111111111	0.0
25-250 kb	Housekeeping	EIF2S1	0.5	0.7733333333333333	0.646551724137931
25-250 kb	Housekeeping	VTI1B	1.0	0.68	1.4705882352941175
25-250 kb	Housekeeping	ZFP36L1	0.0	0.4822222222222222	0.0
25-250 kb	Housekeeping	DCAF5	0.0	0.6311111111111111	0.0
25-250 kb	Housekeeping	ERH	0.75	0.7155555555555555	1.048136645962733
25-250 kb	Housekeeping	SUSD6	0.25	0.6911111111111111	0.3617363344051447
25-250 kb	Housekeeping	RBM25	1.0	1.0355555555555556	0.9656652360515021
25-250 kb	Housekeeping	NUMB	0.5	1.2133333333333334	0.41208791208791207
25-250 kb	Housekeeping	ISCA2	0.0	0.8844444444444445	0.0
25-250 kb	Housekeeping	FCF1	0.75	0.6022222222222222	1.2453874538745389
25-250 kb	Housekeeping	DLST	1.0	0.8066666666666666	1.2396694214876034
25-250 kb	Housekeeping	TMED10	0.5	0.8333333333333334	0.6
25-250 kb	Housekeeping	CIPC	0.25	0.7	0.35714285714285715
25-250 kb	Housekeeping	AHSA1	0.0	0.8755555555555555	0.0
25-250 kb	Housekeeping	SLIRP	0.25	1.051111111111111	0.23784355179704017
25-250 kb	Housekeeping	NDUFB1	1.75	0.6977777777777778	2.50796178343949
25-250 kb	Housekeeping	GOLGA5	0.5	0.5022222222222222	0.995575221238938
25-250 kb	Housekeeping	ITPK1	1.0	0.7244444444444444	1.3803680981595092
25-250 kb	Housekeeping	MOAP1	0.5	0.6777777777777778	0.7377049180327868
25-250 kb	Housekeeping	PAPOLA	1.0	0.5022222222222222	1.991150442477876
25-250 kb	Housekeeping	SETD3	0.0	0.38222222222222224	0.0
25-250 kb	Housekeeping	ZFYVE21	0.5	1.288888888888889	0.3879310344827586
25-250 kb	Housekeeping	BTBD6	0.25	0.6777777777777778	0.3688524590163934
25-250 kb	Housekeeping	EMC7	0.5	0.7733333333333333	0.646551724137931
25-250 kb	Housekeeping	EMC4	1.75	0.7311111111111112	2.3936170212765955
25-250 kb	Housekeeping	SRP14	0.25	0.5133333333333333	0.48701298701298706
25-250 kb	Housekeeping	RTF1	2.25	1.6288888888888888	1.3813096862210097
25-250 kb	Housekeeping	VPS39	0.0	0.5444444444444444	0.0
25-250 kb	Housekeeping	TMEM87A	0.5	0.6955555555555556	0.7188498402555911
25-250 kb	Housekeeping	PDIA3	0.5	0.9377777777777778	0.533175355450237
25-250 kb	Housekeeping	SERF2	1.25	0.9511111111111111	1.314252336448598
25-250 kb	Housekeeping	MFAP1	2.25	0.8266666666666667	2.721774193548387
25-250 kb	Housekeeping	EIF3J	0.75	1.1311111111111112	0.6630648330058939
25-250 kb	Housekeeping	DUT	0.75	0.20444444444444446	3.668478260869565
25-250 kb	Housekeeping	EID1	0.0	0.30444444444444446	0.0
25-250 kb	Housekeeping	SECISBP2L	0.0	0.3466666666666667	0.0
25-250 kb	Housekeeping	COPS2	0.0	0.2733333333333333	0.0
25-250 kb	Housekeeping	ARPP19	1.25	0.5155555555555555	2.4245689655172415
25-250 kb	Housekeeping	RSL24D1	0.0	0.5822222222222222	0.0
25-250 kb	Housekeeping	SLTM	0.75	1.0444444444444445	0.7180851063829787
25-250 kb	Housekeeping	SNX1	0.25	0.7977777777777778	0.31337047353760444
25-250 kb	Housekeeping	CIAO2A	0.25	0.8	0.3125
25-250 kb	Housekeeping	PPIB	1.25	0.9888888888888889	1.2640449438202246
25-250 kb	Housekeeping	TRIP4	1.5	1.208888888888889	1.2408088235294117
25-250 kb	Housekeeping	OAZ2	0.25	1.2866666666666666	0.19430051813471502
25-250 kb	Housekeeping	PDCD7	1.5	0.96	1.5625
25-250 kb	Housekeeping	CLPX	1.25	0.9822222222222222	1.2726244343891402
25-250 kb	Housekeeping	RAB11A	2.0	0.8955555555555555	2.2332506203473947
25-250 kb	Housekeeping	RPL4	1.0	0.9066666666666666	1.1029411764705883
25-250 kb	Housekeeping	RPLP1	0.75	0.38666666666666666	1.9396551724137931
25-250 kb	Housekeeping	NPTN	0.5	0.38	1.3157894736842106
25-250 kb	Housekeeping	UBL7	1.0	0.7111111111111111	1.40625
25-250 kb	Housekeeping	COX5A	1.5	1.0666666666666667	1.40625
25-250 kb	Housekeeping	IMP3	0.0	1.0155555555555555	0.0
25-250 kb	Housekeeping	TSPAN3	0.75	0.43777777777777777	1.7131979695431472
25-250 kb	Housekeeping	MORF4L1	0.25	0.6622222222222223	0.3775167785234899
25-250 kb	Housekeeping	WHAMM	0.25	0.7911111111111111	0.3160112359550562
25-250 kb	Housekeeping	RAMAC	1.25	0.7	1.7857142857142858
25-250 kb	Housekeeping	BTBD1	0.75	0.62	1.2096774193548387
25-250 kb	Housekeeping	SEC11A	0.5	0.7911111111111111	0.6320224719101124
25-250 kb	Housekeeping	MRPL46	0.25	0.3488888888888889	0.7165605095541401
25-250 kb	Housekeeping	AP3S2	1.0	1.011111111111111	0.989010989010989
25-250 kb	Housekeeping	ARPIN-AP3S2	0.75	1.0333333333333334	0.7258064516129031
25-250 kb	Housekeeping	CIB1	1.0	1.08	0.9259259259259258
25-250 kb	Housekeeping	NGRN	1.0	1.0377777777777777	0.9635974304068523
25-250 kb	Housekeeping	CRTC3	0.75	0.9711111111111111	0.7723112128146453
25-250 kb	Housekeeping	FURIN	0.25	0.96	0.2604166666666667
25-250 kb	Housekeeping	SELENOS	1.0	0.34	2.941176470588235
25-250 kb	Housekeeping	MRPL28	0.0	1.1822222222222223	0.0
25-250 kb	Housekeeping	RHOT2	0.0	0.7266666666666667	0.0
25-250 kb	Housekeeping	UBE2I	1.75	0.5577777777777778	3.137450199203187
25-250 kb	Housekeeping	TSR3	0.5	0.6711111111111111	0.7450331125827815
25-250 kb	Housekeeping	HAGH	0.75	0.8911111111111111	0.8416458852867831
25-250 kb	Housekeeping	NDUFB10	0.25	0.86	0.29069767441860467
25-250 kb	Housekeeping	RPS2	0.75	0.8644444444444445	0.8676092544987146
25-250 kb	Housekeeping	E4F1	2.5	0.8288888888888889	3.0160857908847185
25-250 kb	Housekeeping	RNPS1	0.25	0.8511111111111112	0.29373368146214096
25-250 kb	Housekeeping	PDPK1	1.0	0.8911111111111111	1.1221945137157108
25-250 kb	Housekeeping	KCTD5	1.0	0.8977777777777778	1.113861386138614
25-250 kb	Housekeeping	ELOB	0.5	0.9022222222222223	0.5541871921182265
25-250 kb	Housekeeping	PAM16	1.75	1.4155555555555555	1.2362637362637363
25-250 kb	Housekeeping	CORO7-PAM16	2.25	1.2866666666666666	1.7487046632124352
25-250 kb	Housekeeping	DNAJA3	1.25	1.291111111111111	0.96815834767642
25-250 kb	Housekeeping	MGRN1	1.25	1.288888888888889	0.9698275862068965
25-250 kb	Housekeeping	NUDT16L1	0.0	1.2577777777777779	0.0
25-250 kb	Housekeeping	NUBP1	0.75	0.8577777777777778	0.8743523316062176
25-250 kb	Housekeeping	DEXI	0.0	0.7155555555555555	0.0
25-250 kb	Housekeeping	GSPT1	0.75	1.1977777777777778	0.6261595547309833
25-250 kb	Housekeeping	BFAR	1.5	1.1155555555555556	1.344621513944223
25-250 kb	Housekeeping	NOMO1	0.75	1.2022222222222223	0.6238447319778189
25-250 kb	Housekeeping	NPIPA1	0.0	1.08	0.0
25-250 kb	Housekeeping	RRN3	1.75	0.7666666666666667	2.282608695652174
25-250 kb	Housekeeping	RPS15A	1.0	1.1555555555555554	0.8653846153846154
25-250 kb	Housekeeping	GDE1	0.75	1.031111111111111	0.7273706896551724
25-250 kb	Housekeeping	NPIPB3	0.25	1.051111111111111	0.23784355179704017
25-250 kb	Housekeeping	METTL9	1.25	1.1311111111111112	1.1051080550098231
25-250 kb	Housekeeping	GGA2	1.0	1.2555555555555555	0.7964601769911505
25-250 kb	Housekeeping	UBFD1	0.75	1.268888888888889	0.5910683012259194
25-250 kb	Housekeeping	NDUFAB1	1.5	1.2266666666666666	1.2228260869565217
25-250 kb	Housekeeping	LCMT1	0.75	1.028888888888889	0.7289416846652267
25-250 kb	Housekeeping	NSMCE1	0.5	0.6777777777777778	0.7377049180327868
25-250 kb	Housekeeping	SGF29	1.5	1.6022222222222222	0.9361997226074896
25-250 kb	Housekeeping	NFATC2IP	1.5	1.3044444444444445	1.149914821124361
25-250 kb	Housekeeping	MAZ	0.0	1.54	0.0
25-250 kb	Housekeeping	CDIPT	0.5	1.4088888888888889	0.3548895899053628
25-250 kb	Housekeeping	TMEM219	2.0	1.4155555555555555	1.4128728414442702
25-250 kb	Housekeeping	CD2BP2	0.0	1.64	0.0
25-250 kb	Housekeeping	TBC1D10B	0.0	1.6022222222222222	0.0
25-250 kb	Housekeeping	DCTPP1	0.75	1.4644444444444444	0.5121396054628224
25-250 kb	Housekeeping	ZNF768	0.25	1.508888888888889	0.16568483063328424
25-250 kb	Housekeeping	FBRS	0.5	1.5177777777777777	0.32942898975109813
25-250 kb	Housekeeping	BCL7C	0.0	1.2666666666666666	0.0
25-250 kb	Housekeeping	VKORC1	2.0	1.3066666666666666	1.530612244897959
25-250 kb	Housekeeping	DNAJA2	0.5	0.9088888888888889	0.5501222493887531
25-250 kb	Housekeeping	LONP2	0.5	0.6622222222222223	0.7550335570469798
25-250 kb	Housekeeping	N4BP1	1.5	0.6266666666666667	2.3936170212765955
25-250 kb	Housekeeping	NUDT21	0.25	0.4666666666666667	0.5357142857142857
25-250 kb	Housekeeping	HERPUD1	0.25	0.6555555555555556	0.3813559322033898
25-250 kb	Housekeeping	ARL2BP	1.0	0.7977777777777778	1.2534818941504178
25-250 kb	Housekeeping	POLR2C	0.25	0.7733333333333333	0.3232758620689655
25-250 kb	Housekeeping	USB1	0.0	0.8777777777777778	0.0
25-250 kb	Housekeeping	CSNK2A2	0.25	0.7822222222222223	0.3196022727272727
25-250 kb	Housekeeping	DYNC1LI2	0.25	1.0222222222222221	0.24456521739130438
25-250 kb	Housekeeping	CIAO2B	0.5	1.1844444444444444	0.42213883677298314
25-250 kb	Housekeeping	E2F4	0.75	1.0377777777777777	0.7226980728051392
25-250 kb	Housekeeping	TMEM208	0.0	0.9666666666666667	0.0
25-250 kb	Housekeeping	ATP6V0D1	0.5	1.0733333333333333	0.46583850931677023
25-250 kb	Housekeeping	RANBP10	1.0	1.3488888888888888	0.741350906095552
25-250 kb	Housekeeping	THAP11	0.75	1.3022222222222222	0.5759385665529011
25-250 kb	Housekeeping	NUTF2	0.75	1.3222222222222222	0.5672268907563025
25-250 kb	Housekeeping	PLA2G15	0.5	1.008888888888889	0.49559471365638763
25-250 kb	Housekeeping	CHTF8	0.0	1.4044444444444444	0.0
25-250 kb	Housekeeping	CYB5B	2.0	1.2533333333333334	1.5957446808510638
25-250 kb	Housekeeping	NOB1	1.25	1.2	1.0416666666666667
25-250 kb	Housekeeping	DDX19A	2.25	1.528888888888889	1.471656976744186
25-250 kb	Housekeeping	DHX38	0.5	0.7	0.7142857142857143
25-250 kb	Housekeeping	PSMD7	1.0	0.9355555555555556	1.0688836104513064
25-250 kb	Housekeeping	GLG1	0.25	1.2022222222222223	0.20794824399260628
25-250 kb	Housekeeping	WDR59	0.0	1.08	0.0
25-250 kb	Housekeeping	CFDP1	1.0	1.0711111111111111	0.9336099585062241
25-250 kb	Housekeeping	GABARAPL2	0.5	0.9777777777777777	0.5113636363636364
25-250 kb	Housekeeping	TERF2IP	1.5	0.8777777777777778	1.7088607594936709
25-250 kb	Housekeeping	HSBP1	0.25	0.4088888888888889	0.6114130434782609
25-250 kb	Housekeeping	ZDHHC7	1.25	0.7333333333333333	1.7045454545454546
25-250 kb	Housekeeping	EMC8	0.5	0.48	1.0416666666666667
25-250 kb	Housekeeping	MAP1LC3B	1.5	0.6111111111111112	2.454545454545454
25-250 kb	Housekeeping	ZC3H18	0.75	0.4	1.875
25-250 kb	Housekeeping	APRT	0.25	0.4622222222222222	0.5408653846153847
25-250 kb	Housekeeping	RPL13	1.25	1.1288888888888888	1.1072834645669292
25-250 kb	Housekeeping	ZNF276	0.5	1.22	0.4098360655737705
25-250 kb	Housekeeping	TCF25	1.25	1.0711111111111111	1.1670124481327802
25-250 kb	Housekeeping	MRM3	1.0	1.0644444444444445	0.9394572025052191
25-250 kb	Housekeeping	TIMM22	1.5	1.1288888888888888	1.328740157480315
25-250 kb	Housekeeping	CRK	2.0	1.4844444444444445	1.347305389221557
25-250 kb	Housekeeping	PRPF8	1.5	1.34	1.1194029850746268
25-250 kb	Housekeeping	RPA1	1.25	1.191111111111111	1.0494402985074627
25-250 kb	Housekeeping	OVCA2	0.25	1.2666666666666666	0.19736842105263158
25-250 kb	Housekeeping	TSR1	0.0	1.2844444444444445	0.0
25-250 kb	Housekeeping	TAX1BP3	0.75	0.9288888888888889	0.8074162679425837
25-250 kb	Housekeeping	EMC6	0.75	0.9266666666666666	0.8093525179856116
25-250 kb	Housekeeping	P2RX5-TAX1BP3	0.5	0.94	0.5319148936170213
25-250 kb	Housekeeping	ANKFY1	1.75	1.1644444444444444	1.5028625954198473
25-250 kb	Housekeeping	UBE2G1	1.75	1.0177777777777777	1.7194323144104806
25-250 kb	Housekeeping	PELP1	0.75	1.0444444444444445	0.7180851063829787
25-250 kb	Housekeeping	PSMB6	1.25	1.1333333333333333	1.1029411764705883
25-250 kb	Housekeeping	RNF167	0.25	1.22	0.20491803278688525
25-250 kb	Housekeeping	SLC25A11	0.25	1.2177777777777778	0.2052919708029197
25-250 kb	Housekeeping	PFN1	0.0	1.248888888888889	0.0
25-250 kb	Housekeeping	SPAG7	0.75	1.2755555555555556	0.587979094076655
25-250 kb	Housekeeping	RNASEK	0.5	0.7133333333333334	0.7009345794392523
25-250 kb	Housekeeping	RNASEK-C17orf49	0.5	0.7133333333333334	0.7009345794392523
25-250 kb	Housekeeping	DVL2	0.5	1.0155555555555555	0.4923413566739606
25-250 kb	Housekeeping	GABARAP	0.0	1.0066666666666666	0.0
25-250 kb	Housekeeping	CTDNEP1	0.25	0.9533333333333334	0.26223776223776224
25-250 kb	Housekeeping	TMEM256	0.5	1.1333333333333333	0.4411764705882353
25-250 kb	Housekeeping	TMEM256-PLSCR3	0.5	1.1333333333333333	0.4411764705882353
25-250 kb	Housekeeping	SENP3-EIF4A1	0.0	1.2244444444444444	0.0
25-250 kb	Housekeeping	EIF4A1	0.0	1.251111111111111	0.0
25-250 kb	Housekeeping	FXR2	1.5	1.06	1.4150943396226414
25-250 kb	Housekeeping	TRAPPC1	0.0	0.8533333333333334	0.0
25-250 kb	Housekeeping	RPL26	1.25	0.8977777777777778	1.3923267326732673
25-250 kb	Housekeeping	STX8	0.75	0.8466666666666667	0.8858267716535433
25-250 kb	Housekeeping	UBB	1.25	1.06	1.1792452830188678
25-250 kb	Housekeeping	MPRIP	0.25	0.5977777777777777	0.41821561338289964
25-250 kb	Housekeeping	MED9	0.75	0.9088888888888889	0.8251833740831296
25-250 kb	Housekeeping	TOM1L2	0.5	0.6666666666666666	0.75
25-250 kb	Housekeeping	ALKBH5	0.5	0.8888888888888888	0.5625
25-250 kb	Housekeeping	AKAP10	0.75	0.9311111111111111	0.8054892601431981
25-250 kb	Housekeeping	USP22	0.5	0.7644444444444445	0.6540697674418604
25-250 kb	Housekeeping	WSB1	1.0	0.5311111111111111	1.882845188284519
25-250 kb	Housekeeping	TNFAIP1	0.5	0.7111111111111111	0.703125
25-250 kb	Housekeeping	SUPT6H	0.25	1.1111111111111112	0.22499999999999998
25-250 kb	Housekeeping	RPL23A	1.0	1.1066666666666667	0.9036144578313253
25-250 kb	Housekeeping	ERAL1	1.25	0.9222222222222223	1.355421686746988
25-250 kb	Housekeeping	FLOT2	0.5	1.0177777777777777	0.49126637554585156
25-250 kb	Housekeeping	NUFIP2	0.25	1.1977777777777778	0.20871985157699444
25-250 kb	Housekeeping	COPRS	0.5	1.1933333333333334	0.41899441340782123
25-250 kb	Housekeeping	RPL23	0.75	1.2533333333333334	0.5984042553191489
25-250 kb	Housekeeping	LASP1	0.0	1.2622222222222221	0.0
25-250 kb	Housekeeping	RPL19	1.0	1.531111111111111	0.6531204644412192
25-250 kb	Housekeeping	MIEN1	1.5	0.9155555555555556	1.6383495145631068
25-250 kb	Housekeeping	PSMD3	0.25	1.0933333333333333	0.22865853658536586
25-250 kb	Housekeeping	MSL1	0.5	1.1955555555555555	0.41821561338289964
25-250 kb	Housekeeping	CASC3	0.75	1.1511111111111112	0.6515444015444015
25-250 kb	Housekeeping	EIF1	0.5	0.8288888888888889	0.6032171581769437
25-250 kb	Housekeeping	CNP	0.25	1.2044444444444444	0.20756457564575645
25-250 kb	Housekeeping	DNAJC7	0.75	1.2044444444444444	0.6226937269372694
25-250 kb	Housekeeping	STAT5B	0.0	1.26	0.0
25-250 kb	Housekeeping	RETREG3	0.5	1.248888888888889	0.400355871886121
25-250 kb	Housekeeping	VPS25	1.5	1.3577777777777778	1.104746317512275
25-250 kb	Housekeeping	COA3	0.5	1.3733333333333333	0.3640776699029126
25-250 kb	Housekeeping	PSME3	2.0	1.3955555555555557	1.4331210191082802
25-250 kb	Housekeeping	AARSD1	2.0	1.3422222222222222	1.490066225165563
25-250 kb	Housekeeping	PTGES3L-AARSD1	0.75	1.3644444444444443	0.5496742671009772
25-250 kb	Housekeeping	RPL27	1.25	1.3022222222222222	0.9598976109215017
25-250 kb	Housekeeping	VAT1	1.25	1.2844444444444445	0.9731833910034602
25-250 kb	Housekeeping	TMEM101	0.0	1.0422222222222222	0.0
25-250 kb	Housekeeping	LSM12	1.0	1.0555555555555556	0.9473684210526315
25-250 kb	Housekeeping	G6PC3	1.0	1.0555555555555556	0.9473684210526315
25-250 kb	Housekeeping	NMT1	0.75	1.2777777777777777	0.5869565217391305
25-250 kb	Housekeeping	HEXIM1	0.0	1.0133333333333334	0.0
25-250 kb	Housekeeping	CDC27	0.25	0.7622222222222222	0.3279883381924198
25-250 kb	Housekeeping	NPEPPS	1.75	0.98	1.7857142857142858
25-250 kb	Housekeeping	KPNB1	1.25	1.0444444444444445	1.1968085106382977
25-250 kb	Housekeeping	SP2	0.25	0.9533333333333334	0.26223776223776224
25-250 kb	Housekeeping	CBX1	0.75	0.7066666666666667	1.0613207547169812
25-250 kb	Housekeeping	CALCOCO2	1.25	1.1133333333333333	1.122754491017964
25-250 kb	Housekeeping	ATP5MC1	1.0	1.2666666666666666	0.7894736842105263
25-250 kb	Housekeeping	UBE2Z	1.0	1.2822222222222222	0.7798960138648181
25-250 kb	Housekeeping	LRRC59	0.5	0.6444444444444445	0.7758620689655172
25-250 kb	Housekeeping	RSAD1	1.0	0.74	1.3513513513513513
25-250 kb	Housekeeping	ANKRD40	1.25	0.7244444444444444	1.7254601226993864
25-250 kb	Housekeeping	LUC7L3	1.0	0.7177777777777777	1.3931888544891642
25-250 kb	Housekeeping	SPAG9	0.5	0.9444444444444444	0.5294117647058824
25-250 kb	Housekeeping	NME1-NME2	1.5	0.9088888888888889	1.6503667481662592
25-250 kb	Housekeeping	NME2	1.0	0.9311111111111111	1.0739856801909309
25-250 kb	Housekeeping	UTP18	0.5	0.9111111111111111	0.5487804878048781
25-250 kb	Housekeeping	SRSF1	0.5	0.6066666666666667	0.8241758241758241
25-250 kb	Housekeeping	DYNLL2	0.0	0.5977777777777777	0.0
25-250 kb	Housekeeping	SUPT4H1	0.25	0.6466666666666666	0.3865979381443299
25-250 kb	Housekeeping	DHX40	0.25	1.0355555555555556	0.24141630901287553
25-250 kb	Housekeeping	MAP3K3	0.25	0.8488888888888889	0.2945026178010471
25-250 kb	Housekeeping	PSMC5	0.0	0.9022222222222223	0.0
25-250 kb	Housekeeping	FTSJ3	0.0	0.9088888888888889	0.0
25-250 kb	Housekeeping	SMARCD2	0.5	0.8688888888888889	0.5754475703324808
25-250 kb	Housekeeping	RPL38	0.75	0.6977777777777778	1.0748407643312101
25-250 kb	Housekeeping	MRPL58	0.75	1.12	0.6696428571428571
25-250 kb	Housekeeping	ATP5PD	0.25	1.1777777777777778	0.2122641509433962
25-250 kb	Housekeeping	SUMO2	0.5	1.3844444444444444	0.36115569823434995
25-250 kb	Housekeeping	MRPS7	0.5	1.5955555555555556	0.31337047353760444
25-250 kb	Housekeeping	GRB2	1.0	1.3844444444444444	0.7223113964686999
25-250 kb	Housekeeping	WBP2	1.75	1.1088888888888888	1.5781563126252507
25-250 kb	Housekeeping	MRPL38	1.25	1.1622222222222223	1.0755258126195029
25-250 kb	Housekeeping	PRPSAP1	0.0	1.0733333333333333	0.0
25-250 kb	Housekeeping	UBE2O	1.0	1.1511111111111112	0.8687258687258687
25-250 kb	Housekeeping	SRSF2	0.0	0.9777777777777777	0.0
25-250 kb	Housekeeping	EIF4A3	1.25	0.7688888888888888	1.6257225433526012
25-250 kb	Housekeeping	CHMP6	0.75	0.39555555555555555	1.8960674157303372
25-250 kb	Housekeeping	NPLOC4	1.75	0.7911111111111111	2.212078651685393
25-250 kb	Housekeeping	HGS	0.5	0.8777777777777778	0.569620253164557
25-250 kb	Housekeeping	MCRIP1	0.5	0.9088888888888889	0.5501222493887531
25-250 kb	Housekeeping	P4HB	0.75	0.7955555555555556	0.9427374301675977
25-250 kb	Housekeeping	ANAPC11	0.5	0.8022222222222222	0.6232686980609419
25-250 kb	Housekeeping	ASPSCR1	1.75	0.7755555555555556	2.2564469914040113
25-250 kb	Housekeeping	DUS1L	0.75	0.8711111111111111	0.8609693877551021
25-250 kb	Housekeeping	CSNK1D	0.25	0.9	0.2777777777777778
25-250 kb	Housekeeping	FN3KRP	1.0	0.9111111111111111	1.0975609756097562
25-250 kb	Housekeeping	MYL12A	0.0	0.8577777777777778	0.0
25-250 kb	Housekeeping	MYL12B	0.5	0.8555555555555555	0.5844155844155845
25-250 kb	Housekeeping	RAB12	0.25	0.4022222222222222	0.6215469613259669
25-250 kb	Housekeeping	RALBP1	0.25	0.7488888888888889	0.33382789317507416
25-250 kb	Housekeeping	VAPA	0.25	0.3844444444444444	0.6502890173410405
25-250 kb	Housekeeping	NAPG	0.5	0.26222222222222225	1.906779661016949
25-250 kb	Housekeeping	PSMG2	0.5	0.9511111111111111	0.5257009345794392
25-250 kb	Housekeeping	SS18	0.25	0.64	0.390625
25-250 kb	Housekeeping	GALNT1	0.0	0.3288888888888889	0.0
25-250 kb	Housekeeping	SLC39A6	0.75	0.5555555555555556	1.3499999999999999
25-250 kb	Housekeeping	MBD2	0.5	0.3088888888888889	1.6187050359712232
25-250 kb	Housekeeping	TXNL1	0.25	0.35777777777777775	0.6987577639751553
25-250 kb	Housekeeping	LMAN1	0.0	0.36666666666666664	0.0
25-250 kb	Housekeeping	TMX3	0.75	0.2111111111111111	3.5526315789473686
25-250 kb	Housekeeping	CDC34	0.5	0.9244444444444444	0.5408653846153847
25-250 kb	Housekeeping	BSG	1.25	0.9622222222222222	1.2990762124711317
25-250 kb	Housekeeping	RNF126	0.75	1.1066666666666667	0.677710843373494
25-250 kb	Housekeeping	R3HDM4	1.25	1.1466666666666667	1.0901162790697674
25-250 kb	Housekeeping	TMEM259	1.0	1.08	0.9259259259259258
25-250 kb	Housekeeping	GPX4	0.75	1.0577777777777777	0.7090336134453782
25-250 kb	Housekeeping	STK11	2.0	0.9222222222222223	2.1686746987951806
25-250 kb	Housekeeping	CIRBP	0.0	0.9933333333333333	0.0
25-250 kb	Housekeeping	RPS15	1.5	1.1066666666666667	1.355421686746988
25-250 kb	Housekeeping	UQCR11	1.5	1.008888888888889	1.486784140969163
25-250 kb	Housekeeping	REXO1	1.25	1.2355555555555555	1.0116906474820144
25-250 kb	Housekeeping	ABHD17A	1.5	1.1622222222222223	1.2906309751434033
25-250 kb	Housekeeping	CSNK1G2	0.75	1.2244444444444444	0.6125226860254084
25-250 kb	Housekeeping	BTBD2	1.75	1.1688888888888889	1.497148288973384
25-250 kb	Housekeeping	MOB3A	0.5	1.1933333333333334	0.41899441340782123
25-250 kb	Housekeeping	SF3A2	1.25	1.3377777777777777	0.9343853820598007
25-250 kb	Housekeeping	TIMM13	0.0	1.2177777777777778	0.0
25-250 kb	Housekeeping	SGTA	0.75	1.451111111111111	0.5168453292496172
25-250 kb	Housekeeping	NCLN	0.75	1.508888888888889	0.4970544918998527
25-250 kb	Housekeeping	NFIC	0.5	1.2955555555555556	0.38593481989708406
25-250 kb	Housekeeping	CACTIN	1.25	1.3244444444444445	0.9437919463087248
25-250 kb	Housekeeping	PIP5K1C	0.75	1.2666666666666666	0.5921052631578948
25-250 kb	Housekeeping	MRPL54	1.75	1.3822222222222222	1.2660771704180065
25-250 kb	Housekeeping	DAPK3	1.75	1.491111111111111	1.1736214605067063
25-250 kb	Housekeeping	PIAS4	1.25	1.5377777777777777	0.8128612716763006
25-250 kb	Housekeeping	YJU2	1.5	1.4733333333333334	1.0180995475113122
25-250 kb	Housekeeping	SH3GL1	1.0	1.5444444444444445	0.6474820143884892
25-250 kb	Housekeeping	UBXN6	1.25	1.4733333333333334	0.8484162895927602
25-250 kb	Housekeeping	MYDGF	1.25	1.6888888888888889	0.7401315789473685
25-250 kb	Housekeeping	SAFB	0.0	1.46	0.0
25-250 kb	Housekeeping	SAFB2	0.0	1.4622222222222223	0.0
25-250 kb	Housekeeping	RPL36	0.75	1.4222222222222223	0.52734375
25-250 kb	Housekeeping	ALKBH7	1.25	1.4155555555555555	0.8830455259026688
25-250 kb	Housekeeping	GTF2F1	1.0	1.4333333333333333	0.6976744186046512
25-250 kb	Housekeeping	KHSRP	0.5	1.4333333333333333	0.3488372093023256
25-250 kb	Housekeeping	ELAVL1	1.5	1.431111111111111	1.048136645962733
25-250 kb	Housekeeping	CD320	1.0	1.7177777777777778	0.5821474773609314
25-250 kb	Housekeeping	RPS28	0.5	1.7466666666666666	0.28625954198473286
25-250 kb	Housekeeping	HNRNPM	1.5	1.7133333333333334	0.8754863813229572
25-250 kb	Housekeeping	UBL5	1.25	1.451111111111111	0.8614088820826953
25-250 kb	Housekeeping	PIN1	1.0	1.4822222222222223	0.6746626686656672
25-250 kb	Housekeeping	CDC37	0.0	2.037777777777778	0.0
25-250 kb	Housekeeping	KEAP1	1.75	1.8711111111111112	0.9352731591448931
25-250 kb	Housekeeping	ILF3	0.75	1.8488888888888888	0.4056490384615385
25-250 kb	Housekeeping	TMED1	1.0	1.7244444444444444	0.5798969072164949
25-250 kb	Housekeeping	TMEM205	0.75	1.8266666666666667	0.41058394160583944
25-250 kb	Housekeeping	PRKCSH	1.5	1.6177777777777778	0.9271978021978022
25-250 kb	Housekeeping	ECSIT	2.0	1.5333333333333334	1.3043478260869565
25-250 kb	Housekeeping	ELOF1	2.25	1.451111111111111	1.5505359877488516
25-250 kb	Housekeeping	TRIR	1.75	1.7177777777777778	1.01875808538163
25-250 kb	Housekeeping	PRDX2	0.75	1.4933333333333334	0.5022321428571428
25-250 kb	Housekeeping	DNASE2	2.25	1.26	1.7857142857142858
25-250 kb	Housekeeping	FARSA	1.25	1.2844444444444445	0.9731833910034602
25-250 kb	Housekeeping	CALR	0.5	1.28	0.390625
25-250 kb	Housekeeping	RAD23A	1.0	1.3133333333333332	0.7614213197969544
25-250 kb	Housekeeping	GADD45GIP1	2.0	1.3555555555555556	1.4754098360655736
25-250 kb	Housekeeping	C19orf53	1.75	1.5222222222222221	1.1496350364963503
25-250 kb	Housekeeping	DCAF15	0.75	1.5755555555555556	0.47602256699576867
25-250 kb	Housekeeping	SAMD1	0.0	1.5844444444444445	0.0
25-250 kb	Housekeeping	DDX39A	2.0	1.7177777777777778	1.1642949547218628
25-250 kb	Housekeeping	NDUFB7	2.5	1.48	1.6891891891891893
25-250 kb	Housekeeping	TPM4	0.5	1.031111111111111	0.4849137931034483
25-250 kb	Housekeeping	FAM32A	1.75	1.1555555555555554	1.514423076923077
25-250 kb	Housekeeping	SLC35E1	0.5	1.4777777777777779	0.3383458646616541
25-250 kb	Housekeeping	USE1	1.25	1.6355555555555557	0.764266304347826
25-250 kb	Housekeeping	NR2F6	0.5	1.6222222222222222	0.3082191780821918
25-250 kb	Housekeeping	MRPL34	1.5	1.6688888888888889	0.8988015978695073
25-250 kb	Housekeeping	DDA1	2.0	1.7155555555555555	1.1658031088082903
25-250 kb	Housekeeping	PGLS	2.0	1.6111111111111112	1.2413793103448276
25-250 kb	Housekeeping	RPL18A	1.0	1.5977777777777777	0.6258692628650904
25-250 kb	Housekeeping	CCDC124	1.5	1.6466666666666667	0.9109311740890688
25-250 kb	Housekeeping	LSM4	0.75	1.3977777777777778	0.5365659777424483
25-250 kb	Housekeeping	ELL	1.0	1.2466666666666666	0.8021390374331552
25-250 kb	Housekeeping	FKBP8	1.25	1.1288888888888888	1.1072834645669292
25-250 kb	Housekeeping	KXD1	1.5	1.1644444444444444	1.2881679389312977
25-250 kb	Housekeeping	UBA52	1.5	1.2333333333333334	1.2162162162162162
25-250 kb	Housekeeping	COPE	1.0	1.3755555555555556	0.7269789983844911
25-250 kb	Housekeeping	DDX49	0.75	1.3733333333333333	0.5461165048543689
25-250 kb	Housekeeping	MAU2	1.0	1.32	0.7575757575757576
25-250 kb	Housekeeping	PDCD5	0.75	0.9844444444444445	0.7618510158013544
25-250 kb	Housekeeping	LSM14A	0.75	1.1488888888888888	0.6528046421663443
25-250 kb	Housekeeping	USF2	0.0	0.8755555555555555	0.0
25-250 kb	Housekeeping	RBM42	1.5	1.1133333333333333	1.347305389221557
25-250 kb	Housekeeping	POLR2I	0.25	1.2222222222222223	0.20454545454545453
25-250 kb	Housekeeping	CAPNS1	1.0	1.22	0.819672131147541
25-250 kb	Housekeeping	ZNF146	1.25	1.12	1.1160714285714284
25-250 kb	Housekeeping	PSMD8	1.5	1.42	1.0563380281690142
25-250 kb	Housekeeping	EIF3K	1.0	1.228888888888889	0.8137432188065099
25-250 kb	Housekeeping	ECH1	2.0	1.4622222222222223	1.3677811550151975
25-250 kb	Housekeeping	SIRT2	1.5	1.3822222222222222	1.085209003215434
25-250 kb	Housekeeping	SAMD4B	0.25	1.1466666666666667	0.2180232558139535
25-250 kb	Housekeeping	PAF1	1.0	1.0755555555555556	0.9297520661157025
25-250 kb	Housekeeping	MED29	1.0	1.0755555555555556	0.9297520661157025
25-250 kb	Housekeeping	RPS16	1.0	0.9533333333333334	1.048951048951049
25-250 kb	Housekeeping	EID2	1.0	0.7111111111111111	1.40625
25-250 kb	Housekeeping	FBL	0.25	0.5755555555555556	0.4343629343629343
25-250 kb	Housekeeping	PLD3	1.25	1.3755555555555556	0.9087237479806138
25-250 kb	Housekeeping	SNRPA	0.75	1.0444444444444445	0.7180851063829787
25-250 kb	Housekeeping	RAB4B-EGLN2	0.75	1.008888888888889	0.7433920704845814
25-250 kb	Housekeeping	EGLN2	0.5	1.0177777777777777	0.49126637554585156
25-250 kb	Housekeeping	HNRNPUL1	0.5	1.0977777777777777	0.45546558704453444
25-250 kb	Housekeeping	CCDC97	1.5	1.0711111111111111	1.400414937759336
25-250 kb	Housekeeping	RABAC1	1.0	0.7177777777777777	1.3931888544891642
25-250 kb	Housekeeping	GSK3A	0.75	0.8555555555555555	0.8766233766233766
25-250 kb	Housekeeping	CLPTM1	1.25	1.4066666666666667	0.8886255924170615
25-250 kb	Housekeeping	PPP1R37	0.75	1.4955555555555555	0.5014858841010401
25-250 kb	Housekeeping	SNRPD2	1.5	1.5333333333333334	0.9782608695652173
25-250 kb	Housekeeping	IRF2BP1	0.25	1.1777777777777778	0.2122641509433962
25-250 kb	Housekeeping	STRN4	0.75	1.3511111111111112	0.5550986842105263
25-250 kb	Housekeeping	ARHGAP35	0.25	1.3422222222222222	0.18625827814569537
25-250 kb	Housekeeping	CCDC9	1.75	1.4933333333333334	1.171875
25-250 kb	Housekeeping	NAPA	1.25	1.448888888888889	0.8627300613496932
25-250 kb	Housekeeping	NOP53	1.75	1.4044444444444444	1.2460443037974684
25-250 kb	Housekeeping	SELENOW	1.75	1.4111111111111112	1.2401574803149606
25-250 kb	Housekeeping	KDELR1	0.0	1.2777777777777777	0.0
25-250 kb	Housekeeping	RPL18	1.0	1.548888888888889	0.6456241032998565
25-250 kb	Housekeeping	SNRNP70	1.75	1.4066666666666667	1.2440758293838863
25-250 kb	Housekeeping	RPL13A	1.5	1.291111111111111	1.161790017211704
25-250 kb	Housekeeping	RPS11	1.25	1.2755555555555556	0.9799651567944251
25-250 kb	Housekeeping	NOSIP	0.5	1.2933333333333332	0.3865979381443299
25-250 kb	Housekeeping	PRMT1	1.75	1.3266666666666667	1.3190954773869348
25-250 kb	Housekeeping	AP2A1	0.75	1.2022222222222223	0.6238447319778189
25-250 kb	Housekeeping	NR1H2	0.25	1.2	0.20833333333333334
25-250 kb	Housekeeping	LENG1	1.0	1.0866666666666667	0.9202453987730062
25-250 kb	Housekeeping	RPS9	1.25	1.0244444444444445	1.220173535791757
25-250 kb	Housekeeping	LENG8	0.75	0.6777777777777778	1.1065573770491803
25-250 kb	Housekeeping	PPP1R12C	0.5	1.3533333333333333	0.3694581280788177
25-250 kb	Housekeeping	PPP6R1	0.75	1.0222222222222221	0.7336956521739131
25-250 kb	Housekeeping	RPL28	0.0	1.028888888888889	0.0
25-250 kb	Housekeeping	ISOC2	0.5	0.9711111111111111	0.5148741418764302
25-250 kb	Housekeeping	FIZ1	0.0	0.8133333333333334	0.0
25-250 kb	Housekeeping	U2AF2	0.25	0.8311111111111111	0.30080213903743314
25-250 kb	Housekeeping	EPN1	0.0	0.8133333333333334	0.0
25-250 kb	Housekeeping	ERVK3-1	0.5	1.1733333333333333	0.42613636363636365
25-250 kb	Housekeeping	ACP1	0.0	0.14	0.0
25-250 kb	Housekeeping	ADI1	0.5	0.3288888888888889	1.5202702702702702
25-250 kb	Housekeeping	RPS7	1.0	0.3288888888888889	3.0405405405405403
25-250 kb	Housekeeping	YWHAQ	0.0	0.82	0.0
25-250 kb	Housekeeping	PDIA6	0.5	0.66	0.7575757575757576
25-250 kb	Housekeeping	ROCK2	0.5	0.6022222222222222	0.8302583025830258
25-250 kb	Housekeeping	DDX1	1.25	0.32222222222222224	3.879310344827586
25-250 kb	Housekeeping	RDH14	0.0	0.12	0.0
25-250 kb	Housekeeping	NT5C1B-RDH14	0.0	0.11333333333333333	0.0
25-250 kb	Housekeeping	LAPTM4A	0.25	0.3511111111111111	0.7120253164556962
25-250 kb	Housekeeping	PUM2	0.0	0.47333333333333333	0.0
25-250 kb	Housekeeping	SF3B6	1.0	1.0155555555555555	0.9846827133479212
25-250 kb	Housekeeping	OST4	0.25	0.7955555555555556	0.31424581005586594
25-250 kb	Housekeeping	PREB	1.0	0.7933333333333333	1.2605042016806722
25-250 kb	Housekeeping	ATRAID	0.75	0.9422222222222222	0.7959905660377359
25-250 kb	Housekeeping	SNX17	0.25	0.9911111111111112	0.2522421524663677
25-250 kb	Housekeeping	NRBP1	0.75	0.9244444444444444	0.811298076923077
25-250 kb	Housekeeping	SLC4A1AP	0.5	0.8	0.625
25-250 kb	Housekeeping	MRPL33	0.75	0.6088888888888889	1.231751824817518
25-250 kb	Housekeeping	YPEL5	0.5	0.3977777777777778	1.2569832402234637
25-250 kb	Housekeeping	DPY30	1.75	1.0444444444444445	1.675531914893617
25-250 kb	Housekeeping	FAM98A	0.25	0.5755555555555556	0.4343629343629343
25-250 kb	Housekeeping	CEBPZOS	1.25	0.7044444444444444	1.774447949526814
25-250 kb	Housekeeping	CEBPZ	0.5	0.6711111111111111	0.7450331125827815
25-250 kb	Housekeeping	ATL2	0.25	0.56	0.4464285714285714
25-250 kb	Housekeeping	COX7A2L	0.25	1.1311111111111112	0.22102161100196463
25-250 kb	Housekeeping	ERLEC1	0.5	0.7355555555555555	0.6797583081570997
25-250 kb	Housekeeping	RPS27A	0.75	0.7533333333333333	0.995575221238938
25-250 kb	Housekeeping	CFAP36	1.0	0.8622222222222222	1.1597938144329898
25-250 kb	Housekeeping	USP34	0.75	1.2933333333333332	0.5798969072164949
25-250 kb	Housekeeping	VPS54	0.5	0.43555555555555553	1.1479591836734695
25-250 kb	Housekeeping	RAB1A	0.5	0.8111111111111111	0.6164383561643836
25-250 kb	Housekeeping	ACTR2	0.75	0.8711111111111111	0.8609693877551021
25-250 kb	Housekeeping	PNO1	0.75	0.4266666666666667	1.7578124999999998
25-250 kb	Housekeeping	PCBP1	0.0	1.1777777777777778	0.0
25-250 kb	Housekeeping	PCYOX1	0.75	1.0533333333333332	0.7120253164556962
25-250 kb	Housekeeping	SNRPG	1.5	0.9933333333333333	1.5100671140939599
25-250 kb	Housekeeping	TEX261	0.75	0.4666666666666667	1.6071428571428572
25-250 kb	Housekeeping	MPHOSPH10	0.5	0.5	1.0
25-250 kb	Housekeeping	SMYD5	1.0	0.5666666666666667	1.7647058823529411
25-250 kb	Housekeeping	PRADC1	0.75	0.6044444444444445	1.2408088235294117
25-250 kb	Housekeeping	DUSP11	1.0	0.5177777777777778	1.9313304721030042
25-250 kb	Housekeeping	MOB1A	1.0	0.5977777777777777	1.6728624535315986
25-250 kb	Housekeeping	INO80B	0.25	0.5355555555555556	0.46680497925311204
25-250 kb	Housekeeping	INO80B-WBP1	0.25	0.5355555555555556	0.46680497925311204
25-250 kb	Housekeeping	MRPL53	1.75	0.5066666666666667	3.453947368421052
25-250 kb	Housekeeping	TMSB10	0.75	0.7422222222222222	1.0104790419161676
25-250 kb	Housekeeping	KCMF1	0.0	0.7222222222222222	0.0
25-250 kb	Housekeeping	VAMP5	0.75	0.8888888888888888	0.84375
25-250 kb	Housekeeping	RNF181	0.5	0.8711111111111111	0.5739795918367347
25-250 kb	Housekeeping	USP39	0.5	0.8688888888888889	0.5754475703324808
25-250 kb	Housekeeping	CHMP3	0.25	0.5377777777777778	0.46487603305785125
25-250 kb	Housekeeping	RMND5A	0.0	0.6488888888888888	0.0
25-250 kb	Housekeeping	RNF103-CHMP3	0.0	0.6533333333333333	0.0
25-250 kb	Housekeeping	KRCC1	1.0	0.43333333333333335	2.3076923076923075
25-250 kb	Housekeeping	MRPS5	0.5	0.36666666666666664	1.3636363636363638
25-250 kb	Housekeeping	TMEM127	0.25	0.6333333333333333	0.39473684210526316
25-250 kb	Housekeeping	COX5B	0.25	0.26666666666666666	0.9375
25-250 kb	Housekeeping	ACTR1B	0.75	0.22444444444444445	3.3415841584158414
25-250 kb	Housekeeping	TMEM131	0.5	0.30444444444444446	1.6423357664233575
25-250 kb	Housekeeping	COA5	0.0	0.44222222222222224	0.0
25-250 kb	Housekeeping	UNC50	0.0	0.44222222222222224	0.0
25-250 kb	Housekeeping	EIF5B	0.25	0.6777777777777778	0.3688524590163934
25-250 kb	Housekeeping	TXNDC9	1.0	0.6888888888888889	1.4516129032258065
25-250 kb	Housekeeping	RPL31	0.5	0.6177777777777778	0.8093525179856116
25-250 kb	Housekeeping	CNOT11	0.75	0.74	1.0135135135135136
25-250 kb	Housekeeping	RNF149	0.75	0.74	1.0135135135135136
25-250 kb	Housekeeping	MRPS9	0.25	0.2644444444444444	0.9453781512605043
25-250 kb	Housekeeping	ACTR3	0.25	0.49333333333333335	0.5067567567567568
25-250 kb	Housekeeping	DDX18	0.0	0.18222222222222223	0.0
25-250 kb	Housekeeping	NIFK	0.5	0.6711111111111111	0.7450331125827815
25-250 kb	Housekeeping	TSN	0.5	0.6711111111111111	0.7450331125827815
25-250 kb	Housekeeping	IWS1	0.25	0.5711111111111111	0.4377431906614786
25-250 kb	Housekeeping	MZT2B	1.0	0.44666666666666666	2.238805970149254
25-250 kb	Housekeeping	FAM168B	1.0	0.49333333333333335	2.027027027027027
25-250 kb	Housekeeping	ARL5A	0.25	0.44222222222222224	0.5653266331658291
25-250 kb	Housekeeping	PRPF40A	0.0	0.3933333333333333	0.0
25-250 kb	Housekeeping	PSMD14	0.5	0.30444444444444446	1.6423357664233575
25-250 kb	Housekeeping	SSB	1.0	0.7377777777777778	1.355421686746988
25-250 kb	Housekeeping	GORASP2	0.25	0.6955555555555556	0.35942492012779553
25-250 kb	Housekeeping	HAT1	1.25	0.7422222222222222	1.6841317365269461
25-250 kb	Housekeeping	MTX2	0.5	0.2911111111111111	1.717557251908397
25-250 kb	Housekeeping	HNRNPA3	0.5	0.4066666666666667	1.2295081967213115
25-250 kb	Housekeeping	ZC3H15	0.0	0.3111111111111111	0.0
25-250 kb	Housekeeping	WDR75	0.25	0.2644444444444444	0.9453781512605043
25-250 kb	Housekeeping	ASNSD1	0.75	0.3844444444444444	1.9508670520231215
25-250 kb	Housekeeping	COQ10B	0.5	0.7955555555555556	0.6284916201117319
25-250 kb	Housekeeping	HSPE1	0.5	0.7888888888888889	0.6338028169014085
25-250 kb	Housekeeping	HSPE1-MOB4	0.5	0.7866666666666666	0.6355932203389831
25-250 kb	Housekeeping	BZW1	0.5	0.7222222222222222	0.6923076923076923
25-250 kb	Housekeeping	NDUFB3	0.25	0.9755555555555555	0.25626423690205014
25-250 kb	Housekeeping	TRAK2	0.75	0.42	1.7857142857142858
25-250 kb	Housekeeping	SUMO1	1.0	1.1444444444444444	0.8737864077669903
25-250 kb	Housekeeping	NOP58	1.75	1.1088888888888888	1.5781563126252507
25-250 kb	Housekeeping	EEF1B2	0.5	0.9244444444444444	0.5408653846153847
25-250 kb	Housekeeping	XRCC5	0.75	0.48444444444444446	1.5481651376146788
25-250 kb	Housekeeping	RPL37A	0.75	0.46	1.6304347826086956
25-250 kb	Housekeeping	ARPC2	0.5	0.7866666666666666	0.6355932203389831
25-250 kb	Housekeeping	PNKD	1.0	0.94	1.0638297872340425
25-250 kb	Housekeeping	AAMP	1.0	0.94	1.0638297872340425
25-250 kb	Housekeeping	CTDSP1	0.25	1.1155555555555556	0.2241035856573705
25-250 kb	Housekeeping	CNPPD1	0.0	0.6555555555555556	0.0
25-250 kb	Housekeeping	DNAJB2	0.0	0.62	0.0
25-250 kb	Housekeeping	WDFY1	0.25	0.62	0.40322580645161293
25-250 kb	Housekeeping	MRPL44	0.0	0.6066666666666667	0.0
25-250 kb	Housekeeping	AGFG1	0.25	0.64	0.390625
25-250 kb	Housekeeping	CAB39	0.75	0.5822222222222222	1.2881679389312977
25-250 kb	Housekeeping	PSMD1	0.5	0.6511111111111111	0.7679180887372014
25-250 kb	Housekeeping	NCL	0.75	1.0755555555555556	0.6973140495867768
25-250 kb	Housekeeping	PTMA	0.5	1.0933333333333333	0.4573170731707317
25-250 kb	Housekeeping	UBE2F	0.5	0.5933333333333334	0.8426966292134831
25-250 kb	Housekeeping	UBE2F-SCLY	0.5	0.5933333333333334	0.8426966292134831
25-250 kb	Housekeeping	ILKAP	0.5	0.5488888888888889	0.9109311740890689
25-250 kb	Housekeeping	PPP1R7	0.25	0.47555555555555556	0.5257009345794392
25-250 kb	Housekeeping	THAP4	0.5	0.7911111111111111	0.6320224719101124
25-250 kb	Housekeeping	FKBP1A	0.25	0.23333333333333334	1.0714285714285714
25-250 kb	Housekeeping	IDH3B	1.75	0.7444444444444445	2.3507462686567164
25-250 kb	Housekeeping	MRPS26	0.25	1.0888888888888888	0.2295918367346939
25-250 kb	Housekeeping	DDRGK1	1.5	1.0577777777777777	1.4180672268907564
25-250 kb	Housekeeping	ATRN	0.5	0.7733333333333333	0.646551724137931
25-250 kb	Housekeeping	CENPB	0.25	0.8822222222222222	0.28337531486146095
25-250 kb	Housekeeping	TMEM230	1.0	0.86	1.1627906976744187
25-250 kb	Housekeeping	CDS2	1.0	0.8511111111111112	1.1749347258485638
25-250 kb	Housekeeping	TMX4	0.0	0.18222222222222223	0.0
25-250 kb	Housekeeping	PET117	0.5	0.7288888888888889	0.6859756097560975
25-250 kb	Housekeeping	SMIM26	1.25	0.4622222222222222	2.7043269230769234
25-250 kb	Housekeeping	DTD1	0.75	0.4622222222222222	1.622596153846154
25-250 kb	Housekeeping	ABHD12	1.5	0.6822222222222222	2.198697068403909
25-250 kb	Housekeeping	POFUT1	0.25	1.0155555555555555	0.2461706783369803
25-250 kb	Housekeeping	COMMD7	1.5	0.9733333333333334	1.5410958904109588
25-250 kb	Housekeeping	MAPRE1	1.5	0.9777777777777777	1.5340909090909092
25-250 kb	Housekeeping	CHMP4B	0.75	0.9666666666666667	0.7758620689655172
25-250 kb	Housekeeping	RALY	0.25	0.9044444444444445	0.2764127764127764
25-250 kb	Housekeeping	EIF2S2	1.25	1.008888888888889	1.2389867841409692
25-250 kb	Housekeeping	ITCH	1.75	1.068888888888889	1.637214137214137
25-250 kb	Housekeeping	DYNLRB1	0.5	1.2533333333333334	0.39893617021276595
25-250 kb	Housekeeping	TRPC4AP	1.0	0.8022222222222222	1.2465373961218837
25-250 kb	Housekeeping	MMP24OS	0.25	1.031111111111111	0.24245689655172414
25-250 kb	Housekeeping	ERGIC3	0.75	1.24	0.6048387096774194
25-250 kb	Housekeeping	ROMO1	0.25	1.34	0.18656716417910446
25-250 kb	Housekeeping	SCAND1	1.0	1.28	0.78125
25-250 kb	Housekeeping	AAR2	0.5	0.82	0.6097560975609756
25-250 kb	Housekeeping	DLGAP4	0.0	0.8177777777777778	0.0
25-250 kb	Housekeeping	RPN2	1.25	1.1577777777777778	1.0796545105566218
25-250 kb	Housekeeping	BLCAP	0.0	0.5511111111111111	0.0
25-250 kb	Housekeeping	CTNNBL1	0.75	0.45111111111111113	1.6625615763546797
25-250 kb	Housekeeping	TOP1	0.5	0.4	1.25
25-250 kb	Housekeeping	PLCG1	0.0	0.5644444444444444	0.0
25-250 kb	Housekeeping	SRSF6	0.25	0.9355555555555556	0.2672209026128266
25-250 kb	Housekeeping	OSER1	0.25	0.6688888888888889	0.37375415282392027
25-250 kb	Housekeeping	SERINC3	0.25	0.8022222222222222	0.31163434903047094
25-250 kb	Housekeeping	YWHAB	0.5	0.5288888888888889	0.9453781512605043
25-250 kb	Housekeeping	SYS1	1.25	0.38	3.289473684210526
25-250 kb	Housekeeping	SYS1-DBNDD2	0.75	0.38	1.9736842105263157
25-250 kb	Housekeeping	DNTTIP1	1.25	0.7533333333333333	1.6592920353982301
25-250 kb	Housekeeping	PCIF1	1.25	0.7577777777777778	1.6495601173020529
25-250 kb	Housekeeping	NCOA5	0.0	0.6177777777777778	0.0
25-250 kb	Housekeeping	STAU1	0.75	1.0222222222222221	0.7336956521739131
25-250 kb	Housekeeping	DDX27	1.75	0.9911111111111112	1.765695067264574
25-250 kb	Housekeeping	B4GALT5	0.0	0.9177777777777778	0.0
25-250 kb	Housekeeping	RNF114	1.0	1.16	0.8620689655172414
25-250 kb	Housekeeping	UBE2V1	0.75	0.8977777777777778	0.8353960396039604
25-250 kb	Housekeeping	PEDS1-UBE2V1	0.75	0.8355555555555556	0.8976063829787233
25-250 kb	Housekeeping	PTPN1	0.5	0.8044444444444444	0.6215469613259669
25-250 kb	Housekeeping	RTF2	0.5	0.9155555555555556	0.5461165048543689
25-250 kb	Housekeeping	STX16-NPEPL1	0.0	0.24	0.0
25-250 kb	Housekeeping	NPEPL1	0.5	0.24888888888888888	2.0089285714285716
25-250 kb	Housekeeping	CTSZ	0.25	0.3688888888888889	0.677710843373494
25-250 kb	Housekeeping	PRELID3B	0.25	0.36666666666666664	0.6818181818181819
25-250 kb	Housekeeping	LSM14B	0.5	0.46444444444444444	1.076555023923445
25-250 kb	Housekeeping	PSMA7	0.0	0.5066666666666667	0.0
25-250 kb	Housekeeping	ADRM1	0.5	0.44	1.1363636363636365
25-250 kb	Housekeeping	RPS21	0.75	0.33555555555555555	2.2350993377483444
25-250 kb	Housekeeping	MRGBP	0.5	0.31777777777777777	1.5734265734265735
25-250 kb	Housekeeping	OGFR	0.25	0.32	0.78125
25-250 kb	Housekeeping	GID8	1.0	0.29777777777777775	3.3582089552238807
25-250 kb	Housekeeping	YTHDF1	0.0	0.17555555555555555	0.0
25-250 kb	Housekeeping	PPDPF	0.0	0.4911111111111111	0.0
25-250 kb	Housekeeping	PRPF6	0.25	0.6666666666666666	0.375
25-250 kb	Housekeeping	ATP5PF	0.0	0.4777777777777778	0.0
25-250 kb	Housekeeping	MRPS6	0.25	0.44	0.5681818181818182
25-250 kb	Housekeeping	VPS26C	0.5	0.6155555555555555	0.8122743682310469
25-250 kb	Housekeeping	NDUFV3	0.75	0.8088888888888889	0.9271978021978022
25-250 kb	Housekeeping	U2AF1	0.0	0.7244444444444444	0.0
25-250 kb	Housekeeping	AGPAT3	0.5	0.7666666666666667	0.6521739130434783
25-250 kb	Housekeeping	PWP2	0.25	0.6288888888888889	0.39752650176678445
25-250 kb	Housekeeping	PFKL	0.75	0.4622222222222222	1.622596153846154
25-250 kb	Housekeeping	UBE2G2	0.0	0.2733333333333333	0.0
25-250 kb	Housekeeping	SUMO3	0.5	0.2733333333333333	1.829268292682927
25-250 kb	Housekeeping	PTTG1IP	0.0	0.3	0.0
25-250 kb	Housekeeping	C22orf39	1.0	0.8955555555555555	1.1166253101736974
25-250 kb	Housekeeping	RANBP1	0.0	0.4688888888888889	0.0
25-250 kb	Housekeeping	DGCR6L	0.0	0.6311111111111111	0.0
25-250 kb	Housekeeping	MIF	0.25	0.8777777777777778	0.2848101265822785
25-250 kb	Housekeeping	SNRPD3	0.25	0.7888888888888889	0.31690140845070425
25-250 kb	Housekeeping	UQCR10	1.25	1.008888888888889	1.2389867841409692
25-250 kb	Housekeeping	RTCB	0.5	0.5288888888888889	0.9453781512605043
25-250 kb	Housekeeping	EIF3D	1.5	0.7688888888888888	1.9508670520231215
25-250 kb	Housekeeping	POLR2F	1.5	1.1155555555555556	1.344621513944223
25-250 kb	Housekeeping	TMEM184B	0.5	0.8844444444444445	0.5653266331658291
25-250 kb	Housekeeping	DDX17	0.75	1.0155555555555555	0.738512035010941
25-250 kb	Housekeeping	TOMM22	0.75	0.9044444444444445	0.8292383292383292
25-250 kb	Housekeeping	JOSD1	1.0	0.9355555555555556	1.0688836104513064
25-250 kb	Housekeeping	TAB1	2.0	0.7911111111111111	2.5280898876404496
25-250 kb	Housekeeping	MIEF1	1.5	0.7044444444444444	2.1293375394321767
25-250 kb	Housekeeping	ATF4	0.25	0.6844444444444444	0.3652597402597403
25-250 kb	Housekeeping	RPS19BP1	0.25	0.6733333333333333	0.3712871287128713
25-250 kb	Housekeeping	ST13	0.75	1.5755555555555556	0.47602256699576867
25-250 kb	Housekeeping	RBX1	1.0	1.48	0.6756756756756757
25-250 kb	Housekeeping	RANGAP1	1.75	1.4333333333333333	1.2209302325581395
25-250 kb	Housekeeping	TOB2	0.0	1.3955555555555557	0.0
25-250 kb	Housekeeping	PHF5A	1.0	1.4044444444444444	0.7120253164556962
25-250 kb	Housekeeping	PMM1	2.0	1.4066666666666667	1.4218009478672986
25-250 kb	Housekeeping	DESI1	0.5	1.4288888888888889	0.3499222395023328
25-250 kb	Housekeeping	SREBF2	0.5	1.2377777777777779	0.4039497307001795
25-250 kb	Housekeeping	SMDT1	0.5	0.8066666666666666	0.6198347107438017
25-250 kb	Housekeeping	ARFGAP3	1.25	1.2577777777777779	0.9938162544169611
25-250 kb	Housekeeping	PACSIN2	0.75	0.9666666666666667	0.7758620689655172
25-250 kb	Housekeeping	SAMM50	0.25	0.5688888888888889	0.439453125
25-250 kb	Housekeeping	CERK	0.5	0.4688888888888889	1.066350710900474
25-250 kb	Housekeeping	PPP6R2	0.5	0.7933333333333333	0.6302521008403361
25-250 kb	Housekeeping	LMF2	0.0	0.78	0.0
25-250 kb	Housekeeping	ARL8B	1.25	0.6133333333333333	2.0380434782608696
25-250 kb	Housekeeping	TADA3	0.75	1.051111111111111	0.7135306553911205
25-250 kb	Housekeeping	JAGN1	1.0	1.0133333333333334	0.9868421052631579
25-250 kb	Housekeeping	EMC3	0.25	1.2577777777777779	0.19876325088339222
25-250 kb	Housekeeping	BRK1	1.75	1.0933333333333333	1.6006097560975612
25-250 kb	Housekeeping	TATDN2	1.25	0.8111111111111111	1.5410958904109588
25-250 kb	Housekeeping	SEC13	0.5	0.7777777777777778	0.6428571428571428
25-250 kb	Housekeeping	MKRN2	0.75	0.9355555555555556	0.8016627078384798
25-250 kb	Housekeeping	RPL32	1.0	0.7688888888888888	1.300578034682081
25-250 kb	Housekeeping	LSM3	0.5	0.34444444444444444	1.4516129032258065
25-250 kb	Housekeeping	MRPS25	1.0	0.5666666666666667	1.7647058823529411
25-250 kb	Housekeeping	RAB5A	0.0	0.5644444444444444	0.0
25-250 kb	Housekeeping	RPL15	0.0	0.6311111111111111	0.0
25-250 kb	Housekeeping	DYNC1LI1	0.25	1.0822222222222222	0.23100616016427106
25-250 kb	Housekeeping	UBP1	1.25	0.6377777777777778	1.9599303135888502
25-250 kb	Housekeeping	EPM2AIP1	0.5	0.66	0.7575757575757576
25-250 kb	Housekeeping	GOLGA4	0.25	0.6688888888888889	0.37375415282392027
25-250 kb	Housekeeping	OXSR1	0.5	0.42444444444444446	1.1780104712041883
25-250 kb	Housekeeping	SLC25A38	0.75	0.4022222222222222	1.8646408839779007
25-250 kb	Housekeeping	RPSA	0.75	0.39555555555555555	1.8960674157303372
25-250 kb	Housekeeping	EIF1B	0.0	0.48444444444444446	0.0
25-250 kb	Housekeeping	RPL14	1.25	0.3977777777777778	3.142458100558659
25-250 kb	Housekeeping	SS18L2	0.0	0.3933333333333333	0.0
25-250 kb	Housekeeping	SEC22C	0.75	0.4222222222222222	1.7763157894736843
25-250 kb	Housekeeping	HIGD1A	0.0	0.41333333333333333	0.0
25-250 kb	Housekeeping	TMEM42	0.5	0.5488888888888889	0.9109311740890689
25-250 kb	Housekeeping	CCDC12	0.5	0.8488888888888889	0.5890052356020942
25-250 kb	Housekeeping	SMARCC1	0.75	1.2622222222222221	0.5941901408450705
25-250 kb	Housekeeping	MAP4	1.25	1.208888888888889	1.0340073529411764
25-250 kb	Housekeeping	TMA7	1.0	0.9222222222222223	1.0843373493975903
25-250 kb	Housekeeping	SHISA5	0.5	0.8022222222222222	0.6232686980609419
25-250 kb	Housekeeping	IP6K2	1.0	1.4222222222222223	0.703125
25-250 kb	Housekeeping	PRKAR2A	1.25	1.528888888888889	0.8175872093023255
25-250 kb	Housekeeping	ARIH2	2.25	1.4666666666666666	1.5340909090909092
25-250 kb	Housekeeping	WDR6	0.25	1.6844444444444444	0.14841688654353563
25-250 kb	Housekeeping	USP4	1.25	1.4933333333333334	0.8370535714285714
25-250 kb	Housekeeping	TCTA	0.25	1.46	0.17123287671232876
25-250 kb	Housekeeping	APEH	0.5	1.2577777777777779	0.39752650176678445
25-250 kb	Housekeeping	RBM5	1.5	1.0355555555555556	1.4484978540772533
25-250 kb	Housekeeping	GNAI2	1.25	0.7555555555555555	1.6544117647058825
25-250 kb	Housekeeping	TUSC2	1.0	0.44222222222222224	2.2613065326633164
25-250 kb	Housekeeping	RASSF1	0.25	0.45111111111111113	0.5541871921182265
25-250 kb	Housekeeping	TMEM115	0.5	0.4288888888888889	1.1658031088082903
25-250 kb	Housekeeping	RRP9	0.5	0.4711111111111111	1.0613207547169812
25-250 kb	Housekeeping	RPL29	0.75	0.4866666666666667	1.5410958904109588
25-250 kb	Housekeeping	TWF2	0.25	0.5	0.5
25-250 kb	Housekeeping	WDR82	1.25	0.4577777777777778	2.7305825242718447
25-250 kb	Housekeeping	PBRM1	0.5	0.6822222222222222	0.732899022801303
25-250 kb	Housekeeping	SELENOK	0.0	0.31777777777777777	0.0
25-250 kb	Housekeeping	APPL1	0.75	0.6444444444444445	1.1637931034482758
25-250 kb	Housekeeping	ARF4	0.75	1.0066666666666666	0.7450331125827815
25-250 kb	Housekeeping	DENND6A	1.0	1.0977777777777777	0.9109311740890689
25-250 kb	Housekeeping	THOC7	0.5	0.28	1.7857142857142856
25-250 kb	Housekeeping	ARL6IP5	0.25	0.6533333333333333	0.3826530612244898
25-250 kb	Housekeeping	CGGBP1	0.25	0.25333333333333335	0.9868421052631579
25-250 kb	Housekeeping	TOMM70	0.25	0.4222222222222222	0.5921052631578947
25-250 kb	Housekeeping	TFG	0.25	0.21777777777777776	1.1479591836734695
25-250 kb	Housekeeping	RPL24	1.5	0.7622222222222222	1.967930029154519
25-250 kb	Housekeeping	ATG3	0.25	0.2822222222222222	0.8858267716535434
25-250 kb	Housekeeping	COX17	0.25	0.43333333333333335	0.5769230769230769
25-250 kb	Housekeeping	NDUFB4	0.5	0.3	1.6666666666666667
25-250 kb	Housekeeping	GOLGB1	0.0	0.6488888888888888	0.0
25-250 kb	Housekeeping	FAM162A	0.25	0.5222222222222223	0.4787234042553191
25-250 kb	Housekeeping	KPNA1	0.75	0.54	1.3888888888888888
25-250 kb	Housekeeping	SLC41A3	0.25	0.2733333333333333	0.9146341463414634
25-250 kb	Housekeeping	RUVBL1	0.5	0.31555555555555553	1.5845070422535212
25-250 kb	Housekeeping	RPN1	1.75	0.7133333333333334	2.453271028037383
25-250 kb	Housekeeping	RAB7A	2.5	0.7577777777777778	3.2991202346041058
25-250 kb	Housekeeping	ACAD9	0.25	0.9666666666666667	0.25862068965517243
25-250 kb	Housekeeping	COPG1	1.25	0.8844444444444445	1.4133165829145728
25-250 kb	Housekeeping	HMCES	0.5	0.8888888888888888	0.5625
25-250 kb	Housekeeping	MRPL3	0.25	0.21777777777777776	1.1479591836734695
25-250 kb	Housekeeping	DNAJC13	0.0	0.3088888888888889	0.0
25-250 kb	Housekeeping	CDV3	0.5	0.4311111111111111	1.1597938144329898
25-250 kb	Housekeeping	SRPRB	0.25	0.41333333333333333	0.6048387096774194
25-250 kb	Housekeeping	ANAPC13	0.25	0.3	0.8333333333333334
25-250 kb	Housekeeping	ZBTB38	0.25	0.24666666666666667	1.0135135135135136
25-250 kb	Housekeeping	RNF7	0.25	0.7555555555555555	0.33088235294117646
25-250 kb	Housekeeping	SELENOT	0.5	0.58	0.8620689655172414
25-250 kb	Housekeeping	SERP1	0.5	0.58	0.8620689655172414
25-250 kb	Housekeeping	SIAH2	0.0	0.5155555555555555	0.0
25-250 kb	Housekeeping	SSR3	0.5	0.20444444444444446	2.4456521739130435
25-250 kb	Housekeeping	KPNA4	0.0	0.4288888888888889	0.0
25-250 kb	Housekeeping	NMD3	0.5	0.33555555555555555	1.490066225165563
25-250 kb	Housekeeping	SEC62	0.25	0.7622222222222222	0.3279883381924198
25-250 kb	Housekeeping	MRPL47	1.25	0.7044444444444444	1.774447949526814
25-250 kb	Housekeeping	PSMD2	1.0	0.9577777777777777	1.0440835266821347
25-250 kb	Housekeeping	MAGEF1	0.25	0.48	0.5208333333333334
25-250 kb	Housekeeping	TMEM41A	0.5	0.8555555555555555	0.5844155844155845
25-250 kb	Housekeeping	SENP2	1.75	0.8155555555555556	2.145776566757493
25-250 kb	Housekeeping	DNAJB11	1.0	0.5666666666666667	1.7647058823529411
25-250 kb	Housekeeping	CCDC50	0.25	0.2688888888888889	0.9297520661157025
25-250 kb	Housekeeping	LSG1	0.75	0.68	1.102941176470588
25-250 kb	Housekeeping	RNF168	1.75	1.2822222222222222	1.3648180242634316
25-250 kb	Housekeeping	SENP5	1.5	0.8933333333333333	1.6791044776119404
25-250 kb	Housekeeping	NCBP2	1.0	0.8844444444444445	1.1306532663316582
25-250 kb	Housekeeping	RPL35A	1.25	0.82	1.524390243902439
25-250 kb	Housekeeping	ATP5ME	0.75	0.5622222222222222	1.3339920948616601
25-250 kb	Housekeeping	PCGF3	0.0	0.5644444444444444	0.0
25-250 kb	Housekeeping	MAEA	0.25	0.29777777777777775	0.8395522388059702
25-250 kb	Housekeeping	ADD1	0.75	0.9577777777777777	0.7830626450116009
25-250 kb	Housekeeping	NOP14	0.0	0.8422222222222222	0.0
25-250 kb	Housekeeping	LRPAP1	0.25	0.18	1.3888888888888888
25-250 kb	Housekeeping	MRFAP1	0.75	0.4533333333333333	1.6544117647058825
25-250 kb	Housekeeping	MRFAP1L1	0.0	0.6155555555555555	0.0
25-250 kb	Housekeeping	BLOC1S4	0.75	0.6111111111111112	1.227272727272727
25-250 kb	Housekeeping	TADA2B	0.5	0.5133333333333333	0.9740259740259741
25-250 kb	Housekeeping	GRPEL1	0.5	0.4911111111111111	1.0180995475113122
25-250 kb	Housekeeping	FBXL5	0.25	0.3466666666666667	0.7211538461538461
25-250 kb	Housekeeping	TAPT1	0.25	0.24888888888888888	1.0044642857142858
25-250 kb	Housekeeping	MED28	1.25	0.5977777777777777	2.0910780669144984
25-250 kb	Housekeeping	DHX15	0.5	0.37333333333333335	1.3392857142857142
25-250 kb	Housekeeping	RPL9	0.75	1.2377777777777779	0.6059245960502693
25-250 kb	Housekeeping	UBE2K	0.75	1.4933333333333334	0.5022321428571428
25-250 kb	Housekeeping	PDS5A	0.75	1.448888888888889	0.5176380368098159
25-250 kb	Housekeeping	SLC30A9	0.5	0.48	1.0416666666666667
25-250 kb	Housekeeping	YTHDC1	0.75	0.26222222222222225	2.8601694915254234
25-250 kb	Housekeeping	UTP3	0.5	0.8222222222222222	0.6081081081081081
25-250 kb	Housekeeping	CCNI	0.25	0.35777777777777775	0.6987577639751553
25-250 kb	Housekeeping	HNRNPDL	0.5	0.58	0.8620689655172414
25-250 kb	Housekeeping	COPS4	1.25	0.8177777777777778	1.528532608695652
25-250 kb	Housekeeping	MRPS18C	0.5	0.7333333333333333	0.6818181818181819
25-250 kb	Housekeeping	NUDT9	0.75	0.5755555555555556	1.303088803088803
25-250 kb	Housekeeping	PYURF	0.25	0.5022222222222222	0.497787610619469
25-250 kb	Housekeeping	UBE2D3	0.5	0.39111111111111113	1.2784090909090908
25-250 kb	Housekeeping	BDH2	0.0	0.3111111111111111	0.0
25-250 kb	Housekeeping	INTS12	0.0	0.21555555555555556	0.0
25-250 kb	Housekeeping	RPL34	0.25	0.4822222222222222	0.5184331797235023
25-250 kb	Housekeeping	OSTC	0.0	0.49777777777777776	0.0
25-250 kb	Housekeeping	SEC24B	0.0	0.45555555555555555	0.0
25-250 kb	Housekeeping	C4orf3	1.0	0.3977777777777778	2.5139664804469275
25-250 kb	Housekeeping	PGRMC2	0.0	0.5933333333333334	0.0
25-250 kb	Housekeeping	ZNF330	0.0	0.2	0.0
25-250 kb	Housekeeping	SMARCA5	0.5	0.35333333333333333	1.4150943396226414
25-250 kb	Housekeeping	OTUD4	0.25	0.31333333333333335	0.7978723404255319
25-250 kb	Housekeeping	TMEM184C	0.75	0.5733333333333334	1.3081395348837208
25-250 kb	Housekeeping	RPS3A	1.25	0.9244444444444444	1.3521634615384617
25-250 kb	Housekeeping	PPID	0.5	0.4822222222222222	1.0368663594470047
25-250 kb	Housekeeping	CBR4	0.5	0.54	0.9259259259259258
25-250 kb	Housekeeping	HPF1	0.25	0.5155555555555555	0.4849137931034483
25-250 kb	Housekeeping	HMGB2	0.0	0.33111111111111113	0.0
25-250 kb	Housekeeping	SPCS3	0.0	0.2733333333333333	0.0
25-250 kb	Housekeeping	DCTD	0.0	0.5133333333333333	0.0
25-250 kb	Housekeeping	IRF2	0.75	0.5088888888888888	1.4737991266375547
25-250 kb	Housekeeping	PDCD6	0.5	0.26666666666666666	1.875
25-250 kb	Housekeeping	PDCD6-AHRR	0.5	0.26666666666666666	1.875
25-250 kb	Housekeeping	CLPTM1L	0.25	0.21777777777777776	1.1479591836734695
25-250 kb	Housekeeping	MRPL36	0.0	0.22666666666666666	0.0
25-250 kb	Housekeeping	MED10	0.25	0.2311111111111111	1.0817307692307694
25-250 kb	Housekeeping	TENT4A	0.0	0.2311111111111111	0.0
25-250 kb	Housekeeping	DAP	0.25	0.3288888888888889	0.7601351351351351
25-250 kb	Housekeeping	ZNF622	0.25	0.32666666666666666	0.7653061224489796
25-250 kb	Housekeeping	GOLPH3	1.25	0.9222222222222223	1.355421686746988
25-250 kb	Housekeeping	SUB1	1.75	0.7244444444444444	2.415644171779141
25-250 kb	Housekeeping	PRKAA1	0.0	0.5066666666666667	0.0
25-250 kb	Housekeeping	RPL37	0.75	0.48444444444444446	1.5481651376146788
25-250 kb	Housekeeping	PAIP1	0.25	0.3511111111111111	0.7120253164556962
25-250 kb	Housekeeping	MRPS30	0.0	0.17333333333333334	0.0
25-250 kb	Housekeeping	DHX29	0.0	0.6022222222222222	0.0
25-250 kb	Housekeeping	MTREX	0.0	0.6022222222222222	0.0
25-250 kb	Housekeeping	GPBP1	0.25	0.7511111111111111	0.33284023668639057
25-250 kb	Housekeeping	DIMT1	0.75	0.6288888888888889	1.1925795053003532
25-250 kb	Housekeeping	SLC30A5	1.25	1.031111111111111	1.2122844827586208
25-250 kb	Housekeeping	TAF9	0.25	1.4844444444444445	0.16841317365269462
25-250 kb	Housekeeping	BTF3	0.5	0.39111111111111113	1.2784090909090908
25-250 kb	Housekeeping	NSA2	0.75	0.5911111111111111	1.268796992481203
25-250 kb	Housekeeping	TBCA	0.25	0.39111111111111113	0.6392045454545454
25-250 kb	Housekeeping	TMEM167A	0.25	0.21555555555555556	1.1597938144329898
25-250 kb	Housekeeping	COX7C	0.5	0.15333333333333332	3.2608695652173916
25-250 kb	Housekeeping	FAM174A	0.0	0.23333333333333334	0.0
25-250 kb	Housekeeping	SRP19	0.5	0.6288888888888889	0.7950530035335689
25-250 kb	Housekeeping	REEP5	0.25	0.56	0.4464285714285714
25-250 kb	Housekeeping	TMED7-TICAM2	0.25	0.20666666666666667	1.2096774193548387
25-250 kb	Housekeeping	TMED7	0.5	0.20222222222222222	2.4725274725274726
25-250 kb	Housekeeping	HSPA4	0.5	0.8466666666666667	0.5905511811023622
25-250 kb	Housekeeping	C5orf15	0.5	0.5333333333333333	0.9375
25-250 kb	Housekeeping	VDAC1	0.75	0.5933333333333334	1.2640449438202246
25-250 kb	Housekeeping	SKP1	0.25	1.0155555555555555	0.2461706783369803
25-250 kb	Housekeeping	UBE2B	0.25	1.04	0.24038461538461536
25-250 kb	Housekeeping	CDKN2AIPNL	0.75	1.1977777777777778	0.6261595547309833
25-250 kb	Housekeeping	HNRNPA0	0.5	0.4822222222222222	1.0368663594470047
25-250 kb	Housekeeping	CDC23	1.5	1.2222222222222223	1.227272727272727
25-250 kb	Housekeeping	FAM53C	0.75	1.3288888888888888	0.56438127090301
25-250 kb	Housekeeping	ETF1	0.25	1.1955555555555555	0.20910780669144982
25-250 kb	Housekeeping	HSPA9	1.0	1.1177777777777778	0.8946322067594433
25-250 kb	Housekeeping	PAIP2	0.75	1.1488888888888888	0.6528046421663443
25-250 kb	Housekeeping	UBE2D2	0.25	1.0866666666666667	0.23006134969325154
25-250 kb	Housekeeping	PFDN1	0.5	0.7977777777777778	0.6267409470752089
25-250 kb	Housekeeping	ANKHD1-EIF4EBP3	1.0	0.7933333333333333	1.2605042016806722
25-250 kb	Housekeeping	EIF4EBP3	1.0	0.9733333333333334	1.0273972602739725
25-250 kb	Housekeeping	SLC35A4	0.25	0.9244444444444444	0.27043269230769235
25-250 kb	Housekeeping	IK	0.5	0.7488888888888889	0.6676557863501483
25-250 kb	Housekeeping	WDR55	2.0	0.7	2.857142857142857
25-250 kb	Housekeeping	ZMAT2	0.25	0.6488888888888888	0.38527397260273977
25-250 kb	Housekeeping	TAF7	0.25	0.5066666666666667	0.4934210526315789
25-250 kb	Housekeeping	DELE1	1.25	0.5755555555555556	2.171814671814672
25-250 kb	Housekeeping	CSNK1A1	0.5	0.6977777777777778	0.7165605095541401
25-250 kb	Housekeeping	HMGXB3	0.25	0.5044444444444445	0.49559471365638763
25-250 kb	Housekeeping	RPS14	1.0	0.47555555555555556	2.102803738317757
25-250 kb	Housekeeping	DCTN4	0.0	0.4022222222222222	0.0
25-250 kb	Housekeeping	G3BP1	0.5	0.37333333333333335	1.3392857142857142
25-250 kb	Housekeeping	ATOX1	0.0	0.37555555555555553	0.0
25-250 kb	Housekeeping	LARP1	0.75	0.9155555555555556	0.8191747572815534
25-250 kb	Housekeeping	MRPL22	1.0	0.7533333333333333	1.3274336283185841
25-250 kb	Housekeeping	TTC1	1.0	0.8511111111111112	1.1749347258485638
25-250 kb	Housekeeping	SLU7	0.0	0.6044444444444445	0.0
25-250 kb	Housekeeping	PANK3	0.5	0.5844444444444444	0.8555133079847909
25-250 kb	Housekeeping	NPM1	1.0	0.4688888888888889	2.132701421800948
25-250 kb	Housekeeping	ERGIC1	0.25	0.72	0.3472222222222222
25-250 kb	Housekeeping	ATP6V0E1	1.0	0.86	1.1627906976744187
25-250 kb	Housekeeping	BOD1	0.25	0.29333333333333333	0.8522727272727273
25-250 kb	Housekeeping	HIGD2A	1.0	0.8355555555555556	1.1968085106382977
25-250 kb	Housekeeping	FAF2	1.25	0.7577777777777778	1.6495601173020529
25-250 kb	Housekeeping	RNF44	0.25	0.7822222222222223	0.3196022727272727
25-250 kb	Housekeeping	LMAN2	0.75	1.0911111111111111	0.6873727087576375
25-250 kb	Housekeeping	TMED9	0.5	0.6311111111111111	0.7922535211267606
25-250 kb	Housekeeping	B4GALT7	0.75	0.6333333333333333	1.1842105263157896
25-250 kb	Housekeeping	HNRNPAB	1.0	0.7244444444444444	1.3803680981595092
25-250 kb	Housekeeping	MAML1	0.5	1.1533333333333333	0.43352601156069365
25-250 kb	Housekeeping	DUSP22	0.25	0.22444444444444445	1.113861386138614
25-250 kb	Housekeeping	WRNIP1	0.5	0.42444444444444446	1.1780104712041883
25-250 kb	Housekeeping	TMEM14C	0.5	0.8733333333333333	0.5725190839694657
25-250 kb	Housekeeping	TMEM14B	0.25	0.8688888888888889	0.2877237851662404
25-250 kb	Housekeeping	NOL7	0.25	0.6622222222222223	0.3775167785234899
25-250 kb	Housekeeping	RANBP9	0.25	0.6155555555555555	0.40613718411552346
25-250 kb	Housekeeping	FAM8A1	0.75	0.9844444444444445	0.7618510158013544
25-250 kb	Housekeeping	NUP153	0.75	0.8911111111111111	0.8416458852867831
25-250 kb	Housekeeping	DEK	0.25	0.7888888888888889	0.31690140845070425
25-250 kb	Housekeeping	C6orf62	0.5	0.7044444444444444	0.7097791798107256
25-250 kb	Housekeeping	HMGN4	0.5	0.4822222222222222	1.0368663594470047
25-250 kb	Housekeeping	PPP1R11	0.0	0.34444444444444444	0.0
25-250 kb	Housekeeping	HLA-E	1.0	0.7311111111111112	1.3677811550151975
25-250 kb	Housekeeping	PPP1R10	0.75	0.9022222222222223	0.8312807881773399
25-250 kb	Housekeeping	HLA-C	0.0	0.6355555555555555	0.0
25-250 kb	Housekeeping	BAG6	1.0	0.9711111111111111	1.0297482837528604
25-250 kb	Housekeeping	C6orf47	0.25	0.9955555555555555	0.25111607142857145
25-250 kb	Housekeeping	LSM2	2.25	0.8777777777777778	2.5632911392405062
25-250 kb	Housekeeping	ATF6B	0.25	0.5688888888888889	0.439453125
25-250 kb	Housekeeping	AGPAT1	0.0	0.52	0.0
25-250 kb	Housekeeping	PBX2	0.0	0.49333333333333335	0.0
25-250 kb	Housekeeping	SLC39A7	0.25	0.7244444444444444	0.3450920245398773
25-250 kb	Housekeeping	RXRB	0.25	0.7222222222222222	0.34615384615384615
25-250 kb	Housekeeping	RING1	0.25	0.6933333333333334	0.3605769230769231
25-250 kb	Housekeeping	VPS52	1.0	0.7844444444444445	1.2747875354107647
25-250 kb	Housekeeping	RPS18	1.0	0.7866666666666666	1.2711864406779663
25-250 kb	Housekeeping	WDR46	0.0	0.8555555555555555	0.0
25-250 kb	Housekeeping	TAPBP	0.0	0.9311111111111111	0.0
25-250 kb	Housekeeping	PHF1	0.75	1.1066666666666667	0.677710843373494
25-250 kb	Housekeeping	CUTA	0.0	1.1244444444444444	0.0
25-250 kb	Housekeeping	LEMD2	0.0	0.5	0.0
25-250 kb	Housekeeping	RPS10	1.75	1.0711111111111111	1.633817427385892
25-250 kb	Housekeeping	RPS10-NUDT3	1.75	1.0711111111111111	1.633817427385892
25-250 kb	Housekeeping	SNRPC	1.75	0.9755555555555555	1.7938496583143508
25-250 kb	Housekeeping	TAF11	0.5	1.0444444444444445	0.4787234042553191
25-250 kb	Housekeeping	ANKS1A	0.5	1.0422222222222222	0.4797441364605544
25-250 kb	Housekeeping	RPL10A	0.5	0.9488888888888889	0.5269320843091335
25-250 kb	Housekeeping	KCTD20	0.25	0.8866666666666667	0.2819548872180451
25-250 kb	Housekeeping	STK38	0.75	0.8688888888888889	0.8631713554987211
25-250 kb	Housekeeping	SRSF3	1.0	0.8755555555555555	1.1421319796954315
25-250 kb	Housekeeping	C6orf89	0.5	0.7488888888888889	0.6676557863501483
25-250 kb	Housekeeping	MTCH1	0.0	0.9422222222222222	0.0
25-250 kb	Housekeeping	TBC1D22B	0.25	0.9933333333333333	0.2516778523489933
25-250 kb	Housekeeping	CMTR1	0.5	0.62	0.8064516129032259
25-250 kb	Housekeeping	ZFAND3	0.25	0.5666666666666667	0.4411764705882353
25-250 kb	Housekeeping	TOMM6	0.75	0.8711111111111111	0.8609693877551021
25-250 kb	Housekeeping	MRPS10	1.5	0.8733333333333333	1.717557251908397
25-250 kb	Housekeeping	RPL7L1	1.75	1.3244444444444445	1.3213087248322146
25-250 kb	Housekeeping	MEA1	0.5	1.228888888888889	0.40687160940325495
25-250 kb	Housekeeping	RRP36	1.75	1.231111111111111	1.4214801444043321
25-250 kb	Housekeeping	DNPH1	1.5	0.98	1.530612244897959
25-250 kb	Housekeeping	YIPF3	0.5	0.96	0.5208333333333334
25-250 kb	Housekeeping	MAD2L1BP	1.0	0.7377777777777778	1.355421686746988
25-250 kb	Housekeeping	MRPS18A	0.5	0.6911111111111111	0.7234726688102894
25-250 kb	Housekeeping	MRPL14	0.5	0.52	0.9615384615384615
25-250 kb	Housekeeping	HSP90AB1	0.5	0.6222222222222222	0.8035714285714286
25-250 kb	Housekeeping	CDC5L	0.0	0.5311111111111111	0.0
25-250 kb	Housekeeping	MCM3	0.0	0.3622222222222222	0.0
25-250 kb	Housekeeping	SMAP1	0.25	0.4533333333333333	0.5514705882352942
25-250 kb	Housekeeping	EEF1A1	1.25	1.3511111111111112	0.9251644736842105
25-250 kb	Housekeeping	TMEM30A	0.25	0.24222222222222223	1.0321100917431192
25-250 kb	Housekeeping	HMGN3	0.0	0.15777777777777777	0.0
25-250 kb	Housekeeping	AKIRIN2	0.5	0.6955555555555556	0.7188498402555911
25-250 kb	Housekeeping	UBE2J1	0.75	0.6911111111111111	1.085209003215434
25-250 kb	Housekeeping	UFL1	0.0	0.16	0.0
25-250 kb	Housekeeping	PNISR	0.25	0.4911111111111111	0.5090497737556561
25-250 kb	Housekeeping	PREP	0.25	0.3	0.8333333333333334
25-250 kb	Housekeeping	SNX3	1.25	0.8244444444444444	1.5161725067385445
25-250 kb	Housekeeping	GTF3C6	1.5	1.1488888888888888	1.3056092843326885
25-250 kb	Housekeeping	TSPYL1	0.25	0.2	1.25
25-250 kb	Housekeeping	SERINC1	0.75	0.21333333333333335	3.5156249999999996
25-250 kb	Housekeeping	HDDC2	0.25	0.2	1.25
25-250 kb	Housekeeping	HINT3	0.0	0.25555555555555554	0.0
25-250 kb	Housekeeping	RPS12	0.5	0.34444444444444444	1.4516129032258065
25-250 kb	Housekeeping	LTV1	0.5	0.4088888888888889	1.2228260869565217
25-250 kb	Housekeeping	SF3B5	0.75	0.43777777777777777	1.7131979695431472
25-250 kb	Housekeeping	PPIL4	1.0	1.0244444444444445	0.9761388286334056
25-250 kb	Housekeeping	GINM1	1.0	1.0555555555555556	0.9473684210526315
25-250 kb	Housekeeping	PCMT1	1.0	0.9266666666666666	1.079136690647482
25-250 kb	Housekeeping	SNX9	0.25	0.4222222222222222	0.5921052631578947
25-250 kb	Housekeeping	DYNLT1	0.5	0.8111111111111111	0.6164383561643836
25-250 kb	Housekeeping	WTAP	1.0	0.5066666666666667	1.9736842105263157
25-250 kb	Housekeeping	MRPL18	0.5	0.49777777777777776	1.0044642857142858
25-250 kb	Housekeeping	SFT2D1	0.75	0.31333333333333335	2.3936170212765955
25-250 kb	Housekeeping	C6orf120	0.0	0.18888888888888888	0.0
25-250 kb	Housekeeping	PHF10	0.25	0.17555555555555555	1.4240506329113924
25-250 kb	Housekeeping	MAFK	1.0	0.6066666666666667	1.6483516483516483
25-250 kb	Housekeeping	PSMG3	1.25	0.6777777777777778	1.8442622950819672
25-250 kb	Housekeeping	EIF3B	1.5	0.9355555555555556	1.6033254156769596
25-250 kb	Housekeeping	RNF216	2.0	1.5177777777777777	1.3177159590043925
25-250 kb	Housekeeping	CCZ1	1.75	1.5955555555555556	1.0967966573816155
25-250 kb	Housekeeping	FAM220A	2.5	1.4866666666666666	1.681614349775785
25-250 kb	Housekeeping	KDELR2	2.25	1.64	1.3719512195121952
25-250 kb	Housekeeping	NDUFA4	0.0	0.34	0.0
25-250 kb	Housekeeping	TOMM7	1.0	0.43555555555555553	2.295918367346939
25-250 kb	Housekeeping	TRA2A	1.25	0.8822222222222222	1.4168765743073048
25-250 kb	Housekeeping	CYCS	0.25	0.3422222222222222	0.7305194805194806
25-250 kb	Housekeeping	CBX3	0.0	0.6711111111111111	0.0
25-250 kb	Housekeeping	TAX1BP1	0.75	0.4022222222222222	1.8646408839779007
25-250 kb	Housekeeping	KBTBD2	1.0	0.6422222222222222	1.5570934256055362
25-250 kb	Housekeeping	RP9	0.75	0.6733333333333333	1.113861386138614
25-250 kb	Housekeeping	HERPUD2	0.5	0.43777777777777777	1.1421319796954315
25-250 kb	Housekeeping	PSMA2	0.75	0.27111111111111114	2.7663934426229506
25-250 kb	Housekeeping	MRPL32	0.75	0.27111111111111114	2.7663934426229506
25-250 kb	Housekeeping	MRPS24	0.0	0.8644444444444445	0.0
25-250 kb	Housekeeping	URGCP-MRPS24	0.5	0.8177777777777778	0.6114130434782609
25-250 kb	Housekeeping	POLD2	1.0	0.6977777777777778	1.4331210191082802
25-250 kb	Housekeeping	YKT6	0.0	0.5888888888888889	0.0
25-250 kb	Housekeeping	TMED4	1.5	0.9955555555555555	1.5066964285714286
25-250 kb	Housekeeping	PPIA	1.0	1.2	0.8333333333333334
25-250 kb	Housekeeping	PURB	0.5	1.1444444444444444	0.4368932038834952
25-250 kb	Housekeeping	MRPS17	1.75	1.4044444444444444	1.2460443037974684
25-250 kb	Housekeeping	CCT6A	1.5	1.251111111111111	1.1989342806394316
25-250 kb	Housekeeping	CHCHD2	1.0	1.26	0.7936507936507936
25-250 kb	Housekeeping	TMEM248	1.5	1.3311111111111111	1.1268781302170283
25-250 kb	Housekeeping	RHBDD2	1.75	1.6111111111111112	1.0862068965517242
25-250 kb	Housekeeping	PTPN12	0.75	0.9022222222222223	0.8312807881773399
25-250 kb	Housekeeping	TMEM60	0.0	0.9533333333333334	0.0
25-250 kb	Housekeeping	GATAD1	0.25	0.5022222222222222	0.497787610619469
25-250 kb	Housekeeping	SEM1	0.25	0.15777777777777777	1.5845070422535212
25-250 kb	Housekeeping	TECPR1	0.75	1.231111111111111	0.6092057761732852
25-250 kb	Housekeeping	BRI3	1.0	1.231111111111111	0.8122743682310469
25-250 kb	Housekeeping	ARPC1A	1.25	1.3333333333333333	0.9375
25-250 kb	Housekeeping	PDAP1	0.25	1.3377777777777777	0.18687707641196014
25-250 kb	Housekeeping	BUD31	0.25	1.3377777777777777	0.18687707641196014
25-250 kb	Housekeeping	ATP5MF	2.25	1.0933333333333333	2.057926829268293
25-250 kb	Housekeeping	ATP5MF-PTCD1	2.25	1.0933333333333333	2.057926829268293
25-250 kb	Housekeeping	ZKSCAN1	1.0	0.9577777777777777	1.0440835266821347
25-250 kb	Housekeeping	COPS6	1.0	1.228888888888889	0.8137432188065099
25-250 kb	Housekeeping	LAMTOR4	1.75	1.2666666666666666	1.381578947368421
25-250 kb	Housekeeping	MEPCE	0.75	1.4244444444444444	0.5265210608424337
25-250 kb	Housekeeping	TSC22D4	1.75	1.431111111111111	1.2228260869565217
25-250 kb	Housekeeping	LRCH4	0.75	1.5155555555555555	0.49486803519061584
25-250 kb	Housekeeping	POP7	1.5	1.4577777777777778	1.0289634146341462
25-250 kb	Housekeeping	ZNHIT1	1.0	1.5133333333333334	0.6607929515418501
25-250 kb	Housekeeping	PLOD3	1.0	1.5133333333333334	0.6607929515418501
25-250 kb	Housekeeping	FIS1	1.75	1.5133333333333334	1.1563876651982379
25-250 kb	Housekeeping	POLR2J	1.25	1.3733333333333333	0.9101941747572816
25-250 kb	Housekeeping	SYPL1	0.5	0.3377777777777778	1.4802631578947367
25-250 kb	Housekeeping	DNAJB9	0.25	0.2311111111111111	1.0817307692307694
25-250 kb	Housekeeping	IFRD1	0.25	0.3088888888888889	0.8093525179856116
25-250 kb	Housekeeping	WASL	0.0	0.32666666666666666	0.0
25-250 kb	Housekeeping	ARF5	0.25	0.31777777777777777	0.7867132867132868
25-250 kb	Housekeeping	ATP6V1F	1.25	0.8311111111111111	1.5040106951871657
25-250 kb	Housekeeping	KLHDC10	0.75	1.0933333333333333	0.6859756097560976
25-250 kb	Housekeeping	BPGM	0.75	0.36444444444444446	2.0579268292682924
25-250 kb	Housekeeping	MTPN	0.25	0.36444444444444446	0.6859756097560975
25-250 kb	Housekeeping	MKRN1	1.25	1.2466666666666666	1.0026737967914439
25-250 kb	Housekeeping	NDUFB2	1.0	1.0933333333333333	0.9146341463414634
25-250 kb	Housekeeping	SSBP1	0.25	0.26666666666666666	0.9375
25-250 kb	Housekeeping	GSTK1	0.25	0.3933333333333333	0.6355932203389831
25-250 kb	Housekeeping	ZYX	0.0	0.39555555555555555	0.0
25-250 kb	Housekeeping	TCAF1	0.25	0.1711111111111111	1.4610389610389611
25-250 kb	Housekeeping	CUL1	0.0	0.7133333333333334	0.0
25-250 kb	Housekeeping	ZNF777	0.25	0.5022222222222222	0.497787610619469
25-250 kb	Housekeeping	AGAP3	0.25	0.41333333333333333	0.6048387096774194
25-250 kb	Housekeeping	ABCF2-H2BK1	0.5	0.4911111111111111	1.0180995475113122
25-250 kb	Housekeeping	ABCF2	0.5	0.4911111111111111	1.0180995475113122
25-250 kb	Housekeeping	RHEB	0.5	0.6022222222222222	0.8302583025830258
25-250 kb	Housekeeping	GALNT11	0.25	0.4777777777777778	0.5232558139534883
25-250 kb	Housekeeping	DNAJB6	1.75	0.6377777777777778	2.7439024390243905
25-250 kb	Housekeeping	ESYT2	0.25	0.5288888888888889	0.47268907563025214
25-250 kb	Housekeeping	TNKS	0.25	0.47555555555555556	0.5257009345794392
25-250 kb	Housekeeping	CTSB	1.25	0.47555555555555556	2.628504672897196
25-250 kb	Housekeeping	CNOT7	0.25	0.3688888888888889	0.677710843373494
25-250 kb	Housekeeping	INTS10	0.5	0.42444444444444446	1.1780104712041883
25-250 kb	Housekeeping	CCAR2	0.0	0.6066666666666667	0.0
25-250 kb	Housekeeping	R3HCC1	1.25	0.5933333333333334	2.1067415730337076
25-250 kb	Housekeeping	ENTPD4	0.25	0.5222222222222223	0.4787234042553191
25-250 kb	Housekeeping	KCTD9	0.0	0.5977777777777777	0.0
25-250 kb	Housekeeping	BNIP3L	0.5	0.7022222222222222	0.7120253164556962
25-250 kb	Housekeeping	ZNF395	0.5	0.7177777777777777	0.6965944272445821
25-250 kb	Housekeeping	SARAF	0.5	0.7955555555555556	0.6284916201117319
25-250 kb	Housekeeping	DCTN6	0.75	0.9044444444444445	0.8292383292383292
25-250 kb	Housekeeping	PPP2CB	0.75	0.9844444444444445	0.7618510158013544
25-250 kb	Housekeeping	BRF2	1.25	1.0666666666666667	1.171875
25-250 kb	Housekeeping	LSM1	0.75	1.24	0.6048387096774194
25-250 kb	Housekeeping	GPAT4	0.75	0.6044444444444445	1.2408088235294117
25-250 kb	Housekeeping	VDAC3	0.75	1.0133333333333334	0.7401315789473684
25-250 kb	Housekeeping	SMIM19	0.5	1.0244444444444445	0.4880694143167028
25-250 kb	Housekeeping	MRPL15	0.75	0.8688888888888889	0.8631713554987211
25-250 kb	Housekeeping	SDCBP	0.0	0.30666666666666664	0.0
25-250 kb	Housekeeping	ARMC1	1.75	0.5266666666666666	3.3227848101265827
25-250 kb	Housekeeping	COPS5	1.0	0.8244444444444444	1.2129380053908356
25-250 kb	Housekeeping	TRAM1	0.25	0.4666666666666667	0.5357142857142857
25-250 kb	Housekeeping	RPL7	0.0	0.4177777777777778	0.0
25-250 kb	Housekeeping	MRPS28	0.75	0.7555555555555555	0.9926470588235294
25-250 kb	Housekeeping	RMDN1	0.75	0.4066666666666667	1.8442622950819672
25-250 kb	Housekeeping	UQCRB	0.5	0.29777777777777775	1.6791044776119404
25-250 kb	Housekeeping	MTDH	0.75	0.9866666666666667	0.7601351351351351
25-250 kb	Housekeeping	RPL30	1.0	0.7755555555555556	1.2893982808022924
25-250 kb	Housekeeping	POLR2K	0.5	0.54	0.9259259259259258
25-250 kb	Housekeeping	RNF19A	0.25	0.5355555555555556	0.46680497925311204
25-250 kb	Housekeeping	PABPC1	0.5	0.7311111111111112	0.6838905775075987
25-250 kb	Housekeeping	YWHAZ	0.25	0.7266666666666667	0.3440366972477064
25-250 kb	Housekeeping	ZNF706	0.25	0.5622222222222222	0.4446640316205534
25-250 kb	Housekeeping	AZIN1	1.0	0.7288888888888889	1.371951219512195
25-250 kb	Housekeeping	EIF3E	0.0	0.31555555555555553	0.0
25-250 kb	Housekeeping	EMC2	0.0	0.31555555555555553	0.0
25-250 kb	Housekeeping	EBAG9	0.25	0.20666666666666667	1.2096774193548387
25-250 kb	Housekeeping	EIF3H	0.5	0.3488888888888889	1.4331210191082802
25-250 kb	Housekeeping	DERL1	0.5	0.5711111111111111	0.8754863813229572
25-250 kb	Housekeeping	RNF139	0.0	0.5866666666666667	0.0
25-250 kb	Housekeeping	NDUFB9	0.25	0.5955555555555555	0.4197761194029851
25-250 kb	Housekeeping	LY6E	0.0	0.3488888888888889	0.0
25-250 kb	Housekeeping	ZC3H3	1.0	0.64	1.5625
25-250 kb	Housekeeping	EEF1D	0.0	0.58	0.0
25-250 kb	Housekeeping	GRINA	0.5	0.7533333333333333	0.6637168141592921
25-250 kb	Housekeeping	EXOSC4	0.5	0.7022222222222222	0.7120253164556962
25-250 kb	Housekeeping	CYC1	1.0	0.7311111111111112	1.3677811550151975
25-250 kb	Housekeeping	MAF1	0.25	0.7377777777777778	0.338855421686747
25-250 kb	Housekeeping	SHARPIN	0.0	0.7177777777777777	0.0
25-250 kb	Housekeeping	HSF1	0.75	0.8244444444444444	0.9097035040431267
25-250 kb	Housekeeping	VPS28	0.5	0.7244444444444444	0.6901840490797546
25-250 kb	Housekeeping	LRRC14	0.0	0.8288888888888889	0.0
25-250 kb	Housekeeping	ZNF251	0.75	0.7422222222222222	1.0104790419161676
25-250 kb	Housekeeping	RPL8	0.25	0.7711111111111111	0.3242074927953891
25-250 kb	Housekeeping	CDC37L1	0.25	0.6311111111111111	0.3961267605633803
25-250 kb	Housekeeping	AK3	0.75	0.54	1.3888888888888888
25-250 kb	Housekeeping	DMAC1	0.25	0.14444444444444443	1.7307692307692308
25-250 kb	Housekeeping	RRAGA	0.5	0.9866666666666667	0.5067567567567568
25-250 kb	Housekeeping	RPS6	0.75	0.9466666666666667	0.7922535211267606
25-250 kb	Housekeeping	NDUFB6	0.0	0.36444444444444446	0.0
25-250 kb	Housekeeping	DNAJA1	0.75	0.5977777777777777	1.254646840148699
25-250 kb	Housekeeping	SMU1	1.75	0.6577777777777778	2.660472972972973
25-250 kb	Housekeeping	BAG1	0.25	0.9022222222222223	0.27709359605911327
25-250 kb	Housekeeping	CHMP5	0.25	0.9022222222222223	0.27709359605911327
25-250 kb	Housekeeping	NFX1	0.5	0.8711111111111111	0.5739795918367347
25-250 kb	Housekeeping	UBE2R2	0.5	0.9533333333333334	0.5244755244755245
25-250 kb	Housekeeping	DCAF12	1.25	1.5177777777777777	0.8235724743777453
25-250 kb	Housekeeping	DCTN3	0.0	0.4177777777777778	0.0
25-250 kb	Housekeeping	STOML2	0.0	0.5711111111111111	0.0
25-250 kb	Housekeeping	CREB3	0.5	0.6177777777777778	0.8093525179856116
25-250 kb	Housekeeping	RGP1	0.0	0.6022222222222222	0.0
25-250 kb	Housekeeping	HINT2	0.25	0.58	0.4310344827586207
25-250 kb	Housekeeping	CLTA	0.0	0.8466666666666667	0.0
25-250 kb	Housekeeping	GRHPR	1.0	0.6911111111111111	1.4469453376205788
25-250 kb	Housekeeping	POLR1E	0.5	0.6977777777777778	0.7165605095541401
25-250 kb	Housekeeping	TOMM5	1.25	0.7822222222222223	1.5980113636363635
25-250 kb	Housekeeping	UBQLN1	0.0	0.6177777777777778	0.0
25-250 kb	Housekeeping	NINJ1	0.25	0.5355555555555556	0.46680497925311204
25-250 kb	Housekeeping	MFSD14B	1.0	0.8111111111111111	1.2328767123287672
25-250 kb	Housekeeping	HABP4	0.25	0.98	0.25510204081632654
25-250 kb	Housekeeping	NCBP1	0.75	0.35777777777777775	2.096273291925466
25-250 kb	Housekeeping	ANP32B	0.0	0.6911111111111111	0.0
25-250 kb	Housekeeping	SEC61B	0.5	0.25555555555555554	1.956521739130435
25-250 kb	Housekeeping	ERP44	0.0	0.4311111111111111	0.0
25-250 kb	Housekeeping	RNF20	0.5	0.18888888888888888	2.6470588235294117
25-250 kb	Housekeeping	RAD23B	0.25	0.6844444444444444	0.3652597402597403
25-250 kb	Housekeeping	TMEM245	0.25	0.6133333333333333	0.40760869565217395
25-250 kb	Housekeeping	DNAJC25-GNG10	0.25	0.8	0.3125
25-250 kb	Housekeeping	GNG10	0.25	0.8755555555555555	0.28553299492385786
25-250 kb	Housekeeping	CDC26	0.75	0.5888888888888889	1.2735849056603774
25-250 kb	Housekeeping	POLE3	0.75	0.6022222222222222	1.2453874538745389
25-250 kb	Housekeeping	ATP6V1G1	0.5	0.46	1.0869565217391304
25-250 kb	Housekeeping	FBXW2	0.5	0.6644444444444444	0.7525083612040134
25-250 kb	Housekeeping	PSMD5	0.75	0.6622222222222223	1.1325503355704698
25-250 kb	Housekeeping	RAB14	0.75	0.4711111111111111	1.5919811320754718
25-250 kb	Housekeeping	RC3H2	0.5	0.5355555555555556	0.9336099585062241
25-250 kb	Housekeeping	RABGAP1	0.75	0.54	1.3888888888888888
25-250 kb	Housekeeping	PSMB7	0.5	0.5777777777777777	0.8653846153846154
25-250 kb	Housekeeping	RPL35	1.0	0.9977777777777778	1.0022271714922049
25-250 kb	Housekeeping	PPP6C	1.75	1.2777777777777777	1.3695652173913044
25-250 kb	Housekeeping	PTGES2	0.5	1.2777777777777777	0.391304347826087
25-250 kb	Housekeeping	URM1	1.0	1.3066666666666666	0.7653061224489796
25-250 kb	Housekeeping	ZER1	2.0	1.5444444444444445	1.2949640287769784
25-250 kb	Housekeeping	NTMT1	0.25	0.9777777777777777	0.2556818181818182
25-250 kb	Housekeeping	TOR1B	1.5	1.0955555555555556	1.3691683569979716
25-250 kb	Housekeeping	C9orf78	0.0	1.2	0.0
25-250 kb	Housekeeping	FUBP3	0.5	0.8511111111111112	0.5874673629242819
25-250 kb	Housekeeping	RPL7A	0.25	0.5288888888888889	0.47268907563025214
25-250 kb	Housekeeping	SURF2	0.25	0.5266666666666666	0.4746835443037975
25-250 kb	Housekeeping	SURF4	0.5	0.5177777777777778	0.9656652360515021
25-250 kb	Housekeeping	REXO4	1.5	0.43777777777777777	3.4263959390862944
25-250 kb	Housekeeping	BRD3	0.25	0.5044444444444445	0.49559471365638763
25-250 kb	Housekeeping	UBAC1	0.5	0.4533333333333333	1.1029411764705883
25-250 kb	Housekeeping	DNLZ	0.0	0.36666666666666664	0.0
25-250 kb	Housekeeping	RABL6	0.5	0.6311111111111111	0.7922535211267606
25-250 kb	Housekeeping	EDF1	1.5	0.6555555555555556	2.288135593220339
25-250 kb	Housekeeping	FBXW5	0.0	0.7311111111111112	0.0
25-250 kb	Housekeeping	DPP7	1.25	0.7088888888888889	1.7633228840125392
25-250 kb	Housekeeping	ANAPC2	0.0	0.66	0.0
25-250 kb	Housekeeping	SSNA1	0.0	0.66	0.0
25-250 kb	Housekeeping	TMEM203	0.25	0.6577777777777778	0.38006756756756754
25-250 kb	Housekeeping	NELFB	0.0	0.6177777777777778	0.0
25-250 kb	Housekeeping	MRPL41	0.75	0.7555555555555555	0.9926470588235294
25-250 kb	Housekeeping	ZMYND19	0.75	0.7511111111111111	0.9985207100591716
25-250 kb	Housekeeping	SLC25A6	2.0	1.471111111111111	1.3595166163141994
25-250 kb	Housekeeping	CD99	0.5	0.9088888888888889	0.5501222493887531
25-250 kb	Housekeeping	TMSB4X	0.0	0.3688888888888889	0.0
25-250 kb	Housekeeping	RAB9A	0.0	0.38666666666666666	0.0
25-250 kb	Housekeeping	EIF1AX	0.5	0.5644444444444444	0.8858267716535434
25-250 kb	Housekeeping	DYNLT3	0.5	0.18	2.7777777777777777
25-250 kb	Housekeeping	UBA1	1.25	1.22	1.0245901639344261
25-250 kb	Housekeeping	USP11	0.25	1.2666666666666666	0.19736842105263158
25-250 kb	Housekeeping	ARAF	0.75	0.9955555555555555	0.7533482142857143
25-250 kb	Housekeeping	ELK1	0.0	0.7177777777777777	0.0
25-250 kb	Housekeeping	WDR13	1.5	1.0377777777777777	1.4453961456102784
25-250 kb	Housekeeping	TIMM17B	1.5	1.1488888888888888	1.3056092843326885
25-250 kb	Housekeeping	GPKOW	1.5	0.9422222222222222	1.5919811320754718
25-250 kb	Housekeeping	TSR2	1.25	1.0444444444444445	1.1968085106382977
25-250 kb	Housekeeping	MAGED2	0.0	0.24	0.0
25-250 kb	Housekeeping	MSN	0.5	0.44222222222222224	1.1306532663316582
25-250 kb	Housekeeping	YIPF6	1.0	0.68	1.4705882352941175
25-250 kb	Housekeeping	PDZD11	0.25	0.5955555555555555	0.4197761194029851
25-250 kb	Housekeeping	SNX12	0.25	1.031111111111111	0.24245689655172414
25-250 kb	Housekeeping	PIN4	0.25	0.4533333333333333	0.5514705882352942
25-250 kb	Housekeeping	RPS4X	0.5	0.44666666666666666	1.119402985074627
25-250 kb	Housekeeping	PBDC1	0.5	0.1	5.0
25-250 kb	Housekeeping	TAF9B	0.75	0.43555555555555553	1.7219387755102042
25-250 kb	Housekeeping	SH3BGRL	0.0	0.10888888888888888	0.0
25-250 kb	Housekeeping	RPL36A	0.0	0.5711111111111111	0.0
25-250 kb	Housekeeping	RPL36A-HNRNPH2	0.25	0.5733333333333334	0.436046511627907
25-250 kb	Housekeeping	ARMCX3	0.0	0.28888888888888886	0.0
25-250 kb	Housekeeping	TCEAL4	0.5	0.3088888888888889	1.6187050359712232
25-250 kb	Housekeeping	MORF4L2	0.25	0.2577777777777778	0.9698275862068966
25-250 kb	Housekeeping	PSMD10	0.25	0.13111111111111112	1.906779661016949
25-250 kb	Housekeeping	PGRMC1	0.25	0.5466666666666666	0.4573170731707317
25-250 kb	Housekeeping	SLC25A5	0.0	0.84	0.0
25-250 kb	Housekeeping	RPL39	0.5	1.1933333333333334	0.41899441340782123
25-250 kb	Housekeeping	MCTS1	1.0	0.52	1.923076923076923
25-250 kb	Housekeeping	RBMX2	0.75	0.4822222222222222	1.555299539170507
25-250 kb	Housekeeping	RTL8C	0.25	0.5022222222222222	0.497787610619469
25-250 kb	Housekeeping	RTL8A	0.5	0.4688888888888889	1.066350710900474
25-250 kb	Housekeeping	HTATSF1	0.0	0.37555555555555553	0.0
25-250 kb	Housekeeping	IDH3G	0.0	0.6133333333333333	0.0
25-250 kb	Housekeeping	UBL4A	0.0	0.7155555555555555	0.0
25-250 kb	Housekeeping	VBP1	0.25	0.23777777777777778	1.0514018691588785
25-250 kb	Housekeeping	SLC25A6	2.0	1.471111111111111	1.3595166163141994
25-250 kb	Housekeeping	CD99	0.5	0.8266666666666667	0.6048387096774194
