ndd_gene	control_gene	ndd_chrom	ndd_start	ndd_end	control_chrom	control_start	control_end	ndd_loeuf	control_loeuf	ndd_brain_log	control_brain_log	ndd_gc	control_gc
SAMD11	C1QTNF12	chr1	921923	925923	chr1	1244722	1248722	1.764	1.788	0.6666677114585889	0.5325926028264389	0.7005	0.6925
SKI	CPLX1	chr1	2225388	2229388	chr4	824129	828129	0.809	0.756	2.3736088910365094	2.491927309128466	0.70975	0.7205
RERE	GPAT4	chr1	8846921	8850921	chr8	41575187	41579187	0.459	0.433	1.8858472672881537	1.8971287411684357	0.5095	0.51025
CA6	GDF2	chr1	8943867	8947867	chr10	47320454	47324454	1.218	1.208	0.008313059318620862	0.016557902529490173	0.502	0.503
CASZ1	WT1	chr1	10794650	10798650	chr11	32433564	32437564	0.285	0.253	0.19252340840217508	0.22325549384492258	0.59425	0.602
MTOR	KDM4A	chr1	11260556	11264556	chr1	43648149	43652149	0.268	0.258	1.448333686884301	1.427477994399611	0.48675	0.488
MTHFR	CEP250	chr1	11804455	11808455	chr20	35453164	35457164	0.859	0.86	1.219120646938494	1.2153202513299302	0.51275	0.51075
SPEN	ANKRD52	chr1	15834095	15838095	chr12	56256384	56260384	0.094	0.122	1.6820638078487404	1.6536234514050756	0.5615	0.564
EPHB2	RET	chr1	22708839	22712839	chr10	43075064	43079064	0.265	0.24	0.7209931749843446	0.8631854109402678	0.64175	0.64725
HNRNPR	RBBP4	chr1	23342336	23346336	chr1	32649142	32653142	0.129	0.144	1.6800044530553015	1.7346766420453803	0.51175	0.50625
AHDC1	UBTF	chr1	27602431	27606431	chr17	44219626	44223626	0.168	0.133	1.7956673346967738	1.8686056498754133	0.612	0.6215
TMEM39B	LHX6	chr1	32070031	32074031	chr9	122227626	122231626	0.595	0.593	1.0173497578653266	1.0233586532620633	0.5195	0.5185
DLGAP3	FBRS	chr1	34927650	34931650	chr16	30656431	30660431	0.367	0.354	1.75613611568248	1.7671261697177185	0.62025	0.6185
AGO4	IQGAP1	chr1	35806016	35810016	chr15	90386242	90390242	0.393	0.395	1.3708404911831567	1.422047864705878	0.539	0.5355
AGO1	TOPBP1	chr1	35867808	35871808	chr3	133660380	133664380	0.164	0.225	1.2818284665605182	1.241120443965281	0.44425	0.44075
AGO3	LIN54	chr1	35928718	35932718	chr4	83010926	83014926	0.232	0.204	0.9388588227797203	0.9174288316903864	0.482	0.4855
GRIK3	KLHL29	chr1	37032515	37036515	chr2	23383179	23387179	0.396	0.398	0.946668866947194	0.9590638223359822	0.65325	0.6535
MTF1	SERTAD2	chr1	37857592	37861592	chr2	64749005	64753005	0.417	0.421	0.9925985796215991	1.0180606495633082	0.5055	0.5075
PPT1	CAP2	chr1	40095260	40099260	chr6	17391595	17395595	0.733	0.763	2.051102334407441	2.0531975698777942	0.45625	0.46125
SMAP2	RSL24D1	chr1	40342850	40346850	chr15	55195049	55199049	0.479	0.546	1.919758825356843	1.880909012295526	0.418	0.421
RIMS3	GBA2	chr1	40663682	40667682	chr9	35747228	35751228	0.746	0.773	2.1680494046824834	2.139816140610576	0.56225	0.5585
HIVEP3	RBMS1	chr1	42033925	42037925	chr2	160491807	160495807	0.417	0.411	0.9974794375309557	1.0310455252497093	0.50525	0.5115
SZT2	FEM1C	chr1	43387882	43391882	chr5	115542775	115546775	0.582	0.585	1.3671750826740303	1.3808676158575721	0.4825	0.48675
POMGNT1	TPD52	chr1	46218305	46222305	chr8	80229232	80233232	0.815	0.829	1.7644190002806315	1.7381111659680641	0.50175	0.50625
AGBL4	PLB1	chr1	50021954	50025954	chr2	28455145	28459145	1.107	1.114	0.5960029703843891	0.5478964876137998	0.47475	0.472
SCP2	PSMD5	chr1	52925276	52929276	chr9	120840951	120844951	0.944	0.921	1.477393327354464	1.5127270766242447	0.5045	0.50175
CPT2	ADAP2	chr1	53194792	53198792	chr17	30904344	30908344	1.038	1.031	0.8446306117811543	0.8411128413245854	0.50075	0.5005
GLIS1	ADCY8	chr1	53737164	53741164	chr8	131038909	131042909	0.6	0.586	0.9070962755053505	0.9464100125896259	0.60075	0.613
NFIA	COPB1	chr1	60863259	60867259	chr11	14498027	14502027	0.175	0.269	1.6396040117808546	1.6364507841537907	0.3885	0.39875
PATJ	HACD3	chr1	61740477	61744477	chr15	65528418	65532418	0.841	0.847	1.7624009465893593	1.7291096891363746	0.5215	0.5185
DOCK7	CDH7	chr1	62686386	62690386	chr18	65748252	65752252	0.551	0.552	0.8331656057039998	0.8616001175704977	0.4965	0.494
SRSF11	CCT8	chr1	70203682	70207682	chr21	29071797	29075797	0.234	0.287	2.1454792116374346	2.0708133597027154	0.421	0.42825
NEGR1	FBXO3	chr1	72280539	72284539	chr11	33772543	33776543	0.429	0.45	1.3825501226036625	1.3650010026287434	0.48675	0.49175
PTBP2	FNIP2	chr1	96719665	96723665	chr4	158767026	158771026	0.42	0.42	1.0836315990368492	1.1121322480074234	0.488	0.4885
DPYD	ANO5	chr1	97993000	97997000	chr11	21780659	21784659	1.09	1.034	0.9582054065347523	0.9912074626729886	0.34875	0.361
NTNG1	DGKI	chr1	107138007	107142007	chr7	137845092	137849092	0.444	0.428	0.8902382077490658	0.8960359817723158	0.53425	0.54
KCNA2	SACM1L	chr1	110629474	110633474	chr3	45687056	45691056	0.537	0.512	1.566709651202499	1.55104112958063	0.47575	0.4755
ADORA3	RPAP2	chr1	111501633	111505633	chr1	92297059	92301059	1.204	1.212	1.199102148108044	1.1890774394918544	0.4205	0.42325
KCND3	GNAZ	chr1	111987668	111991668	chr22	23068519	23072519	0.303	0.302	1.8036933185278863	1.8149883283359753	0.626	0.621
TRIM33	SBNO1	chr1	114509203	114513203	chr12	123362847	123366847	0.23	0.182	1.4253401792457832	1.461458006748325	0.54525	0.54225
AMPD1	SERPINB10	chr1	114693618	114697618	chr18	63905958	63909958	1.036	1.045	0.011895852222429606	0.0	0.38575	0.38525
CSDE1	RPL35A	chr1	114756676	114760676	chr3	197948190	197952190	0.295	0.202	2.2814310988609674	2.367452834302446	0.446	0.448
SLC22A15	HEATR6	chr1	115974513	115978513	chr17	60076922	60080922	0.863	0.882	1.223490749126437	1.2376015396960032	0.465	0.4665
ATP1A1	FKBP8	chr1	116370668	116374668	chr19	18542077	18546077	0.188	0.266	2.744691881289	2.701289878489111	0.56475	0.57225
APH1A	SNX6	chr1	150267580	150271580	chr14	34628160	34632160	0.806	0.811	1.7815241679570082	1.7672137681530486	0.52	0.51825
SETDB1	IKZF5	chr1	150924263	150928263	chr10	123006812	123010812	0.29	0.286	1.3949102497467878	1.384552323130015	0.47825	0.4745
POGZ	PIP4K2B	chr1	151457494	151461494	chr17	38798126	38802126	0.198	0.224	2.093428689855454	2.116136006099228	0.532	0.531
ILF2	SUB1	chr1	153669028	153673028	chr5	32529633	32533633	0.324	0.394	1.9283343911416404	1.8867737703585739	0.475	0.47275
UBAP2L	CAMSAP2	chr1	154218179	154222179	chr1	200736893	200740893	0.159	0.196	1.6503065515548276	1.672567012091263	0.50875	0.51275
CHRNB2	BRI3BP	chr1	154565778	154569778	chr12	124991645	124995645	1.116	1.099	1.3025863209186943	1.331680308168973	0.534	0.53575
ASH1L	NR2C2	chr1	155561162	155565162	chr3	14945583	14949583	0.104	0.159	1.604583496678276	1.5819814986449463	0.5365	0.53625
IQGAP3	CLEC4M	chr1	156570604	156574604	chr19	7761210	7765210	0.882	0.869	0.20597317489548914	0.18820039539272204	0.4895	0.4925
NTRK1	DBH	chr1	156813636	156817636	chr9	133634363	133638363	0.954	0.936	0.5660542954915695	0.5460216912665481	0.5775	0.58175
PYHIN1	ZSWIM2	chr1	158928796	158932796	chr2	186847208	186851208	1.023	1.056	0.11201750253963057	0.0921589963912673	0.37925	0.38125
FCRL6	BCO1	chr1	159798511	159802511	chr16	81236689	81240689	1.201	1.17	0.22847196518741428	0.2158471266967772	0.45225	0.45325
KCNJ10	IQSEC3	chr1	160068483	160072483	chr12	64767	68767	0.676	0.732	2.1238418447404683	2.119816545937216	0.53	0.53025
ATP1A2	CAMKK2	chr1	160113759	160117759	chr12	121296308	121300308	0.598	0.649	2.745416780965561	2.6820502616159194	0.5475	0.548
PBX1	ING3	chr1	164553584	164557584	chr7	120948763	120952763	0.212	0.277	1.269129848984262	1.188737295892673	0.40025	0.396
KLHL20	RARB	chr1	173712941	173716941	chr3	24685887	24689887	0.538	0.477	1.1093388933169746	1.1626330996669905	0.40475	0.4025
ASTN1	TNR	chr1	177162973	177166973	chr1	175741595	175745595	0.392	0.373	1.5327059798431921	1.546768388586455	0.45375	0.45125
CACNA1E	ETV5	chr1	181315690	181319690	chr3	186108318	186112318	0.221	0.233	1.3286934869321436	1.3228082947996571	0.53	0.53925
PTGS2	L3MBTL3	chr1	186678922	186682922	chr6	130011699	130015699	0.33	0.326	0.5950385385871415	0.6489861146357613	0.3965	0.3955
ASPM	CENPF	chr1	197144694	197148694	chr1	214601185	214605185	0.766	0.734	0.10154912249389358	0.11709853807453897	0.44075	0.4415
PTPRC	ADGRL2	chr1	198636457	198640457	chr1	81304147	81308147	0.343	0.301	1.0354529533059473	1.0707727729850929	0.3335	0.3365
KIF14	NR5A2	chr1	200618751	200622751	chr1	200025614	200029614	0.65	0.619	0.03235403450251515	0.05283124805622249	0.4315	0.42825
KDM5B	TBC1D1	chr1	202806487	202810487	chr4	37889084	37893084	0.858	0.859	1.1687036802490767	1.1716533339490591	0.55	0.549
ZC3H11A	FIGN	chr1	203793623	203797623	chr2	163734012	163738012	0.287	0.276	0.416866747439996	0.5022112848255315	0.4565	0.4595
CNTN2	LPCAT4	chr1	205040937	205044937	chr15	34365196	34369196	0.542	0.616	2.255231486465216	2.267314904601727	0.576	0.57575
RBBP5	CTDSPL2	chr1	205120015	205124015	chr15	44425622	44429622	0.144	0.184	1.2991585027922476	1.2379984034275722	0.453	0.45625
AVPR1B	RAET1G	chr1	206115699	206119699	chr6	149921121	149925121	1.194	1.157	0.23006785243653344	0.19592427095278436	0.55825	0.56025
RASSF5	TBXAS1	chr1	206505531	206509531	chr7	139775051	139779051	0.947	0.948	0.8434034715048625	0.8385764696658043	0.585	0.57825
HSD11B1	SLC9B2	chr1	209684178	209688178	chr4	103083829	103087829	0.975	0.992	1.405235338745611	1.4153890694205515	0.399	0.3995
USH2A	ZPBP	chr1	216421448	216425448	chr7	50119329	50123329	0.855	0.84	0.08635235504965455	0.06505249069940641	0.39	0.387
MARK1	STON2	chr1	220526136	220530136	chr14	81434465	81438465	0.577	0.601	1.33615742373872	1.3302696610852496	0.5245	0.52675
NUP133	PROSER1	chr1	229506341	229510341	chr13	39036089	39040089	0.57	0.598	1.5310149961199928	1.5177921483574581	0.4575	0.45775
DISC1	PDZRN4	chr1	231624790	231628790	chr12	41186320	41190320	0.893	0.894	0.5434807294324899	0.591595458015473	0.504	0.502
CHRM3	SEMA6D	chr1	239384565	239388565	chr15	47182101	47186101	0.42	0.396	0.9996289540532749	1.0492878143895175	0.4795	0.48475
RGS7	GLCE	chr1	241355374	241359374	chr15	69158584	69162584	0.472	0.515	1.8737198296538398	1.8628549979757814	0.51775	0.515
HNRNPU	VCP	chr1	244862560	244866560	chr9	35070668	35074668	0.111	0.134	2.114804405669539	2.0413374077973487	0.53975	0.53575
OR1C1	KRTAP19-3	chr1	247758556	247762556	chr21	30490013	30494013	1.87	1.868	0.0	0.0	0.341	0.34375
OR2M4	F11	chr1	248229417	248233417	chr4	186264189	186268189	1.136	1.145	0.031169112147188753	0.04045782811879164	0.389	0.38575
SNTG2	PTGER2	chr2	948849	952849	chr14	52312305	52316305	1.256	1.241	0.16728601714617977	0.18504808705027279	0.534	0.5295
TPO	HEATR9	chr2	1372066	1376066	chr17	35866891	35870891	0.968	0.959	0.0673152872248903	0.06363692114643987	0.46225	0.4635
PXDN	PHF21B	chr2	1742852	1746852	chr22	45008005	45012005	0.677	0.676	0.7307193064741099	0.6976843286813296	0.62325	0.62375
MYT1L	PLCL2	chr2	2329664	2333664	chr3	16800651	16804651	0.085	0.091	1.5259888568750795	1.5358888100900818	0.384	0.39575
CMPK2	HEXIM2	chr2	6864635	6868635	chr17	45158700	45162700	1.708	1.694	0.7803417990325417	0.8189704199134351	0.5135	0.5135
ASAP2	SGMS1	chr2	9204765	9208765	chr10	50623163	50627163	0.465	0.439	1.3050739343741835	1.2698723725945056	0.56325	0.55925
KCNS3	NHSL1	chr2	17875847	17879847	chr6	138690571	138694571	0.645	0.638	0.8682711020656297	0.8711454354767282	0.577	0.56725
NCOA1	RANBP3	chr2	24489254	24493254	chr19	5976142	5980142	0.298	0.281	1.6529856563057423	1.6900356273283341	0.5705	0.57275
ADCY3	CYB561	chr2	24918237	24922237	chr17	63444354	63448354	0.695	0.707	1.4982167912092454	1.4535507171673303	0.61775	0.61325
DNMT3A	PUSL1	chr2	25340590	25344590	chr1	1306597	1310597	1.998	1.985	1.3403548670783418	1.3267105854939463	0.68775	0.6905
GALNT14	SLC19A3	chr2	31153202	31157202	chr2	227716028	227720028	0.951	0.968	0.5952536546405668	0.6101286788280176	0.459	0.45725
MEMO1	COL12A1	chr2	32009230	32013230	chr6	75204267	75208267	0.351	0.375	0.6623365505950533	0.6266975123986488	0.569	0.563
SPAST	RRS1	chr2	32061556	32065556	chr8	66427014	66431014	0.69	0.713	1.3162681651363852	1.3313746515746936	0.5135	0.51375
BIRC6	NUFIP2	chr2	32355023	32359023	chr17	29292148	29296148	0.213	0.199	1.354617379927144	1.4069742579132738	0.51975	0.51975
FBXO11	FBXW7	chr2	47904498	47908498	chr4	152534092	152538092	0.215	0.181	1.7702634752617565	1.7623716739010817	0.549	0.5465
NRXN1	NR3C1	chr2	51223575	51227575	chr5	143433512	143437512	0.317	0.294	1.4105072966227168	1.4764954199564702	0.39225	0.39475
SPTBN1	SAFB	chr2	54454327	54458327	chr19	5621035	5625035	0.159	0.219	2.1243835707199064	2.149089729070769	0.5835	0.58275
BCL11A	GMEB1	chr2	60552467	60556467	chr1	28666778	28670778	0.125	0.151	1.0725623595349585	1.0035286007115518	0.56525	0.56375
PAPOLG	ZNF618	chr2	60754253	60758253	chr9	113874282	113878282	0.471	0.459	1.0831764181645331	1.0532590416859493	0.46325	0.46475
XPO1	U2SURP	chr2	61536741	61540741	chr3	142962497	142966497	0.083	0.073	1.7303736206221818	1.706350738028585	0.54375	0.53775
CCT4	PHB2	chr2	61886671	61890671	chr12	6968780	6972780	0.647	0.648	2.0957445413660456	2.1137261507609724	0.50025	0.502
OTX1	ITGA9	chr2	63048057	63052057	chr3	37450115	37454115	0.508	0.555	0.5998830720736879	0.6197109257432325	0.60325	0.59025
EXOC6B	SCAPER	chr2	72824041	72828041	chr15	76903444	76907444	0.688	0.666	1.23200448297183	1.2371062074055088	0.48875	0.49075
RAB11FIP5	TPMT	chr2	73154721	73158721	chr6	18153077	18157077	0.846	0.823	1.51445344606634	1.5301663882043652	0.50225	0.50375
ST3GAL5	NCK1	chr2	85903199	85907199	chr3	136860208	136864208	0.736	0.72	1.2180652464014117	1.224698772471699	0.5085	0.507
NPAS2	PKNOX2	chr2	100818139	100822139	chr11	125162687	125166687	0.338	0.391	1.4109778900963985	1.4142076469332243	0.60175	0.5985
IL1R2	DEPDC4	chr2	101989960	101993960	chr12	100265079	100269079	1.387	1.415	0.14355280456869776	0.1722207123417451	0.48225	0.48075
SH3RF3	PTPRG	chr2	109127205	109131205	chr3	61559569	61563569	0.694	0.714	0.8714007013007284	0.8850200970697611	0.60175	0.6075
DPP10	TLK1	chr2	114440299	114444299	chr2	171229314	171233314	0.378	0.338	1.235033271006892	1.3026425735978784	0.3565	0.371
CNTNAP5	SPDYE5	chr2	124023287	124027287	chr7	75490320	75494320	0.632	0.657	0.24719992663961887	0.21061757963862807	0.47625	0.47525
NCKAP5	AKAP3	chr2	133566463	133570463	chr12	4647051	4651051	0.628	0.62	0.5420644341808661	0.5742142119318876	0.41875	0.42575
MCM6	NFS1	chr2	135874443	135878443	chr20	35697355	35701355	0.676	0.669	1.3652426890050275	1.4064567197497766	0.50625	0.50375
MBD5	ISL1	chr2	148019011	148023011	chr5	51381448	51385448	0.161	0.235	0.7015187679820077	0.6917099239417073	0.46475	0.46025
EPC2	KIT	chr2	148642440	148646440	chr4	54655267	54659267	0.203	0.24	1.4748904999819459	1.4884999518409305	0.53	0.5305
KIF5C	RPL13	chr2	148873227	148877227	chr16	89558677	89562677	0.249	0.25	2.4854531028990006	2.475801892745725	0.56575	0.56375
GALNT13	ST8SIA3	chr2	153869922	153873922	chr18	57350557	57354557	0.735	0.735	1.5660967585513261	1.5573098598604906	0.55	0.5525
NR4A2	CAND1	chr2	156340348	156344348	chr12	67267358	67271358	0.093	0.076	1.53127577300157	1.5375924475173413	0.48725	0.487
GPD2	ACSS2	chr2	156433290	156437290	chr20	34870146	34874146	0.796	0.785	1.514376391676568	1.497331944790089	0.519	0.52075
ERMN	CHGB	chr2	157325713	157329713	chr20	5909510	5913510	0.963	0.754	2.7846736260301648	2.8916004508913375	0.40825	0.41175
BAZ2B	DDR2	chr2	159614569	159618569	chr1	162629373	162633373	0.386	0.375	1.1715626484153756	1.158477082464632	0.42375	0.43175
TBR1	TOB1	chr2	161414297	161418297	chr17	50865978	50869978	0.246	0.266	1.633550256835836	1.6095848055555546	0.531	0.529
SLC4A10	MAPKAP1	chr2	161422332	161426332	chr9	125705234	125709234	0.403	0.369	1.4733760100736983	1.4911851382585477	0.4845	0.482
DPP4	DRC7	chr2	162072394	162076394	chr16	57692793	57696793	0.901	0.883	0.3186121200526631	0.30741045421367436	0.49675	0.5025
SCN3A	CFH	chr2	165202050	165206050	chr1	196649754	196653754	0.348	0.43	1.1455040648571935	1.0510212491661108	0.3485	0.34975
SCN2A	PSMC2	chr2	165192993	165196993	chr7	103326570	103330570	0.161	0.274	1.8529804857114454	1.7542007422628114	0.37575	0.37325
SCN1A	TNPO1	chr2	166180806	166184806	chr5	72814312	72818312	0.098	0.152	1.207847019992669	1.2788770144792256	0.43	0.428
SCN9A	SP110	chr2	166374001	166378001	chr2	230223729	230227729	0.855	0.826	0.929845346762217	0.9701650296605971	0.44475	0.44525
STK39	MAPK1	chr2	168245595	168249595	chr22	21865680	21869680	0.381	0.377	1.8091467702865744	1.8024631107838145	0.5255	0.523
LRP2	TOX	chr2	169360534	169364534	chr8	59117147	59121147	0.352	0.326	1.1802090543841002	1.2280845333667965	0.5715	0.57025
UBR3	LMTK2	chr2	169825454	169829454	chr7	98104862	98108862	0.427	0.408	1.436467977561745	1.400572524359314	0.50475	0.5025
SLC25A12	PDP1	chr2	171997859	172001859	chr8	93855807	93859807	0.525	0.532	1.770402026179871	1.7206132140608037	0.46325	0.46075
DLX2	TNFRSF8	chr2	172100900	172104900	chr1	12061303	12065303	0.529	0.536	0.5561444370702608	0.5623844730819499	0.546	0.55
RAPGEF4	RNF11	chr2	172733274	172737274	chr1	51234273	51238273	0.542	0.537	2.2844239655660874	2.287600206359951	0.503	0.507
TTN	DSG1	chr2	178828802	178832802	chr18	31316160	31320160	0.479	0.455	0.10217874870990158	0.07619609298462357	0.35875	0.361
ZNF385B	SRPK1	chr2	179859612	179863612	chr6	35919342	35923342	0.751	0.763	1.488449181246845	1.468886171118963	0.5055	0.50625
NCKAP1	NUP153	chr2	183036858	183040858	chr6	17704925	17708925	0.14	0.172	1.5010962510242802	1.5065090912128394	0.505	0.50125
ZNF804A	NDC1	chr2	184596529	184600529	chr1	53836463	53840463	0.37	0.375	0.9619969236289903	0.8844095935233585	0.47875	0.4755
INPP1	PWP1	chr2	190341570	190345570	chr12	107683799	107687799	0.813	0.833	1.6635388590350695	1.6486985311148807	0.478	0.47475
HECW2	CREM	chr2	196591684	196595684	chr10	35124791	35128791	0.498	0.533	1.0888693383965993	1.0576204663650577	0.52775	0.52475
SF3B1	COPA	chr2	197433079	197437079	chr1	160341566	160345566	0.1	0.098	2.131278536991779	2.0985745100257076	0.449	0.44775
SATB2	WAPL	chr2	199469266	199473266	chr10	86519792	86523792	0.077	0.083	1.1870918548596583	1.257200828203951	0.524	0.5165
PARD3B	KRT13	chr2	204543475	204547475	chr17	41503705	41507705	0.912	0.905	0.6897943935054018	0.7119100982684087	0.5095	0.51375
NRP2	NOMO2	chr2	205679990	205683990	chr16	18560211	18564211	0.562	0.566	0.9145160998981432	0.9139631816394219	0.50075	0.4995
UNC80	PNRC2	chr2	209769569	209773569	chr1	23954839	23958839	0.48	0.451	1.7166226067378	1.7482477383923984	0.4535	0.4565
VIL1	SIGLEC12	chr2	218417121	218421121	chr19	51499800	51503800	0.946	0.965	0.038831337448953424	0.01988275645895669	0.53975	0.539
PLCD4	PCDHGA5	chr2	218605855	218609855	chr5	141362162	141366162	0.803	0.794	0.6335987243848136	0.6765838792629143	0.4525	0.45125
RNF25	CIAPIN1	chr2	218670002	218674002	chr16	57445420	57449420	0.68	0.687	1.6554035425455857	1.6619924216544906	0.50025	0.5015
CUL3	UGCG	chr2	224583397	224587397	chr9	111894814	111898814	0.365	0.36	1.3779706649158707	1.3401048757299563	0.50925	0.509
DNER	RNF144A	chr2	229712555	229716555	chr2	6915412	6919412	0.561	0.55	2.0842151093399752	2.047247601403863	0.56575	0.56625
TRIP12	NUP98	chr2	229921239	229925239	chr11	3795792	3799792	0.145	0.155	1.4332320316583917	1.369503435870929	0.52625	0.5215
GIGYF2	BZW1	chr2	232695299	232699299	chr2	200808594	200812594	0.15	0.186	1.315298452873624	1.2987723206817785	0.5095	0.5105
SPP2	IZUMO3	chr2	234048679	234052679	chr9	24543946	24547946	1.655	1.655	0.0	0.0	0.4075	0.40725
AGAP1	PBX3	chr2	235492043	235496043	chr9	125745345	125749345	0.366	0.356	1.4535323761251069	1.495302841533824	0.64225	0.638
PER2	JAKMIP3	chr2	238288102	238292102	chr10	132034336	132038336	0.67	0.686	1.2526151957049285	1.2621305903237203	0.58625	0.5835
HDAC4	HELZ	chr2	239399654	239403654	chr17	67243989	67247989	0.192	0.16	1.1366983763604814	1.1613410451891466	0.58425	0.58975
KIF1A	SYT1	chr2	240822293	240826293	chr12	78861993	78865993	0.304	0.332	2.522226379539939	2.510980426759858	0.4655	0.46675
HDLBP	EIF2S2	chr2	241315061	241319061	chr20	34110243	34114243	0.283	0.261	1.8194432465134756	1.792272592424645	0.51825	0.518
PDCD1	TNNT3	chr2	241856894	241860894	chr11	1917703	1921703	0.891	0.866	0.16612212036221957	0.22556487152695967	0.6395	0.64
CNTN6	IFI44L	chr3	1090658	1094658	chr1	78617902	78621902	1.316	1.266	1.2291005173766474	1.0854047573314234	0.362	0.362
CNTN4	SOX4	chr3	2096813	2100813	chr6	21591751	21595751	0.727	0.72	1.1378065295094468	1.1619696073626038	0.542	0.537
ITPR1	PRRC2B	chr3	4491345	4495345	chr9	131371636	131375636	0.325	0.338	1.8875745438520604	1.877053284398034	0.50175	0.49675
GRM7	ZC3HAV1	chr3	6768001	6772001	chr7	139130122	139134122	0.549	0.595	0.7696483062719949	0.8092929961383661	0.419	0.4105
OXTR	NPPA	chr3	8767628	8771628	chr1	11846345	11850345	1.278	1.301	0.8564612245281399	0.8335461478401751	0.53875	0.5285
SRGAP3	IL6ST	chr3	9361053	9365053	chr5	55993022	55997022	0.409	0.372	1.7435693389465816	1.8178534815729246	0.45525	0.4625
SETD5	ZMIZ2	chr3	9395615	9399615	chr7	44746581	44750581	0.376	0.398	1.905187982339228	1.948930582707222	0.5735	0.5705
ATP2B2	TSC22D1	chr3	10706007	10710007	chr13	44575147	44579147	0.19	0.199	2.2204402224458093	2.2527074330072816	0.6	0.59275
SLC6A1	PABPC1	chr3	10990186	10994186	chr8	100720809	100724809	0.153	0.119	2.1052580504834477	2.1810371090459864	0.57125	0.57175
SYN2	KLC1	chr3	12002388	12006388	chr14	103559896	103563896	0.539	0.505	2.189832673399396	2.1949858434258807	0.537	0.54275
SATB1	NRF1	chr3	18443621	18447621	chr7	129609720	129613720	0.209	0.188	1.4694272911568462	1.4211200112391953	0.5515	0.5515
KAT2B	STT3B	chr3	20038446	20042446	chr3	31530638	31534638	0.461	0.48	1.6029634691664045	1.5815821892130841	0.54075	0.53425
TOP2B	PRRC2A	chr3	25662909	25666909	chr6	31618715	31622715	0.328	0.322	2.1315609256465105	2.192121222131705	0.51575	0.5185
CX3CR1	GSTM2	chr3	39279735	39283735	chr1	109666022	109670022	1.381	1.418	0.958207319195476	0.9808901544352178	0.52025	0.52225
CTNNB1	SYT4	chr3	41192741	41196741	chr18	43275535	43279535	0.139	0.319	2.3059142973012805	2.47357600955292	0.361	0.3705
SETD2	ARID4B	chr3	47162113	47166113	chr1	235326219	235330219	0.176	0.176	1.6156944472542614	1.523685349215916	0.54175	0.543
PLXNB1	CACNG4	chr3	48428086	48432086	chr17	66962707	66966707	0.615	0.59	1.8267270507882412	1.8454000798349932	0.62225	0.62525
QRICH1	BSN	chr3	49092363	49096363	chr3	49552477	49556477	0.261	0.271	1.841346954583389	1.8280157095347633	0.5475	0.54875
GPX1	MYL6	chr3	49356605	49360605	chr12	56156346	56160346	1.38	1.35	2.1864703767454428	2.2291389549386844	0.52925	0.53425
AMT	APLNR	chr3	49420685	49424685	chr11	57235250	57239250	0.805	0.81	1.8958996762555056	1.9093120712222298	0.53325	0.53625
NPRL2	POLR2B	chr3	50348826	50352826	chr4	56975722	56979722	0.564	0.568	1.839887637094807	1.8841737706348856	0.562	0.55975
PHF7	EDN3	chr3	52408660	52412660	chr20	59298443	59302443	0.682	0.696	0.7566657700784138	0.7248801835394988	0.5705	0.56775
CACNA1D	CCNA2	chr3	53326963	53330963	chr4	121821883	121825883	0.253	0.183	0.8553767903510834	0.9376156724916338	0.39575	0.41425
CACNA2D3	DLK1	chr3	54120552	54124552	chr14	100723705	100727705	0.454	0.461	1.371642229460931	1.336669825515242	0.61475	0.61275
ASB14	TYRP1	chr3	57290685	57294685	chr9	12683439	12687439	1.35	1.398	0.43261016839762706	0.3425707105283159	0.3615	0.35725
FHIT	ERCC8	chr3	61249459	61253459	chr5	60943073	60947073	1.57	1.608	0.8105497194579723	0.7866478035854083	0.45725	0.45275
FEZF2	BRPF1	chr3	62372324	62376324	chr3	9729729	9733729	0.227	0.205	1.3390477673518406	1.3501297345340924	0.544	0.55175
CADPS	BMI1	chr3	62873416	62877416	chr10	22319099	22323099	0.445	0.413	1.673987081949959	1.7123036431843497	0.555	0.55425
PSMD6	FAM171B	chr3	64022010	64026010	chr2	186692060	186696060	0.327	0.367	1.7166509615283845	1.7183588381278394	0.459	0.46025
PRICKLE2	SMAD3	chr3	64443476	64447476	chr15	67061763	67065763	0.34	0.373	1.2259860467322226	1.203924506153556	0.525	0.52225
FOXP1	TRAPPC10	chr3	71581978	71585978	chr21	44010309	44014309	0.279	0.273	0.9805128570323896	0.938322546751424	0.56175	0.555
CNTN3	APAF1	chr3	74612659	74616659	chr12	98643149	98647149	0.668	0.664	1.0053602869383376	1.0220417471686105	0.50425	0.50525
GBE1	TMEM218	chr3	81759645	81763645	chr11	125109763	125113763	1.211	1.214	1.0207539592394907	1.0067457832597486	0.447	0.44875
CADM2	MAPK8	chr3	84956989	84960989	chr10	48304639	48308639	0.516	0.532	1.5729389474598072	1.5206249993026801	0.49525	0.49575
DRD3	CD163	chr3	114197407	114201407	chr12	7501893	7505893	0.604	0.56	0.5960756293057704	0.7283919333186248	0.345	0.35525
ZBTB20	FAT4	chr3	115145292	115149292	chr4	125312918	125316918	0.3	0.317	0.37604562504472494	0.29568450852281486	0.4975	0.50375
FBXO40	TEKT1	chr3	121591379	121595379	chr17	6829761	6833761	1.163	1.183	0.3562897974066584	0.35724666911940195	0.42625	0.42575
ADCY5	BRD1	chr3	123447090	123451090	chr22	49825873	49829873	0.326	0.337	1.870419708159989	1.8128959845161345	0.6845	0.6755
RAB43	TACC3	chr3	129120801	129124801	chr4	1710858	1714858	0.728	0.764	0.8355459939382218	0.8672936174116109	0.60125	0.60075
MBD4	RAMP2	chr3	129438179	129442179	chr17	42756447	42760447	1.023	1.041	1.6043988722200189	1.5907749808190974	0.46725	0.4645
UBA5	KRT10	chr3	132652446	132656446	chr17	40820614	40824614	0.838	0.881	1.5108237270855656	1.4865679010407962	0.3895	0.37925
PCCB	FECH	chr3	136248340	136252340	chr18	57584732	57588732	0.843	0.859	1.1621998524122619	1.140215691499187	0.489	0.48975
SLC9A9	ZNF317	chr3	143846485	143850485	chr19	9138397	9142397	1.011	0.983	1.4027392733509851	1.371697594505485	0.375	0.38625
MED12L	NPAS4	chr3	151083286	151087286	chr11	66419035	66423035	0.226	0.235	0.5153187043385286	0.438278052795468	0.58925	0.5905
SERPINI1	RPS20	chr3	167733243	167737243	chr8	56072510	56076510	0.459	0.481	2.4338242173056632	2.4751726983087603	0.46475	0.458
NAALADL2	CLRN3	chr3	174436573	174440573	chr10	127890941	127894941	1.137	1.166	0.21248857540737784	0.18070894130052365	0.36225	0.36825
TBL1XR1	COPB2	chr3	177226000	177230000	chr3	139387736	139391736	0.174	0.177	1.548144866684399	1.595670345615626	0.4485	0.4545
YEATS2	ABHD2	chr3	183695797	183699797	chr15	89085459	89089459	0.552	0.57	1.6051918777485574	1.5706398281111609	0.52025	0.5175
DVL3	NCAN	chr3	184153377	184157377	chr19	19209958	19213958	0.536	0.53	1.7535838248436983	1.7971705583482716	0.571	0.5675
AP2M1	FAU	chr3	184172689	184176689	chr11	65120177	65124177	0.182	0.196	2.5862113535063185	2.5075941371607713	0.506	0.514
ACAP2	NOS1AP	chr3	195441044	195445044	chr1	162067691	162071691	0.47	0.495	1.355006844736357	1.35507395855555	0.50975	0.50725
MUC4	CBX2	chr3	195809973	195813973	chr17	79776148	79780148	0.953	0.946	0.15043743087645509	0.1703154120010723	0.57975	0.5785
TM4SF19	SLC22A2	chr3	196336503	196340503	chr6	160275638	160279638	1.102	1.117	0.028514969685830154	0.018976961391443847	0.4865	0.486
PAK2	PLCL1	chr3	196737857	196741857	chr2	197802593	197806593	0.662	0.663	1.5247335591865165	1.5255203259415107	0.48825	0.48475
DLG1	CPSF4	chr3	197297330	197301330	chr7	99436922	99440922	0.491	0.48	1.7111506531590666	1.686718473606027	0.5435	0.542
NSD2	RFX4	chr4	1869393	1873393	chr12	106581004	106585004	0.139	0.178	1.3117178448980278	1.2201656413263786	0.618	0.60275
GRK4	PHYHD1	chr4	2961571	2965571	chr9	128918966	128922966	1.262	1.209	1.2310922223989902	1.283961216489511	0.55675	0.55725
KIAA0232	BCL9L	chr4	6779375	6783375	chr11	118923926	118927926	0.3	0.3	1.5627245646108139	1.6032981354628573	0.56175	0.569
CPZ	CCDC166	chr4	8590660	8594660	chr8	143706109	143710109	1.966	1.939	0.04522241427774997	0.07399056948638283	0.614	0.6125
BST1	PRM1	chr4	15701065	15705065	chr16	11279330	11283330	1.638	1.638	0.3125602641063128	0.30472097014445537	0.5015	0.50025
CD38	TIMM23B	chr4	15776275	15780275	chr10	49940049	49944049	1.292	1.259	0.918323963238652	0.8987904305303164	0.46775	0.47275
GABRA4	LARP4	chr4	46991581	46995581	chr12	50390383	50394383	0.385	0.372	1.0690387649860706	1.095754992316748	0.48425	0.48725
SCFD2	LUZP2	chr4	53364066	53368066	chr11	24494970	24498970	1.182	1.227	1.0087827925102815	1.0201154720394165	0.4295	0.425
CEP135	TYW1B	chr4	55946871	55950871	chr7	72826200	72830200	0.989	1.015	0.5611729647521881	0.5428764442311697	0.46675	0.46575
ANKRD17	RPRD2	chr4	73256798	73260798	chr1	150361091	150365091	0.118	0.145	1.5169661495313544	1.4608001530805714	0.497	0.497
G3BP2	MRPS24	chr4	75722589	75726589	chr7	43867893	43871893	1.031	1.056	1.9464581603732662	1.94818353118495	0.475	0.4735
SCARB2	CREBZF	chr4	76232536	76236536	chr11	85680908	85684908	0.683	0.738	2.0818044087857337	1.974767680620995	0.41575	0.408
HNRNPD	CCT6A	chr4	82372503	82376503	chr7	56049685	56053685	0.222	0.234	2.0780252093027016	2.100849383687558	0.51425	0.51475
WDFY3	IRF6	chr4	84964690	84968690	chr1	209804175	209808175	0.2	0.214	1.415612626412285	1.3836969058764363	0.49175	0.49575
SPARCL1	MOBP	chr4	87529061	87533061	chr3	39465198	39469198	0.932	0.649	3.1254487330602623	3.1432646820112207	0.39425	0.38775
CCSER1	COL4A4	chr4	90125394	90129394	chr2	227162453	227166453	0.59	0.607	0.3023850497489473	0.33641770331651255	0.50025	0.4995
GRID2	MAML2	chr4	92301966	92305966	chr11	96341195	96345195	0.332	0.308	1.0587675553704192	1.083004256993419	0.47225	0.47125
EIF4E	GABPA	chr4	98927133	98931133	chr21	25732570	25736570	0.09	0.083	1.2022403115194455	1.2429462167161132	0.5	0.511
DAPP1	ARMC3	chr4	99814827	99818827	chr10	22926024	22930024	0.905	0.91	0.3296419107302111	0.31433710040453156	0.4445	0.443
PPP3CA	MYRF	chr4	101346278	101350278	chr11	61750636	61754636	0.243	0.215	2.265176439912339	2.3127441935815716	0.57975	0.5875
TET2	ZNF345	chr4	105143875	105147875	chr19	36848361	36852361	1.997	1.97	0.5715609369264899	0.617006635198216	0.4885	0.48625
TBCK	NDUFAF5	chr4	106314683	106318683	chr20	13783007	13787007	1.062	1.068	1.0893893012283662	1.1207088047588294	0.447	0.44325
ANK2	API5	chr4	112816032	112820032	chr11	43309963	43313963	0.271	0.211	1.990111878839075	1.90009936777057	0.40675	0.398
MFSD8	SMAD9	chr4	127964034	127968034	chr13	36918887	36922887	1.005	1.018	1.3364557311159648	1.3163121915619789	0.53575	0.53225
PCDH10	DICER1	chr4	133147294	133151294	chr14	95156010	95160010	0.297	0.275	1.356851570491037	1.3956303801762246	0.53525	0.53775
NAA15	MOV10	chr4	139299446	139303446	chr1	112671141	112675141	0.438	0.435	1.0291340880653164	1.03289262647518	0.44925	0.44725
ABCE1	CISD2	chr4	145096288	145100288	chr4	102866974	102870974	0.466	0.437	1.4767997578345302	1.464230145203045	0.44075	0.442
ZNF827	RARA	chr4	145936823	145940823	chr17	40307180	40311180	0.197	0.254	1.3225521262675868	1.2977233155204977	0.5225	0.518
PRMT9	ATP13A4	chr4	147682163	147686163	chr3	193591111	193595111	0.91	0.896	0.9440081436847606	0.9755512805035992	0.4525	0.455
NR3C2	ATXN1	chr4	148442698	148446698	chr6	16759491	16763491	0.268	0.264	1.1128160656115806	1.127464400844717	0.61075	0.60225
LRBA	RPS6KA5	chr4	151013727	151017727	chr14	91058641	91062641	0.515	0.486	0.935747522404709	0.959321922747789	0.5055	0.50825
FGA	XCL1	chr4	154588742	154592742	chr1	168574605	168578605	1.502	1.485	0.08806340476659114	0.1081427004572502	0.3825	0.38325
TDO2	OTOGL	chr4	155852738	155856738	chr12	80097537	80101537	1.104	1.069	0.3537027801236348	0.3700854311922346	0.359	0.36325
GRIA2	ZRANB1	chr4	157202182	157206182	chr10	124940123	124944123	0.15	0.289	1.877208887047468	1.702837066345069	0.375	0.38375
FAT1	RGS7BP	chr4	186724722	186728722	chr5	64504015	64508015	0.571	0.595	1.1048284036536553	1.0859039382493094	0.50875	0.5085
FRG1	FUT9	chr4	189938855	189942855	chr6	96013974	96017974	0.766	0.764	1.4734563129014626	1.479676062868145	0.46975	0.4705
EXOC3	NDST2	chr5	441175	445175	chr10	73809798	73813798	0.475	0.479	1.6026437249332126	1.619714053212686	0.566	0.5685
SLC6A3	CDK13	chr5	1443440	1447440	chr7	39948121	39952121	0.393	0.434	1.5523031093383541	1.4677057553740362	0.63025	0.62525
SEMA5A	EFNA5	chr5	9544075	9548075	chr5	107668937	107672937	0.495	0.476	0.9921110455316513	1.043696222275879	0.60575	0.612
CTNND2	ZER1	chr5	11902446	11906446	chr9	128770414	128774414	0.228	0.241	2.0009812647255867	1.9798136958253925	0.549	0.54675
TRIO	TFDP1	chr5	14141342	14145342	chr13	113582721	113586721	0.217	0.245	1.6733960271463066	1.6929182680875474	0.624	0.62025
CDH10	ITFG1	chr5	24642978	24646978	chr16	47462149	47466149	0.655	0.619	1.6162580496390317	1.5841445733536619	0.3525	0.3675
CDH9	MAP3K20	chr5	27119150	27123150	chr2	173073435	173077435	0.578	0.569	0.8805077641670541	0.8538046434595653	0.4885	0.49075
NIPBL	ZNF609	chr5	36874769	36878769	chr15	64458578	64462578	0.057	0.166	1.2824952268897096	1.2171758807094926	0.5105	0.51375
NUP155	POLR1A	chr5	37369124	37373124	chr2	86104155	86108155	0.473	0.479	0.9581097627570375	0.9879574841395952	0.44075	0.44175
HCN1	HOXA2	chr5	45694498	45698498	chr7	27100686	27104686	0.329	0.334	1.002760702736303	0.9737691193293954	0.5145	0.5195
TRIM23	DHX40	chr5	65623975	65627975	chr17	59563558	59567558	0.524	0.569	1.48139102609237	1.4901509880272803	0.4385	0.4415
ERBIN	DDX18	chr5	65881128	65885128	chr2	117812691	117816691	0.526	0.496	1.6306241277136637	1.5706678399564404	0.39275	0.397
MAP1B	MAPRE3	chr5	72105234	72109234	chr2	26968637	26972637	0.105	0.163	2.420966823558737	2.3590724264408753	0.53475	0.52825
HOMER1	ACTL6A	chr5	79512134	79516134	chr3	179560886	179564886	0.185	0.186	1.2155133104786822	1.2574961808797847	0.49125	0.49075
MEF2C	UBE2E3	chr5	88902257	88906257	chr2	180965248	180969248	0.212	0.415	1.7924946471139862	1.818656014899377	0.3155	0.3405
NR2F1	SLC2A1	chr5	93581222	93585222	chr1	42956893	42960893	0.133	0.139	1.9240258736949765	1.9169658510217593	0.57825	0.5925
CHD1	CCDC117	chr5	98927007	98931007	chr22	28770674	28774674	0.207	0.254	1.3280960980924943	1.3355301099347336	0.522	0.52
CAMK4	NDUFA10	chr5	111221653	111225653	chr2	240023743	240027743	1.098	1.12	2.0528362471803	1.984411185926761	0.489	0.493
YTHDC2	FIP1L1	chr5	113511694	113515694	chr4	53375569	53379569	0.327	0.378	1.5415954672879995	1.5287727681989127	0.44125	0.44025
MEGF10	UNC13B	chr5	127288796	127292796	chr9	35159992	35163992	0.707	0.734	1.2342134748385951	1.2354678434492694	0.46275	0.46275
P4HA2	WFIKKN2	chr5	132293315	132297315	chr17	50832650	50836650	0.841	0.84	0.6565811219810457	0.6169311002493649	0.5945	0.5945
PITX1	CTCFL	chr5	135032813	135036813	chr20	57523652	57527652	0.575	0.669	0.08069501635821473	0.008682126467676448	0.63675	0.631
KDM3B	AP1G1	chr5	138350685	138354685	chr16	71807201	71811201	0.117	0.113	1.6394177537394814	1.601947060080969	0.5105	0.50125
PURA	KCNV1	chr5	140105777	140109777	chr8	109973771	109977771	0.138	0.177	1.2023575186005455	1.23063537250886	0.50575	0.50075
PCDHA1	COL19A1	chr5	140784136	140788136	chr6	69864556	69868556	0.849	0.876	0.6015211320085356	0.5957992404101253	0.4375	0.43875
PCDHA2	ALG14	chr5	140792852	140796852	chr1	95070951	95074951	1.054	1.055	0.614584031628768	0.5770641884720563	0.4415	0.44125
PCDHA3	RAD51AP1	chr5	140799028	140803028	chr12	4536798	4540798	0.813	0.801	0.44854710093029604	0.4758614228317165	0.40675	0.4035
PCDHA4	SLC5A4	chr5	140805037	140809037	chr22	32253347	32257347	0.976	0.957	0.2048855657929903	0.19447188162432422	0.44225	0.44925
PCDHA5	RDH12	chr5	140819604	140823604	chr14	67699886	67703886	0.868	0.862	0.5104458081625497	0.49054557462931214	0.39875	0.40375
PCDHA6	PUS10	chr5	140825958	140829958	chr2	61016259	61020259	1.09	1.073	0.5511449087563219	0.5325709431751878	0.431	0.42675
PCDHA7	PCDHGB4	chr5	140832248	140836248	chr5	141385698	141389698	0.857	0.835	0.402966001582279	0.3603794320159663	0.449	0.4495
PCDHA8	PCDHGB6	chr5	140839187	140843187	chr5	141406021	141410021	1.036	1.022	0.43699385115611894	0.45222511220845674	0.4445	0.44225
PCDHA9	UTS2	chr5	140845772	140849772	chr1	7851512	7855512	1.229	1.299	0.24508630713634774	0.21540779974309532	0.41025	0.409
PCDHA10	CCDC138	chr5	140853883	140857883	chr2	108784757	108788757	0.912	0.915	0.5845652731588846	0.6169562800253952	0.4345	0.439
PCDHA11	ABCA9	chr5	140866183	140870183	chr17	69058949	69062949	1.031	1.006	0.6857005458319209	0.828384025495398	0.36125	0.36875
PCDHA12	CCDC68	chr5	140873302	140877302	chr18	54957461	54961461	0.928	0.923	0.5399763888088387	0.5367667024827062	0.43675	0.4385
PCDHA13	IL12RB2	chr5	140880124	140884124	chr1	67305364	67309364	1.001	1.013	0.4154391294921385	0.39400139230233205	0.44975	0.44925
PCDHAC1	CATSPER1	chr5	140924299	140928299	chr11	66024479	66028479	0.869	0.907	0.23605029661919824	0.16252109439092977	0.52475	0.51975
PCDHAC2	ACKR3	chr5	140964470	140968470	chr2	236565787	236569787	0.496	0.492	1.0778001674432742	1.0464834581262168	0.535	0.53275
RBM27	RPTOR	chr5	146201605	146205605	chr17	80542819	80546819	0.234	0.205	1.1762215278609083	1.2005304024848058	0.4715	0.472
DPYSL3	AGPAT1	chr5	147508068	147512068	chr6	32176096	32180096	0.391	0.367	1.8524257034334102	1.8736559313815673	0.505	0.506
ADRB2	SP6	chr5	148824611	148828611	chr17	47853874	47857874	0.901	0.873	0.4173770183130411	0.4023267367066116	0.49325	0.49275
CAMK2A	YWHAG	chr5	150288093	150292093	chr7	76356991	76360991	0.187	0.204	2.79707078233841	2.7446973538137422	0.54075	0.538
GRIA1	PTPRZ1	chr5	153487615	153491615	chr7	121871089	121875089	0.448	0.497	1.8902561009127683	1.8522164091478241	0.458	0.45125
GALNT10	TBC1D26	chr5	154188730	154192730	chr17	15730247	15734247	0.683	0.688	0.8698012109665973	0.8662613397247455	0.575	0.56975
CYFIP2	UBA52	chr5	157264079	157268079	chr19	18569730	18573730	0.274	0.293	2.1515782125693867	2.180392565963024	0.54075	0.54225
GABRB2	OGDH	chr5	161547044	161551044	chr7	44604572	44608572	0.426	0.415	1.8767615232789243	1.8851768319345237	0.519	0.51675
GABRA1	ADD3	chr5	161845063	161849063	chr10	109994368	109998368	0.282	0.395	1.9227944622673705	1.8551822499441755	0.4055	0.3955
GABRG2	MYBPC1	chr5	161998057	162002057	chr12	101566353	101570353	0.428	0.433	1.3279063112712968	1.4626540064156035	0.3715	0.37675
CCNG1	YKT6	chr5	163435569	163439569	chr7	44198959	44202959	0.648	0.636	1.77572692378081	1.7939774680570226	0.44975	0.44775
NUDCD2	NPL	chr5	163458404	163462404	chr1	182787293	182791293	1.181	1.182	1.0610338165264588	1.032411635990777	0.45625	0.45875
RANBP17	GXYLT2	chr5	170859870	170863870	chr3	72886046	72890046	1.38	1.399	0.5066822316926143	0.5369357613189268	0.48325	0.486
CPEB4	SRP54	chr5	173886349	173890349	chr14	34979957	34983957	0.287	0.304	1.5569895898948358	1.5620334001236438	0.47975	0.484
DRD1	PAXIP1	chr5	175442182	175446182	chr7	155001124	155005124	0.252	0.275	1.5124095406385925	1.5381588447830807	0.58475	0.58725
TSPAN17	NECAB3	chr5	176645387	176649387	chr20	33672463	33676463	1.099	1.098	1.580674129529291	1.611668088572636	0.60325	0.60775
UIMC1	ADAM9	chr5	177020633	177024633	chr8	38994754	38998754	0.566	0.575	1.453124087458444	1.479002014468183	0.502	0.5035
NSD1	SOBP	chr5	177129830	177133830	chr6	107488106	107492106	0.144	0.191	1.424450393485434	1.4178385710090708	0.62825	0.6075
ELOVL2	LDHD	chr6	11042305	11046305	chr16	75114780	75118780	1.336	1.313	1.428695126021881	1.4095003031073332	0.53925	0.53675
JARID2	ABL1	chr6	15244069	15248069	chr9	130711043	130715043	0.202	0.19	1.6444041202839716	1.619728647772355	0.51725	0.51675
NHLRC1	ERICH5	chr6	18120677	18124677	chr8	98062522	98066522	1.133	1.148	0.6918865342606665	0.6662333495394958	0.4915	0.491
KDM1B	CFAP74	chr6	18153329	18157329	chr1	2001837	2005837	0.761	0.799	1.0858041479561256	1.0504570947857301	0.493	0.4915
ALDH5A1	ID3	chr6	24492867	24496867	chr1	23557501	23561501	0.852	0.865	1.678756856852534	1.654904890702411	0.51075	0.5105
HLA-G	SIGLEC5	chr6	29824967	29828967	chr19	51628401	51632401	1.141	1.157	0.24060989551859674	0.24027885324926332	0.51375	0.5095
HLA-A	NDUFB7	chr6	29939260	29943260	chr19	14570066	14574066	1.976	1.945	2.479808445156176	2.433867399257333	0.50325	0.5155
HLA-B	NDUFA4	chr6	31365067	31369067	chr7	10938153	10942153	1.853	1.689	2.6910222258994425	2.5359697262038807	0.42925	0.4255
C4B	SHE	chr6	32012795	32016795	chr1	154500412	154504412	0.413	0.393	0.5085175989561627	0.5291235191060338	0.565	0.566
HLA-DPB1	NDUFB3	chr6	33073936	33077936	chr2	201069433	201073433	1.473	1.457	1.8024781677110926	1.915600841176939	0.407	0.41925
SYNGAP1	ELAVL1	chr6	33417661	33421661	chr19	8003659	8007659	0.127	0.158	1.5130803626454374	1.5442032750041021	0.551	0.55325
LRFN2	SNX33	chr6	40585364	40589364	chr15	75645912	75649912	0.731	0.731	1.0134443907122084	1.0126617849008928	0.589	0.5845
PPP2R5D	BCL2L1	chr6	42982553	42986553	chr20	31721989	31725989	0.234	0.261	2.0163981369103303	2.0598170293670943	0.55275	0.551
CUL7	LRIG1	chr6	43051943	43055943	chr3	66499263	66503263	0.62	0.646	1.6267990603622158	1.5943196092992726	0.553	0.55475
PTK7	FSTL4	chr6	43074307	43078307	chr5	133610541	133614541	0.422	0.441	0.9160057360028427	0.9457594945248767	0.59425	0.5955
SLC25A27	RNF141	chr6	46650915	46654915	chr11	10539230	10543230	1.084	1.144	2.015351371264929	2.002676112161798	0.4145	0.42925
LRRC1	POFUT1	chr6	53792497	53796497	chr20	32205855	32209855	0.643	0.641	0.9888130384479157	0.9712396560232293	0.54125	0.54725
DST	PPARD	chr6	56952830	56956830	chr6	35340558	35344558	0.297	0.311	1.6537063634934925	1.678736837033605	0.5345	0.5345
KIAA1586	MRPL42	chr6	57044532	57048532	chr12	93465514	93469514	1.362	1.394	1.0068821665041785	0.9665626769415091	0.4345	0.43675
KHDRBS2	SGCD	chr6	62284225	62288225	chr5	155868344	155872344	0.884	0.88	0.9300321251650552	0.8804305585465309	0.41125	0.40225
PHF3	EIF2S1	chr6	63633802	63637802	chr14	67358328	67362328	0.301	0.268	1.3459928694104932	1.3451913474068211	0.472	0.46925
RIMS1	DLST	chr6	71884550	71888550	chr14	74879891	74883891	0.496	0.489	1.9682872384547279	1.9237371137113368	0.51275	0.50825
HTR1B	SYN3	chr6	77461491	77465491	chr22	33056381	33060381	0.719	0.723	0.6170611800476205	0.6298701555310384	0.5465	0.54475
PHIP	ADAM10	chr6	79076287	79080287	chr15	58747791	58751791	0.246	0.276	1.3805350322807963	1.368031999225911	0.49925	0.49825
SYNCRIP	DIDO1	chr6	85642063	85646063	chr20	62935952	62939952	0.249	0.235	1.4546665340886402	1.4396736785086803	0.582	0.5765
ZNF292	MED1	chr6	87149803	87153803	chr17	39449272	39453272	0.161	0.172	1.2237995553975871	1.185048937908208	0.4675	0.4715
CNR1	KIAA1549L	chr6	88164347	88168347	chr11	33374108	33378108	0.694	0.711	1.5427980493667486	1.5196442654090754	0.55125	0.55375
USP45	GFM2	chr6	99519728	99523728	chr5	74765147	74769147	1.09	1.066	1.273128646431102	1.3229363224251016	0.4535	0.4545
GRIK2	OMG	chr6	100960701	100964701	chr17	31295539	31299539	0.477	0.565	1.9844314429446024	1.8002371651987112	0.332	0.33225
HS3ST5	CDH5	chr6	114341023	114345023	chr16	66364690	66368690	0.679	0.661	0.9593605530487925	1.0145814365189405	0.56025	0.5605
FRK	CXCL11	chr6	116058891	116062891	chr4	76039415	76043415	1.016	1.016	0.352678295829289	0.3071964211494126	0.40075	0.40175
NUS1	DDI2	chr6	117673469	117677469	chr1	15615458	15619458	0.182	0.223	1.2137567524064838	1.1512319084299527	0.50775	0.5025
PLN	CSN1S1	chr6	118546296	118550296	chr4	69929068	69933068	1.704	1.815	0.40374490686928116	0.26879623424316285	0.2955	0.3135
MED23	RHOBTB3	chr6	131626242	131630242	chr5	95711522	95715522	0.768	0.771	1.4633972223848581	1.5201204864047129	0.41	0.40775
PEX7	SLC35D1	chr6	136820564	136824564	chr1	67052148	67056148	0.941	0.981	1.0023090744989953	0.9939112695353055	0.48125	0.4815
HIVEP2	EPC1	chr6	142954698	142958698	chr10	32376798	32380798	0.114	0.229	1.5913974385601668	1.560252248092208	0.37725	0.36825
EPM2A	ATP23	chr6	145734023	145738023	chr12	57904039	57908039	1.191	1.16	1.172798436460888	1.1712787680669514	0.45625	0.45425
STXBP5	CUL9	chr6	147202180	147206180	chr6	43180184	43184184	0.344	0.334	1.4339377606468366	1.437450891363128	0.51325	0.50975
SASH1	RAP1A	chr6	148270304	148274304	chr1	111540218	111544218	0.412	0.433	1.6280280602751398	1.6959236263691153	0.42125	0.42225
SYNE1	IFT20	chr6	152635801	152639801	chr17	28333489	28337489	0.564	0.529	1.8174331441113845	1.8297256377655908	0.52975	0.528
ARID1B	CNOT4	chr6	156774020	156778020	chr7	135508145	135512145	0.205	0.236	1.1432428230963505	1.1538697191304348	0.45625	0.458
RPS6KA2	TMOD1	chr6	166904451	166908451	chr9	97499180	97503180	0.624	0.594	1.853912264979761	1.8514943939548654	0.5345	0.53475
DLL1	NFAT5	chr6	170304565	170308565	chr16	69563094	69567094	0.236	0.235	1.1120181736538937	1.0834847030216714	0.53575	0.53725
PRKAR1B	DMTN	chr7	725650	729650	chr8	22046995	22050995	0.686	0.695	2.474838113105411	2.421088719222958	0.6295	0.62625
BRAT1	MRPL20	chr7	2553694	2557694	chr1	1405293	1409293	1.39	1.41	1.8673331127417825	1.8133180641024225	0.5595	0.55375
CARD11	PIK3AP1	chr7	3042228	3046228	chr10	96718514	96722514	0.364	0.34	0.636664386650642	0.6226367101606058	0.549	0.5485
SLC29A4	G3BP1	chr7	5272369	5276369	chr5	151769045	151773045	1.186	1.161	1.3244635450939495	1.306697314517532	0.574	0.56725
ACTB	PEA15	chr7	5561902	5565902	chr1	160203380	160207380	0.193	0.24	3.331338201334893	3.344313661234556	0.5525	0.53925
GRID2IP	SLFN5	chr7	6549461	6553461	chr17	35241071	35245071	0.896	0.888	0.7431803913357314	0.7396237606073442	0.51925	0.5225
COL28A1	P2RY13	chr7	7533873	7537873	chr3	151327549	151331549	1.124	1.133	0.7147160931805674	0.6585942008803531	0.3615	0.35325
ICA1	TACC1	chr7	8260687	8264687	chr8	38726186	38730186	0.75	0.758	1.549874656656962	1.550801732447014	0.48	0.47725
NXPH1	SIPA1L2	chr7	8431609	8435609	chr1	232628571	232632571	0.426	0.412	1.1275259245876943	1.1919202684077972	0.546	0.54725
AGMO	NXPE4	chr7	15560015	15564015	chr11	114593786	114597786	1.561	1.571	0.15431835397597576	0.029288465970858758	0.35875	0.352
NFE2L3	ZNF605	chr7	26150198	26154198	chr12	132954306	132958306	1.802	1.775	1.224773838943306	1.2846382431830425	0.55875	0.56375
PDE1C	COA7	chr7	32426131	32430131	chr1	52696347	52700347	0.843	0.867	1.1545304793731141	1.147314519095743	0.4905	0.49275
ABCA13	CCDC141	chr7	48169458	48173458	chr2	179048137	179052137	1.063	1.052	0.03668409674980092	0.06889166602666827	0.41275	0.4105
DDC	ZNF829	chr7	50563405	50567405	chr19	36914291	36918291	0.922	0.911	0.5609355087533866	0.5450459663524915	0.46	0.4595
ZNF713	PLAGL1	chr7	55885456	55889456	chr6	144062599	144066599	1.016	1.017	0.6145787572304868	0.6308589042925589	0.509	0.5085
KCTD7	MAVS	chr7	66626881	66630881	chr20	3844799	3848799	0.902	0.898	1.3899754219238667	1.3820801098081328	0.55775	0.556
AUTS2	ZNF496	chr7	69596296	69600296	chr1	247329867	247333867	0.232	0.3	1.1675152333957022	1.1435362653250167	0.619	0.62
STX1A	SF3B2	chr7	73717672	73721672	chr11	66048729	66052729	0.257	0.252	2.2012468706807153	2.1869704540422217	0.59825	0.5945
GTF2I	ZNF608	chr7	74648231	74652231	chr5	124746807	124750807	0.195	0.161	1.2100106851496832	1.2167516067018322	0.423	0.41875
GNAI1	RPH3A	chr7	79766028	79770028	chr12	112568380	112572380	0.627	0.639	1.965322609092958	1.996591781590066	0.433	0.428
CACNA2D1	PCGF1	chr7	82441956	82445956	chr2	74505695	74509695	0.437	0.446	1.269898034670856	1.2916840214229417	0.52075	0.52025
PCLO	TPR	chr7	83160930	83164930	chr1	186373693	186377693	0.191	0.203	1.5215146577762	1.5216793063115595	0.4185	0.428
ADAM22	AHSA1	chr7	87932143	87936143	chr14	77455870	77459870	0.518	0.505	1.927565392412919	1.9700003253774394	0.477	0.47375
AKAP9	NEMF	chr7	91938840	91942840	chr14	49850821	49854821	0.662	0.687	1.3663743882455943	1.3547344479358163	0.446	0.4455
PON1	RAB38	chr7	95322532	95326532	chr11	88173443	88177443	1.159	1.189	0.2476438628293628	0.16973290414287726	0.4625	0.459
DLX6	CTPS1	chr7	97003553	97007553	chr1	40977300	40981300	0.379	0.423	1.0312795707639448	1.0558330320209424	0.5605	0.56125
TRRAP	KMT2D	chr7	98875933	98879933	chr12	49058794	49062794	0.115	0.141	1.4114345021650045	1.4532602263340184	0.58375	0.57775
SMURF1	CSRNP1	chr7	99142108	99146108	chr3	39152562	39156562	0.604	0.614	1.2001196780753127	1.2349422589255483	0.5965	0.59675
AZGP1	NHLRC3	chr7	99974042	99978042	chr13	39036306	39040306	1.141	1.154	1.2741231967257753	1.2861464695863911	0.464	0.469
TAF6	NAE1	chr7	100117841	100121841	chr16	66871256	66875256	0.827	0.847	1.6938227644636723	1.7068073623324596	0.5135	0.5155
GIGYF1	ATP13A2	chr7	100692250	100696250	chr1	17009928	17013928	0.735	0.713	2.0844082467439025	2.0738759138508596	0.582	0.588
ACHE	PPP1CA	chr7	100894974	100898974	chr11	67419183	67423183	0.546	0.554	1.8583693421987477	1.8550124861895667	0.635	0.62975
MUC12	KLHL40	chr7	100967565	100971565	chr3	42683537	42687537	1.115	1.128	0.11024011406901517	0.07098525773938745	0.56725	0.56775
SERPINE1	CPSF2	chr7	101125104	101129104	chr14	92119969	92123969	0.685	0.651	0.859664777855454	0.8506492978978094	0.52925	0.52825
CUX1	ZBTB46	chr7	101813904	101817904	chr20	63830038	63834038	0.277	0.379	1.6070376855884239	1.648359035037179	0.70575	0.70925
RELN	BRD2	chr7	103987658	103991658	chr6	32966594	32970594	0.276	0.28	2.2101793520405595	2.2277453431689676	0.5335	0.54225
KMT2E	BAZ2A	chr7	104938943	104942943	chr12	56634816	56638816	0.217	0.226	1.7574476551383187	1.7165633892933032	0.5245	0.522
PIK3CG	ABCB4	chr7	106863278	106867278	chr7	87478435	87482435	0.656	0.623	0.15927054460233145	0.09023335636094966	0.3825	0.37725
LAMB1	FAM171A2	chr7	108001213	108005213	chr17	44361853	44365853	0.601	0.599	1.5654617387033813	1.5562228728128196	0.57175	0.57175
NRCAM	TCF25	chr7	108454717	108458717	chr16	89871570	89875570	0.652	0.672	1.9963925750805698	1.9441444817349935	0.5885	0.5825
IMMP2L	SCGB1D2	chr7	111560517	111564517	chr11	62240239	62244239	1.758	1.705	0.5632971239115789	0.6193104235989729	0.48375	0.483
DOCK4	UVRAG	chr7	112204407	112208407	chr11	75813210	75817210	0.445	0.468	1.2771024328225855	1.2512073618454775	0.53125	0.52875
GPR85	NPIPB4	chr7	113085778	113089778	chr16	21878827	21882827	0.594	0.651	0.9002179679581553	0.8432396320457918	0.39025	0.388
FOXP2	HNF1B	chr7	114084327	114088327	chr17	37743059	37747059	0.157	0.239	0.2981519654183395	0.0838987507460185	0.602	0.60175
MET	ZNF322	chr7	116670196	116674196	chr6	26657752	26661752	0.446	0.425	0.6446404254819001	0.6389153553147492	0.4555	0.45025
ST7	FAM222B	chr7	116951238	116955238	chr17	28853232	28857232	0.52	0.536	1.4171061673925929	1.3656582997574225	0.494	0.48975
CTTNBP2	RIMKLA	chr7	117872139	117876139	chr1	42378792	42382792	0.774	0.759	1.175616170659792	1.1653778889870694	0.49875	0.50075
KCND2	FBL	chr7	120271175	120275175	chr19	39844379	39848379	0.428	0.409	1.8946809604479564	1.8963167356267674	0.50925	0.5065
CADPS2	PPP2CB	chr7	122884759	122888759	chr8	30812314	30816314	0.699	0.741	2.2729966395645573	2.1809741292321436	0.49075	0.485
NDUFA5	GNL3	chr7	123555904	123559904	chr3	52679156	52683156	1.407	1.378	1.7207677165391466	1.7026329876698836	0.4045	0.40325
GPR37	LDHA	chr7	124763792	124767792	chr11	18392560	18396560	0.665	0.613	2.1839300388078535	2.2097722980109986	0.552	0.549
POT1	JAML	chr7	124927983	124931983	chr11	118223092	118227092	0.871	0.836	1.0161237096688394	1.0804027893047006	0.41025	0.40725
SND1	ACLY	chr7	127650194	127654194	chr17	41928542	41932542	0.386	0.401	1.7063088923537542	1.663128711820299	0.49225	0.487
LRRC4	JAKMIP1	chr7	128030107	128034107	chr4	6198591	6202591	0.459	0.391	1.7374606135691222	1.7453184280471994	0.63375	0.63225
LEP	MEOX1	chr7	128239278	128243278	chr17	43659922	43663922	1.139	1.142	0.028214643267314793	0.016613332189877275	0.53225	0.534
UBE2H	DHX9	chr7	129950960	129954960	chr1	182837347	182841347	0.244	0.263	1.9242968642923064	1.9406987308404893	0.50625	0.5065
CEP41	CMTM1	chr7	130440433	130444433	chr16	66564393	66568393	1.066	1.038	0.6970051610495223	0.7705898836776884	0.4485	0.45
PLXNA4	HEATR1	chr7	132646688	132650688	chr1	236602516	236606516	0.289	0.312	0.9731883734009481	0.8742289371555167	0.42625	0.43525
UBN2	IREB2	chr7	139228356	139232356	chr15	78435431	78439431	0.362	0.389	1.2643195147635857	1.2313548848398652	0.494	0.49175
BRAF	PSMA2	chr7	140922929	140926929	chr7	42930185	42934185	0.237	0.243	1.4560637440271071	1.462689925361826	0.471	0.47
EPHA1	CYP2S1	chr7	143406856	143410856	chr19	41191210	41195210	0.989	0.993	0.7273419563464082	0.6818605699778871	0.5365	0.5325
CNTNAP2	CBX5	chr7	146114002	146118002	chr12	54278133	54282133	0.721	0.726	1.4316499824817506	1.451021526795773	0.4605	0.45725
KMT2C	CPEB1	chr7	152434644	152438644	chr15	82646861	82650861	0.202	0.177	1.4419479423771313	1.4097370551106205	0.57875	0.581
DPP6	BSDC1	chr7	153746133	153750133	chr1	32392731	32396731	0.751	0.763	1.9177506828058484	1.9017067299933357	0.504	0.50075
EN2	PITPNM1	chr7	155456129	155460129	chr11	67504263	67508263	0.775	0.737	1.9048712792592977	1.904661998822501	0.65625	0.6555
UBE3C	TOMM40	chr7	157136926	157140926	chr19	44888569	44892569	0.427	0.456	1.6435385398611688	1.6062480463434206	0.5595	0.558
DLGAP2	SEMA3F	chr8	735628	739628	chr3	50153045	50157045	0.425	0.416	0.8864529342681946	0.8214336056261439	0.6365	0.6335
CLN8	SNRPF	chr8	1753778	1757778	chr12	95856952	95860952	1.183	1.174	1.3422824995271208	1.359535734693911	0.47675	0.4755
ARHGEF10	IFRD2	chr8	1821926	1825926	chr3	50290918	50294918	1.062	1.069	1.4101409266090832	1.4124756676709533	0.58025	0.5815
CSMD1	ACAP1	chr8	4992972	4996972	chr17	7334529	7338529	0.586	0.579	0.7468139503093858	0.7886914727826259	0.5425	0.54375
MCPH1	NBPF11	chr8	6404592	6408592	chr1	148150322	148154322	1.342	1.324	0.8368992066147961	0.8529981539392159	0.4935	0.493
MSR1	TRDN	chr8	16565490	16569490	chr6	123635189	123639189	1.366	1.359	0.6504687748118799	0.5396280299283454	0.34875	0.344
PCM1	EPM2AIP1	chr8	17920842	17924842	chr3	36991131	36995131	0.7	0.691	1.7017199183749383	1.6882907604098727	0.4645	0.46375
PSD3	TRPC4AP	chr8	19082730	19086730	chr20	35090807	35094807	0.571	0.564	2.0749589886692474	2.0272313330795817	0.499	0.49625
EGR3	PATZ1	chr8	22691480	22695480	chr22	31344346	31348346	0.396	0.331	1.4192434501477311	1.4095595032089456	0.66425	0.65725
RHOBTB2	IL16	chr8	22985417	22989417	chr15	81157575	81161575	0.761	0.775	1.8075431456468556	1.8231963483231193	0.53325	0.53475
DPYSL2	ATXN2L	chr8	26512031	26516031	chr16	28820999	28824999	0.29	0.297	2.381851222157608	2.361092924552222	0.59175	0.59175
KIF13B	EIF4E2	chr8	29261124	29265124	chr2	232548659	232552659	0.738	0.726	1.5202646927614534	1.5046475347940327	0.49775	0.49675
DDHD2	ACBD5	chr8	38223218	38227218	chr10	27241046	27245046	0.758	0.734	1.7305133819156395	1.6856692008890815	0.45275	0.44525
FGFR1	KIF3C	chr8	38466834	38470834	chr2	25980749	25984749	0.274	0.266	2.0899015805755985	2.065829838133072	0.58	0.58225
KAT6A	CNOT6L	chr8	42049994	42053994	chr4	77817615	77821615	0.083	0.169	1.3695460925835323	1.2338308800350246	0.5725	0.573
CHRNB3	CDH26	chr8	42695366	42699366	chr20	59956423	59960423	1.066	1.032	0.4655360173527184	0.4422711949222688	0.4275	0.4235
PRKDC	MSL2	chr8	47958178	47962178	chr3	136195241	136199241	0.183	0.169	1.3211798812731501	1.3204246440660028	0.536	0.541
MCM4	UXS1	chr8	47958185	47962185	chr2	106192301	106196301	0.806	0.805	1.4011643720392988	1.380589275244709	0.53625	0.538
RAB2A	ECHDC2	chr8	60514936	60518936	chr1	52925212	52929212	1.024	1.033	1.919156049087161	1.8966562659067912	0.505	0.50325
CHD7	SAMD4B	chr8	60676740	60680740	chr19	39340421	39344421	0.109	0.142	1.721482504195257	1.622987600847962	0.6025	0.5925
FABP5	TOM1	chr8	81278536	81282536	chr22	35297275	35301275	0.839	0.866	1.6962899724264737	1.6523362857795576	0.52025	0.52
CNGB3	MYH1	chr8	86741675	86745675	chr17	10516542	10520542	1.044	1.035	0.09016984444479326	0.07742822986756352	0.361	0.368
SDC2	ZNF76	chr8	96491813	96495813	chr6	35256909	35260909	1.167	1.197	1.5965839016696324	1.598809103357882	0.5315	0.53175
VPS13B	ZNF691	chr8	99011266	99015266	chr1	42844573	42848573	0.708	0.728	0.9814335039353339	0.9668829218293868	0.4485	0.4525
UBR5	BPTF	chr8	102410759	102414759	chr17	67823503	67827503	0.073	0.09	1.5622892948981184	1.575603459860452	0.54775	0.5535
EXT1	IGSF3	chr8	118109826	118113826	chr1	116665755	116669755	0.339	0.289	0.7756089918614822	0.7575182518229089	0.54475	0.54875
TBC1D31	ISLR2	chr8	123039968	123043968	chr15	74098311	74102311	0.88	0.875	0.945606434516219	0.9786269120514891	0.48525	0.48275
EFR3A	SSR2	chr8	131902093	131906093	chr1	156018951	156022951	0.967	0.987	1.8766640336905893	1.8911135489206032	0.4765	0.48125
KCNQ3	LMNA	chr8	132479095	132483095	chr1	156080572	156084572	0.458	0.412	1.3725603765680037	1.4100801164289076	0.5995	0.5965
TRAPPC9	FOXRED2	chr8	140456579	140460579	chr22	36505221	36509221	0.786	0.798	1.3502499571444864	1.3556660281570085	0.55975	0.559
AGO2	DLL4	chr8	140633633	140637633	chr15	40927340	40931340	0.102	0.197	1.2035061080491587	1.1247682425625072	0.63775	0.64075
CYP11B1	SPATA22	chr8	142877846	142881846	chr17	3511852	3515852	0.923	0.913	0.09015749382687455	0.1499783100239928	0.50025	0.502
EPPK1	C1QTNF8	chr8	143876467	143880467	chr16	1094711	1098711	1.929	1.924	0.15950703747732173	0.1975906577331559	0.67775	0.68025
ZNF517	DNAJC30	chr8	144796876	144800876	chr7	73681453	73685453	1.473	1.484	1.2713373465077618	1.2247168931528425	0.56475	0.56175
DOCK8	HOXD3	chr9	212854	216854	chr2	176134612	176138612	0.622	0.637	0.7195334686427646	0.7215591955499688	0.4895	0.48425
KANK1	MRPS15	chr9	468291	472291	chr1	36462384	36466384	1.149	1.155	1.4444008339004135	1.4221990288152717	0.496	0.4985
SMARCA2	RB1CC1	chr9	1978290	1982290	chr8	52743843	52747843	0.317	0.293	1.5680455847427237	1.6476254812923778	0.42	0.4245
RFX3	VCAN	chr9	3524004	3528004	chr5	83469618	83473618	0.212	0.223	0.9690616221664035	0.958152805063628	0.50225	0.49475
SLC1A1	MPI	chr9	4488468	4492468	chr15	74888005	74892005	1.043	1.04	1.327050220139486	1.339342108568312	0.54675	0.5445
MLANA	LCE1C	chr9	5888889	5892889	chr1	152804651	152808651	1.933	1.929	0.10586258668796662	0.10858734670725327	0.43275	0.4395
KDM4C	NOL11	chr9	6718863	6722863	chr17	67715931	67719931	0.813	0.803	1.545380111397853	1.5292942951867412	0.46975	0.46775
PTPRD	SNW1	chr9	10611002	10615002	chr14	77759207	77763207	0.204	0.216	1.8164103435661767	1.817310138304877	0.47375	0.476
NFIB	MBNL1	chr9	14396983	14400983	chr3	152241828	152245828	0.3	0.317	1.3756672711621765	1.377422824544111	0.36	0.34925
SLC24A2	COG2	chr9	19787037	19791037	chr1	230640481	230644481	0.727	0.724	1.5060393706917803	1.5028611974637514	0.4695	0.4705
ELAVL2	STAT1	chr9	23824337	23828337	chr2	191018960	191022960	0.249	0.271	1.4542318437735087	1.458719413199072	0.45025	0.44975
TEK	PPARGC1A	chr9	27107141	27111141	chr4	23902089	23906089	0.368	0.38	0.8734002442366593	0.909722868961648	0.3815	0.37675
PIGO	RAD9A	chr9	35094619	35098619	chr11	67315871	67319871	0.89	0.866	1.2843901225916299	1.297679551937313	0.5295	0.53075
CCIN	IL27	chr9	36167388	36171388	chr16	28510051	28514051	0.683	0.702	0.08055073127747549	0.059490713873101286	0.51175	0.509
RNF38	MYO18A	chr9	36485548	36489548	chr17	29178398	29182398	0.381	0.414	1.5626829593169804	1.5454135117667716	0.57925	0.5745
PAX5	BNC2	chr9	37032268	37036268	chr9	16868843	16872843	0.361	0.365	0.12586464190070226	0.15009759289514008	0.54075	0.551
CNTNAP3	BTBD8	chr9	39286315	39290315	chr1	92078305	92082305	0.732	0.753	0.4663974979014962	0.46646426552876713	0.44125	0.445
GDA	GNB5	chr9	72112595	72116595	chr15	52189392	52193392	1.178	1.155	1.5796635776118422	1.624759454165626	0.424	0.4185
ANXA1	EVI2B	chr9	73149865	73153865	chr17	31312105	31316105	1.182	1.187	1.2457667544473905	1.257097527426983	0.3255	0.348
RORB	RIF1	chr9	74495335	74499335	chr2	151407883	151411883	0.257	0.254	1.255868045129119	1.2096463553569858	0.4975	0.491
PRUNE2	GBF1	chr9	76904114	76908114	chr10	102243371	102247371	0.689	0.642	1.890220313848125	1.8305033410033573	0.474	0.4725
HNRNPK	RAC1	chr9	83978631	83982631	chr7	6372527	6376527	0.242	0.25	2.495791246316354	2.5468337406214916	0.52925	0.533
PHF2	ADGRB1	chr9	93574584	93578584	chr8	142447430	142451430	0.329	0.372	1.837578338246397	1.834203820226136	0.668	0.672
GABBR2	CHD5	chr9	98706935	98710935	chr1	6178321	6182321	0.394	0.383	1.9294792118226063	1.9417896100125667	0.6485	0.6425
CYLC2	TECRL	chr9	102993311	102997311	chr4	64407468	64411468	1.608	1.563	0.0	0.019526079355977482	0.31025	0.31125
ZNF462	MYC	chr9	106861166	106865166	chr8	127733434	127737434	0.082	0.128	0.7895785970887463	0.6340084628489103	0.5445	0.5335
FRRS1L	SEC61B	chr9	109165249	109169249	chr9	99220064	99224064	1.41	1.39	1.7379039528455917	1.734585428754177	0.49525	0.50075
ASTN2	BCL11B	chr9	117413070	117417070	chr14	99270197	99274197	0.473	0.462	1.2276656464376283	1.2560679826882792	0.58475	0.588
LHX2	INTS3	chr9	123999670	124003670	chr1	153726050	153730050	0.368	0.342	1.7449052586718228	1.7782634286357348	0.51875	0.522
LMX1B	NFATC1	chr9	126611928	126615928	chr18	79393856	79397856	0.409	0.461	0.4592703252562882	0.58692808085615	0.694	0.6755
STXBP1	RPS8	chr9	127577370	127581370	chr1	44773251	44777251	0.099	0.104	2.5664410278209653	2.6122952655062015	0.5265	0.5265
DNM1	NISCH	chr9	128189655	128193655	chr3	52453118	52457118	0.417	0.488	2.5738134868324845	2.5690987302613104	0.597	0.60325
SLC27A4	SGSM1	chr9	128338527	128342527	chr22	24804169	24808169	0.661	0.673	1.5918567499853442	1.5376503798117396	0.55725	0.559
SPTAN1	RPL26	chr9	128550558	128554558	chr17	8381213	8385213	0.222	0.258	2.5394625242255358	2.523379632156281	0.5285	0.519
SET	PRKAR1A	chr9	128681424	128685424	chr17	68509780	68513780	0.167	0.158	2.139164115249907	2.104452967322291	0.52075	0.52325
POMT1	PER3	chr9	131500789	131504789	chr1	7782291	7786291	1.002	1.009	1.819865589128318	1.9278752063432896	0.575	0.57775
TSC1	TIAL1	chr9	132944874	132948874	chr10	119595029	119599029	0.227	0.213	1.7814013342187456	1.8166329829137664	0.51475	0.51775
KCNT1	SRCIN1	chr9	135700185	135704185	chr17	38603952	38607952	0.682	0.704	1.9807821292236856	1.947769851387095	0.65	0.65425
NOTCH1	ZNF423	chr9	136544048	136548048	chr16	49855919	49859919	0.217	0.196	1.0530976596282826	0.9534373536548344	0.69375	0.67125
GRIN1	ADAM11	chr9	137136346	137140346	chr17	44756988	44760988	0.574	0.584	2.3499648591054676	2.373518854969121	0.642	0.635
PNPLA7	C1orf159	chr9	137548402	137552402	chr1	1114361	1118361	1.154	1.128	1.1234073231603074	1.1449787380200307	0.63775	0.6415
EHMT1	ZBTB2	chr9	137616992	137620992	chr6	151389559	151393559	0.159	0.179	1.0514921044451304	1.0437080038536104	0.57375	0.5755
CACNA1B	HS6ST1	chr9	137875782	137879782	chr2	128316868	128320868	0.425	0.421	1.7201799836031895	1.7659507916896076	0.66975	0.66975
ZMYND11	ARCN1	chr10	128088	132088	chr11	118570390	118574390	0.166	0.145	1.9948953868531152	1.931113960470314	0.42375	0.433
DIP2C	FOSL2	chr10	687668	691668	chr2	28390448	28394448	0.235	0.279	1.449836178310355	1.2486107449683037	0.6535	0.6355
CELF2	RABGAP1	chr10	10796397	10800397	chr9	122938833	122942833	0.294	0.241	1.5630833933861716	1.564977177446204	0.442	0.4435
UPF2	NF2	chr10	12041170	12045170	chr22	29601553	29605553	0.159	0.187	1.4868114706316942	1.4973526716380687	0.51125	0.515
CACNB2	LRRC59	chr10	18138424	18142424	chr17	50395523	50399523	0.77	0.782	1.4570867280982358	1.4634345739170533	0.5275	0.5265
MKX	FRMD3	chr10	27744060	27748060	chr9	83536546	83540546	0.575	0.563	0.68574800672481	0.7189316185196987	0.55575	0.55625
WAC	EIF5A	chr10	28530493	28534493	chr17	7304999	7308999	0.248	0.278	2.2129090527193838	2.2168913203122105	0.565	0.56775
HNRNPF	CAMTA1	chr10	43407186	43411186	chr1	6783454	6787454	0.233	0.227	1.7555272810385705	1.7309557973416145	0.597	0.59525
WDFY4	ZNF460	chr10	48682873	48686873	chr19	57278051	57282051	0.528	0.548	0.4619994622246879	0.4352007258887565	0.49175	0.495
PCDH15	RSPH4A	chr10	55625942	55629942	chr6	116614479	116618479	0.819	0.816	0.5302650296268802	0.5081754056463934	0.438	0.43375
ANK3	CKAP5	chr10	60731490	60735490	chr11	46844308	46848308	0.16	0.143	1.775391971696612	1.7999309263612038	0.48575	0.481
JMJD1C	EIF3A	chr10	63519850	63523850	chr10	119078817	119082817	0.157	0.18	1.74862597822379	1.79172151861314	0.50075	0.50825
REEP3	LGALS3	chr10	63519401	63523401	chr14	55122110	55126110	1.184	1.152	1.6472489441568021	1.678824189471553	0.48825	0.4915
CTNNA3	ICA1L	chr10	67761637	67765637	chr2	202869766	202873766	0.875	0.858	1.4807138933627093	1.5001541102873064	0.4585	0.4595
ADK	IFI27L1	chr10	74149202	74153202	chr14	94079301	94083301	0.893	0.894	1.1804011661659737	1.1895071573733218	0.46925	0.46625
KCNMA1	TMEM132B	chr10	77636369	77640369	chr12	125184386	125188386	0.331	0.288	1.1962508186713305	1.2592138841851415	0.6315	0.63075
ZMIZ1	GSE1	chr10	79066966	79070966	chr16	85167525	85171525	0.22	0.356	1.6209029435059124	1.5493785069615362	0.6825	0.67425
DYDC1	REN	chr10	80354755	80358755	chr1	204188324	204192324	1.06	1.069	0.029069916978400584	0.050260241158306934	0.51725	0.51775
DYDC2	CEACAM21	chr10	80342745	80346745	chr19	41547518	41551518	1.404	1.429	0.7031391333706529	0.6612294500741193	0.40475	0.4035
GRID1	NTN1	chr10	86364795	86368795	chr17	9019510	9023510	0.4	0.444	1.1597145396313395	1.102210669420494	0.6615	0.65075
PTEN	ABCG4	chr10	87860638	87864638	chr11	119147052	119151052	0.685	0.694	1.699946069258578	1.6932237902701843	0.5825	0.581
BTAF1	SMARCAD1	chr10	91921770	91925770	chr4	94205611	94209611	0.213	0.257	1.4300911880339493	1.4238223653239515	0.439	0.43425
EXOC6	TTC8	chr10	92824831	92828831	chr14	88822153	88826153	0.788	0.8	0.9719471868644043	1.0120125476351445	0.41725	0.41575
LGI1	HDAC2	chr10	93755840	93759840	chr6	114009308	114013308	0.33	0.367	1.342377274934658	1.3080391011828774	0.4325	0.43375
SLC35G1	P4HA3	chr10	93891973	93895973	chr11	74309640	74313640	1.03	1.019	0.4251395244394134	0.47022079488773183	0.4835	0.486
BTRC	EDC3	chr10	101352033	101356033	chr15	74694292	74698292	0.643	0.656	1.4541631686706753	1.4089332649253257	0.4565	0.4565
LDB1	MYT1	chr10	102118368	102122368	chr20	64100394	64104394	0.24	0.257	1.8006772203142694	1.8398411693465777	0.59625	0.59325
SORCS3	MSI1	chr10	104639290	104643290	chr12	120367164	120371164	0.515	0.524	0.9927443357390864	0.9739600695016608	0.63575	0.645
SMC3	DHX15	chr10	110565684	110569684	chr4	24582554	24586554	0.132	0.156	1.6701094186354573	1.5969905310953354	0.49625	0.4985
TCF7L2	CCNYL1	chr10	112948247	112952247	chr2	207709540	207713540	0.474	0.514	0.8721527750605284	0.8889137463330224	0.52425	0.5245
DOCK1	PDE8A	chr10	126903409	126907409	chr15	84978440	84982440	0.637	0.631	1.6085238941902404	1.6031335421988073	0.62275	0.6265
EBF3	IKZF1	chr10	129971053	129975053	chr7	50302068	50306068	0.353	0.32	0.4980430011395655	0.507236358095311	0.57825	0.581
HRAS	CBFA2T3	chr11	535321	539321	chr16	88975207	88979207	0.893	0.957	1.8955126003159732	1.8065103192710856	0.6625	0.654
PHRF1	RAB11FIP4	chr11	574470	578470	chr17	31389675	31393675	0.573	0.536	1.6750805279822227	1.7253520770150839	0.64275	0.64825
DEAF1	SQSTM1	chr11	705118	709118	chr5	179804398	179808398	1.18	1.13	1.996908135087869	1.8805477913082718	0.69225	0.6825
SLC25A22	ABTB1	chr11	796281	800281	chr3	127670935	127674935	1.014	1.003	2.239184319501786	2.283491190988162	0.65675	0.65275
TSPAN4	KLHL21	chr11	840812	844812	chr1	6612607	6616607	1.616	1.647	1.5004231099686798	1.4267503015181342	0.66675	0.6695
BRSK2	GPS1	chr11	1387899	1391899	chr17	82048691	82052691	0.361	0.337	2.1350531029779987	2.0937087849825606	0.697	0.69125
CTSD	SYNGR1	chr11	1762573	1766573	chr22	39347925	39351925	0.886	0.901	2.505769762667378	2.575109295205479	0.58025	0.5845
OR52M1	OR2A12	chr11	4543191	4547191	chr7	144084278	144088278	1.922	1.922	0.0	0.0	0.42275	0.4215
APBB1	PABPN1	chr11	6417414	6421414	chr14	23319457	23323457	0.401	0.369	2.51731468566477	2.536056947003669	0.51375	0.52425
TPP1	PEF1	chr11	6617448	6621448	chr1	31642896	31646896	0.78	0.787	1.906636141640952	1.905446146015804	0.4835	0.48525
KCNC1	INPP5A	chr11	17732774	17736774	chr10	132535787	132539787	0.363	0.356	1.970820900494702	1.9724800871716888	0.644	0.6355
NAV2	RC3H2	chr11	19348724	19352724	chr9	122903359	122907359	0.288	0.309	1.2934332737544323	1.2892320959227621	0.453	0.454
GAS2	HELQ	chr11	22623509	22627509	chr4	83453855	83457855	0.755	0.742	0.9917420477100767	0.9832635471398788	0.44275	0.4385
ELP4	GBP4	chr11	31507755	31511755	chr1	89196942	89200942	1.377	1.362	0.7595945749184506	0.7410924803342942	0.38675	0.398
CAPRIN1	RANBP9	chr11	34049731	34053731	chr6	13709835	13713835	0.372	0.319	1.739699687184149	1.7310542299802962	0.559	0.558
LRRC4C	ATF7IP	chr11	41457773	41461773	chr12	14363676	14367676	0.297	0.294	1.1395768633675347	1.287889027778387	0.3905	0.39375
PHF21A	UBE2F	chr11	46119454	46123454	chr2	237964827	237968827	0.149	0.148	1.4322427225573853	1.4772240255863067	0.5765	0.57975
SSRP1	DDX1	chr11	57333892	57337892	chr2	15589178	15593178	0.341	0.33	2.009977509030925	2.0488145618726117	0.5015	0.5005
CTNND1	DCAF7	chr11	57751243	57755243	chr17	63548222	63552222	0.187	0.235	1.6041709525280745	1.5847946768329544	0.5095	0.50825
CPSF7	HNRNPUL1	chr11	61428031	61432031	chr19	41260496	41264496	0.13	0.2	1.933810610558668	1.850379696286356	0.4975	0.50125
DAGLA	DAG1	chr11	61678391	61682391	chr3	49466713	49470713	0.305	0.298	1.445203969869508	1.4083027299005741	0.575	0.57
AHNAK	AP4B1	chr11	62554235	62558235	chr1	113903712	113907712	0.793	0.777	1.4688463345595448	1.4894690954490855	0.52925	0.525
HNRNPUL2	WSB2	chr11	62725457	62729457	chr12	118060430	118064430	0.391	0.363	2.239889818340054	2.267439265283557	0.548	0.5475
SLC22A9	TMEM71	chr11	63367785	63371785	chr8	132758712	132762712	1.461	1.516	0.3768359966634301	0.28861404068373286	0.3935	0.389
MARK2	PDPK1	chr11	63836928	63840928	chr16	2535979	2539979	0.287	0.333	1.55614805749329	1.5495464037621294	0.573	0.5785
NRXN2	MORF4L1	chr11	64721197	64725197	chr15	78808487	78812487	0.317	0.271	2.40879604895173	2.418644281636268	0.61675	0.609
SF1	CSNK2B	chr11	64776786	64780786	chr6	31663227	31667227	0.22	0.237	2.404243427469538	2.384315772456271	0.54225	0.5425
POLA2	PDPN	chr11	65259913	65263913	chr1	13581465	13585465	0.699	0.689	1.006877464346579	0.973040061799631	0.5175	0.51825
KCNK7	MAPK15	chr11	65593996	65597996	chr8	143714340	143718340	1.337	1.344	0.778957565326708	0.7769298909175409	0.57525	0.5745
PACS1	RAPGEF1	chr11	66068272	66072272	chr9	131738076	131742076	0.3	0.321	1.7997932205614926	1.7514592526231147	0.58175	0.5825
DPP3	HIF3A	chr11	66478013	66482013	chr19	46295042	46299042	0.827	0.833	1.1494008007050858	1.1564552560432986	0.5545	0.5545
CTSF	CMTM5	chr11	66566879	66570879	chr14	23374773	23378773	1.296	1.245	2.4443102905122576	2.3867343303922746	0.54925	0.55675
KMT5B	SALL1	chr11	68211852	68215852	chr16	51150334	51154334	0.19	0.228	1.5274674933430543	1.5488805626375148	0.63	0.62925
PPFIA1	SAP130	chr11	70268690	70272690	chr2	128026120	128030120	0.224	0.243	1.399069441618594	1.4025519615289297	0.5625	0.56425
SHANK2	KLF12	chr11	71250577	71254577	chr13	74132404	74136404	0.417	0.398	0.9851353498233619	0.9628294345444369	0.62025	0.616
DHCR7	TULP3	chr11	71450868	71454868	chr12	2875223	2879223	1.087	1.059	1.6526253369153754	1.6658285527202907	0.511	0.51275
DLG2	HSF2	chr11	85626335	85630335	chr6	122397551	122401551	0.444	0.409	1.5061747889519381	1.5369508977060933	0.43975	0.4375
GRM5	EHF	chr11	89063982	89067982	chr11	34619093	34623093	0.43	0.483	0.5215800019671769	0.5242506837571299	0.434	0.4295
CNTN5	DNAH6	chr11	99018949	99022949	chr2	84514455	84518455	0.73	0.75	0.49725870200385186	0.46171456980854003	0.40625	0.39925
TRPC6	CASP8	chr11	101870562	101874562	chr2	201231443	201235443	0.708	0.695	0.31200800783872334	0.3459772058942922	0.416	0.415
GUCY1A2	RBPMS	chr11	107016476	107020476	chr8	30382511	30386511	0.704	0.733	0.7805146084262158	0.7043418732326715	0.5425	0.54225
PPP2R1B	C17orf75	chr11	111764389	111768389	chr17	32348023	32352023	0.955	0.949	1.317446951259571	1.3062147995940085	0.45525	0.4555
DIXDC1	CTC1	chr11	111925144	111929144	chr17	8246058	8250058	0.783	0.776	1.724179986461633	1.7071629405943167	0.52225	0.52375
DRD2	SIX3	chr11	113473691	113477691	chr2	44939702	44943702	0.372	0.387	1.7235779797219695	1.7243397799350277	0.57625	0.57675
HTR3A	TVP23C	chr11	113973075	113977075	chr17	15561595	15565595	1.034	1.027	0.5335356606064211	0.5999027130885282	0.4825	0.4805
ZBTB16	STRBP	chr11	114057041	114061041	chr9	123266586	123270586	0.245	0.281	1.0274902719371963	1.0790364570874895	0.605	0.59675
CADM1	MRAS	chr11	115502957	115506957	chr3	138345648	138349648	0.422	0.444	1.8496877703156138	1.8480270733618909	0.55575	0.5525
PAFAH1B2	GPCPD1	chr11	117142284	117146284	chr20	5609006	5613006	0.671	0.691	1.7883847571463025	1.7880134404286945	0.49225	0.4915
KMT2A	AGPAT3	chr11	118434456	118438456	chr21	43863223	43867223	0.065	0.21	1.554421315120436	1.6080262004331665	0.62375	0.62225
MFRP	PPY	chr11	119344705	119348705	chr17	43940476	43944476	1.307	1.313	0.04297851447494917	0.0	0.56275	0.56375
GRIK4	LHX4	chr11	120509746	120513746	chr1	180228264	180232264	0.587	0.589	0.8105315807050391	0.7792955551259583	0.62875	0.62475
TBCEL	FAR2	chr11	121022072	121026072	chr12	29147016	29151016	0.513	0.516	0.9622779205589251	0.9868979747248576	0.49675	0.4955
TECTA	KCNMB2	chr11	121099243	121103243	chr3	178270932	178274932	0.661	0.586	0.6328832789477238	0.6298813576773279	0.38225	0.38
MSANTD2	VWF	chr11	124798706	124802706	chr12	6122770	6126770	0.629	0.639	1.2846134375019473	1.2442622728734356	0.52025	0.51675
SRPRA	NELFE	chr11	126267144	126271144	chr6	31957038	31961038	0.634	0.657	1.7784443002657162	1.7502275168465151	0.50375	0.50025
KIRREL3	RYR1	chr11	127001460	127005460	chr19	38431691	38435691	0.676	0.644	1.3267822173086736	1.3479424752437354	0.509	0.5095
ARHGAP32	DENND5B	chr11	129277324	129281324	chr12	31589136	31593136	0.349	0.351	1.381971988943218	1.3711029740232215	0.552	0.55725
KDM5A	BMP4	chr12	387320	391320	chr14	53956761	53960761	0.27	0.258	0.9329443335727944	0.8862470006717048	0.44425	0.43925
CACNA1C	COL5A2	chr12	1968772	1972772	chr2	189223312	189227312	0.186	0.106	0.9526650894247386	1.1330340670589591	0.35625	0.36675
GALNT8	ZNF506	chr12	4718400	4722400	chr19	19819751	19823751	1.196	1.222	1.234674168097469	1.1760333492640223	0.481	0.4765
KCNA1	UROD	chr12	4907905	4911905	chr1	45008950	45012950	0.935	0.914	1.75621225520085	1.7246722896200175	0.58575	0.5805
STYK1	ZNF429	chr12	10672318	10676318	chr19	21494682	21498682	1.138	1.148	0.8584601967083034	0.8788439500662384	0.44675	0.4495
GRIN2B	LSM12	chr12	13980002	13984002	chr17	44065619	44069619	0.102	0.145	0.8958235031244406	0.8520644092671621	0.50325	0.5095
SLCO1B3	SAMD7	chr12	20808702	20812702	chr3	169909572	169913572	1.151	1.183	0.0	0.004009356588737106	0.3725	0.37475
SOX5	FNDC3B	chr12	24560544	24564544	chr3	172037578	172041578	0.204	0.164	0.6297092200850184	0.5344906288276656	0.54	0.537
CCDC91	CLCA4	chr12	28131249	28135249	chr1	86545078	86549078	1.084	1.078	1.0915614481449725	1.140432616318118	0.35575	0.37225
PRICKLE1	HHIP	chr12	42588355	42592355	chr4	144644156	144648156	0.279	0.293	0.837259436577336	0.878715920805639	0.52975	0.52575
ARID2	ATXN7	chr12	45727706	45731706	chr3	63861155	63865155	0.224	0.257	1.0651762272327983	1.1330148842992815	0.55725	0.55925
VDR	GPR139	chr12	47941048	47945048	chr16	20071890	20075890	0.714	0.728	0.1138394432742438	0.10396749090587319	0.57075	0.57525
ARF3	DYNC1LI2	chr12	48955487	48959487	chr16	66749609	66753609	0.485	0.474	2.429539116650946	2.4047755788217122	0.52525	0.5215
WNT1	MYO7A	chr12	48976322	48980322	chr11	77126246	77130246	0.957	0.995	0.7355054844052145	0.7275558959216744	0.5885	0.582
SCN8A	SP1	chr12	51588266	51592266	chr12	53378176	53382176	0.189	0.169	1.465736687016836	1.4833476200964184	0.52475	0.5205
SMARCC2	CTDNEP1	chr12	56187567	56191567	chr17	7250491	7254491	0.167	0.239	2.140803338291398	2.113525560565234	0.55575	0.554
LRP1	RNPS1	chr12	57126483	57130483	chr16	2266397	2270397	0.118	0.107	2.1040703711236426	2.187732176402713	0.5865	0.59925
MBD6	AKAP1	chr12	57518710	57522710	chr17	57083092	57087092	0.5	0.526	1.692333919884369	1.7018234788079665	0.55875	0.558
AGAP2	VDAC3	chr12	57740157	57744157	chr8	42389624	42393624	0.414	0.422	2.4173720348523213	2.370085431192235	0.48775	0.48825
USP15	ARID5B	chr12	62258338	62262338	chr10	61899684	61903684	0.196	0.211	0.9991601314864834	0.9874423579005924	0.4495	0.4595
AVPR1A	FNDC8	chr12	63149201	63153201	chr17	35119615	35123615	1.264	1.266	0.09650888715416608	0.09104232018356272	0.51525	0.51775
LEMD3	RFK	chr12	65167583	65171583	chr9	76392517	76396517	0.584	0.557	1.4629457619011492	1.4722370326306287	0.49875	0.49675
GRIP1	PIK3R5	chr12	67067162	67071162	chr17	8963712	8967712	0.415	0.442	0.5269592553422459	0.515386312944041	0.56475	0.56875
PTPRB	SLC40A1	chr12	70635440	70639440	chr2	189581758	189585758	0.466	0.445	0.9740536689909589	1.0486165738510989	0.3765	0.3835
KRR1	FBXO8	chr12	75509636	75513636	chr4	174281667	174285667	0.736	0.695	1.2064480643665232	1.192352761799885	0.38525	0.39075
NAV3	FNIP1	chr12	77322641	77326641	chr5	131795017	131799017	0.426	0.394	1.149656267149481	1.144561754542707	0.48975	0.494
CEP290	HYLS1	chr12	88140099	88144099	chr11	125881614	125885614	1.094	1.132	1.0369046327057494	1.0179448181455486	0.42275	0.41675
ANKS1B	ELOC	chr12	99982936	99986936	chr8	73970307	73974307	0.298	0.304	1.412705766366364	1.429230490398132	0.484	0.48075
PAH	PCBD2	chr12	102956410	102960410	chr5	134903120	134907120	1.265	1.303	0.5409685561597775	0.4928246207595517	0.55325	0.5495
NUAK1	ADCY6	chr12	106136954	106140954	chr12	48787089	48791089	0.637	0.639	1.6664964524931167	1.6915464954293542	0.5965	0.59875
CUX2	CRIM1	chr12	111032165	111036165	chr2	36353778	36357778	0.383	0.376	1.2360482790659277	1.2706043127354327	0.598	0.59825
HECTD4	CCAR2	chr12	112380439	112384439	chr8	22602757	22606757	0.292	0.288	1.9174540423443611	1.8775872874414243	0.547	0.5465
PTPN11	TCP1	chr12	112416351	112420351	chr6	159787703	159791703	0.156	0.22	2.040139320570913	2.0428785859500143	0.54075	0.536
MED13L	PTCH1	chr12	116275693	116279693	chr9	95515057	95519057	0.041	0.146	1.5322892693633103	1.5580698561573614	0.56525	0.558
BICDL1	CYTH1	chr12	119987236	119991236	chr17	78780297	78784297	0.444	0.414	1.7920420117518423	1.8152635348527275	0.57675	0.58225
KDM2B	KPNA4	chr12	121580279	121584279	chr3	160563571	160567571	0.266	0.297	1.3982647395103027	1.3803975864431421	0.501	0.501
SETD1B	TLE4	chr12	121802009	121806009	chr9	79569773	79573773	0.109	0.166	1.4989677022895254	1.411996604247897	0.59025	0.59175
DENR	UBR7	chr12	122750824	122754824	chr14	93205241	93209241	0.57	0.609	1.5918089508636848	1.553149687543859	0.49675	0.4955
ATP6V0A2	DEF6	chr12	123710353	123714353	chr6	35295818	35299818	0.603	0.61	1.0286176074947475	1.0611696432049054	0.54775	0.5435
DNAH10	SLC23A3	chr12	123760188	123764188	chr2	219168095	219172095	0.763	0.79	0.4080753772346208	0.340729584492314	0.523	0.52
EP400	ZNF704	chr12	131947942	131951942	chr8	80872781	80876781	0.365	0.384	1.4608437404201784	1.4128098585663158	0.5535	0.552
ZMYM2	EMX2	chr13	19956677	19960677	chr10	117540445	117544445	0.482	0.499	1.3001801189263968	1.3033580773745796	0.58625	0.582
SACS	EMP1	chr13	23431763	23435763	chr12	13194723	13198723	0.644	0.629	0.9507483442628506	0.9634950519658322	0.44325	0.45225
KATNAL1	COLQ	chr13	30305551	30309551	chr3	15519751	15523751	0.885	0.902	1.1140201822265734	1.1202744279723904	0.46125	0.4605
BRCA2	BPIFB1	chr13	32313086	32317086	chr20	33271480	33275480	0.803	0.795	0.04729005768784314	0.01721775001842599	0.47225	0.47275
NBEA	STAT3	chr13	34940270	34944270	chr17	42386568	42390568	0.137	0.109	1.529920327549038	1.5890007093811116	0.498	0.4945
SETDB2	DCLRE1A	chr13	49442274	49446274	chr10	113852383	113856383	0.858	0.856	0.9272240335112799	0.9516060765139674	0.477	0.4755
INTS6	SMAD2	chr13	51452264	51456264	chr18	47929146	47933146	0.23	0.249	0.6112175755842044	0.7322650609090312	0.54725	0.546
PCDH9	SPTY2D1	chr13	67228445	67232445	chr11	18632791	18636791	0.409	0.453	1.0071607853082043	0.9724315004254301	0.45925	0.46075
CLN5	KCNE4	chr13	76988660	76992660	chr2	223050190	223054190	1.197	1.226	0.6189252177768775	0.6247254481460953	0.4935	0.48875
MYCBP2	SAR1A	chr13	77325094	77329094	chr10	70168523	70172523	0.243	0.243	1.5503836925923593	1.5353067815049046	0.4815	0.486
SPRY2	DGCR2	chr13	80339126	80343126	chr22	19120454	19124454	0.684	0.686	2.000958731796153	1.9405578206282024	0.571	0.571
SLITRK5	RASAL2	chr13	87669371	87673371	chr1	178092104	178096104	0.554	0.552	0.9087187243735649	0.912471823627707	0.492	0.49475
GPC6	RAPH1	chr13	93224807	93228807	chr2	203533335	203537335	0.384	0.378	0.39969102370537474	0.4547808540000922	0.50075	0.499
MYO16	POU6F2	chr13	108594152	108598152	chr7	38975909	38979909	0.577	0.592	0.5433925015118647	0.46708397257921785	0.38775	0.397
CHAMP1	MDM4	chr13	114312482	114316482	chr1	204514379	204518379	0.16	0.146	1.3208916352359557	1.3254951385642642	0.487	0.4875
SUPT16H	RBM25	chr14	21382019	21386019	chr14	73056532	73060532	0.245	0.198	1.936107909810049	1.974417731275268	0.46125	0.4615
CHD8	ARID1A	chr14	21454126	21458126	chr1	26691236	26695236	0.154	0.141	1.6067767800215882	1.5244597360682939	0.4785	0.47425
SLC7A7	CFAP69	chr14	22827820	22831820	chr7	90243174	90247174	1.007	1.0	0.6532096184691466	0.6294279491861102	0.461	0.4635
FOXG1	WDR48	chr14	28762329	28766329	chr3	39050013	39054013	0.36	0.335	1.4799422253814312	1.4635167359819092	0.44175	0.44525
ARHGAP5	SP2	chr14	32074114	32078114	chr17	47894150	47898150	0.295	0.314	1.4860973684181302	1.465379876818492	0.5105	0.51025
FBXO33	PARVA	chr14	39430466	39434466	chr11	12375563	12379563	0.683	0.679	1.2064588635479812	1.2250869073904096	0.511	0.51075
LRFN5	NOL9	chr14	41604876	41608876	chr1	6552513	6556513	0.629	0.628	1.087894944011183	1.1522975195216696	0.5515	0.554
PRPF39	ELMO2	chr14	45082107	45086107	chr20	46430985	46434985	0.481	0.486	1.9371315692605593	1.924886873124772	0.44125	0.43225
MDGA2	SLC4A1	chr14	47673605	47677605	chr17	44266141	44270141	0.362	0.407	0.40666108481163704	0.3488595487049411	0.5665	0.569
SOS2	NCAM2	chr14	50229578	50233578	chr21	20996409	21000409	0.415	0.413	1.3541411060877853	1.3117856375382315	0.49675	0.496
EXOC5	RAB3GAP2	chr14	57266905	57270905	chr1	220270529	220274529	0.48	0.535	1.2225031723842228	1.2235037285999575	0.43875	0.43675
KCNH5	AHR	chr14	63100037	63104037	chr7	16914359	16918359	0.555	0.606	0.6324329953102932	0.7579567569008479	0.39625	0.40425
ESR2	DMC1	chr14	64336112	64340112	chr22	38568204	38572204	1.002	0.99	0.2203929022728223	0.22886417974537604	0.4805	0.4765
GPHN	SFSWAP	chr14	66505407	66509407	chr12	131709081	131713081	0.24	0.24	1.6653192098460456	1.6754612092662322	0.52825	0.52725
ZFYVE26	PLSCR4	chr14	67814590	67818590	chr3	146249179	146253179	0.704	0.708	1.2296460121847292	1.2571479797133616	0.44925	0.446
ESRRB	ZNF750	chr14	76308712	76312712	chr17	82838022	82842022	0.56	0.554	0.13913889654427516	0.14822433308755847	0.47075	0.47125
VASH1	MAP3K6	chr14	76759468	76763468	chr1	27364961	27368961	0.856	0.855	1.5771573332621804	1.5911670438993817	0.58275	0.5835
IRF2BPL	TNRC18	chr14	77026708	77030708	chr7	5423414	5427414	0.544	0.556	1.7269243486373271	1.7047603323298401	0.61075	0.6045
NRXN3	TCERG1	chr14	78168373	78172373	chr5	146445311	146449311	0.319	0.323	1.909753876974245	1.8551598206813504	0.46325	0.45775
CCDC88C	SLC7A6	chr14	91415844	91419844	chr16	68262516	68266516	0.759	0.753	1.2091234368647052	1.2109709429801967	0.573	0.5725
YY1	CSK	chr14	100236298	100240298	chr15	74780080	74784080	0.2	0.222	1.6546019612984897	1.617048593382701	0.605	0.6115
DYNC1H1	FUS	chr14	101962573	101966573	chr16	31178138	31182138	0.117	0.104	2.1491297804898766	2.2420168774577927	0.537	0.54275
CDC42BPB	BHLHE40	chr14	103055549	103059549	chr3	4977437	4981437	0.235	0.219	1.895056059081373	1.8920517279137976	0.59575	0.593
NIPA1	EPS15	chr15	22771063	22775063	chr1	51517328	51521328	0.832	0.849	1.8275967010802998	1.8066764144497605	0.50025	0.507
NIPA2	MSH2	chr15	22836644	22840644	chr2	47401067	47405067	0.69	0.672	1.3248501659612109	1.3880763231053057	0.52275	0.5235
CYFIP1	CSNK2A2	chr15	22979063	22983063	chr16	58196106	58200106	0.44	0.424	1.2576281841883428	1.2726861495012605	0.55875	0.56175
TUBGCP5	ZNF569	chr15	23037572	23041572	chr19	37467275	37471275	0.843	0.865	0.9825154550046489	0.9732576605278369	0.535	0.53475
UBE3A	DCAF1	chr15	25437051	25441051	chr3	51498015	51502015	0.139	0.18	1.2529427920709961	1.3202480944144381	0.493	0.4975
ATP10A	DUOX1	chr15	25863184	25867184	chr15	45127933	45131933	0.877	0.89	0.8875739812386901	0.8747617864972755	0.56075	0.55575
GABRB3	FLT3	chr15	26937539	26941539	chr13	28098592	28102592	0.439	0.468	1.3516146689126851	1.371893161154846	0.4825	0.482
GABRG3	PPARG	chr15	26969181	26973181	chr3	12285368	12289368	0.6	0.628	0.5413732796278642	0.5767938404776483	0.54225	0.54925
APBA2	ATP6V0D1	chr15	28882483	28886483	chr16	67479181	67483181	0.524	0.513	2.17528561982605	2.1606425741946307	0.555	0.55975
FAN1	MIGA1	chr15	30888559	30892559	chr1	77777624	77781624	1.015	1.029	1.3323798767088575	1.3282021793147918	0.424	0.42475
TRPM1	PAQR9	chr15	31159160	31163160	chr3	142961674	142965674	0.839	0.824	0.21975449121347698	0.2636358319153015	0.56275	0.56475
OTUD7A	RNF8	chr15	31868789	31872789	chr6	37351979	37355979	0.216	0.222	1.2611652903037704	1.2862700468974497	0.50775	0.5065
CHRNA7	NOX4	chr15	31921438	31925438	chr11	89496187	89500187	1.064	1.018	0.14370474889698745	0.19087800508869346	0.34925	0.35075
MEIS2	BRPF3	chr15	37099299	37103299	chr6	36194744	36198744	0.255	0.256	1.511466238025179	1.508374826654212	0.52475	0.52575
THBS1	FGD5	chr15	39579079	39583079	chr3	14808853	14812853	0.301	0.3	0.43761740103367003	0.5524577086731631	0.56975	0.57575
C15orf62	JMJD4	chr15	40767980	40771980	chr1	227733411	227737411	1.37	1.343	1.121070453830489	1.1374996959036072	0.6015	0.59775
UBR1	YIPF5	chr15	43104113	43108113	chr5	144168714	144172714	0.47	0.464	1.2384275122524877	1.294155274655778	0.41825	0.41575
MAP1A	NPM1	chr15	43508958	43512958	chr5	171385116	171389116	0.277	0.313	2.3562324327431234	2.375736752135848	0.52275	0.522
TERB2	SLC25A52	chr15	44954687	44958687	chr18	31758880	31762880	1.089	1.117	0.0	0.015681332833328485	0.416	0.41425
FBN1	REST	chr15	48643721	48647721	chr4	56905876	56909876	0.105	0.16	0.697369724509646	0.7176455428320261	0.5625	0.56175
DMXL2	XPO5	chr15	51620833	51624833	chr6	43574038	43578038	0.36	0.39	1.3614955207569999	1.303453100956632	0.4885	0.4865
LEO1	TTC17	chr15	51969778	51973778	chr11	43356920	43360920	0.488	0.481	1.550600096788931	1.5891953509183028	0.46925	0.4675
MYO5C	SPG21	chr15	52293804	52297804	chr15	64988310	64992310	0.893	0.891	1.5203774025704115	1.5435142761917844	0.4855	0.48425
MYO5A	LSM14A	chr15	52527132	52531132	chr19	34170504	34174504	0.461	0.449	1.840672441663363	1.9085043204267031	0.53175	0.53525
CGNL1	TMEM97	chr15	57373967	57377967	chr17	28317200	28321200	1.086	1.083	1.101956611707508	1.0512104245182494	0.541	0.54
MYO1E	ADAM17	chr15	59370871	59374871	chr2	9554732	9558732	0.557	0.565	1.2355688445153081	1.2290236320452312	0.518	0.51675
HERC1	PSME3	chr15	63831948	63835948	chr17	42822385	42826385	0.33	0.342	1.5607182242127287	1.5199119580055467	0.497	0.49275
MEGF11	ZNF316	chr15	66251756	66255756	chr7	6635318	6639318	1.165	1.175	1.5809568911577243	1.593165289772517	0.6225	0.6245
ZWILCH	GOLGA6L9	chr15	66502959	66506959	chr15	82427816	82431816	1.061	1.084	0.7493690965197389	0.763799979652866	0.45325	0.45725
CLN6	CCNH	chr15	68255211	68259211	chr5	87411029	87415029	1.015	1.05	1.3982525881838823	1.348530715342345	0.41325	0.40625
ANP32A	DDX6	chr15	68818897	68822897	chr11	118789164	118793164	0.143	0.128	1.8856964247871681	1.8787543909625746	0.5635	0.56125
TLE3	TET3	chr15	70096176	70100176	chr2	73982910	73986910	0.276	0.213	1.0649107671924634	1.1270334904318928	0.6155	0.62775
CELF6	ERRFI1	chr15	72318157	72322157	chr1	8024309	8028309	1.082	1.088	1.5847201056804763	1.586455646234474	0.5335	0.5285
BBS4	UCHL3	chr15	72684186	72688186	chr13	75547483	75551483	0.953	0.943	1.1795833855139584	1.189885967433016	0.47675	0.475
NEO1	ZNF821	chr15	73049710	73053710	chr16	71893336	71897336	0.495	0.525	1.4779875314897306	1.4661615033753823	0.52575	0.528
CD276	FGFR4	chr15	73681966	73685966	chr5	177084905	177088905	0.888	0.884	0.9779895863371458	0.9756008976721765	0.57375	0.5735
SIN3A	NCOA2	chr15	75453842	75457842	chr8	70401808	70405808	0.14	0.211	1.1967121567199845	1.2565060780452997	0.59925	0.605
CIB2	TM6SF1	chr15	78129535	78133535	chr15	83105572	83109572	1.274	1.269	1.0980862254188877	1.063847301440115	0.56925	0.56875
ARNT2	VIM	chr15	80402350	80406350	chr10	17226241	17230241	0.498	0.542	2.108348498996003	2.0903215519499763	0.558	0.5565
AP3B2	DENND4B	chr15	82708112	82712112	chr1	153944718	153948718	0.52	0.527	1.9235491613460696	1.9463515402466955	0.5965	0.594
ZNF774	PLAC9	chr15	90350284	90354284	chr10	80129682	80133682	1.645	1.667	0.854383782665999	0.8583314303926631	0.49225	0.488
ST8SIA2	FAM83G	chr15	92391881	92395881	chr17	19002764	19006764	0.858	0.862	0.3382014201184364	0.3217019695007379	0.6075	0.607
CHD2	SLC4A4	chr15	92884203	92888203	chr4	71060667	71064667	0.174	0.329	1.5632460756253332	1.5347493276752309	0.304	0.3405
NPRL3	GTPBP1	chr16	136677	140677	chr22	38703742	38707742	0.653	0.631	1.6744119232869616	1.6564355359963523	0.5195	0.518
METTL26	TNFRSF6B	chr16	634366	638366	chr20	63694652	63698652	1.881	1.857	2.085026424028281	2.016577926578987	0.6625	0.66
CACNA1H	PRPSAP1	chr16	1151103	1155103	chr17	76382521	76386521	1.059	1.092	1.2999058908960783	1.2512925937861494	0.70925	0.695
MAPK8IP3	RHOA	chr16	1704166	1708166	chr3	49410998	49414998	0.407	0.433	2.6060899460603744	2.5854054521476244	0.562	0.561
TSC2	ATP2A2	chr16	2045967	2049967	chr12	110278756	110282756	0.203	0.205	2.1278366481939575	2.155065658150255	0.574	0.57475
TRAF7	RAPGEFL1	chr16	2153698	2157698	chr17	40175010	40179010	0.675	0.696	1.748584914839994	1.7940179456424339	0.586	0.584
CASKIN1	NACC2	chr16	2194605	2198605	chr9	136093289	136097289	0.614	0.57	1.8850036847330496	1.9401682124780468	0.66925	0.66675
SRRM2	RPL7	chr16	2750626	2754626	chr8	73293789	73297789	0.183	0.131	2.5810583212243525	2.605253315677866	0.5655	0.56325
CREBBP	KDM2A	chr16	3878713	3882713	chr11	67117263	67121263	0.101	0.057	1.6622401463553942	1.7819477137427406	0.61825	0.6175
ROGDI	NDUFB10	chr16	4800880	4804880	chr16	1957538	1961538	1.648	1.57	2.3434322282345943	2.2524015182894455	0.6015	0.60425
RBFOX1	MEPCE	chr16	5237802	5241802	chr7	100426322	100430322	0.311	0.333	1.7861222330785262	1.783709246163604	0.599	0.59925
ABAT	PEG3	chr16	8672596	8676596	chr19	56838728	56842728	0.871	0.868	1.9991235785945733	1.9983910021318507	0.543	0.541
USP7	SUPT6H	chr16	8973328	8977328	chr17	28660198	28664198	0.085	0.08	1.859908891401929	1.8018480684323603	0.4475	0.45325
GRIN2A	ZNF629	chr16	10181337	10185337	chr16	30785205	30789205	0.268	0.281	1.2542918233645897	1.294959762701305	0.579	0.5755
SYT17	FBXL17	chr16	19165971	19169971	chr5	108380098	108384098	0.665	0.678	1.1924587267315938	1.2219043357526032	0.575	0.579
PRKCB	DGCR8	chr16	23833983	23837983	chr22	20078221	20082221	0.241	0.27	2.00994779786479	1.908458209749847	0.5885	0.58475
CLN3	SBNO2	chr16	28493575	28497575	chr19	1172268	1176268	1.022	1.017	1.0596997051576427	1.1053568773087468	0.6005	0.6025
PRRT2	CBLN1	chr16	29809382	29813382	chr16	49279838	49283838	0.633	0.695	2.783481937580714	2.9109742604701654	0.6305	0.6425
SEZ6L2	RALGDS	chr16	29897550	29901550	chr9	133147334	133151334	0.586	0.589	2.287284297968481	2.2068339684002174	0.62825	0.61975
KCTD13	FAM20B	chr16	29924236	29928236	chr1	179023804	179027804	0.713	0.752	1.5391501484749406	1.4904922351216439	0.52825	0.52475
TAOK2	WASF2	chr16	29971868	29975868	chr1	27488167	27492167	0.459	0.464	1.7576586519774764	1.7142559737199734	0.52775	0.52175
MAPK3	KCTD17	chr16	30121506	30125506	chr22	37049739	37053739	0.935	0.928	2.0939397275477707	2.054586245428085	0.5845	0.5865
CORO1A	GARNL3	chr16	30180827	30184827	chr9	127222265	127226265	0.572	0.54	1.6965957527135906	1.6946516966615952	0.599	0.598
SRCAP	SNRPD3	chr16	30696209	30700209	chr22	24553958	24557958	0.223	0.198	1.7045048458161665	1.7462993985459099	0.544	0.5435
SETD1A	SEPHS1	chr16	30955294	30959294	chr10	13346298	13350298	0.279	0.254	1.5423510527977637	1.565048122628857	0.58275	0.5875
STX1B	RPS5	chr16	31008638	31012638	chr19	58384400	58388400	0.308	0.313	2.491714589803851	2.3725769517443087	0.58425	0.58225
BCKDK	TRIM11	chr16	31104107	31108107	chr1	228404835	228408835	0.855	0.89	1.594567117139524	1.6179800693572242	0.60125	0.596
GNAO1	SRSF3	chr16	56187660	56191660	chr6	36592353	36596353	0.105	0.145	1.9687565145969026	1.9362165713412884	0.4725	0.46675
CNOT1	YTHDF2	chr16	58627885	58631885	chr1	28734621	28738621	0.064	0.132	1.5328689870459749	1.4893874778119538	0.5125	0.521
CDH8	ATAD2B	chr16	62035035	62039035	chr2	23925123	23929123	0.369	0.376	0.8643556090333794	0.8489996591994085	0.51825	0.52075
CDH11	ETS1	chr16	65124112	65128112	chr11	128585558	128589558	0.249	0.393	0.8888593374884429	0.8694611309424368	0.4	0.406
CTCF	ARHGAP35	chr16	67560467	67564467	chr19	46858997	46862997	0.205	0.204	1.7197007773544515	1.6621749195860447	0.58625	0.58775
TERF2	INTS13	chr16	69406571	69410571	chr12	26936326	26940326	0.444	0.459	1.5114675755979048	1.4700648585438223	0.4555	0.45275
SF3B3	MAML1	chr16	70521791	70525791	chr5	179730822	179734822	0.285	0.299	1.5580217945294264	1.5142873635497789	0.4975	0.49875
HYDIN	CDK1	chr16	71228722	71232722	chr10	60776331	60780331	0.555	0.565	0.2163147777311703	0.2339723020163066	0.422	0.41825
CNTNAP4	SCG3	chr16	76275278	76279278	chr15	51679492	51683492	0.831	0.844	2.1768029186045483	2.2235037285999577	0.4005	0.3915
WWOX	TMEM223	chr16	78097400	78101400	chr11	62790006	62794006	1.82	1.781	1.1181919516862604	1.1378223398010818	0.5105	0.5165
CMIP	FAM193A	chr16	81442808	81446808	chr4	2534647	2538647	0.189	0.271	1.395128862132534	1.475286107828074	0.63025	0.63125
CDH13	RELL1	chr16	82624965	82628965	chr4	37684376	37688376	0.456	0.471	1.162507651816433	1.180822367620382	0.5325	0.53075
TAF1C	RASSF4	chr16	84185070	84189070	chr10	44957407	44961407	1.351	1.356	1.8446896112096416	1.8433953744283964	0.523	0.52225
SLC7A5	CDK5	chr16	87867507	87871507	chr7	151055897	151059897	0.609	0.584	1.8899820310273974	1.9254162684163914	0.595	0.5945
ANKRD11	PHF23	chr16	89488561	89492561	chr17	7237722	7241722	0.132	0.176	1.4230098158118314	1.3680859656108082	0.60025	0.5935
CHMP1A	MRPL12	chr16	89655738	89659738	chr17	81701367	81705367	1.045	1.048	1.8863372849540714	1.8786234636573125	0.60175	0.6045
YWHAE	DDX17	chr17	1398222	1402222	chr22	38505660	38509660	0.175	0.252	2.773245067425772	2.713575377636819	0.5425	0.5445
SMG6	DENND1A	chr17	2301785	2305785	chr9	123928152	123932152	0.555	0.593	1.1687507971866353	1.136558865388319	0.52975	0.53
MNT	RTN4RL1	chr17	2399104	2403104	chr17	2023334	2027334	0.619	0.626	1.1902168050788704	1.2911645330094845	0.6445	0.64775
P2RX5	CLCNKB	chr17	3694240	3698240	chr1	16038252	16042252	1.071	1.072	1.0862423416865636	1.047504612653636	0.578	0.579
CAMTA2	ACO2	chr17	4985675	4989675	chr22	41445830	41449830	0.512	0.489	2.199607097074088	2.2000374865608094	0.59075	0.59075
DLG4	CAMKV	chr17	7217836	7221836	chr3	49867935	49871935	0.151	0.202	2.383447315983558	2.432914800325537	0.5865	0.59725
NLGN2	GNB2	chr17	7402874	7406874	chr7	100671567	100675567	0.401	0.372	2.1991982434107133	2.1805272829134097	0.62125	0.6195
KDM6B	PAX6	chr17	7832217	7836217	chr11	31815961	31819961	0.211	0.226	1.6261514133095463	1.6213424870896942	0.62675	0.61325
CHD3	DNM2	chr17	7882796	7886796	chr19	10716055	10720055	0.257	0.239	1.8181176365129172	1.815379813691075	0.5635	0.56875
PER1	SSU72	chr17	8154506	8158506	chr1	1572863	1576863	0.839	0.825	1.8338556898887801	1.8146816732112387	0.54575	0.541
MYH10	PIAS4	chr17	8629376	8633376	chr19	4005736	4009736	0.249	0.249	1.6425851957909245	1.6641575893855518	0.58325	0.58725
MYH4	RD3L	chr17	10467559	10471559	chr14	103940561	103944561	0.936	0.903	0.008004226113148	0.010317048166402484	0.36125	0.3695
ZNF18	WDR12	chr17	11995475	11999475	chr2	203012798	203016798	0.93	0.902	0.8628210494325353	0.8741749779803886	0.45675	0.45825
NCOR1	TOX4	chr17	16216185	16220185	chr14	21474597	21478597	0.292	0.311	1.5260742251892365	1.5829696600576981	0.4485	0.45375
RAI1	TRAF3	chr17	17679458	17683458	chr14	102775449	102779449	0.129	0.321	1.4232802883623674	1.284690105029248	0.6375	0.62775
PHF12	ZNF592	chr17	28949771	28953771	chr15	84746592	84750592	0.115	0.212	1.3150420198818298	1.371215682042361	0.59125	0.587
TAOK1	KPNA3	chr17	29388363	29392363	chr13	49790682	49794682	0.216	0.214	1.335405742099986	1.4228212049767857	0.5305	0.5355
SLC6A4	FOXN4	chr17	30234002	30238002	chr12	109307284	109311284	0.421	0.435	0.1599303569551038	0.14825427756510365	0.5505	0.54375
RNF135	ZNF169	chr17	30968984	30972984	chr9	94257298	94261298	1.491	1.502	0.8104664093050954	0.818362496683982	0.511	0.51
NF1	ZBTB44	chr17	31092927	31096927	chr11	130312917	130316917	0.449	0.449	1.2567850732362689	1.2745896189676047	0.51475	0.51
PSMD11	DHX30	chr17	32442379	32446379	chr3	47800909	47804909	0.082	0.08	1.7178376991492506	1.8189177053959802	0.51425	0.53175
GGNBP2	UBE2R2	chr17	36542912	36546912	chr9	33815160	33819160	0.201	0.19	1.6868408577660206	1.6448884076368206	0.5595	0.56075
PPP1R1B	HPCA	chr17	39624740	39628740	chr1	32883994	32887994	0.591	0.557	3.0988997283708173	2.9171577246926037	0.624	0.6165
THRA	DAZAP2	chr17	40056290	40060290	chr12	51236724	51240724	0.439	0.457	2.240164702508994	2.2154630704681773	0.5165	0.509
NR1D1	SPTBN2	chr17	40098589	40102589	chr11	66742670	66746670	0.476	0.452	2.156667248835249	2.1892122987225218	0.565	0.57525
SLC25A39	MCRIP1	chr17	44322870	44326870	chr17	81831302	81835302	1.217	1.218	1.8748707110814422	1.799894438576364	0.62475	0.62525
GRN	ARPC5L	chr17	44343246	44347246	chr9	124860130	124864130	0.59	0.608	1.6892049357409147	1.7018217530030928	0.54175	0.54475
GFAP	MBP	chr17	44914937	44918937	chr18	77131683	77135683	0.991	0.677	3.9701059480204557	3.9799578933406656	0.5565	0.60225
KANSL1	RASA1	chr17	46223389	46227389	chr5	87265883	87269883	0.325	0.3	1.4965878870858016	1.5061043767263638	0.4845	0.48925
GOSR2	NEU3	chr17	46921075	46925075	chr11	74986279	74990279	1.27	1.273	1.036549453720081	1.0369632691592126	0.4295	0.434
ITGB3	EXOC3L2	chr17	47251827	47255827	chr19	45243407	45247407	0.685	0.687	0.191716707983495	0.17127701152845656	0.54	0.54
PNPO	MRPL53	chr17	47939506	47943506	chr2	74470687	74474687	1.481	1.481	1.2077555113819716	1.2284799207347137	0.51925	0.521
SLC35B1	TMEM245	chr17	49707014	49711014	chr9	109117947	109121947	0.927	0.913	1.5264723889277667	1.5131203391865475	0.4985	0.49825
DLX3	SPIB	chr17	49993224	49997224	chr19	50416938	50420938	0.559	0.57	0.06690186884968452	0.033253341897632745	0.60225	0.607
PDK2	TRAPPC1	chr17	50092737	50096737	chr17	7930123	7934123	0.92	0.929	2.1827284181242677	2.1362067179880952	0.5375	0.5425
PPP1R9B	CNTFR	chr17	50148677	50152677	chr9	34588140	34592140	0.461	0.547	2.2498560293971575	2.1403288831837988	0.66025	0.652
CACNA1G	PLXND1	chr17	50558715	50562715	chr3	129604676	129608676	0.406	0.401	1.5262979140409005	1.5382632329722128	0.67	0.68375
VEZF1	USP34	chr17	57986259	57990259	chr2	61469087	61473087	0.173	0.152	1.3968929664141896	1.4565588413695478	0.53625	0.5395
TSPOAP1	SYNPO	chr17	58326795	58330795	chr5	150599080	150603080	0.573	0.579	1.9494734417268615	1.94816004276724	0.54875	0.54925
PPM1D	LPCAT2	chr17	60598193	60602193	chr16	55507072	55511072	1.183	1.188	1.413195789250262	1.3842870908901197	0.4905	0.492
MED13	SMAD5	chr17	62063278	62067278	chr5	136130845	136134845	0.13	0.174	1.2133450673687296	1.2539700834153624	0.4725	0.4775
TLK2	ZNF281	chr17	62456658	62460658	chr1	200408056	200412056	0.103	0.103	1.247236549506764	1.2249265203459558	0.47825	0.48275
ACE	AHNAK2	chr17	63475061	63479061	chr14	104976374	104980374	0.88	0.917	0.9619272385872562	0.9115794421273241	0.6465	0.64425
SCN4A	CLEC18A	chr17	63970918	63974918	chr16	69948705	69952705	0.628	0.63	0.10352801034529024	0.1672541063231877	0.6075	0.59975
PRKCA	RAPGEF2	chr17	66300613	66304613	chr4	159101013	159105013	0.397	0.371	1.5108612330089788	1.5031162544276178	0.58525	0.5845
PSMD12	SMARCA5	chr17	67364605	67368605	chr4	143511702	143515702	0.232	0.222	1.4116702023858094	1.5143033102276144	0.4745	0.4745
ABCA10	CDH19	chr17	69242846	69246846	chr18	66602138	66606138	1.044	1.105	0.8488969634496092	0.7414321050420402	0.3105	0.3115
DNAH17	SLC19A2	chr17	78575396	78579396	chr1	169483944	169487944	0.859	0.852	1.164120773444671	1.2022921045953654	0.47675	0.47925
SLC38A10	LANCL2	chr17	81293547	81297547	chr7	55363337	55367337	0.841	0.846	1.500824926590296	1.4721462538475096	0.53825	0.5415
DLGAP1	MEIS1	chr18	4453307	4457307	chr2	66431452	66435452	0.224	0.228	1.5618797908541417	1.5516585556306082	0.534	0.53325
LAMA1	RHCE	chr18	7115797	7119797	chr1	25428192	25432192	0.673	0.688	0.49386775359829027	0.45961560954299285	0.55025	0.54825
MIB1	SAC3D1	chr18	21702957	21706957	chr11	65038901	65042901	1.995	1.945	1.2687370592542282	1.3489937345664074	0.55375	0.568
ASXL3	ZFHX4	chr18	33576219	33580219	chr8	76679239	76683239	0.229	0.244	0.48488894098297564	0.6120926728467804	0.474	0.47525
ELP2	SLX4	chr18	36127444	36131444	chr16	3609606	3613606	0.869	0.896	1.4878606555711311	1.4716085130779681	0.5145	0.5135
CELF4	CHMP2A	chr18	37563827	37567827	chr19	58553105	58557105	0.546	0.508	1.9893354443270725	2.0111177295371636	0.57725	0.57525
RIT2	IGIP	chr18	43113691	43117691	chr5	140123937	140127937	1.684	1.702	1.9887952130112747	1.9456905995891256	0.36775	0.36825
SETBP1	LRRC7	chr18	44678173	44682173	chr1	69565922	69569922	0.143	0.203	1.0956121408843602	1.0529285283656569	0.54825	0.54475
KATNAL2	PNOC	chr18	46915492	46919492	chr8	28314986	28318986	1.095	1.107	0.7661219806515011	0.777295571671427	0.51625	0.518
MBD1	TESK1	chr18	50279774	50283774	chr9	35603262	35607262	0.41	0.404	1.6591895509636376	1.6828027915518704	0.58825	0.58825
SMAD4	RANBP2	chr18	51026528	51030528	chr2	108717482	108721482	0.227	0.231	1.5245895315802755	1.4989594424427821	0.483	0.4855
DCC	EDNRA	chr18	52338197	52342197	chr4	147478917	147482917	0.414	0.424	0.5741574843145366	0.5175561205334828	0.4935	0.49425
TCF4	PRPF3	chr18	55662787	55666787	chr1	150319479	150323479	0.096	0.087	1.6004054388452194	1.6684492855103477	0.465	0.4735
TSHZ1	ADCY2	chr18	75208755	75212755	chr5	7394138	7398138	0.289	0.329	1.595568965570064	1.571401340288868	0.6105	0.607
HCN2	RAC3	chr19	587881	591881	chr17	82029678	82033678	0.627	0.726	2.112256353708721	1.929310594051002	0.725	0.7055
ABCA7	CDC42EP2	chr19	1037997	1041997	chr11	65312866	65316866	1.368	1.364	1.544110230908061	1.472749137900754	0.5955	0.5865
MBD3	ICAM5	chr19	1590865	1594865	chr19	10287952	10291952	0.681	0.673	1.647607884231617	1.6997614359046427	0.62325	0.62775
KLF16	HES4	chr19	1861579	1865579	chr1	998172	1002172	1.928	1.946	1.687150683870146	1.525576006630465	0.71675	0.7265
DOT1L	ACTN1	chr19	2161933	2165933	chr14	68977440	68981440	0.321	0.331	1.587498815905725	1.6584492882789903	0.61025	0.61525
SEMA6B	CERK	chr19	4579776	4583776	chr22	46736252	46740252	0.825	0.829	1.9658763799259746	1.919788602666202	0.62825	0.6345
KDM4B	TLE1	chr19	4967113	4971113	chr9	81687547	81691547	0.371	0.343	1.346546603143433	1.38794657658479	0.58475	0.5915
ZNF559	TMEM234	chr19	9321772	9325772	chr1	32220359	32224359	1.669	1.63	0.9072694393910893	0.9851591682418663	0.521	0.5255
EIF3G	SRRT	chr19	10117918	10121918	chr7	100873103	100877103	0.408	0.404	2.11350549644909	2.139781516536537	0.5315	0.53525
SMARCA4	UBE2I	chr19	10958932	10962932	chr16	1289444	1293444	0.226	0.28	1.8240268529808876	1.8323881876089863	0.57525	0.57375
ELAVL3	ZIC2	chr19	11479046	11483046	chr13	99979784	99983784	0.412	0.52	2.4575352307587632	2.475759781171942	0.6855	0.67875
NACC1	TRIM46	chr19	13114862	13118862	chr1	155171787	155175787	0.329	0.354	1.6292495127148967	1.6745819272758826	0.575	0.5745
CACNA1A	RPS14	chr19	13622489	13626489	chr5	150447739	150451739	0.331	0.304	2.4854985450065765	2.461665069440118	0.47975	0.483
CC2D1A	SRRM4	chr19	13904201	13908201	chr12	118979541	118983541	0.649	0.654	1.9987813988030205	1.9727779670330514	0.54625	0.5445
BRD4	SP3	chr19	15330545	15334545	chr2	173963373	173967373	0.191	0.225	1.4866316388386882	1.3562515551395506	0.604	0.59675
SIN3B	CSE1L	chr19	16827398	16831398	chr20	49044246	49048246	0.245	0.277	1.7523688619801745	1.7403318929754557	0.52125	0.52225
MYO9B	PCGF2	chr19	17073777	17077777	chr17	38747817	38751817	0.43	0.443	1.7628990303454477	1.730858956583758	0.59225	0.59225
UNC13A	PPP1R16B	chr19	17686365	17690365	chr20	38803697	38807697	0.389	0.381	1.9580499746979247	1.9785388560956854	0.58525	0.58875
ZNF626	PRPH2	chr19	20659596	20663596	chr6	42720597	42724597	0.756	0.773	0.6763926993301175	0.6242026570385342	0.4625	0.463
TSHZ3	PHF13	chr19	31347436	31351436	chr1	6611731	6615731	0.263	0.183	0.8863175368710332	1.1367078868404332	0.65125	0.6595
SCN1B	PPP1R12C	chr19	35028470	35032470	chr19	55115637	55119637	0.71	0.774	2.223623121559171	2.1656626858814345	0.6035	0.6025
FAM98C	LRWD1	chr19	38401093	38405093	chr7	102462956	102466956	1.375	1.352	1.6882943212441492	1.7096769213197465	0.55675	0.56075
ACTN4	RBM6	chr19	38645649	38649649	chr3	49938007	49942007	0.238	0.213	2.064147132812452	2.0901627869918475	0.54325	0.5455
CAPN12	CPSF4L	chr19	38767904	38771904	chr17	73260352	73264352	1.398	1.452	0.13055632759323288	0.06253498011729923	0.5625	0.55875
ATP1A3	ARF1	chr19	41995497	41999497	chr1	228080708	228084708	0.173	0.247	2.5666389769461997	2.379807522165072	0.627	0.6065
GRIK5	SLC4A3	chr19	42068206	42072206	chr2	219625394	219629394	0.592	0.558	1.8188485078802175	1.860844487856164	0.60675	0.61175
CIC	CCT3	chr19	42266537	42270537	chr1	156365873	156369873	0.249	0.282	2.0964024605848435	2.092657495499683	0.56175	0.563
PLAUR	DNHD1	chr19	43668547	43672547	chr11	6495260	6499260	0.911	0.897	0.7955470464423907	0.7873492298744734	0.51175	0.51325
DMPK	RGL2	chr19	45780552	45784552	chr6	33296942	33300942	0.67	0.633	1.9058730214802735	1.9478296022820807	0.61925	0.616
DMWD	AFAP1L2	chr19	45790845	45794845	chr10	114402756	114406756	0.65	0.605	1.5459092669584857	1.5615974367948235	0.5595	0.56025
PPP5C	ALCAM	chr19	46345087	46349087	chr3	105364909	105368909	0.456	0.474	1.8825433209273392	1.8707210234469875	0.52825	0.52675
PRKD2	SFMBT1	chr19	46715127	46719127	chr3	53044750	53048750	0.381	0.402	0.85229513515924	0.8796319624239463	0.59725	0.6025
AP2S1	FLCN	chr19	46848846	46852846	chr17	17235188	17239188	0.478	0.487	2.1418728867545687	2.0951100461281493	0.52575	0.524
ZC3H4	ZNF777	chr19	47111776	47115776	chr7	149459062	149463062	0.18	0.199	1.4658867570439107	1.3426989621395915	0.58	0.575
SAE1	RHOQ	chr19	47111274	47115274	chr2	46539806	46543806	0.49	0.476	1.7649685011020682	1.7460212401324078	0.5875	0.58725
GRIN2D	PPARA	chr19	48391668	48395668	chr22	46148521	46152521	0.642	0.711	0.8516056454044388	0.7633531087482155	0.634	0.63175
LIN7B	MRPL55	chr19	49112324	49116324	chr1	228107312	228111312	1.148	1.116	1.6031422065575143	1.5920856681828122	0.569	0.57
PRR12	ALYREF	chr19	49589182	49593182	chr17	81889586	81893586	0.18	0.235	1.7331097551842434	1.5978596602626054	0.611	0.59325
SCAF1	PTPN23	chr19	49640209	49644209	chr3	47379011	47383011	0.553	0.577	1.8829375758118732	1.849382555558318	0.548	0.54175
PNKP	CD320	chr19	49876351	49880351	chr19	8306358	8310358	1.527	1.488	1.4923202858443358	1.5328040461957302	0.5675	0.56775
SHANK1	EGR1	chr19	50717802	50721802	chr5	138463479	138467479	0.383	0.462	1.7067647074960635	1.609575201673516	0.66775	0.657
ETFB	CISD3	chr19	51364388	51368388	chr17	38728341	38732341	1.1	1.132	1.5451685160555422	1.541428212997695	0.602	0.6
CNOT3	WDR5	chr19	54135749	54139749	chr9	134133365	134137365	0.057	0.053	1.6769705554673526	1.8036298430939297	0.60075	0.5955
MBOAT7	EPS8L2	chr19	54187882	54191882	chr11	692438	696438	1.229	1.164	1.8816385392424528	1.813189880767607	0.64625	0.64075
LILRB2	LIPG	chr19	54279184	54283184	chr18	49558699	49562699	0.863	0.883	0.4971799176719447	0.46863381117375746	0.54075	0.5355
ZNF865	GMPPA	chr19	55603647	55607647	chr2	219496865	219500865	1.076	1.088	1.455785573742586	1.4628410517121564	0.5655	0.56475
ZNF548	TAS2R4	chr19	57387850	57391850	chr7	141774674	141778674	1.653	1.703	1.0671527204680054	1.060958338901002	0.4285	0.4385
CSNK2A1	DCLK1	chr20	541835	545835	chr13	36129382	36133382	0.274	0.31	1.609131056963633	1.620724089266504	0.5125	0.5135
RAD21L1	CYP4F8	chr20	1224044	1228044	chr19	15613218	15617218	1.207	1.232	0.025414466276740422	0.0	0.54	0.53875
OXT	OLIG1	chr20	3069620	3073620	chr21	33068141	33072141	1.913	1.92	2.466397497901496	2.429222408230269	0.56875	0.57525
ITPA	SURF6	chr20	3206868	3210868	chr9	133334188	133338188	1.159	1.158	1.4706162689858944	1.4480830234620825	0.53275	0.53025
PLCB1	CRNKL1	chr20	8075251	8079251	chr20	20054046	20058046	0.357	0.445	1.248054228972322	1.151624161391536	0.3725	0.37325
SNAP25	RPS12	chr20	10170395	10174395	chr6	132812569	132816569	0.29	0.364	3.5005918359439194	3.1648285343444815	0.49925	0.46575
MACROD2	FER	chr20	13993369	13997369	chr5	108745841	108749841	0.724	0.723	0.8195070847497121	0.798420663954376	0.48475	0.4825
SNX5	PHTF1	chr20	17966980	17970980	chr1	113757489	113761489	0.996	0.993	1.574112328465574	1.55950684230632	0.4845	0.47925
NINL	INPP5K	chr20	25583531	25587531	chr17	1514742	1518742	1.109	1.113	1.5381550712461212	1.5335915942821172	0.53775	0.54175
DUSP15	ZDHHC24	chr20	31868664	31872664	chr11	66544235	66548235	1.5	1.504	0.9480783127474556	0.9001441882384164	0.5705	0.56825
TM9SF4	KLHL3	chr20	32107714	32111714	chr5	137734089	137738089	0.377	0.377	1.7939265167676468	1.831246988435701	0.46	0.46175
RALGAPB	PHF5A	chr20	38470816	38474816	chr22	41466692	41470692	0.202	0.205	1.548277605161032	1.5683237788766304	0.494	0.4915
PTPRT	KLF15	chr20	43187970	43191970	chr3	126355408	126359408	0.395	0.413	1.2529015527923455	1.3261002127381138	0.6145	0.62025
ADA	IMPA2	chr20	44650252	44654252	chr18	11979025	11983025	1.184	1.225	0.7114005728087174	0.7113676524312967	0.56825	0.5715
SLC12A5	RACK1	chr20	46019690	46023690	chr5	181246096	181250096	0.225	0.24	2.3218096239186625	2.3520068345913967	0.544	0.5485
CDH22	NT5DC2	chr20	46306498	46310498	chr3	52533054	52537054	0.782	0.788	1.9013961970396385	1.8788416539096562	0.62625	0.62575
ZMYND8	BRD7	chr20	47354889	47358889	chr16	50366988	50370988	0.336	0.336	1.474624134418614	1.5104927308724712	0.50575	0.50925
PREX1	STAT5B	chr20	48825999	48829999	chr17	42286633	42290633	0.268	0.277	2.0030260203354886	2.031246836232675	0.59425	0.60175
KCNB1	ZNF687	chr20	49482297	49486297	chr1	151279618	151283618	0.309	0.293	1.3423970172082067	1.3664976681296326	0.5945	0.59525
ADNP	SMG1	chr20	50929437	50933437	chr16	18924408	18928408	0.106	0.1	1.6684343760315012	1.687984419389232	0.54075	0.53625
BCAS1	MOG	chr20	54068594	54072594	chr6	29655002	29659002	0.855	0.873	2.9161211251581824	2.822232172317941	0.4705	0.46925
GNAS	APP	chr20	58837718	58841718	chr21	26169128	26173128	0.302	0.41	2.7400348708744056	2.749844489333505	0.5685	0.5725
TAF4	NOL4L	chr20	62063881	62067881	chr20	32583333	32587333	0.205	0.187	1.3656283591253502	1.410841318708165	0.7045	0.69225
CHRNA4	TUBB6	chr20	63376401	63380401	chr18	12305669	12309669	0.834	0.826	0.9703515260390548	1.0210093397904387	0.60275	0.599
KCNQ2	ADGRL1	chr20	63470677	63474677	chr19	14204187	14208187	0.295	0.302	2.2226098348608088	2.166492278338227	0.6825	0.6675
EEF1A2	ABCA2	chr20	63497239	63501239	chr9	137026915	137030915	0.314	0.436	2.9882239661588046	2.6891507436002784	0.68325	0.67725
SOD1	ANXA5	chr21	31657666	31661666	chr4	121694995	121698995	1.514	1.465	2.542390915185162	2.4740559244378924	0.50875	0.4955
SCAF4	SPPL3	chr21	31730118	31734118	chr12	120902358	120906358	0.285	0.249	1.4643345210510974	1.5000854612376553	0.56775	0.56825
SYNJ1	ARFIP2	chr21	32726040	32730040	chr11	6479479	6483479	0.539	0.543	1.5956714474426372	1.607070958567197	0.5065	0.5095
SON	RBM17	chr21	33541038	33545038	chr10	6087034	6091034	0.051	0.151	1.7399471473078725	1.7411082460591782	0.47125	0.471
ITSN1	CBFA2T2	chr21	33640400	33644400	chr20	33488075	33492075	0.304	0.314	1.2518984758391973	1.2876002063599512	0.5275	0.524
DYRK1A	DCAF5	chr21	37363573	37367573	chr14	69151150	69155150	0.172	0.191	1.4687208993041012	1.4667564385942575	0.55725	0.563
KCNJ15	STAB2	chr21	38153549	38157549	chr12	103585273	103589273	0.902	0.906	0.02083054777859898	0.02004613907356435	0.41325	0.41425
ERG	LIN9	chr21	38659780	38663780	chr1	226307869	226311869	0.234	0.196	0.5991721243743584	0.6993442049221275	0.51075	0.521
HMGN1	NELFCD	chr21	39347647	39351647	chr20	58979208	58983208	0.894	0.862	1.9524311069453697	1.9852822841425084	0.53825	0.5425
DSCAM	HCFC2	chr21	40845158	40849158	chr12	104062531	104066531	0.28	0.258	0.9198632981591691	0.9241262219887187	0.508	0.50925
ZBTB21	BMP6	chr21	42008387	42012387	chr6	7724099	7728099	0.476	0.523	0.7557483585079822	0.7335784099683809	0.57725	0.577
CSTB	SURF2	chr21	43774330	43778330	chr9	133354550	133358550	1.681	1.753	1.7738485870518783	1.7136736306024893	0.5885	0.58925
DIP2A	KIAA0319L	chr21	46456891	46460891	chr1	35555950	35559950	0.617	0.61	1.518879646059536	1.5025636691073634	0.57475	0.5775
CECR2	SF3A3	chr22	17357949	17361949	chr1	37988075	37992075	0.259	0.26	1.5677237371958987	1.5681911600186826	0.467	0.46375
CLTCL1	SERTAD1	chr22	19289719	19293719	chr19	40423992	40427992	0.993	0.981	0.8763910618191876	0.8795563202328075	0.522	0.52225
GNB1L	DRGX	chr22	19852939	19856939	chr10	49394089	49398089	1.02	1.062	0.4794226973011476	0.44012002679843876	0.5955	0.5905
LZTR1	HSBP1L1	chr22	20980269	20984269	chr18	79962582	79966582	1.997	1.958	1.789961258086234	1.8077453596575601	0.581	0.57875
TOP3B	TSPAN12	chr22	21980813	21984813	chr7	120856402	120860402	0.632	0.655	0.7199764476202754	0.7328575637719231	0.49075	0.4905
ADORA2A	FAM131A	chr22	24415879	24419879	chr3	184333926	184337926	0.846	0.83	1.6506872433063164	1.6534546860534802	0.5755	0.5755
PRR14L	RSPO2	chr22	31748140	31752140	chr8	108081642	108085642	0.638	0.668	1.203837599458203	1.16894215719762	0.49675	0.49475
DEPDC5	LMOD1	chr22	31751867	31755867	chr1	201944548	201948548	0.403	0.379	1.0484146107369057	0.9966434290197504	0.4915	0.488
MYH9	DNMT1	chr22	36386010	36390010	chr19	10229286	10233286	0.159	0.15	1.7569485965530565	1.7467672687933382	0.57325	0.57575
CACNG2	DDX21	chr22	36701752	36705752	chr10	68954135	68958135	0.271	0.29	1.27933836176746	1.2087637326616367	0.48325	0.48225
CSNK1E	EPB41L3	chr22	38316084	38320084	chr18	5628700	5632700	0.588	0.562	1.9324976096307727	1.8996361342802044	0.591	0.588
CACNA1I	MFSD2A	chr22	39568753	39572753	chr1	39953112	39957112	0.525	0.572	1.293344873151232	1.2500270076323257	0.56375	0.56075
TNRC6B	QSER1	chr22	40042817	40046817	chr11	32890811	32894811	0.332	0.349	1.1391483537304978	1.090360352335801	0.52275	0.5255
ADSL	BVES	chr22	40344461	40348461	chr6	105135157	105139157	0.915	0.915	1.1061534857906903	1.1218945453937381	0.5005	0.502
SGSM3	UPF3A	chr22	40368591	40372591	chr13	114279601	114283601	1.175	1.198	2.1048898078017304	2.0945899057395216	0.49225	0.5
EP300	XPO7	chr22	41090510	41094510	chr8	21917662	21921662	0.164	0.187	1.6883272575772208	1.7336922873061944	0.543	0.538
TCF20	ZSWIM6	chr22	42341616	42345616	chr5	61330258	61334258	0.05	0.146	1.2822322736392644	1.3023374235682648	0.64575	0.685
SBF1	GNA11	chr22	50481923	50485923	chr19	3092362	3096362	0.381	0.38	2.1428147912784095	2.1876024958642195	0.63025	0.63075
