chrom	start	end	gene	strand	fixed_alu	category	tss	gene_density	recomb_cM_Mb
chr1	921923	925923	SAMD11	+	0	HighConfNDD	923923	30.0	3.467800635857481
chr1	2225388	2229388	SKI	+	3	HighConfNDD	2227388	17.0	0.46832855009459884
chr1	8846921	8850921	RERE	-	6	HighConfNDD	8848921	7.0	0.4358280576868978
chr1	8943867	8947867	CA6	+	4	HighConfNDD	8945867	7.0	4.265075511069476
chr1	10794650	10798650	CASZ1	-	1	HighConfNDD	10796650	14.0	4.843687736145945
chr1	11260556	11264556	MTOR	-	7	HighConfNDD	11262556	16.0	0.32618270955644846
chr1	11804455	11808455	MTHFR	-	2	HighConfNDD	11806455	18.0	2.0875995796766134
chr1	15834095	15838095	SPEN	+	3	HighConfNDD	15836095	23.0	0.5699117810800658
chr1	22708839	22712839	EPHB2	+	0	HighConfNDD	22710839	11.0	1.9341537640059414
chr1	23342336	23346336	HNRNPR	-	3	HighConfNDD	23344336	17.0	0.46513840287957464
chr1	27602431	27606431	AHDC1	-	0	HighConfNDD	27604431	19.0	0.783849887526884
chr1	32070031	32074031	TMEM39B	+	7	HighConfNDD	32072031	26.0	0.05659011435639627
chr1	34927650	34931650	DLGAP3	-	2	HighConfNDD	34929650	12.0	2.876829628939106
chr1	35806016	35810016	AGO4	+	2	HighConfNDD	35808016	15.0	0.06622830538574931
chr1	35867808	35871808	AGO1	+	8	HighConfNDD	35869808	16.0	0.1690106775136968
chr1	35928718	35932718	AGO3	+	0	HighConfNDD	35930718	18.0	0.033014505470774225
chr1	37032515	37036515	GRIK3	-	0	HighConfNDD	37034515	2.0	2.0728227027640855
chr1	37857592	37861592	MTF1	-	3	HighConfNDD	37859592	17.0	0.06602916323672048
chr1	40095260	40099260	PPT1	-	3	HighConfNDD	40097260	19.0	0.30423065013266637
chr1	40342850	40346850	SMAP2	+	5	HighConfNDD	40344850	16.0	2.6121951838938173
chr1	40663682	40667682	RIMS3	-	1	HighConfNDD	40665682	13.0	0.3257058045292638
chr1	42033925	42037925	HIVEP3	-	1	HighConfNDD	42035925	8.0	0.2690606782658733
chr1	43387882	43391882	SZT2	+	2	HighConfNDD	43389882	16.0	0.06986961445576867
chr1	46218305	46222305	POMGNT1	-	4	HighConfNDD	46220305	20.0	0.28170567184744755
chr1	50021954	50025954	AGBL4	-	0	HighConfNDD	50023954	2.0	0.03849530623654118
chr1	52925276	52929276	SCP2	+	4	HighConfNDD	52927276	13.0	0.21175133857880724
chr1	53194792	53198792	CPT2	+	0	HighConfNDD	53196792	12.0	2.028616739982141
chr1	53737164	53741164	GLIS1	-	0	HighConfNDD	53739164	15.0	1.5861808900095298
chr1	60863259	60867259	NFIA	+	0	HighConfNDD	60865259	0.0	1.7179682117340178
chr1	61740477	61744477	PATJ	+	4	HighConfNDD	61742477	2.0	1.3878000264502077
chr1	62686386	62690386	DOCK7	-	3	HighConfNDD	62688386	5.0	0.21340360953558957
chr1	70203682	70207682	SRSF11	+	1	HighConfNDD	70205682	3.0	0.05996128664179423
chr1	72280539	72284539	NEGR1	-	0	HighConfNDD	72282539	0.0	0.2801159168286915
chr1	96719665	96723665	PTBP2	+	2	HighConfNDD	96721665	0.0	0.08298796456983837
chr1	97993000	97997000	DPYD	-	1	HighConfNDD	97995000	0.0	0.11047173477791716
chr1	107138007	107142007	NTNG1	+	0	HighConfNDD	107140007	1.0	1.6242287087248997
chr1	109685814	109689814	GSTM1	+	0	HighConfNDD	109687814	25.0	1.5599070292887518
chr1	110629474	110633474	KCNA2	-	2	HighConfNDD	110631474	10.0	1.1081384793160964
chr1	111501633	111505633	ADORA3	-	0	HighConfNDD	111503633	15.0	2.1699983095183484
chr1	111987668	111991668	KCND3	-	0	HighConfNDD	111989668	7.0	2.3157483174733784
chr1	114509203	114513203	TRIM33	-	2	HighConfNDD	114511203	8.0	0.19539623662097938
chr1	114693618	114697618	AMPD1	-	3	HighConfNDD	114695618	9.0	0.14775665610727629
chr1	114756676	114760676	CSDE1	-	2	HighConfNDD	114758676	9.0	0.25266357351739543
chr1	115974513	115978513	SLC22A15	+	1	HighConfNDD	115976513	5.0	0.15370368130732004
chr1	116370668	116374668	ATP1A1	+	1	HighConfNDD	116372668	5.0	1.3020281969485836
chr1	150267580	150271580	APH1A	-	4	HighConfNDD	150269580	34.0	0.19998618730539874
chr1	150924263	150928263	SETDB1	+	7	HighConfNDD	150926263	33.0	0.05484784281691191
chr1	151457494	151461494	POGZ	-	4	HighConfNDD	151459494	35.0	0.49270640995672466
chr1	153669028	153673028	ILF2	-	7	HighConfNDD	153671028	35.0	0.6789665221586461
chr1	154218179	154222179	UBAP2L	+	0	HighConfNDD	154220179	25.0	0.1290631737737158
chr1	154565778	154569778	CHRNB2	+	1	HighConfNDD	154567778	27.0	0.45607061841423047
chr1	155561162	155565162	ASH1L	-	3	HighConfNDD	155563162	34.0	0.030383805694498278
chr1	156570604	156574604	IQGAP3	-	2	HighConfNDD	156572604	34.0	0.4732576057747906
chr1	156813636	156817636	NTRK1	+	1	HighConfNDD	156815636	24.0	3.398047143495262
chr1	158928796	158932796	PYHIN1	+	0	HighConfNDD	158930796	20.0	3.384843413475096
chr1	159798511	159802511	FCRL6	+	1	HighConfNDD	159800511	25.0	6.498154506815297
chr1	160068483	160072483	KCNJ10	-	1	HighConfNDD	160070483	26.0	0.8059526442474407
chr1	160113759	160117759	ATP1A2	+	0	HighConfNDD	160115759	26.0	1.7604985745430213
chr1	164553584	164557584	PBX1	+	6	HighConfNDD	164555584	0.0	5.036276282766323
chr1	173712941	173716941	KLHL20	+	0	HighConfNDD	173714941	13.0	0.06285374811369593
chr1	177162973	177166973	ASTN1	-	0	HighConfNDD	177164973	1.0	0.9422521016779228
chr1	181315690	181319690	CACNA1E	+	0	HighConfNDD	181317690	4.0	2.207169338741437
chr1	186678922	186682922	PTGS2	-	0	HighConfNDD	186680922	5.0	0.13438857050005026
chr1	197144694	197148694	ASPM	-	2	HighConfNDD	197146694	10.0	0.10439077960029408
chr1	198636457	198640457	PTPRC	+	0	HighConfNDD	198638457	2.0	0.5460283428431012
chr1	200618751	200622751	KIF14	-	4	HighConfNDD	200620751	7.0	0.27022970089205955
chr1	202806487	202810487	KDM5B	-	0	HighConfNDD	202808487	15.0	0.9100094274779735
chr1	203793623	203797623	ZC3H11A	+	2	HighConfNDD	203795623	14.0	1.2262435890190204
chr1	205040937	205044937	CNTN2	+	0	HighConfNDD	205042937	11.0	2.6341596289830704
chr1	205120015	205124015	RBBP5	-	3	HighConfNDD	205122015	12.0	0.19406129814029782
chr1	206115699	206119699	AVPR1B	-	3	HighConfNDD	206117699	15.0	2.1441694016783686
chr1	206505531	206509531	RASSF5	+	0	HighConfNDD	206507531	16.0	2.146301524617229
chr1	209684178	209688178	HSD11B1	+	0	HighConfNDD	209686178	9.0	3.1946292839270996
chr1	216421448	216425448	USH2A	-	1	HighConfNDD	216423448	0.0	1.3342180549815907
chr1	220526136	220530136	MARK1	+	0	HighConfNDD	220528136	9.0	0.18739325129928375
chr1	229506341	229510341	NUP133	-	2	HighConfNDD	229508341	6.0	0.09409525218018189
chr1	231526653	231530653	TSNAX-DISC1	+	1	HighConfNDD	231528653	10.0	0.32638167154544817
chr1	231624790	231628790	DISC1	+	3	HighConfNDD	231626790	9.0	0.7745740054696171
chr1	239384565	239388565	CHRM3	+	0	HighConfNDD	239386565	0.0	2.5661708792591753
chr1	241355374	241359374	RGS7	-	0	HighConfNDD	241357374	6.0	3.1746529722005334
chr1	244449909	244453909	ADSS2	-	0	HighConfNDD	244451909	7.0	2.1238588622071575
chr1	244862560	244866560	HNRNPU	-	0	HighConfNDD	244864560	7.0	5.145856197241869
chr1	247758556	247762556	OR1C1	-	1	HighConfNDD	247760556	30.0	0.49904504476785405
chr1	248229417	248233417	OR2M4	+	2	HighConfNDD	248231417	38.0	0.32577883858664336
chr1	248595700	248599700	OR2T10	-	1	HighConfNDD	248597700	28.0	1.8819484360983552
chr10	128088	132088	ZMYND11	+	4	HighConfNDD	130088	1.0	0.30632957171104214
chr10	687668	691668	DIP2C	-	0	HighConfNDD	689668	5.0	2.402800782916225
chr10	10796397	10800397	CELF2	+	2	HighConfNDD	10798397	0.0	0.6161186270980323
chr10	12041170	12045170	UPF2	-	2	HighConfNDD	12043170	8.0	1.34071757242058
chr10	18138424	18142424	CACNB2	+	3	HighConfNDD	18140424	4.0	1.040903433793261
chr10	27744060	27748060	MKX	-	0	HighConfNDD	27746060	3.0	0.18422255023295975
chr10	28530493	28534493	WAC	+	3	HighConfNDD	28532493	2.0	0.3187584731819726
chr10	43407186	43411186	HNRNPF	-	5	HighConfNDD	43409186	8.0	0.11656575610899722
chr10	48682873	48686873	WDFY4	+	3	HighConfNDD	48684873	6.0	3.0767689564159184
chr10	55625942	55629942	PCDH15	-	0	HighConfNDD	55627942	0.0	0.3086668550101024
chr10	60731490	60735490	ANK3	-	0	HighConfNDD	60733490	2.0	0.7280554499460834
chr10	63519401	63523401	REEP3	+	1	HighConfNDD	63521401	2.0	0.06653060715819947
chr10	63519850	63523850	JMJD1C	-	1	HighConfNDD	63521850	2.0	0.06686338237614109
chr10	67761637	67765637	CTNNA3	-	2	HighConfNDD	67763637	5.0	0.39798594499629303
chr10	74149202	74153202	ADK	+	1	HighConfNDD	74151202	12.0	0.07026341520500523
chr10	77636369	77640369	KCNMA1	-	0	HighConfNDD	77638369	3.0	2.0650244334451884
chr10	79066966	79070966	ZMIZ1	+	0	HighConfNDD	79068966	4.0	4.433247014539035
chr10	80342745	80346745	DYDC2	+	5	HighConfNDD	80344745	9.0	0.25265200357239337
chr10	80354755	80358755	DYDC1	-	1	HighConfNDD	80356755	9.0	0.22736728127526362
chr10	86364795	86368795	GRID1	-	0	HighConfNDD	86366795	5.0	0.8103495528904148
chr10	87860638	87864638	PTEN	+	0	HighConfNDD	87862638	5.0	0.9304076049347998
chr10	91921770	91925770	BTAF1	+	2	HighConfNDD	91923770	5.0	0.409902071629773
chr10	92824831	92828831	EXOC6	+	3	HighConfNDD	92826831	5.0	0.42968381934358035
chr10	93755840	93759840	LGI1	+	0	HighConfNDD	93757840	8.0	2.1916825195619083
chr10	93891973	93895973	SLC35G1	+	1	HighConfNDD	93893973	9.0	0.36433611201971416
chr10	100994618	100998618	LZTS2	+	1	HighConfNDD	100996618	15.0	2.5246426463149874
chr10	101352033	101356033	BTRC	+	2	HighConfNDD	101354033	17.0	0.8548554568764644
chr10	102118368	102122368	LDB1	-	0	HighConfNDD	102120368	20.0	0.5612437449164531
chr10	102852272	102856272	BORCS7-ASMT	+	9	HighConfNDD	102854272	20.0	0.25024945550399025
chr10	104639290	104643290	SORCS3	+	0	HighConfNDD	104641290	5.0	0.5311985988225842
chr10	110565684	110569684	SMC3	+	4	HighConfNDD	110567684	7.0	0.7817915830702304
chr10	112948247	112952247	TCF7L2	+	0	HighConfNDD	112950247	0.0	2.4232315438024443
chr10	126903409	126907409	DOCK1	+	0	HighConfNDD	126905409	2.0	3.0009805038761783
chr10	129971053	129975053	EBF3	-	0	HighConfNDD	129973053	2.0	3.4019897376148833
chr11	535321	539321	HRAS	-	2	HighConfNDD	537321	46.0	0.5079976786537332
chr11	574470	578470	PHRF1	+	0	HighConfNDD	576470	47.0	0.5556486934501004
chr11	705118	709118	DEAF1	-	0	HighConfNDD	707118	46.0	0.889525051631237
chr11	796281	800281	SLC25A22	-	1	HighConfNDD	798281	41.0	0.8095847403554379
chr11	840812	844812	TSPAN4	+	3	HighConfNDD	842812	37.0	0.556493123330386
chr11	1387899	1391899	BRSK2	+	0	HighConfNDD	1389899	21.0	0.7462924045481167
chr11	1762573	1766573	CTSD	-	3	HighConfNDD	1764573	23.0	1.7898095250187884
chr11	4543191	4547191	OR52M1	+	0	HighConfNDD	4545191	29.0	1.175181032998882
chr11	6417414	6421414	APBB1	-	2	HighConfNDD	6419414	34.0	4.087449439710085
chr11	6617448	6621448	TPP1	-	0	HighConfNDD	6619448	32.0	1.7816259785354305
chr11	17732774	17736774	KCNC1	+	0	HighConfNDD	17734774	11.0	3.1501228233932466
chr11	19348724	19352724	NAV2	+	0	HighConfNDD	19350724	5.0	2.1101602672728603
chr11	22623509	22627509	GAS2	+	3	HighConfNDD	22625509	4.0	1.4569354804100243
chr11	31507755	31511755	ELP4	+	0	HighConfNDD	31509755	5.0	0.04154452112317131
chr11	34049731	34053731	CAPRIN1	+	1	HighConfNDD	34051731	9.0	0.16627806314694737
chr11	41457773	41461773	LRRC4C	-	0	HighConfNDD	41459773	0.0	0.2935655383133451
chr11	46119454	46123454	PHF21A	-	0	HighConfNDD	46121454	14.0	0.3246171889966831
chr11	57333892	57337892	SSRP1	-	2	HighConfNDD	57335892	26.0	0.40805947050102986
chr11	57751243	57755243	CTNND1	+	5	HighConfNDD	57753243	29.0	0.026555991529306766
chr11	61428031	61432031	CPSF7	-	5	HighConfNDD	61430031	26.0	0.24008267991476373
chr11	61678391	61682391	DAGLA	+	1	HighConfNDD	61680391	25.0	0.7605582489593132
chr11	62554235	62558235	AHNAK	-	5	HighConfNDD	62556235	42.0	0.5837739982865742
chr11	62725384	62729384	HNRNPUL2-BSCL2	-	2	HighConfNDD	62727384	40.0	0.6546716223979843
chr11	62725457	62729457	HNRNPUL2	-	2	HighConfNDD	62727457	40.0	0.6523296169362425
chr11	63367785	63371785	SLC22A9	+	0	HighConfNDD	63369785	16.0	1.5777641033604084
chr11	63836928	63840928	MARK2	+	0	HighConfNDD	63838928	33.0	1.1491666255507482
chr11	64721197	64725197	NRXN2	-	0	HighConfNDD	64723197	47.0	0.19832395664280966
chr11	64776786	64780786	SF1	-	2	HighConfNDD	64778786	40.0	2.0339287299428577
chr11	65259913	65263913	POLA2	+	5	HighConfNDD	65261913	44.0	0.10825358434487953
chr11	65593996	65597996	KCNK7	-	3	HighConfNDD	65595996	46.0	0.48717178898598945
chr11	66068272	66072272	PACS1	+	0	HighConfNDD	66070272	49.0	0.19283725601127344
chr11	66478013	66482013	DPP3	+	2	HighConfNDD	66480013	37.0	0.0869644159257632
chr11	66566879	66570879	CTSF	-	4	HighConfNDD	66568879	33.0	0.08717230539829757
chr11	68211852	68215852	KMT5B	-	0	HighConfNDD	68213852	9.0	1.6359966628739642
chr11	70268690	70272690	PPFIA1	+	3	HighConfNDD	70270690	5.0	1.938748211875918
chr11	71250577	71254577	SHANK2	-	0	HighConfNDD	71252577	7.0	1.9790150020966735
chr11	71450868	71454868	DHCR7	-	2	HighConfNDD	71452868	12.0	0.3786367370268806
chr11	76442923	76446923	EMSY	+	1	HighConfNDD	76444923	6.0	0.3878191002296205
chr11	85626335	85630335	DLG2	-	0	HighConfNDD	85628335	7.0	0.11388867912984324
chr11	89063982	89067982	GRM5	-	0	HighConfNDD	89065982	2.0	0.4021138041915151
chr11	99018949	99022949	CNTN5	+	0	HighConfNDD	99020949	0.0	2.9549403158954135
chr11	101870562	101874562	TRPC6	-	1	HighConfNDD	101872562	6.0	0.49573930041120207
chr11	107016476	107020476	GUCY1A2	-	0	HighConfNDD	107018476	1.0	0.4196359626244828
chr11	111764389	111768389	PPP2R1B	-	1	HighConfNDD	111766389	26.0	0.16157389976825698
chr11	111925144	111929144	DIXDC1	+	4	HighConfNDD	111927144	25.0	0.10386149014692592
chr11	113473691	113477691	DRD2	-	0	HighConfNDD	113475691	8.0	1.2786666975419791
chr11	113973075	113977075	HTR3A	+	2	HighConfNDD	113975075	12.0	1.5818914314115773
chr11	114057041	114061041	ZBTB16	+	0	HighConfNDD	114059041	11.0	4.642283765999338
chr11	115502957	115506957	CADM1	-	1	HighConfNDD	115504957	0.0	0.5082699986378714
chr11	117142284	117146284	PAFAH1B2	+	1	HighConfNDD	117144284	13.0	0.2138132341030996
chr11	118434456	118438456	KMT2A	+	0	HighConfNDD	118436456	24.0	0.8056561246115734
chr11	119344705	119348705	MFRP	-	1	HighConfNDD	119346705	26.0	3.6676209520723546
chr11	120509746	120513746	GRIK4	+	0	HighConfNDD	120511746	5.0	3.9367846352078573
chr11	121022072	121026072	TBCEL	+	0	HighConfNDD	121024072	4.0	0.7241170814810971
chr11	121022125	121026125	TBCEL-TECTA	+	0	HighConfNDD	121024125	4.0	0.7238844732376037
chr11	121099243	121103243	TECTA	+	0	HighConfNDD	121101243	4.0	0.7211009337913765
chr11	124798706	124802706	MSANTD2	-	1	HighConfNDD	124800706	23.0	4.610786921079182
chr11	126267144	126271144	SRPRA	-	1	HighConfNDD	126269144	14.0	0.19791749744399567
chr11	127001460	127005460	KIRREL3	-	0	HighConfNDD	127003460	0.0	2.050416470588061
chr11	129277324	129281324	ARHGAP32	-	0	HighConfNDD	129279324	4.0	1.193972678776447
chr12	387320	391320	KDM5A	-	1	HighConfNDD	389320	7.0	1.1944636774853001
chr12	1968772	1972772	CACNA1C	+	0	HighConfNDD	1970772	6.0	2.4288439303884957
chr12	4718400	4722400	GALNT8	+	1	HighConfNDD	4720400	15.0	0.24709689343776375
chr12	4907905	4911905	KCNA1	+	1	HighConfNDD	4909905	11.0	4.886570266325272
chr12	10672318	10676318	STYK1	-	3	HighConfNDD	10674318	30.0	1.6985046527124936
chr12	13980002	13984002	GRIN2B	-	0	HighConfNDD	13982002	2.0	1.9075933549744661
chr12	20808702	20812702	SLCO1B3	+	2	HighConfNDD	20810702	5.0	1.0685194716937474
chr12	20813674	20817674	SLCO1B3-SLCO1B7	+	2	HighConfNDD	20815674	5.0	1.0723474580116488
chr12	24560544	24564544	SOX5	-	0	HighConfNDD	24562544	2.0	0.8181442306075581
chr12	28131249	28135249	CCDC91	+	0	HighConfNDD	28133249	5.0	0.5909043599786656
chr12	42588355	42592355	PRICKLE1	-	1	HighConfNDD	42590355	4.0	0.6999941715464786
chr12	45727706	45731706	ARID2	+	0	HighConfNDD	45729706	1.0	0.8887257401858051
chr12	47941048	47945048	VDR	-	0	HighConfNDD	47943048	14.0	0.8537341571774704
chr12	48955487	48959487	ARF3	-	3	HighConfNDD	48957487	32.0	0.5610857463613428
chr12	48976322	48980322	WNT1	+	1	HighConfNDD	48978322	31.0	0.5703633209382275
chr12	51588266	51592266	SCN8A	+	2	HighConfNDD	51590266	17.0	1.375956882309879
chr12	56187567	56191567	SMARCC2	-	2	HighConfNDD	56189567	48.0	0.15293707150235036
chr12	57126483	57130483	LRP1	+	0	HighConfNDD	57128483	36.0	2.696493908185573
chr12	57518710	57522710	MBD6	+	2	HighConfNDD	57520710	39.0	0.3525128143321865
chr12	57740157	57744157	AGAP2	-	2	HighConfNDD	57742157	30.0	0.29089477250678897
chr12	62258338	62262338	USP15	+	1	HighConfNDD	62260338	2.0	0.24874807789345255
chr12	63149201	63153201	AVPR1A	-	0	HighConfNDD	63151201	1.0	0.6302072376115575
chr12	65167583	65171583	LEMD3	+	1	HighConfNDD	65169583	5.0	0.11230177268515718
chr12	67067162	67071162	GRIP1	-	0	HighConfNDD	67069162	1.0	1.6369777118161721
chr12	70635440	70639440	PTPRB	-	0	HighConfNDD	70637440	3.0	1.7085606469997572
chr12	75509636	75513636	KRR1	-	1	HighConfNDD	75511636	5.0	0.16971581381426404
chr12	77322641	77326641	NAV3	+	0	HighConfNDD	77324641	2.0	0.650920919750746
chr12	88140099	88144099	CEP290	-	0	HighConfNDD	88142099	4.0	0.43201177762469456
chr12	99982936	99986936	ANKS1B	-	0	HighConfNDD	99984936	7.0	0.19379334176051088
chr12	102956410	102960410	PAH	-	0	HighConfNDD	102958410	2.0	2.124767824993228
chr12	106136954	106140954	NUAK1	-	0	HighConfNDD	106138954	4.0	2.5738523674836244
chr12	111032165	111036165	CUX2	+	0	HighConfNDD	111034165	8.0	0.16048614210461665
chr12	112380439	112384439	HECTD4	-	4	HighConfNDD	112382439	7.0	0.023359848593429433
chr12	112416351	112420351	PTPN11	+	9	HighConfNDD	112418351	8.0	0.01554948610532847
chr12	116275693	116279693	MED13L	-	2	HighConfNDD	116277693	3.0	1.2576382523644725
chr12	119987236	119991236	BICDL1	+	1	HighConfNDD	119989236	15.0	0.33729550970349464
chr12	121580279	121584279	KDM2B	-	1	HighConfNDD	121582279	16.0	3.5693820094297735
chr12	121802009	121806009	SETD1B	+	0	HighConfNDD	121804009	20.0	1.0335975259323504
chr12	122750824	122754824	DENR	+	1	HighConfNDD	122752824	18.0	0.5697658347517631
chr12	123710353	123714353	ATP6V0A2	+	3	HighConfNDD	123712353	17.0	0.18449939795971204
chr12	123760188	123764188	DNAH10	+	3	HighConfNDD	123762188	15.0	1.2266160681906513
chr12	131947942	131951942	EP400	+	10	HighConfNDD	131949942	7.0	0.43813229239475504
chr13	19956677	19960677	ZMYM2	+	0	HighConfNDD	19958677	7.0	1.7507205855416008
chr13	23431763	23435763	SACS	-	3	HighConfNDD	23433763	4.0	2.446546513317216
chr13	30305551	30309551	KATNAL1	-	0	HighConfNDD	30307551	5.0	0.9984475809044469
chr13	32313086	32317086	BRCA2	+	3	HighConfNDD	32315086	5.0	2.1083771498130233
chr13	34940270	34944270	NBEA	+	0	HighConfNDD	34942270	0.0	0.4535633463364519
chr13	49442274	49446274	SETDB2	+	3	HighConfNDD	49444274	10.0	1.9317158557393554
chr13	51452264	51456264	INTS6	-	0	HighConfNDD	51454264	8.0	0.21047119982611662
chr13	67228445	67232445	PCDH9	-	0	HighConfNDD	67230445	0.0	1.814684074758972
chr13	76988660	76992660	CLN5	+	2	HighConfNDD	76990660	6.0	0.7986019157343094
chr13	77325094	77329094	MYCBP2	-	0	HighConfNDD	77327094	8.0	0.4556910590858365
chr13	80339126	80343126	SPRY2	-	0	HighConfNDD	80341126	0.0	0.8012103982210306
chr13	87669371	87673371	SLITRK5	+	0	HighConfNDD	87671371	0.0	0.760475791222035
chr13	93224807	93228807	GPC6	+	0	HighConfNDD	93226807	0.0	0.88008720682069
chr13	108594152	108598152	MYO16	+	0	HighConfNDD	108596152	3.0	1.96400488344608
chr13	114312482	114316482	CHAMP1	+	5	HighConfNDD	114314482	6.0	0.17924118305174375
chr14	21382019	21386019	SUPT16H	-	0	HighConfNDD	21384019	24.0	0.272784301581126
chr14	21454126	21458126	CHD8	-	5	HighConfNDD	21456126	22.0	0.278815257452365
chr14	22827820	22831820	SLC7A7	-	4	HighConfNDD	22829820	28.0	6.162519858904361
chr14	28762329	28766329	FOXG1	+	0	HighConfNDD	28764329	0.0	2.219981855839386
chr14	32074114	32078114	ARHGAP5	+	0	HighConfNDD	32076114	1.0	0.9415992442592369
chr14	39430466	39434466	FBXO33	-	0	HighConfNDD	39432466	5.0	0.11213874937922697
chr14	41604876	41608876	LRFN5	+	0	HighConfNDD	41606876	0.0	0.14126968070883095
chr14	45082107	45086107	PRPF39	+	1	HighConfNDD	45084107	6.0	0.09690910798582308
chr14	47673605	47677605	MDGA2	-	0	HighConfNDD	47675605	0.0	0.4258254896108582
chr14	50229578	50233578	SOS2	-	1	HighConfNDD	50231578	10.0	0.12908404258574535
chr14	57266905	57270905	EXOC5	-	1	HighConfNDD	57268905	4.0	0.29665878145358704
chr14	63100037	63104037	KCNH5	-	1	HighConfNDD	63102037	3.0	0.468601651387317
chr14	64336112	64340112	ESR2	-	2	HighConfNDD	64338112	7.0	0.1896507398634384
chr14	66505407	66509407	GPHN	+	1	HighConfNDD	66507407	1.0	0.06765564027858773
chr14	67814590	67818590	ZFYVE26	-	3	HighConfNDD	67816590	12.0	0.2809352297416723
chr14	76308712	76312712	ESRRB	+	0	HighConfNDD	76310712	4.0	2.0799076760803814
chr14	76759468	76763468	VASH1	+	0	HighConfNDD	76761468	8.0	2.516988509132858
chr14	77026708	77030708	IRF2BPL	-	2	HighConfNDD	77028708	16.0	1.3364809835138658
chr14	78168373	78172373	NRXN3	+	0	HighConfNDD	78170373	4.0	1.3837126698291513
chr14	91415844	91419844	CCDC88C	-	0	HighConfNDD	91417844	6.0	0.6932097905679768
chr14	93331219	93335219	UNC79	+	1	HighConfNDD	93333219	10.0	0.09467909772382654
chr14	100236298	100240298	YY1	+	2	HighConfNDD	100238298	8.0	0.3336572017346384
chr14	101962573	101966573	DYNC1H1	+	1	HighConfNDD	101964573	8.0	0.5314409571491296
chr14	103055549	103059549	CDC42BPB	-	1	HighConfNDD	103057549	11.0	1.0545265151515082
chr15	22771063	22775063	NIPA1	+	1	HighConfNDD	22773063	5.0	4.334141668680331
chr15	22836644	22840644	NIPA2	+	7	HighConfNDD	22838644	6.0	4.334141668680331
chr15	22979063	22983063	CYFIP1	-	4	HighConfNDD	22981063	7.0	4.334141668680331
chr15	23037572	23041572	TUBGCP5	-	2	HighConfNDD	23039572	7.0	4.334141668680296
chr15	23645867	23649867	MAGEL2	-	0	HighConfNDD	23647867	5.0	3.0558550480073166
chr15	25437051	25441051	UBE3A	-	1	HighConfNDD	25439051	3.0	0.7286025437202781
chr15	25863184	25867184	ATP10A	-	0	HighConfNDD	25865184	1.0	2.732028924356662
chr15	26937539	26941539	GABRB3	-	0	HighConfNDD	26939539	2.0	6.751102197118364
chr15	26969181	26973181	GABRG3	+	2	HighConfNDD	26971181	2.0	4.200910076561364
chr15	28882483	28886483	APBA2	+	3	HighConfNDD	28884483	5.0	2.5532900610162557
chr15	29267822	29271822	NSMCE3	-	0	HighConfNDD	29269822	3.0	1.684950245859227
chr15	30622494	30626494	ARHGAP11B	+	3	HighConfNDD	30624494	8.0	0.21068179140030452
chr15	30888559	30892559	FAN1	+	2	HighConfNDD	30890559	9.0	0.19764595699165
chr15	31159160	31163160	TRPM1	-	1	HighConfNDD	31161160	3.0	2.4516630661189254
chr15	31868789	31872789	OTUD7A	-	0	HighConfNDD	31870789	1.0	2.131072282690809
chr15	31921438	31925438	CHRNA7	+	0	HighConfNDD	31923438	2.0	2.3248401064841318
chr15	37099299	37103299	MEIS2	-	0	HighConfNDD	37101299	0.0	1.6442832872122892
chr15	39579079	39583079	THBS1	+	0	HighConfNDD	39581079	4.0	0.3171198225812333
chr15	40767980	40771980	C15orf62	+	0	HighConfNDD	40769980	27.0	0.29428233195481823
chr15	43104113	43108113	UBR1	-	3	HighConfNDD	43106113	16.0	0.048570588167962114
chr15	43508958	43512958	MAP1A	+	1	HighConfNDD	43510958	26.0	0.08067022748747377
chr15	44954687	44958687	TERB2	+	3	HighConfNDD	44956687	15.0	0.10752008158434023
chr15	48643721	48647721	FBN1	-	1	HighConfNDD	48645721	8.0	0.6809958412161166
chr15	51620833	51624833	DMXL2	-	0	HighConfNDD	51622833	10.0	0.06843665570876567
chr15	51969778	51973778	LEO1	-	8	HighConfNDD	51971778	10.0	0.2662370861914809
chr15	52293804	52297804	MYO5C	-	1	HighConfNDD	52295804	10.0	1.4162607375504876
chr15	52527132	52531132	MYO5A	-	1	HighConfNDD	52529132	7.0	0.9270381811841588
chr15	57373967	57377967	CGNL1	+	3	HighConfNDD	57375967	5.0	5.656912495550586
chr15	59370871	59374871	MYO1E	-	1	HighConfNDD	59372871	7.0	3.3516708951978558
chr15	63831948	63835948	HERC1	-	1	HighConfNDD	63833948	8.0	0.4109284756148668
chr15	66251756	66255756	MEGF11	-	0	HighConfNDD	66253756	9.0	1.1064410862618956
chr15	66502959	66506959	ZWILCH	+	3	HighConfNDD	66504959	8.0	0.17562225355973737
chr15	68255211	68259211	CLN6	-	2	HighConfNDD	68257211	7.0	0.6660155046857597
chr15	68818897	68822897	ANP32A	-	0	HighConfNDD	68820897	7.0	2.4601517996906352
chr15	70096176	70100176	TLE3	-	0	HighConfNDD	70098176	0.0	5.331384172501572
chr15	72318157	72322157	CELF6	-	3	HighConfNDD	72320157	14.0	0.26789108609449386
chr15	72684186	72688186	BBS4	+	7	HighConfNDD	72686186	13.0	0.7212961202105816
chr15	73049710	73053710	NEO1	+	0	HighConfNDD	73051710	6.0	0.2880465702283175
chr15	73681966	73685966	CD276	+	1	HighConfNDD	73683966	11.0	0.6941627827201557
chr15	75453842	75457842	SIN3A	-	1	HighConfNDD	75455842	17.0	0.012041894418644006
chr15	78129535	78133535	CIB2	-	2	HighConfNDD	78131535	13.0	0.6262406151950017
chr15	80402350	80406350	ARNT2	+	0	HighConfNDD	80404350	7.0	1.3519200613116311
chr15	82708112	82712112	AP3B2	-	0	HighConfNDD	82710112	15.0	0.2158891176470945
chr15	88254791	88258791	NTRK3	-	0	HighConfNDD	88256791	6.0	3.640812264445117
chr15	90350284	90354284	ZNF774	+	4	HighConfNDD	90352284	16.0	0.5816186378405064
chr15	92391881	92395881	ST8SIA2	+	0	HighConfNDD	92393881	2.0	2.5149962820296423
chr15	92884203	92888203	CHD2	+	0	HighConfNDD	92886203	3.0	0.6015447334320356
chr16	136677	140677	NPRL3	-	6	HighConfNDD	138677	28.0	0.99755864651315
chr16	634366	638366	METTL26	-	0	HighConfNDD	636366	45.0	0.4920784408188983
chr16	1151103	1155103	CACNA1H	+	1	HighConfNDD	1153103	39.0	4.744333844724089
chr16	1704166	1708166	MAPK8IP3	+	3	HighConfNDD	1706166	49.0	0.17802021289210046
chr16	2045967	2049967	TSC2	+	4	HighConfNDD	2047967	50.0	3.243676883553972
chr16	2153698	2157698	TRAF7	+	1	HighConfNDD	2155698	47.0	1.1536714990013586
chr16	2194605	2198605	CASKIN1	-	1	HighConfNDD	2196605	47.0	1.2260832400261545
chr16	2750626	2754626	SRRM2	+	4	HighConfNDD	2752626	40.0	3.0449691960842884
chr16	3878713	3882713	CREBBP	-	1	HighConfNDD	3880713	16.0	1.5843228176596469
chr16	4800880	4804880	ROGDI	-	0	HighConfNDD	4802880	27.0	1.3871957051900807
chr16	5237802	5241802	RBFOX1	+	0	HighConfNDD	5239802	12.0	1.754709241727923
chr16	8672596	8676596	ABAT	+	1	HighConfNDD	8674596	8.0	2.4380943308910474
chr16	8973328	8977328	USP7	-	4	HighConfNDD	8975328	8.0	2.3532445560875814
chr16	10181337	10185337	GRIN2A	-	1	HighConfNDD	10183337	2.0	1.1963089413765715
chr16	14069319	14073319	MRTFB	+	2	HighConfNDD	14071319	1.0	0.9297498484561828
chr16	19165971	19169971	SYT17	+	3	HighConfNDD	19167971	12.0	5.509252011524737
chr16	21157441	21161441	DNAH3	-	1	HighConfNDD	21159441	13.0	0.6106218682411679
chr16	23833983	23837983	PRKCB	+	0	HighConfNDD	23835983	11.0	0.5569327918935585
chr16	28493575	28497575	CLN3	-	1	HighConfNDD	28495575	25.0	0.12869060659568277
chr16	29809382	29813382	PRRT2	+	0	HighConfNDD	29811382	39.0	0.5746587703956152
chr16	29897550	29901550	SEZ6L2	-	0	HighConfNDD	29899550	44.0	0.49135268448409875
chr16	29924236	29928236	KCTD13	-	3	HighConfNDD	29926236	44.0	0.40137379331930845
chr16	29971868	29975868	TAOK2	+	0	HighConfNDD	29973868	43.0	0.060147080466208536
chr16	30121506	30125506	MAPK3	-	5	HighConfNDD	30123506	49.0	0.5744612118976278
chr16	30180827	30184827	CORO1A	+	3	HighConfNDD	30182827	50.0	0.6691649996501781
chr16	30696209	30700209	SRCAP	+	4	HighConfNDD	30698209	45.0	0.09421744545250021
chr16	30955294	30959294	SETD1A	+	3	HighConfNDD	30957294	43.0	0.1130195915279586
chr16	31008638	31012638	STX1B	-	3	HighConfNDD	31010638	46.0	0.1046632801502767
chr16	31104107	31108107	BCKDK	+	4	HighConfNDD	31106107	41.0	0.42186209080334436
chr16	56187660	56191660	GNAO1	+	1	HighConfNDD	56189660	18.0	0.06242112994357285
chr16	58627885	58631885	CNOT1	-	3	HighConfNDD	58629885	8.0	0.6755474730353228
chr16	62035035	62039035	CDH8	-	0	HighConfNDD	62037035	0.0	0.34245205676810997
chr16	65124112	65128112	CDH11	-	0	HighConfNDD	65126112	0.0	0.8582846438962122
chr16	67560467	67564467	CTCF	+	1	HighConfNDD	67562467	47.0	0.2731042906749792
chr16	69406571	69410571	TERF2	-	6	HighConfNDD	69408571	19.0	0.6478263002206575
chr16	70521791	70525791	SF3B3	+	7	HighConfNDD	70523791	13.0	0.05643703624343743
chr16	71228722	71232722	HYDIN	-	0	HighConfNDD	71230722	11.0	0.12953183180755445
chr16	76275278	76279278	CNTNAP4	+	1	HighConfNDD	76277278	1.0	1.763734792075553
chr16	78097400	78101400	WWOX	+	5	HighConfNDD	78099400	3.0	0.6790239298709366
chr16	81442808	81446808	CMIP	+	0	HighConfNDD	81444808	12.0	3.638349064330697
chr16	82624965	82628965	CDH13	+	0	HighConfNDD	82626965	1.0	5.708137119820975
chr16	84185070	84189070	TAF1C	-	6	HighConfNDD	84187070	15.0	3.6836464122738732
chr16	87867507	87871507	SLC7A5	-	1	HighConfNDD	87869507	7.0	4.09425153058379
chr16	89488561	89492561	ANKRD11	-	2	HighConfNDD	89490561	22.0	0.14527444603288586
chr16	89655738	89659738	CHMP1A	-	6	HighConfNDD	89657738	24.0	0.8377292697326766
chr17	1398222	1402222	YWHAE	-	6	HighConfNDD	1400222	19.0	0.29388154552524526
chr17	2301785	2305785	SMG6	-	6	HighConfNDD	2303785	15.0	0.40824985193571806
chr17	2399104	2403104	MNT	-	0	HighConfNDD	2401104	13.0	1.284141823776217
chr17	3694194	3698194	P2RX5-TAX1BP3	-	2	HighConfNDD	3696194	26.0	1.885331953476097
chr17	3694240	3698240	P2RX5	-	2	HighConfNDD	3696240	26.0	1.8854993379185103
chr17	4985675	4989675	CAMTA2	-	1	HighConfNDD	4987675	40.0	0.2933105508183864
chr17	7217836	7221836	DLG4	-	0	HighConfNDD	7219836	63.0	0.6381711553248692
chr17	7402874	7406874	NLGN2	+	0	HighConfNDD	7404874	65.0	3.3122192980143694
chr17	7832217	7836217	KDM6B	+	1	HighConfNDD	7834217	60.0	1.530396033175201
chr17	7882796	7886796	CHD3	+	0	HighConfNDD	7884796	60.0	0.4038571368230848
chr17	8154506	8158506	PER1	-	5	HighConfNDD	8156506	36.0	1.5880770251984444
chr17	8629376	8633376	MYH10	-	1	HighConfNDD	8631376	23.0	1.1262838466153724
chr17	10467559	10471559	MYH4	-	0	HighConfNDD	10469559	11.0	0.15269153973893168
chr17	11995475	11999475	ZNF18	-	2	HighConfNDD	11997475	2.0	0.14594534959385896
chr17	16216185	16220185	NCOR1	-	6	HighConfNDD	16218185	13.0	0.20581662981378201
chr17	17679458	17683458	RAI1	+	2	HighConfNDD	17681458	15.0	0.4082313073152477
chr17	28949771	28953771	PHF12	-	0	HighConfNDD	28951771	27.0	0.3154199793559087
chr17	29388363	29392363	TAOK1	+	5	HighConfNDD	29390363	13.0	0.17475687148092334
chr17	30234002	30238002	SLC6A4	-	1	HighConfNDD	30236002	7.0	0.7701529878254831
chr17	30968984	30972984	RNF135	+	5	HighConfNDD	30970984	11.0	0.7593432053592153
chr17	31092927	31096927	NF1	+	2	HighConfNDD	31094927	10.0	0.4465827274496803
chr17	32442379	32446379	PSMD11	+	1	HighConfNDD	32444379	9.0	0.06408172493337361
chr17	36542912	36546912	GGNBP2	+	3	HighConfNDD	36544912	17.0	0.07709359534047167
chr17	39624740	39628740	PPP1R1B	+	0	HighConfNDD	39626740	28.0	0.15030068304213273
chr17	40056290	40060290	THRA	+	3	HighConfNDD	40058290	29.0	1.4674177207024997
chr17	40098589	40102589	NR1D1	-	3	HighConfNDD	40100589	30.0	1.5561614543523206
chr17	40770201	40774201	KRT26	-	2	HighConfNDD	40772201	50.0	1.2117491903029531
chr17	44322870	44326870	SLC25A39	-	5	HighConfNDD	44324870	26.0	2.1195278213420465
chr17	44343246	44347246	GRN	+	3	HighConfNDD	44345246	26.0	1.7174961634961505
chr17	44914937	44918937	GFAP	-	4	HighConfNDD	44916937	22.0	0.5384793327158377
chr17	46223389	46227389	KANSL1	-	3	HighConfNDD	46225389	9.0	0.07360678526396214
chr17	46921075	46925075	GOSR2	+	0	HighConfNDD	46923075	12.0	0.5466584628064197
chr17	47251827	47255827	ITGB3	+	2	HighConfNDD	47253827	13.0	2.2348694415866532
chr17	47939506	47943506	PNPO	+	3	HighConfNDD	47941506	17.0	0.2854488995177462
chr17	49412905	49416905	PHB1	-	3	HighConfNDD	49414905	15.0	2.049034996016843
chr17	49707014	49711014	SLC35B1	-	0	HighConfNDD	49709014	19.0	0.19314914925786297
chr17	49993224	49997224	DLX3	-	0	HighConfNDD	49995224	22.0	3.2657394707759124
chr17	50092737	50096737	PDK2	+	2	HighConfNDD	50094737	24.0	3.397714054833756
chr17	50148677	50152677	PPP1R9B	-	0	HighConfNDD	50150677	25.0	2.1600718676623387
chr17	50558715	50562715	CACNA1G	+	0	HighConfNDD	50560715	22.0	2.3633642575056513
chr17	57986259	57990259	VEZF1	-	0	HighConfNDD	57988259	16.0	2.1583499191144995
chr17	58326795	58330795	TSPOAP1	-	0	HighConfNDD	58328795	22.0	1.1172678711061224
chr17	60598193	60602193	PPM1D	+	0	HighConfNDD	60600193	5.0	0.7858324671805406
chr17	62063278	62067278	MED13	-	0	HighConfNDD	62065278	6.0	0.35375285157272174
chr17	62456658	62460658	TLK2	+	9	HighConfNDD	62458658	5.0	0.34362166263690597
chr17	62964235	62968235	TANC2	+	0	HighConfNDD	62966235	3.0	0.15861022140214232
chr17	63475061	63479061	ACE	+	1	HighConfNDD	63477061	23.0	1.6093896006495356
chr17	63970918	63974918	SCN4A	-	1	HighConfNDD	63972918	28.0	1.8216894126831562
chr17	66300613	66304613	PRKCA	+	1	HighConfNDD	66302613	2.0	1.6982807638797226
chr17	67364605	67368605	PSMD12	-	4	HighConfNDD	67366605	6.0	1.3132530452122637
chr17	69242846	69246846	ABCA10	-	1	HighConfNDD	69244846	5.0	0.6595325160074594
chr17	77956703	77960703	TNRC6C	+	0	HighConfNDD	77958703	10.0	0.27353759367500174
chr17	78575396	78579396	DNAH17	-	2	HighConfNDD	78577396	18.0	7.095173685873704
chr17	81293547	81297547	SLC38A10	-	5	HighConfNDD	81295547	21.0	0.7627278344787669
chr18	4453307	4457307	DLGAP1	-	1	HighConfNDD	4455307	0.0	4.683995915131209
chr18	7115797	7119797	LAMA1	-	3	HighConfNDD	7117797	3.0	4.863259194068341
chr18	21702957	21706957	MIB1	+	2	HighConfNDD	21704957	5.0	0.16251596949267366
chr18	33576219	33580219	ASXL3	+	0	HighConfNDD	33578219	1.0	0.23945278164340777
chr18	36127444	36131444	ELP2	+	3	HighConfNDD	36129444	5.0	0.551663214496827
chr18	37563827	37567827	CELF4	-	0	HighConfNDD	37565827	0.0	0.6322288289798905
chr18	43113691	43117691	RIT2	-	0	HighConfNDD	43115691	1.0	0.24473937428993509
chr18	44678173	44682173	SETBP1	+	0	HighConfNDD	44680173	0.0	1.4456029791775649
chr18	46915492	46919492	KATNAL2	+	3	HighConfNDD	46917492	8.0	0.0321602455399983
chr18	50279774	50283774	MBD1	-	0	HighConfNDD	50281774	7.0	0.7308759141211851
chr18	51026528	51030528	SMAD4	+	0	HighConfNDD	51028528	6.0	0.09845477873511754
chr18	52338197	52342197	DCC	+	0	HighConfNDD	52340197	0.0	0.622160755025476
chr18	55662787	55666787	TCF4	-	4	HighConfNDD	55664787	0.0	0.05428693202233603
chr18	75208755	75212755	TSHZ1	+	0	HighConfNDD	75210755	2.0	3.9324595606707646
chr19	587881	591881	HCN2	+	1	HighConfNDD	589881	35.0	6.628211035141773
chr19	1037997	1041997	ABCA7	+	1	HighConfNDD	1039997	46.0	1.8535481919219743
chr19	1590865	1594865	MBD3	-	4	HighConfNDD	1592865	35.0	2.242156631319796
chr19	1861579	1865579	KLF16	-	0	HighConfNDD	1863579	39.0	0.5343415551706165
chr19	2161933	2165933	DOT1L	+	6	HighConfNDD	2163933	27.0	0.21922594990397393
chr19	4579776	4583776	SEMA6B	-	2	HighConfNDD	4581776	28.0	3.892832977438765
chr19	4967113	4971113	KDM4B	+	2	HighConfNDD	4969113	16.0	1.033730379749791
chr19	9321772	9325772	ZNF559	+	4	HighConfNDD	9323772	21.0	0.06484046095238227
chr19	9322174	9326174	ZNF559-ZNF177	+	5	HighConfNDD	9324174	21.0	0.06425656420358195
chr19	10117918	10121918	EIF3G	-	10	HighConfNDD	10119918	36.0	3.196965662662805
chr19	10958932	10962932	SMARCA4	+	5	HighConfNDD	10960932	30.0	0.12693856113596524
chr19	11479046	11483046	ELAVL3	-	0	HighConfNDD	11481046	31.0	0.9515903364779632
chr19	13114862	13118862	NACC1	+	2	HighConfNDD	13116862	35.0	2.150066917958142
chr19	13622489	13626489	CACNA1A	-	3	HighConfNDD	13624489	20.0	2.350584611581965
chr19	13904201	13908201	CC2D1A	+	7	HighConfNDD	13906201	21.0	2.416656547082141
chr19	15330545	15334545	BRD4	-	6	HighConfNDD	15332545	26.0	0.13369399486172995
chr19	16827398	16831398	SIN3B	+	5	HighConfNDD	16829398	26.0	0.6777124580044358
chr19	17073777	17077777	MYO9B	+	1	HighConfNDD	17075777	34.0	1.975654162105016
chr19	17686365	17690365	UNC13A	-	3	HighConfNDD	17688365	39.0	4.811799667765015
chr19	20659596	20663596	ZNF626	-	4	HighConfNDD	20661596	8.0	0.5967637619160371
chr19	31347436	31351436	TSHZ3	-	0	HighConfNDD	31349436	0.0	1.0650156808939215
chr19	35028470	35032470	SCN1B	+	3	HighConfNDD	35030470	27.0	2.761421863200866
chr19	38401093	38405093	FAM98C	+	7	HighConfNDD	38403093	28.0	1.1203352648233533
chr19	38645649	38649649	ACTN4	+	5	HighConfNDD	38647649	34.0	0.2799820659394925
chr19	38767904	38771904	CAPN12	-	3	HighConfNDD	38769904	36.0	0.7288014778272611
chr19	41995497	41999497	ATP1A3	-	0	HighConfNDD	41997497	32.0	0.5288906140970084
chr19	42068206	42072206	GRIK5	-	1	HighConfNDD	42070206	32.0	0.06315944079773317
chr19	42266537	42270537	CIC	+	3	HighConfNDD	42268537	30.0	0.32782537775943865
chr19	43668547	43672547	PLAUR	-	4	HighConfNDD	43670547	35.0	4.855732828363557
chr19	45780552	45784552	DMPK	-	0	HighConfNDD	45782552	34.0	0.17479154028379185
chr19	45790845	45794845	DMWD	-	4	HighConfNDD	45792845	34.0	0.1541767053528531
chr19	46345087	46349087	PPP5C	+	3	HighConfNDD	46347087	25.0	1.5406570987373414
chr19	46715127	46719127	PRKD2	-	0	HighConfNDD	46717127	20.0	0.34005155209527516
chr19	46848846	46852846	AP2S1	-	7	HighConfNDD	46850846	23.0	3.611761769670494
chr19	47111274	47115274	SAE1	+	4	HighConfNDD	47113274	24.0	0.364687614606396
chr19	47111776	47115776	ZC3H4	-	7	HighConfNDD	47113776	24.0	0.34051095445192914
chr19	47606196	47610196	BICRA	+	4	HighConfNDD	47608196	23.0	0.522844959142077
chr19	48391668	48395668	GRIN2D	+	0	HighConfNDD	48393668	36.0	1.1510414516155265
chr19	49112324	49116324	LIN7B	+	6	HighConfNDD	49114324	59.0	1.5028108697318032
chr19	49589182	49593182	PRR12	+	2	HighConfNDD	49591182	46.0	0.7932735523260703
chr19	49640209	49644209	SCAF1	+	2	HighConfNDD	49642209	43.0	0.9539724575371622
chr19	49876351	49880351	PNKP	-	1	HighConfNDD	49878351	42.0	1.2163881505240681
chr19	50717802	50721802	SHANK1	-	0	HighConfNDD	50719802	37.0	5.936047096142829
chr19	51364388	51368388	ETFB	-	1	HighConfNDD	51366388	37.0	4.392438544863069
chr19	54135749	54139749	CNOT3	+	1	HighConfNDD	54137749	32.0	2.631717405735685
chr19	54187882	54191882	MBOAT7	-	2	HighConfNDD	54189882	33.0	4.071958727793827
chr19	54279184	54283184	LILRB2	-	0	HighConfNDD	54281184	36.0	5.80800218141178
chr19	55603647	55607647	ZNF865	+	4	HighConfNDD	55605647	46.0	2.504893588899506
chr19	57387850	57391850	ZNF548	+	1	HighConfNDD	57389850	41.0	0.32978860463387605
chr2	948849	952849	SNTG2	+	0	HighConfNDD	950849	2.0	0.7069354702478603
chr2	1372066	1376066	TPO	+	1	HighConfNDD	1374066	2.0	1.8208102823440808
chr2	1742852	1746852	PXDN	-	0	HighConfNDD	1744852	1.0	2.3762424756907663
chr2	2329664	2333664	MYT1L	-	0	HighConfNDD	2331664	0.0	1.8945685321969696
chr2	6864635	6868635	CMPK2	-	0	HighConfNDD	6866635	2.0	3.22800571278826
chr2	9204765	9208765	ASAP2	+	0	HighConfNDD	9206765	7.0	4.492039910634418
chr2	17875847	17879847	KCNS3	+	0	HighConfNDD	17877847	5.0	0.7103754886612279
chr2	24489254	24493254	NCOA1	+	0	HighConfNDD	24491254	14.0	1.865372731919237
chr2	24918237	24922237	ADCY3	-	2	HighConfNDD	24920237	7.0	0.4859059461704618
chr2	25340590	25344590	DNMT3A	-	2	HighConfNDD	25342590	5.0	0.8306660375546215
chr2	31153202	31157202	GALNT14	-	2	HighConfNDD	31155202	5.0	2.514517323907981
chr2	32009230	32013230	MEMO1	-	2	HighConfNDD	32011230	7.0	0.0817545979742107
chr2	32061556	32065556	SPAST	+	5	HighConfNDD	32063556	7.0	0.07962735969307744
chr2	32355023	32359023	BIRC6	+	2	HighConfNDD	32357023	7.0	0.03625521402838672
chr2	47904498	47908498	FBXO11	-	0	HighConfNDD	47906498	3.0	0.24691628685900469
chr2	51223575	51227575	NRXN1	-	1	HighConfNDD	51225575	0.0	0.5521951019240134
chr2	54454327	54458327	SPTBN1	+	0	HighConfNDD	54456327	5.0	1.370382637751817
chr2	60552467	60556467	BCL11A	-	0	HighConfNDD	60554467	4.0	1.1831045740514412
chr2	60754253	60758253	PAPOLG	+	6	HighConfNDD	60756253	6.0	0.2192202381388597
chr2	61536741	61540741	XPO1	-	2	HighConfNDD	61538741	6.0	0.04475663577792943
chr2	61886671	61890671	CCT4	-	5	HighConfNDD	61888671	5.0	0.2527621780920697
chr2	63048057	63052057	OTX1	+	0	HighConfNDD	63050057	1.0	0.09512733891810399
chr2	72824041	72828041	EXOC6B	-	3	HighConfNDD	72826041	10.0	0.13661574632109819
chr2	73154721	73158721	RAB11FIP5	-	3	HighConfNDD	73156721	12.0	0.746151264648347
chr2	85903199	85907199	ST3GAL5	-	3	HighConfNDD	85905199	18.0	0.4391907046436927
chr2	100818139	100822139	NPAS2	+	0	HighConfNDD	100820139	8.0	0.7729931079637709
chr2	101694850	101698850	MAP4K4	+	1	HighConfNDD	101696850	8.0	0.872854428387484
chr2	101989960	101993960	IL1R2	+	0	HighConfNDD	101991960	7.0	0.5581086410919056
chr2	109127205	109131205	SH3RF3	+	1	HighConfNDD	109129205	5.0	0.3510197356661138
chr2	114440299	114444299	DPP10	+	0	HighConfNDD	114442299	0.0	1.7861089634868677
chr2	121647476	121651476	CLASP1	-	1	HighConfNDD	121649476	3.0	0.1152560050323359
chr2	124023287	124027287	CNTNAP5	+	0	HighConfNDD	124025287	0.0	0.5753282225560952
chr2	133566463	133570463	NCKAP5	-	0	HighConfNDD	133568463	0.0	2.2518850679978186
chr2	135874443	135878443	MCM6	-	5	HighConfNDD	135876443	6.0	0.1857793106654526
chr2	148019011	148023011	MBD5	+	1	HighConfNDD	148021011	2.0	0.06345260316123813
chr2	148642440	148646440	EPC2	+	0	HighConfNDD	148644440	2.0	0.3288039257367359
chr2	148873227	148877227	KIF5C	+	1	HighConfNDD	148875227	3.0	1.322619325126766
chr2	153869922	153873922	GALNT13	+	0	HighConfNDD	153871922	1.0	0.49471528593670655
chr2	156340348	156344348	NR4A2	-	0	HighConfNDD	156342348	1.0	0.2855816010153944
chr2	156433290	156437290	GPD2	+	1	HighConfNDD	156435290	1.0	0.14207526587085795
chr2	157325713	157329713	ERMN	-	1	HighConfNDD	157327713	3.0	2.7670846471480104
chr2	159614569	159618569	BAZ2B	-	0	HighConfNDD	159616569	6.0	0.03949013687588376
chr2	161414297	161418297	TBR1	+	0	HighConfNDD	161416297	3.0	0.38986217909268817
chr2	161422332	161426332	SLC4A10	+	0	HighConfNDD	161424332	3.0	0.39444277520289006
chr2	162072394	162076394	DPP4	-	0	HighConfNDD	162074394	4.0	1.052147538547672
chr2	165192993	165196993	SCN2A	+	0	HighConfNDD	165194993	4.0	0.8808838440845079
chr2	165202050	165206050	SCN3A	-	0	HighConfNDD	165204050	4.0	0.8232026112850122
chr2	166180806	166184806	SCN1A	-	0	HighConfNDD	166182806	4.0	0.7313558611465965
chr2	166374001	166378001	SCN9A	-	0	HighConfNDD	166376001	3.0	0.6999702973371313
chr2	168245595	168249595	STK39	-	0	HighConfNDD	168247595	1.0	0.4936088151026752
chr2	169360534	169364534	LRP2	-	0	HighConfNDD	169362534	15.0	0.9627887465939011
chr2	169825454	169829454	UBR3	+	4	HighConfNDD	169827454	12.0	0.3571464123166379
chr2	171997859	172001859	SLC25A12	-	4	HighConfNDD	171999859	7.0	0.21558816789479351
chr2	172100900	172104900	DLX2	-	1	HighConfNDD	172102900	7.0	2.7777567509551204
chr2	172733274	172737274	RAPGEF4	+	0	HighConfNDD	172735274	2.0	1.4521678836368324
chr2	178828802	178832802	TTN	-	1	HighConfNDD	178830802	6.0	0.5792641422789302
chr2	179859612	179863612	ZNF385B	-	0	HighConfNDD	179861612	1.0	1.185367800378856
chr2	183036858	183040858	NCKAP1	-	2	HighConfNDD	183038858	4.0	0.3423400350774841
chr2	184596529	184600529	ZNF804A	+	0	HighConfNDD	184598529	0.0	0.2533236872321254
chr2	190341570	190345570	INPP1	+	1	HighConfNDD	190343570	6.0	0.5528249802543428
chr2	196591684	196595684	HECW2	-	2	HighConfNDD	196593684	5.0	0.4281496348755809
chr2	197433079	197437079	SF3B1	-	3	HighConfNDD	197435079	10.0	0.041223426240151184
chr2	199469266	199473266	SATB2	-	2	HighConfNDD	199471266	4.0	0.41870185896101475
chr2	204543475	204547475	PARD3B	+	0	HighConfNDD	204545475	0.0	2.0879928318177576
chr2	205679990	205683990	NRP2	+	0	HighConfNDD	205681990	3.0	3.4654196924950043
chr2	209769569	209773569	UNC80	+	1	HighConfNDD	209771569	4.0	0.2610132559348699
chr2	218417121	218421121	VIL1	+	5	HighConfNDD	218419121	24.0	1.0710778723765202
chr2	218605855	218609855	PLCD4	+	2	HighConfNDD	218607855	27.0	0.06129121503050783
chr2	218670002	218674002	RNF25	-	3	HighConfNDD	218672002	28.0	0.1478358546651748
chr2	224583397	224587397	CUL3	-	0	HighConfNDD	224585397	3.0	0.20136000000007925
chr2	229712555	229716555	DNER	-	0	HighConfNDD	229714555	5.0	2.6203823539734117
chr2	229921239	229925239	TRIP12	-	4	HighConfNDD	229923239	7.0	0.10443432011442155
chr2	232695299	232699299	GIGYF2	+	3	HighConfNDD	232697299	15.0	2.3983517652101227
chr2	234048679	234052679	SPP2	+	0	HighConfNDD	234050679	15.0	2.9501359719932907
chr2	235492043	235496043	AGAP1	+	0	HighConfNDD	235494043	0.0	2.103471139882913
chr2	238288102	238292102	PER2	-	1	HighConfNDD	238290102	12.0	0.5837780366874767
chr2	239399654	239403654	HDAC4	-	0	HighConfNDD	239401654	0.0	2.5563455582482675
chr2	240822293	240826293	KIF1A	-	0	HighConfNDD	240824293	18.0	0.5906513274237568
chr2	241315061	241319061	HDLBP	-	1	HighConfNDD	241317061	20.0	0.13547539974808842
chr2	241856894	241860894	PDCD1	-	0	HighConfNDD	241858894	11.0	3.317374885231743
chr20	541835	545835	CSNK2A1	-	1	HighConfNDD	543835	21.0	3.4556374126318667
chr20	1224044	1228044	RAD21L1	+	2	HighConfNDD	1226044	17.0	2.9591044994972204
chr20	3069620	3073620	OXT	+	5	HighConfNDD	3071620	21.0	4.842239843920879
chr20	3206868	3210868	ITPA	+	6	HighConfNDD	3208868	20.0	2.0329374041605064
chr20	8075251	8079251	PLCB1	+	0	HighConfNDD	8077251	2.0	1.3829995873421197
chr20	10170395	10174395	SNAP25	+	0	HighConfNDD	10172395	6.0	3.628635607020705
chr20	13993369	13997369	MACROD2	+	1	HighConfNDD	13995369	5.0	0.0972070699424421
chr20	17966980	17970980	SNX5	-	0	HighConfNDD	17968980	11.0	1.637828357341462
chr20	25583531	25587531	NINL	-	5	HighConfNDD	25585531	6.0	0.100624739527575
chr20	31868664	31872664	DUSP15	-	3	HighConfNDD	31870664	24.0	0.6100139791223569
chr20	32107714	32111714	TM9SF4	+	1	HighConfNDD	32109714	17.0	0.37505225147604904
chr20	38470816	38474816	RALGAPB	+	2	HighConfNDD	38472816	13.0	0.1311772266280542
chr20	43187970	43191970	PTPRT	-	0	HighConfNDD	43189970	7.0	3.254712009132419
chr20	44650252	44654252	ADA	-	5	HighConfNDD	44652252	19.0	2.8387518506797704
chr20	46019690	46023690	SLC12A5	+	2	HighConfNDD	46021690	32.0	0.7025526670527427
chr20	46306498	46310498	CDH22	-	1	HighConfNDD	46308498	24.0	4.094689692438749
chr20	47354889	47358889	ZMYND8	-	0	HighConfNDD	47356889	3.0	1.5827509782576499
chr20	48825999	48829999	PREX1	-	1	HighConfNDD	48827999	5.0	1.0009280717368085
chr20	49482297	49486297	KCNB1	-	1	HighConfNDD	49484297	10.0	2.343890220173961
chr20	50929437	50933437	ADNP	-	0	HighConfNDD	50931437	7.0	1.8330661033814977
chr20	54068594	54072594	BCAS1	-	1	HighConfNDD	54070594	4.0	2.522447924648219
chr20	58837718	58841718	GNAS	+	2	HighConfNDD	58839718	12.0	1.155446160468756
chr20	62063881	62067881	TAF4	-	0	HighConfNDD	62065881	12.0	1.9591322230445485
chr20	63376401	63380401	CHRNA4	-	0	HighConfNDD	63378401	30.0	2.5809563583328554
chr20	63470677	63474677	KCNQ2	-	0	HighConfNDD	63472677	30.0	1.9138653977928755
chr20	63497239	63501239	EEF1A2	-	0	HighConfNDD	63499239	32.0	3.022910599007531
chr21	31657666	31661666	SOD1	+	3	HighConfNDD	31659666	3.0	0.3070360440441533
chr21	31730118	31734118	SCAF4	-	0	HighConfNDD	31732118	3.0	0.4388112697208868
chr21	32726040	32730040	SYNJ1	-	2	HighConfNDD	32728040	12.0	0.08490095857951019
chr21	33541038	33545038	SON	+	1	HighConfNDD	33543038	14.0	0.10599185791384969
chr21	33640400	33644400	ITSN1	+	0	HighConfNDD	33642400	16.0	0.18493735408611656
chr21	37363573	37367573	DYRK1A	+	0	HighConfNDD	37365573	5.0	1.7908410044909573
chr21	38153549	38157549	KCNJ15	+	2	HighConfNDD	38155549	1.0	0.15602662922290733
chr21	38659780	38663780	ERG	-	0	HighConfNDD	38661780	1.0	1.0722783904433442
chr21	39347647	39351647	HMGN1	-	1	HighConfNDD	39349647	8.0	0.3713799111735483
chr21	40845158	40849158	DSCAM	-	0	HighConfNDD	40847158	2.0	6.266416432020776
chr21	42008387	42012387	ZBTB21	-	2	HighConfNDD	42010387	13.0	5.943574635823623
chr21	43774330	43778330	CSTB	-	5	HighConfNDD	43776330	13.0	1.071073645697922
chr21	46456891	46460891	DIP2A	+	3	HighConfNDD	46458891	12.0	0.11757998973159545
chr22	17357949	17361949	CECR2	+	11	HighConfNDD	17359949	9.0	5.583023582555624
chr22	18934553	18938553	PRODH	-	4	HighConfNDD	18936553	14.0	2.561599571735016
chr22	19289719	19293719	CLTCL1	-	1	HighConfNDD	19291719	19.0	0.3485687344718258
chr22	19852939	19856939	GNB1L	-	1	HighConfNDD	19854939	22.0	1.7953877783167371
chr22	20980269	20984269	LZTR1	+	0	HighConfNDD	20982269	17.0	6.916783050209343
chr22	21980813	21984813	TOP3B	-	5	HighConfNDD	21982813	10.0	2.483649378537436
chr22	24268898	24272898	SPECC1L-ADORA2A	+	4	HighConfNDD	24270898	21.0	0.3571672103616663
chr22	24415879	24419879	ADORA2A	+	1	HighConfNDD	24417879	18.0	0.07583444586149568
chr22	31748140	31752140	PRR14L	-	4	HighConfNDD	31750140	12.0	0.09601260163684344
chr22	31751867	31755867	DEPDC5	+	4	HighConfNDD	31753867	12.0	0.09980158056073662
chr22	36386010	36390010	MYH9	-	2	HighConfNDD	36388010	12.0	0.9002618364658588
chr22	36701752	36705752	CACNG2	-	0	HighConfNDD	36703752	18.0	2.3176495669572006
chr22	38316084	38320084	CSNK1E	-	1	HighConfNDD	38318084	25.0	2.564274447810959
chr22	38396522	38400522	TPTEP2-CSNK1E	-	0	HighConfNDD	38398522	24.0	0.4507986549707965
chr22	39568753	39572753	CACNA1I	+	1	HighConfNDD	39570753	17.0	1.0233119398873214
chr22	40042817	40046817	TNRC6B	+	1	HighConfNDD	40044817	8.0	0.24008832190531848
chr22	40344461	40348461	ADSL	+	7	HighConfNDD	40346461	10.0	0.4965182921844047
chr22	40368591	40372591	SGSM3	+	5	HighConfNDD	40370591	13.0	0.5828049327576679
chr22	41090510	41094510	EP300	+	1	HighConfNDD	41092510	18.0	0.12490884610301123
chr22	42341616	42345616	TCF20	-	0	HighConfNDD	42343616	20.0	1.0651290077870357
chr22	50481923	50485923	SBF1	-	2	HighConfNDD	50483923	31.0	2.8969222801352146
chr22	50672408	50676408	SHANK3	+	0	HighConfNDD	50674408	26.0	1.7568052609649953
chr3	1090658	1094658	CNTN6	+	0	HighConfNDD	1092658	0.0	3.539339569842783
chr3	2096813	2100813	CNTN4	+	0	HighConfNDD	2098813	0.0	2.853399711494995
chr3	4491345	4495345	ITPR1	+	0	HighConfNDD	4493345	3.0	2.1745927053866154
chr3	6768001	6772001	GRM7	+	0	HighConfNDD	6770001	0.0	2.4961280331898905
chr3	8767628	8771628	OXTR	-	0	HighConfNDD	8769628	4.0	6.130842263902032
chr3	9361053	9365053	SRGAP3	-	5	HighConfNDD	9363053	14.0	0.870094464719422
chr3	9395615	9399615	SETD5	+	0	HighConfNDD	9397615	16.0	0.19619571436891192
chr3	10706007	10710007	ATP2B2	-	0	HighConfNDD	10708007	8.0	1.5243842119104656
chr3	10990186	10994186	SLC6A1	+	0	HighConfNDD	10992186	4.0	6.140048940089393
chr3	12002388	12006388	SYN2	+	0	HighConfNDD	12004388	5.0	0.9200066498484816
chr3	18442817	18446817	TBC1D5	-	0	HighConfNDD	18444817	1.0	1.0507586711995032
chr3	18443621	18447621	SATB1	-	0	HighConfNDD	18445621	1.0	1.0521822299745764
chr3	20038446	20042446	KAT2B	+	0	HighConfNDD	20040446	4.0	2.470817769006217
chr3	25662909	25666909	TOP2B	-	1	HighConfNDD	25664909	2.0	1.3678665545560875
chr3	39279735	39283735	CX3CR1	-	2	HighConfNDD	39281735	11.0	1.1345053825436224
chr3	41192741	41196741	CTNNB1	+	0	HighConfNDD	41194741	0.0	0.4000651213360129
chr3	47162113	47166113	SETD2	-	2	HighConfNDD	47164113	14.0	0.01616122393755859
chr3	48428086	48432086	PLXNB1	-	0	HighConfNDD	48430086	24.0	0.08484595543109208
chr3	49092363	49096363	QRICH1	-	2	HighConfNDD	49094363	34.0	0.029996302632468996
chr3	49356605	49360605	GPX1	-	2	HighConfNDD	49358605	36.0	0.053954477159123826
chr3	49420685	49424685	AMT	-	3	HighConfNDD	49422685	36.0	0.01821704824365611
chr3	50348826	50352826	NPRL2	-	2	HighConfNDD	50350826	29.0	0.14078909460408795
chr3	52408660	52412660	PHF7	+	1	HighConfNDD	52410660	38.0	0.0775355615736828
chr3	53326963	53330963	CACNA1D	+	4	HighConfNDD	53328963	11.0	0.039366765325326014
chr3	54120552	54124552	CACNA2D3	+	0	HighConfNDD	54122552	4.0	2.753308784246684
chr3	57290685	57294685	ASB14	-	1	HighConfNDD	57292685	10.0	0.12060983469311282
chr3	61249459	61253459	FHIT	-	0	HighConfNDD	61251459	1.0	1.5042168590986194
chr3	62372324	62376324	FEZF2	-	0	HighConfNDD	62374324	1.0	3.949245008058284
chr3	62873416	62877416	CADPS	-	0	HighConfNDD	62875416	1.0	2.330102349066152
chr3	64022010	64026010	PSMD6	-	3	HighConfNDD	64024010	5.0	0.3230510612563364
chr3	64443476	64447476	PRICKLE2	-	1	HighConfNDD	64445476	2.0	4.348239790823669
chr3	71581978	71585978	FOXP1	-	0	HighConfNDD	71583978	4.0	1.9840242978570188
chr3	74612659	74616659	CNTN3	-	2	HighConfNDD	74614659	0.0	1.0864530124014493
chr3	75904695	75908695	ROBO2	+	0	HighConfNDD	75906695	2.0	0.7393550116938741
chr3	81759645	81763645	GBE1	-	0	HighConfNDD	81761645	0.0	0.05813902287542305
chr3	84956989	84960989	CADM2	+	0	HighConfNDD	84958989	0.0	0.2135429298904512
chr3	114197407	114201407	DRD3	-	4	HighConfNDD	114199407	8.0	1.6438333737862365
chr3	115145292	115149292	ZBTB20	-	1	HighConfNDD	115147292	1.0	0.03137483802461816
chr3	121591379	121595379	FBXO40	+	3	HighConfNDD	121593379	9.0	2.472743940409714
chr3	123447090	123451090	ADCY5	-	0	HighConfNDD	123449090	5.0	3.5826600996793445
chr3	129120801	129124801	RAB43	-	2	HighConfNDD	129122801	18.0	0.047902411100153586
chr3	129159036	129163036	ISY1-RAB43	-	1	HighConfNDD	129161036	18.0	0.017323849818637882
chr3	129438179	129442179	MBD4	-	1	HighConfNDD	129440179	16.0	0.2179597313519821
chr3	132652446	132656446	UBA5	+	0	HighConfNDD	132654446	8.0	0.07661280233094203
chr3	136248340	136252340	PCCB	+	3	HighConfNDD	136250340	2.0	0.05423202336828581
chr3	143846485	143850485	SLC9A9	-	1	HighConfNDD	143848485	1.0	1.268701544039459
chr3	143969823	143973823	DIPK2A	+	0	HighConfNDD	143971823	1.0	0.1391217004407963
chr3	151083286	151087286	MED12L	+	1	HighConfNDD	151085286	13.0	1.6798751467058537
chr3	167733243	167737243	SERPINI1	+	0	HighConfNDD	167735243	5.0	0.2383186558566308
chr3	173394284	173398284	NLGN1	+	0	HighConfNDD	173396284	1.0	2.5316482798919537
chr3	174436573	174440573	NAALADL2	+	0	HighConfNDD	174438573	0.0	0.3427661786483327
chr3	177226000	177230000	TBL1XR1	-	5	HighConfNDD	177228000	0.0	3.0501734212822385
chr3	183695797	183699797	YEATS2	+	4	HighConfNDD	183697797	15.0	0.4167389938399424
chr3	184153377	184157377	DVL3	+	2	HighConfNDD	184155377	25.0	0.5947528165410176
chr3	184172689	184176689	AP2M1	+	1	HighConfNDD	184174689	25.0	1.1186578705891748
chr3	195441044	195445044	ACAP2	-	2	HighConfNDD	195443044	7.0	0.9583912283139284
chr3	195809973	195813973	MUC4	-	3	HighConfNDD	195811973	10.0	0.9422955674941136
chr3	196336373	196340373	TM4SF19-DYNLT2B	-	5	HighConfNDD	196338373	18.0	0.23963122882690868
chr3	196336503	196340503	TM4SF19	-	4	HighConfNDD	196338503	18.0	0.2393301673836845
chr3	196737857	196741857	PAK2	+	1	HighConfNDD	196739857	18.0	1.130455678480189
chr3	197297330	197301330	DLG1	-	1	HighConfNDD	197299330	9.0	2.086125163938277
chr4	1869393	1873393	NSD2	+	2	HighConfNDD	1871393	14.0	0.5332750280212251
chr4	2961571	2965571	GRK4	+	1	HighConfNDD	2963571	12.0	0.3411257997532724
chr4	6779375	6783375	KIAA0232	+	0	HighConfNDD	6781375	12.0	4.75944587502255
chr4	8590660	8594660	CPZ	+	0	HighConfNDD	8592660	7.0	5.400043410153117
chr4	15701065	15705065	BST1	+	2	HighConfNDD	15703065	8.0	0.6516196803541874
chr4	15776275	15780275	CD38	+	0	HighConfNDD	15778275	9.0	0.6863995921335686
chr4	46991581	46995581	GABRA4	-	1	HighConfNDD	46993581	4.0	0.5551519758152779
chr4	53364066	53368066	SCFD2	-	1	HighConfNDD	53366066	3.0	0.15305058177304431
chr4	55946871	55950871	CEP135	+	2	HighConfNDD	55948871	9.0	0.38815741901942147
chr4	73256798	73260798	ANKRD17	-	1	HighConfNDD	73258798	6.0	0.1618692758991358
chr4	75722589	75726589	G3BP2	-	2	HighConfNDD	75724589	14.0	0.17416475406676568
chr4	76232536	76236536	SCARB2	-	2	HighConfNDD	76234536	13.0	2.0539589670327985
chr4	82372503	82376503	HNRNPD	-	2	HighConfNDD	82374503	5.0	0.7497886461371195
chr4	84964690	84968690	WDFY3	-	1	HighConfNDD	84966690	2.0	0.03123958443296715
chr4	87529061	87533061	SPARCL1	-	0	HighConfNDD	87531061	11.0	1.3625608002050171
chr4	90125394	90129394	CCSER1	+	0	HighConfNDD	90127394	2.0	0.09438586706195906
chr4	92301966	92305966	GRID2	+	0	HighConfNDD	92303966	0.0	0.5777673019785823
chr4	98927133	98931133	EIF4E	-	2	HighConfNDD	98929133	8.0	0.19384640465659686
chr4	99814827	99818827	DAPP1	+	2	HighConfNDD	99816827	11.0	0.8343578778075766
chr4	101346278	101350278	PPP3CA	-	0	HighConfNDD	101348278	2.0	0.10452736196356227
chr4	105143875	105147875	TET2	+	1	HighConfNDD	105145875	2.0	0.5832275944602827
chr4	106314683	106318683	TBCK	-	1	HighConfNDD	106316683	4.0	0.08007364901573055
chr4	112816032	112820032	ANK2	+	1	HighConfNDD	112818032	3.0	0.6803790169411172
chr4	127964034	127968034	MFSD8	-	2	HighConfNDD	127966034	7.0	0.01382316695554664
chr4	133147294	133151294	PCDH10	+	0	HighConfNDD	133149294	0.0	0.9834104394977317
chr4	139299446	139303446	NAA15	+	0	HighConfNDD	139301446	7.0	0.26497085421993916
chr4	145096288	145100288	ABCE1	+	4	HighConfNDD	145098288	5.0	0.013947015272037788
chr4	145936823	145940823	ZNF827	-	1	HighConfNDD	145938823	5.0	2.887267013098267
chr4	147682163	147686163	PRMT9	-	4	HighConfNDD	147684163	3.0	0.10227919580842126
chr4	148442698	148446698	NR3C2	-	0	HighConfNDD	148444698	0.0	2.8912770694316237
chr4	151013727	151017727	LRBA	-	3	HighConfNDD	151015727	5.0	0.09002120852215967
chr4	154588742	154592742	FGA	-	1	HighConfNDD	154590742	6.0	1.8415878466382196
chr4	155852738	155856738	TDO2	+	0	HighConfNDD	155854738	5.0	2.0115489420700783
chr4	157202182	157206182	GRIA2	+	3	HighConfNDD	157204182	2.0	0.9565412368655757
chr4	186724722	186728722	FAT1	-	1	HighConfNDD	186726722	3.0	2.392504181000845
chr4	189938855	189942855	FRG1	+	0	HighConfNDD	189940855	2.0	0.15904240491920518
chr5	441175	445175	EXOC3	+	2	HighConfNDD	443175	15.0	1.4008707957834332
chr5	1443440	1447440	SLC6A3	-	2	HighConfNDD	1445440	10.0	2.8028162469503948
chr5	9544075	9548075	SEMA5A	-	0	HighConfNDD	9546075	1.0	1.8654837698290194
chr5	11902446	11906446	CTNND2	-	0	HighConfNDD	11904446	0.0	0.9357459198980678
chr5	14141342	14145342	TRIO	+	0	HighConfNDD	14143342	2.0	0.6701151132065064
chr5	24642978	24646978	CDH10	-	0	HighConfNDD	24644978	0.0	1.54688774453291
chr5	27119150	27123150	CDH9	-	4	HighConfNDD	27121150	0.0	1.5525837578467616
chr5	36874769	36878769	NIPBL	+	0	HighConfNDD	36876769	3.0	0.09497139640302521
chr5	37369124	37373124	NUP155	-	3	HighConfNDD	37371124	4.0	0.06565720985271639
chr5	45694498	45698498	HCN1	-	0	HighConfNDD	45696498	0.0	0.06599690768055666
chr5	65623975	65627975	TRIM23	-	3	HighConfNDD	65625975	8.0	0.1176704018094199
chr5	65881128	65885128	ERBIN	+	3	HighConfNDD	65883128	9.0	1.269512179721204
chr5	72105234	72109234	MAP1B	+	0	HighConfNDD	72107234	4.0	1.7721809419475676
chr5	79512134	79516134	HOMER1	-	1	HighConfNDD	79514134	8.0	1.2630335966983353
chr5	88902257	88906257	MEF2C	-	0	HighConfNDD	88904257	0.0	1.0476626251620758
chr5	93581222	93585222	NR2F1	+	0	HighConfNDD	93583222	1.0	0.0686565480177137
chr5	98927007	98931007	CHD1	-	1	HighConfNDD	98929007	1.0	0.23868396292698435
chr5	111221653	111225653	CAMK4	+	0	HighConfNDD	111223653	5.0	0.5076253352102356
chr5	113511694	113515694	YTHDC2	+	0	HighConfNDD	113513694	2.0	0.1246163229893682
chr5	127288796	127292796	MEGF10	+	0	HighConfNDD	127290796	5.0	0.28464010773802784
chr5	132293315	132297315	P4HA2	-	1	HighConfNDD	132295315	18.0	0.3846890048615137
chr5	135032813	135036813	PITX1	-	0	HighConfNDD	135034813	12.0	1.4855628072942295
chr5	138350685	138354685	KDM3B	+	0	HighConfNDD	138352685	16.0	0.08479468526701339
chr5	140105777	140109777	PURA	+	0	HighConfNDD	140107777	15.0	0.4430542641841839
chr5	140784136	140788136	PCDHA1	+	0	HighConfNDD	140786136	50.0	0.10245044505381884
chr5	140792852	140796852	PCDHA2	+	0	HighConfNDD	140794852	50.0	0.10437042448387501
chr5	140799028	140803028	PCDHA3	+	0	HighConfNDD	140801028	50.0	0.20368971568387906
chr5	140805037	140809037	PCDHA4	+	0	HighConfNDD	140807037	50.0	0.3149936992664948
chr5	140819604	140823604	PCDHA5	+	0	HighConfNDD	140821604	51.0	0.3038841236497092
chr5	140825958	140829958	PCDHA6	+	0	HighConfNDD	140827958	51.0	0.30622891696083343
chr5	140832248	140836248	PCDHA7	+	0	HighConfNDD	140834248	52.0	0.30838146325066873
chr5	140839187	140843187	PCDHA8	+	1	HighConfNDD	140841187	53.0	0.2974310906614619
chr5	140845772	140849772	PCDHA9	+	1	HighConfNDD	140847772	53.0	0.29905070704216996
chr5	140853883	140857883	PCDHA10	+	1	HighConfNDD	140855883	55.0	0.3006826107144889
chr5	140866183	140870183	PCDHA11	+	0	HighConfNDD	140868183	56.0	0.29952552529806553
chr5	140873302	140877302	PCDHA12	+	1	HighConfNDD	140875302	58.0	0.30378692366724636
chr5	140880124	140884124	PCDHA13	+	0	HighConfNDD	140882124	58.0	0.2904694658704443
chr5	140924299	140928299	PCDHAC1	+	3	HighConfNDD	140926299	65.0	0.2720344348452386
chr5	140964470	140968470	PCDHAC2	+	0	HighConfNDD	140966470	66.0	0.5026990631017725
chr5	146201605	146205605	RBM27	+	4	HighConfNDD	146203605	9.0	0.8769731559445404
chr5	147508068	147512068	DPYSL3	-	1	HighConfNDD	147510068	6.0	0.6989994755045359
chr5	148824611	148828611	ADRB2	+	1	HighConfNDD	148826611	5.0	4.436513852376152
chr5	150288093	150292093	CAMK2A	-	1	HighConfNDD	150290093	18.0	3.4369765100140626
chr5	153487615	153491615	GRIA1	+	0	HighConfNDD	153489615	0.0	2.1104826983179237
chr5	154188730	154192730	GALNT10	+	1	HighConfNDD	154190730	5.0	0.6436881985734999
chr5	157264079	157268079	CYFIP2	+	1	HighConfNDD	157266079	15.0	0.9411781805843589
chr5	161547044	161551044	GABRB2	-	0	HighConfNDD	161549044	3.0	0.2748906213108171
chr5	161845063	161849063	GABRA1	+	0	HighConfNDD	161847063	3.0	0.3064725926464007
chr5	161998057	162002057	GABRG2	+	2	HighConfNDD	162000057	3.0	0.3115922277476102
chr5	163435569	163439569	CCNG1	+	2	HighConfNDD	163437569	3.0	0.3678328413820964
chr5	163458404	163462404	NUDCD2	-	3	HighConfNDD	163460404	3.0	0.4104096986097261
chr5	170859870	170863870	RANBP17	+	1	HighConfNDD	170861870	3.0	0.6432360810811133
chr5	173886349	173890349	CPEB4	+	0	HighConfNDD	173888349	3.0	0.3391234160875456
chr5	175442182	175446182	DRD1	-	1	HighConfNDD	175444182	3.0	3.591060665405905
chr5	176645387	176649387	TSPAN17	+	0	HighConfNDD	176647387	18.0	1.809772710822699
chr5	177020633	177024633	UIMC1	-	4	HighConfNDD	177022633	25.0	0.051453382584725205
chr5	177129830	177133830	NSD1	+	0	HighConfNDD	177131830	23.0	1.0827791336078008
chr6	11042305	11046305	ELOVL2	-	2	HighConfNDD	11044305	13.0	0.9898209169969618
chr6	15244069	15248069	JARID2	+	0	HighConfNDD	15246069	1.0	0.5058794828897817
chr6	18120677	18124677	NHLRC1	-	3	HighConfNDD	18122677	6.0	1.3311445707915226
chr6	18153329	18157329	KDM1B	+	3	HighConfNDD	18155329	6.0	0.47305820592768555
chr6	24492867	24496867	ALDH5A1	+	1	HighConfNDD	24494867	11.0	0.6013493538279846
chr6	27130795	27134795	H2BC11	-	2	HighConfNDD	27132795	9.0	0.09555331487220542
chr6	29824967	29828967	HLA-G	+	2	HighConfNDD	29826967	25.0	0.6531385532192502
chr6	29939260	29943260	HLA-A	+	2	HighConfNDD	29941260	22.0	1.4066377105200445
chr6	31365067	31369067	HLA-B	-	1	HighConfNDD	31367067	57.0	1.3128997604453474
chr6	32012795	32016795	C4B	+	0	HighConfNDD	32014795	69.0	0.34656598508554737
chr6	32587848	32591848	HLA-DRB1	-	3	HighConfNDD	32589848	35.0	0.5259162739330492
chr6	33073936	33077936	HLA-DPB1	+	0	HighConfNDD	33075936	38.0	1.8132259054495847
chr6	33417661	33421661	SYNGAP1	+	0	HighConfNDD	33419661	33.0	0.0762599378190032
chr6	38701145	38705145	GLO1	-	3	HighConfNDD	38703145	4.0	3.3293535539844754
chr6	40585364	40589364	LRFN2	-	0	HighConfNDD	40587364	4.0	0.6157875477315855
chr6	42982553	42986553	PPP2R5D	+	5	HighConfNDD	42984553	28.0	0.42907743542372145
chr6	43051943	43055943	CUL7	-	3	HighConfNDD	43053943	31.0	0.20129883472719712
chr6	43074307	43078307	PTK7	+	0	HighConfNDD	43076307	32.0	0.21224781996409092
chr6	46650915	46654915	SLC25A27	+	0	HighConfNDD	46652915	9.0	0.3593076855256072
chr6	53792497	53796497	LRRC1	+	0	HighConfNDD	53794497	4.0	0.17547072926063834
chr6	56952830	56956830	DST	-	0	HighConfNDD	56954830	6.0	0.19537369015111494
chr6	57044532	57048532	KIAA1586	+	0	HighConfNDD	57046532	6.0	0.34838614501211396
chr6	62284225	62288225	KHDRBS2	-	0	HighConfNDD	62286225	0.0	0.09912972997796032
chr6	63633802	63637802	PHF3	+	0	HighConfNDD	63635802	4.0	0.11769110494185497
chr6	71884550	71888550	RIMS1	+	0	HighConfNDD	71886550	0.0	0.5498174821325108
chr6	77461491	77465491	HTR1B	-	0	HighConfNDD	77463491	1.0	1.0727777521343285
chr6	79076287	79080287	PHIP	-	0	HighConfNDD	79078287	4.0	0.10096769577955911
chr6	85642063	85646063	SYNCRIP	-	2	HighConfNDD	85644063	3.0	0.06407704063803976
chr6	87149803	87153803	ZNF292	+	2	HighConfNDD	87151803	10.0	0.3166491963089868
chr6	88164347	88168347	CNR1	-	0	HighConfNDD	88166347	2.0	3.5212717991413456
chr6	99519728	99523728	USP45	-	6	HighConfNDD	99521728	7.0	0.2294108355580704
chr6	100960701	100964701	GRIK2	+	0	HighConfNDD	100962701	2.0	0.16837057091223073
chr6	114341023	114345023	HS3ST5	-	0	HighConfNDD	114343023	2.0	0.1124554951530854
chr6	116058891	116062891	FRK	-	1	HighConfNDD	116060891	10.0	0.12515513767539233
chr6	117673469	117677469	NUS1	+	2	HighConfNDD	117675469	6.0	0.3195063233459905
chr6	118546296	118550296	PLN	+	0	HighConfNDD	118548296	3.0	0.046821016770337565
chr6	131626242	131630242	MED23	-	0	HighConfNDD	131628242	7.0	0.9395531332145879
chr6	136820564	136824564	PEX7	+	4	HighConfNDD	136822564	6.0	0.16911981063003623
chr6	142954698	142958698	HIVEP2	-	2	HighConfNDD	142956698	3.0	1.6642465567056774
chr6	145734023	145738023	EPM2A	-	1	HighConfNDD	145736023	3.0	0.07314808152415253
chr6	147202180	147206180	STXBP5	+	0	HighConfNDD	147204180	1.0	1.1025691909256352
chr6	148270304	148274304	SASH1	+	3	HighConfNDD	148272304	1.0	1.8290448652064129
chr6	152635801	152639801	SYNE1	-	3	HighConfNDD	152637801	5.0	0.6956786606284027
chr6	156774020	156778020	ARID1B	+	0	HighConfNDD	156776020	0.0	1.1301514376540922
chr6	162725775	162729775	PRKN	-	1	HighConfNDD	162727775	1.0	0.1572477107413306
chr6	166904451	166908451	RPS6KA2	-	0	HighConfNDD	166906451	9.0	3.468116624258073
chr6	170304565	170308565	DLL1	-	0	HighConfNDD	170306565	4.0	1.2390503165190125
chr7	725650	729650	PRKAR1B	-	1	HighConfNDD	727650	12.0	1.5955679359819652
chr7	2553694	2557694	BRAT1	-	6	HighConfNDD	2555694	14.0	2.8156540959091814
chr7	3042228	3046228	CARD11	-	2	HighConfNDD	3044228	6.0	4.342843331469091
chr7	5272369	5276369	SLC29A4	+	3	HighConfNDD	5274369	12.0	3.7860255407625587
chr7	5561902	5565902	ACTB	-	8	HighConfNDD	5563902	14.0	3.561412941844555
chr7	6549461	6553461	GRID2IP	-	8	HighConfNDD	6551461	15.0	1.1412937127590972
chr7	7533873	7537873	COL28A1	-	0	HighConfNDD	7535873	5.0	0.6105716770544767
chr7	8260687	8264687	ICA1	-	0	HighConfNDD	8262687	2.0	6.045511972315136
chr7	8431609	8435609	NXPH1	+	0	HighConfNDD	8433609	2.0	1.508152406590142
chr7	15560015	15564015	AGMO	-	1	HighConfNDD	15562015	1.0	2.086822809793567
chr7	26150198	26154198	NFE2L3	+	0	HighConfNDD	26152198	3.0	0.8039456893227026
chr7	32426131	32430131	PDE1C	-	1	HighConfNDD	32428131	3.0	2.9035393587243163
chr7	48169458	48173458	ABCA13	+	1	HighConfNDD	48171458	5.0	0.15902391789708759
chr7	50563405	50567405	DDC	-	1	HighConfNDD	50565405	5.0	0.44745889405689354
chr7	55885456	55889456	ZNF713	+	7	HighConfNDD	55887456	11.0	0.2209554022680038
chr7	66626881	66630881	KCTD7	+	7	HighConfNDD	66628881	6.0	0.027917601417470905
chr7	69596296	69600296	AUTS2	+	0	HighConfNDD	69598296	0.0	0.05672864971941749
chr7	73717672	73721672	STX1A	-	4	HighConfNDD	73719672	20.0	2.305317308309185
chr7	74648231	74652231	GTF2I	+	5	HighConfNDD	74650231	12.0	1.1810816671895452
chr7	79766028	79770028	GNAI1	+	0	HighConfNDD	79768028	1.0	0.47614993499124125
chr7	82441956	82445956	CACNA2D1	-	0	HighConfNDD	82443956	0.0	1.4574667362657578
chr7	83160930	83164930	PCLO	-	0	HighConfNDD	83162930	1.0	1.5364265696787527
chr7	87932143	87936143	ADAM22	+	1	HighConfNDD	87934143	7.0	0.8422133705998647
chr7	91938840	91942840	AKAP9	+	0	HighConfNDD	91940840	8.0	0.05365190931215125
chr7	95322532	95326532	PON1	-	0	HighConfNDD	95324532	6.0	0.7784220294681177
chr7	97003553	97007553	DLX6	+	0	HighConfNDD	97005553	3.0	2.150717217917588
chr7	98875933	98879933	TRRAP	+	3	HighConfNDD	98877933	8.0	1.2833413014038797
chr7	99142108	99146108	SMURF1	-	2	HighConfNDD	99144108	20.0	2.2816262145657618
chr7	99974042	99978042	AZGP1	-	5	HighConfNDD	99976042	39.0	0.3222068637835207
chr7	100117841	100121841	TAF6	-	7	HighConfNDD	100119841	41.0	0.11244514735892608
chr7	100692250	100696250	GIGYF1	-	5	HighConfNDD	100694250	39.0	0.2303576047214051
chr7	100894974	100898974	ACHE	-	3	HighConfNDD	100896974	41.0	0.886148979717376
chr7	100967565	100971565	MUC12	+	4	HighConfNDD	100969565	36.0	1.2755934536224345
chr7	101125104	101129104	SERPINE1	+	3	HighConfNDD	101127104	27.0	0.7749130865681764
chr7	101813904	101817904	CUX1	+	0	HighConfNDD	101815904	4.0	1.0631992267509816
chr7	103987658	103991658	RELN	-	0	HighConfNDD	103989658	2.0	2.299363349379746
chr7	104938943	104942943	KMT2E	+	3	HighConfNDD	104940943	3.0	0.3829356052646915
chr7	106863278	106867278	PIK3CG	+	0	HighConfNDD	106865278	3.0	4.820850911439578
chr7	108001213	108005213	LAMB1	-	1	HighConfNDD	108003213	10.0	4.373729520204961
chr7	108454717	108458717	NRCAM	-	0	HighConfNDD	108456717	5.0	0.3976068141463429
chr7	111560517	111564517	IMMP2L	-	1	HighConfNDD	111562517	1.0	0.10493101035251584
chr7	112204407	112208407	DOCK4	-	1	HighConfNDD	112206407	5.0	0.8294993041172916
chr7	113085778	113089778	GPR85	-	0	HighConfNDD	113087778	3.0	1.8079029872744456
chr7	114084327	114088327	FOXP2	+	0	HighConfNDD	114086327	1.0	2.1979648994062018
chr7	116670196	116674196	MET	+	0	HighConfNDD	116672196	6.0	1.6981260222607375
chr7	116951238	116955238	ST7	+	0	HighConfNDD	116953238	7.0	0.7711041032740695
chr7	117872139	117876139	CTTNBP2	-	0	HighConfNDD	117874139	3.0	1.3775129690006338
chr7	120271175	120275175	KCND2	+	0	HighConfNDD	120273175	0.0	0.030908492005607968
chr7	122884759	122888759	CADPS2	-	0	HighConfNDD	122886759	4.0	0.722198512557668
chr7	123555904	123559904	NDUFA5	-	1	HighConfNDD	123557904	8.0	0.11762274648788207
chr7	124763792	124767792	GPR37	-	1	HighConfNDD	124765792	2.0	0.42561567050825033
chr7	124927983	124931983	POT1	-	2	HighConfNDD	124929983	2.0	0.040431668643634566
chr7	127650194	127654194	SND1	+	2	HighConfNDD	127652194	7.0	0.14327032993293187
chr7	128030107	128034107	LRRC4	-	0	HighConfNDD	128032107	11.0	0.09930762999516674
chr7	128239278	128243278	LEP	+	1	HighConfNDD	128241278	9.0	2.9752421601764922
chr7	129950960	129954960	UBE2H	-	2	HighConfNDD	129952960	11.0	1.7822399066088224
chr7	130440433	130444433	CEP41	-	2	HighConfNDD	130442433	13.0	0.8288666195750238
chr7	132646688	132650688	PLXNA4	-	0	HighConfNDD	132648688	1.0	1.6599805438070803
chr7	139228356	139232356	UBN2	+	1	HighConfNDD	139230356	11.0	0.6736707117252649
chr7	140922929	140926929	BRAF	-	1	HighConfNDD	140924929	6.0	0.11968562898601931
chr7	143406856	143410856	EPHA1	-	1	HighConfNDD	143408856	22.0	2.312923888437979
chr7	146114002	146118002	CNTNAP2	+	0	HighConfNDD	146116002	0.0	0.8400855498501869
chr7	152434644	152438644	KMT2C	-	0	HighConfNDD	152436644	4.0	0.47118397336646467
chr7	153746133	153750133	DPP6	+	1	HighConfNDD	153748133	0.0	0.46770285224596364
chr7	155456129	155460129	EN2	+	0	HighConfNDD	155458129	7.0	4.79556321783889
chr7	157136926	157140926	UBE3C	+	3	HighConfNDD	157138926	5.0	0.7740438646465009
chr8	735628	739628	DLGAP2	+	0	HighConfNDD	737628	3.0	1.1505481395801853
chr8	1753778	1757778	CLN8	+	4	HighConfNDD	1755778	4.0	2.6479674932417385
chr8	1821926	1825926	ARHGEF10	+	0	HighConfNDD	1823926	4.0	1.514564367688025
chr8	4992972	4996972	CSMD1	-	0	HighConfNDD	4994972	0.0	2.6739002066510054
chr8	6404592	6408592	MCPH1	+	3	HighConfNDD	6406592	4.0	1.7187422886762427
chr8	16565490	16569490	MSR1	-	0	HighConfNDD	16567490	2.0	1.2137468155236775
chr8	17920842	17924842	PCM1	+	0	HighConfNDD	17922842	7.0	0.569659039171313
chr8	19082730	19086730	PSD3	-	1	HighConfNDD	19084730	1.0	4.99726963126804
chr8	22691480	22695480	EGR3	-	0	HighConfNDD	22693480	17.0	3.586714968152833
chr8	22985417	22989417	RHOBTB2	+	3	HighConfNDD	22987417	17.0	2.760635149041306
chr8	26512031	26516031	DPYSL2	+	0	HighConfNDD	26514031	5.0	0.5610791860127051
chr8	29261124	29265124	KIF13B	-	3	HighConfNDD	29263124	3.0	0.4958721858996995
chr8	38223218	38227218	DDHD2	+	3	HighConfNDD	38225218	17.0	0.055692570614809256
chr8	38466834	38470834	FGFR1	-	2	HighConfNDD	38468834	11.0	1.8427247698684823
chr8	42049994	42053994	KAT6A	-	2	HighConfNDD	42051994	11.0	0.44533681638711187
chr8	42695366	42699366	CHRNB3	+	1	HighConfNDD	42697366	15.0	0.6283656453076958
chr8	47958178	47962178	PRKDC	-	3	HighConfNDD	47960178	3.0	0.029326189415570525
chr8	47958185	47962185	MCM4	+	3	HighConfNDD	47960185	3.0	0.02932639572009066
chr8	60514936	60518936	RAB2A	+	2	HighConfNDD	60516936	2.0	0.0433362293122741
chr8	60676740	60680740	CHD7	+	0	HighConfNDD	60678740	3.0	0.7552299486042102
chr8	81278536	81282536	FABP5	+	0	HighConfNDD	81280536	10.0	1.8321834650105018
chr8	86741675	86745675	CNGB3	-	1	HighConfNDD	86743675	5.0	0.5772415661905939
chr8	92101385	92105385	RUNX1T1	-	0	HighConfNDD	92103385	0.0	0.14178568281977277
chr8	96491813	96495813	SDC2	+	1	HighConfNDD	96493813	5.0	3.391228444896086
chr8	99011266	99015266	VPS13B	+	3	HighConfNDD	99013266	2.0	0.003775706646820254
chr8	102410759	102414759	UBR5	-	3	HighConfNDD	102412759	6.0	0.1692138264442633
chr8	118109826	118113826	EXT1	-	1	HighConfNDD	118111826	0.0	1.6720837416835366
chr8	123039968	123043968	TBC1D31	+	2	HighConfNDD	123041968	9.0	1.7815730826723097
chr8	131902093	131906093	EFR3A	+	1	HighConfNDD	131904093	3.0	0.807996474775905
chr8	132479095	132483095	KCNQ3	-	0	HighConfNDD	132481095	7.0	3.3090364337644473
chr8	140456579	140460579	TRAPPC9	-	3	HighConfNDD	140458579	2.0	2.564548961952653
chr8	140633633	140637633	AGO2	-	0	HighConfNDD	140635633	4.0	0.3136682494471188
chr8	142877846	142881846	CYP11B1	-	0	HighConfNDD	142879846	26.0	0.3601783409973791
chr8	143876467	143880467	EPPK1	-	0	HighConfNDD	143878467	42.0	3.63652884228145
chr8	144796876	144800876	ZNF517	+	4	HighConfNDD	144798876	32.0	0.2603681467499541
chr9	212854	216854	DOCK8	+	2	HighConfNDD	214854	4.0	0.5101120807761972
chr9	468291	472291	KANK1	+	2	HighConfNDD	470291	5.0	2.575788969152478
chr9	1978290	1982290	SMARCA2	+	0	HighConfNDD	1980290	0.0	4.053605493950068
chr9	3524004	3528004	RFX3	-	0	HighConfNDD	3526004	0.0	2.0862765944924533
chr9	4488468	4492468	SLC1A1	+	3	HighConfNDD	4490468	7.0	3.7858981675613634
chr9	5888889	5892889	MLANA	+	1	HighConfNDD	5890889	9.0	0.9667543148163027
chr9	6718863	6722863	KDM4C	+	11	HighConfNDD	6720863	3.0	0.957171241291146
chr9	10611002	10615002	PTPRD	-	0	HighConfNDD	10613002	0.0	1.2931744618473218
chr9	14396983	14400983	NFIB	-	0	HighConfNDD	14398983	2.0	5.545981675579306
chr9	19787037	19791037	SLC24A2	-	1	HighConfNDD	19789037	2.0	1.6822539344262566
chr9	23824337	23828337	ELAVL2	-	0	HighConfNDD	23826337	0.0	0.7819091975269288
chr9	27107141	27111141	TEK	+	1	HighConfNDD	27109141	8.0	0.9098526240190097
chr9	35094619	35098619	PIGO	-	5	HighConfNDD	35096619	24.0	0.8004237093710032
chr9	36167388	36171388	CCIN	+	3	HighConfNDD	36169388	25.0	1.141139119782224
chr9	36485548	36489548	RNF38	-	0	HighConfNDD	36487548	7.0	1.4307862239983393
chr9	37032268	37036268	PAX5	-	0	HighConfNDD	37034268	5.0	1.695474947491249
chr9	39286315	39290315	CNTNAP3	-	1	HighConfNDD	39288315	1.0	0.0
chr9	72112595	72116595	GDA	+	5	HighConfNDD	72114595	6.0	0.3373769308036856
chr9	73149865	73153865	ANXA1	+	1	HighConfNDD	73151865	1.0	0.8843268214562272
chr9	74495335	74499335	RORB	+	0	HighConfNDD	74497335	2.0	0.35764583510967896
chr9	76904114	76908114	PRUNE2	-	0	HighConfNDD	76906114	3.0	3.216072843698612
chr9	83978631	83982631	HNRNPK	-	1	HighConfNDD	83980631	8.0	0.07746718154436394
chr9	93574584	93578584	PHF2	+	0	HighConfNDD	93576584	7.0	0.4160816840195025
chr9	98706935	98710935	GABBR2	-	0	HighConfNDD	98708935	5.0	0.6897684977224117
chr9	102993311	102997311	CYLC2	+	0	HighConfNDD	102995311	0.0	1.0208645247767834
chr9	106861166	106865166	ZNF462	+	0	HighConfNDD	106863166	1.0	0.32848768498993763
chr9	109165249	109169249	FRRS1L	-	1	HighConfNDD	109167249	9.0	1.100911792668171
chr9	111482745	111486745	ECPAS	-	2	HighConfNDD	111484745	9.0	0.22890971584118347
chr9	117413070	117417070	ASTN2	-	0	HighConfNDD	117415070	2.0	0.7898929758553663
chr9	123999670	124003670	LHX2	+	0	HighConfNDD	124001670	4.0	1.2858724142978417
chr9	126611928	126615928	LMX1B	+	0	HighConfNDD	126613928	4.0	1.5210436919338122
chr9	127577370	127581370	STXBP1	+	7	HighConfNDD	127579370	24.0	1.2642554028207087
chr9	128189655	128193655	DNM1	+	4	HighConfNDD	128191655	33.0	1.0281761104837983
chr9	128338527	128342527	SLC27A4	+	5	HighConfNDD	128340527	32.0	0.13451485536108976
chr9	128550558	128554558	SPTAN1	+	0	HighConfNDD	128552558	33.0	0.38101842758010207
chr9	128681424	128685424	SET	+	6	HighConfNDD	128683424	33.0	1.9574985286047308
chr9	131500789	131504789	POMT1	+	3	HighConfNDD	131502789	11.0	0.7888280286837812
chr9	132944874	132948874	TSC1	-	1	HighConfNDD	132946874	22.0	3.445665325322693
chr9	135700185	135704185	KCNT1	+	0	HighConfNDD	135702185	14.0	2.598741654750256
chr9	136544048	136548048	NOTCH1	-	0	HighConfNDD	136546048	42.0	3.121450528444427
chr9	137136346	137140346	GRIN1	+	1	HighConfNDD	137138346	63.0	1.0133808313005943
chr9	137548402	137552402	PNPLA7	-	4	HighConfNDD	137550402	35.0	1.8871932434626615
chr9	137616992	137620992	EHMT1	+	2	HighConfNDD	137618992	30.0	0.177258075055704
chr9	137875782	137879782	CACNA1B	+	0	HighConfNDD	137877782	10.0	2.7068106080670873
chrX	622344	626344	SHOX	+	0	HighConfNDD	624344	3.0	11.178095733691933
chrX	1613059	1617059	ASMT	+	12	HighConfNDD	1615059	7.0	8.689273648422997
chrX	6226867	6230867	NLGN4X	-	0	HighConfNDD	6228867	1.0	3.634380611921202
chrX	9461320	9465320	TBL1X	+	2	HighConfNDD	9463320	3.0	3.0212875156210828
chrX	10154975	10158975	CLCN4	+	1	HighConfNDD	10156975	5.0	2.781929493301334
chrX	11756159	11760159	MSL3	+	0	HighConfNDD	11758159	3.0	1.2731654230162803
chrX	13732743	13736743	OFD1	+	0	HighConfNDD	13734743	7.0	2.343647275515792
chrX	14527298	14531298	GLRA2	+	1	HighConfNDD	14529298	3.0	0.14035707461538038
chrX	15333554	15337554	PIGA	-	2	HighConfNDD	15335554	12.0	0.5772972131147469
chrX	16717612	16721612	SYAP1	+	5	HighConfNDD	16719612	5.0	2.46259136067863
chrX	18423583	18427583	CDKL5	+	1	HighConfNDD	18425583	4.0	1.2303800084449534
chrX	20265519	20269519	RPS6KA3	-	1	HighConfNDD	20267519	4.0	0.8689606598083088
chrX	21370801	21374801	CNKSR2	+	0	HighConfNDD	21372801	4.0	0.10613878555716383
chrX	22997960	23001960	DDX53	+	1	HighConfNDD	22999960	1.0	6.634029958516976
chrX	23332849	23336849	PTCHD1	+	0	HighConfNDD	23334849	5.0	8.583861398914578
chrX	25014420	25018420	ARX	-	0	HighConfNDD	25016420	2.0	1.3652428710929598
chrX	28585446	28589446	IL1RAPL1	+	0	HighConfNDD	28587446	0.0	1.2815887962403139
chrX	34130314	34134314	FAM47A	-	0	HighConfNDD	34132314	0.0	0.5860816358054421
chrX	38559542	38563542	TSPAN7	+	0	HighConfNDD	38561542	4.0	0.44369577397418425
chrX	41083445	41087445	USP9X	+	0	HighConfNDD	41085445	5.0	0.8840145000641542
chrX	41331348	41335348	DDX3X	+	0	HighConfNDD	41333348	4.0	1.8728189530872896
chrX	41921554	41925554	CASK	-	0	HighConfNDD	41923554	3.0	2.153056796800712
chrX	43652907	43656907	MAOA	+	1	HighConfNDD	43654907	2.0	0.09312433025968403
chrX	43880450	43884450	MAOB	-	0	HighConfNDD	43882450	3.0	0.19563669181664523
chrX	44871188	44875188	KDM6A	+	1	HighConfNDD	44873188	3.0	0.8407326635332879
chrX	47215860	47219860	CDK16	+	0	HighConfNDD	47217860	16.0	0.04266090943758627
chrX	47617857	47621857	SYN1	-	0	HighConfNDD	47619857	16.0	1.9282902061146956
chrX	48909958	48913958	SLC35A2	-	1	HighConfNDD	48911958	41.0	0.1801513291323431
chrX	49099170	49103170	WDR45	-	4	HighConfNDD	49101170	41.0	0.07740794442440802
chrX	49231371	49235371	CACNA1F	-	3	HighConfNDD	49233371	40.0	0.23526158530827956
chrX	53223422	53227422	KDM5C	-	0	HighConfNDD	53225422	14.0	0.4661886048886288
chrX	53319350	53323350	IQSEC2	-	0	HighConfNDD	53321350	11.0	5.210538709258685
chrX	54356642	54360642	WNK3	-	0	HighConfNDD	54358642	7.0	0.15186812255223003
chrX	63807274	63811274	ARHGEF9	-	1	HighConfNDD	63809274	4.0	0.011730238364009438
chrX	66038125	66042125	VSIG4	-	0	HighConfNDD	66040125	2.0	0.6512635440363113
chrX	67542021	67546021	AR	+	0	HighConfNDD	67544021	0.0	0.013730834039620277
chrX	68431913	68435913	OPHN1	-	1	HighConfNDD	68433913	3.0	1.0181792617498786
chrX	70442835	70446835	DLG3	+	1	HighConfNDD	70444835	13.0	2.530094503661502
chrX	70929125	70933125	SLC7A3	-	1	HighConfNDD	70931125	14.0	0.5367430677493701
chrX	71142821	71146821	NLGN3	+	2	HighConfNDD	71144821	16.0	2.11443517728938
chrX	74923472	74927472	NEXMIF	-	0	HighConfNDD	74925472	3.0	0.08245504995457509
chrX	77784233	77788233	ATRX	-	1	HighConfNDD	77786233	7.0	0.00799699811437904
chrX	85241991	85245991	ZNF711	+	0	HighConfNDD	85243991	3.0	0.01749832031023857
chrX	91777261	91781261	PCDH11X	+	0	HighConfNDD	91779261	1.0	1.0538736033403495
chrX	100408273	100412273	PCDH19	-	0	HighConfNDD	100410273	6.0	0.5168525746375963
chrX	101389011	101393011	RPL36A-HNRNPH2	+	1	HighConfNDD	101391011	17.0	0.5577476692454297
chrX	101406222	101410222	HNRNPH2	+	1	HighConfNDD	101408222	17.0	0.5105579577463004
chrX	104564199	104568199	IL1RAPL2	+	1	HighConfNDD	104566199	5.0	0.13538097744913102
chrX	111663811	111667811	ALG13	+	2	HighConfNDD	111665811	6.0	0.49654523758249525
chrX	116168744	116172744	AGTR2	+	0	HighConfNDD	116170744	2.0	2.258589707391536
chrX	119850998	119854998	UPF3B	-	4	HighConfNDD	119852998	18.0	0.7403365207235879
chrX	120243267	120247267	RHOXF1	-	1	HighConfNDD	120245267	17.0	2.9938721341756036
chrX	129521500	129525500	SMARCA1	-	0	HighConfNDD	129523500	7.0	2.0054051704326525
chrX	133413489	133417489	GPC4	-	0	HighConfNDD	133415489	3.0	0.6265170701178135
chrX	135971841	135975841	SLC9A6	+	1	HighConfNDD	135973841	15.0	1.0735568502482806
chrX	141836316	141840316	MAGEC3	+	0	HighConfNDD	141838316	5.0	5.187875364428294
chrX	147909919	147913919	FMR1	+	0	HighConfNDD	147911919	1.0	1.0649427767495467
chrX	148498617	148502617	AFF2	+	0	HighConfNDD	148500617	0.0	2.80695355762532
chrX	150896816	150900816	CD99L2	-	0	HighConfNDD	150898816	5.0	3.239144814986332
chrX	153685926	153689926	SLC6A8	+	0	HighConfNDD	153687926	31.0	2.3872654199797694
chrX	154135103	154139103	MECP2	-	3	HighConfNDD	154137103	42.0	1.1609457555778135
chrX	154387955	154391955	RPL10	+	3	HighConfNDD	154389955	38.0	0.2761245914072674
chrX	154456281	154460281	PLXNA3	+	6	HighConfNDD	154458281	33.0	0.686512408294675
chrX	155262491	155266491	RAB39B	-	1	HighConfNDD	155264491	18.0	0.11179433897183344
chrX	155717098	155721098	TMLHE	-	1	HighConfNDD	155719098	10.0	2.1614046152134847
chrY	622344	626344	SHOX	+	0	HighConfNDD	624344	3.0	
chrY	1613059	1617059	ASMT	+	12	HighConfNDD	1615059	7.0	
chrY	12535650	12539650	USP9Y	+	3	HighConfNDD	12537650	1.0	
chrY	14520573	14524573	NLGN4Y	+	0	HighConfNDD	14522573	1.0	
chr1	957309	961309	NOC2L	-	2	Housekeeping	959309	32.0	2.9608824385608568
chr1	1230031	1234031	SDF4	-	2	Housekeeping	1232031	41.0	1.076230644450562
chr1	1373207	1377207	AURKAIP1	-	1	Housekeeping	1375207	42.0	0.5608416713801656
chr1	1397335	1401335	CCNL2	-	2	Housekeeping	1399335	43.0	0.9234342412665519
chr1	1405293	1409293	MRPL20	-	9	Housekeeping	1407293	43.0	1.0538514886207917
chr1	1572863	1576863	SSU72	-	5	Housekeeping	1574863	39.0	1.1168499833087253
chr1	2389775	2393775	RER1	+	1	Housekeeping	2391775	17.0	4.701742277021692
chr1	3623015	3627015	TPRG1L	+	1	Housekeeping	3625015	10.0	4.460806455527466
chr1	3794498	3798498	LRRC47	-	5	Housekeeping	3796498	10.0	2.0738691864456626
chr1	3898293	3902293	C1orf174	-	3	Housekeeping	3900293	10.0	4.671116283443926
chr1	6207389	6211389	RPL22	-	1	Housekeeping	6209389	20.0	1.9960382754356232
chr1	6233972	6237972	ICMT	-	5	Housekeeping	6235972	20.0	2.6630956576316045
chr1	6611731	6615731	PHF13	+	1	Housekeeping	6613731	19.0	0.9716661194264375
chr1	6612607	6616607	KLHL21	-	1	Housekeeping	6614607	19.0	0.9531209354154768
chr1	6699924	6703924	DNAJC11	-	3	Housekeeping	6701924	17.0	0.34902328986035513
chr1	7769296	7773296	VAMP3	+	1	Housekeeping	7771296	5.0	0.526025940973156
chr1	7952291	7956291	PARK7	+	3	Housekeeping	7954291	6.0	0.39476279035120854
chr1	8877190	8881190	ENO1	-	4	Housekeeping	8879190	7.0	1.695791460476812
chr1	11010344	11014344	TARDBP	+	5	Housekeeping	11012344	9.0	2.4008253278596214
chr1	11058020	11062020	SRM	-	4	Housekeeping	11060020	9.0	0.4504695179124951
chr1	11097869	11101869	EXOSC10	-	7	Housekeeping	11099869	9.0	0.3001467689822235
chr1	11924428	11928428	KIAA2013	-	5	Housekeeping	11926428	18.0	1.3177305315139876
chr1	11932205	11936205	PLOD1	+	8	Housekeeping	11934205	18.0	1.2998428877095591
chr1	11978181	11982181	MFN2	+	4	Housekeeping	11980181	17.0	1.1977903253665545
chr1	12017466	12021466	MIIP	+	10	Housekeeping	12019466	17.0	1.5121968666348806
chr1	15974132	15978132	ZBTB17	-	6	Housekeeping	15976132	23.0	0.27216083515810396
chr1	16350480	16354480	FBXO42	-	4	Housekeeping	16352480	14.0	0.07301915921530622
chr1	17437677	17441677	RCC2	-	0	Housekeeping	17439677	11.0	0.2588166750577159
chr1	19208266	19212266	UBR4	-	2	Housekeeping	19210266	14.0	0.25075605250009403
chr1	19249805	19253805	MRTO4	+	5	Housekeeping	19251805	14.0	0.4148896003507474
chr1	19310144	19314144	AKR7A2	-	1	Housekeeping	19312144	15.0	1.3126919802385828
chr1	20506151	20510151	MUL1	-	4	Housekeeping	20508151	14.0	1.019563213180703
chr1	20785323	20789323	HP1BP3	-	4	Housekeeping	20787323	10.0	0.08897106318919157
chr1	21781606	21785606	USP48	-	4	Housekeeping	21783606	12.0	1.6527738855984353
chr1	23017443	23021443	KDM1A	+	4	Housekeeping	23019443	15.0	0.04566448381673638
chr1	23689742	23693742	RPL11	+	4	Housekeeping	23691742	19.0	0.6926264259544013
chr1	23776418	23780418	PITHD1	+	2	Housekeeping	23778418	19.0	0.14395960101872163
chr1	23954839	23958839	PNRC2	+	4	Housekeeping	23956839	18.0	0.5073333754302212
chr1	23978927	23982927	SRSF10	-	2	Housekeeping	23980927	18.0	0.9642411013525987
chr1	24629716	24633716	SRRM1	+	6	Housekeeping	24631716	9.0	0.4850404704917821
chr1	25230502	25234502	SYF2	-	4	Housekeeping	25232502	9.0	1.8048066132785578
chr1	25336317	25340317	TMEM50A	+	1	Housekeeping	25338317	11.0	0.13712297504532955
chr1	25816640	25820640	MTFR1L	+	1	Housekeeping	25818640	26.0	1.4417996221008167
chr1	26167908	26171908	ZNF593	+	1	Housekeeping	26169908	26.0	0.9882347138454151
chr1	26470440	26474440	HMGN2	+	1	Housekeeping	26472440	29.0	0.12619285573670425
chr1	26888283	26892283	GPN2	-	4	Housekeeping	26890283	21.0	0.45570410496253544
chr1	26898238	26902238	NUDC	+	6	Housekeeping	26900238	22.0	0.4500866840157869
chr1	27771219	27775219	STX12	+	4	Housekeeping	27773219	21.0	0.03484578626775203
chr1	27828782	27832782	PPP1R8	+	1	Housekeeping	27830782	21.0	0.5835587698610567
chr1	27912746	27916746	RPA2	-	8	Housekeeping	27914746	17.0	0.6632968097299852
chr1	28231029	28235029	DNAJC8	-	9	Housekeeping	28233029	17.0	0.25209553218800806
chr1	28234109	28238109	ATP5IF1	+	4	Housekeeping	28236109	17.0	0.2195126344071241
chr1	29179900	29183900	SRSF4	-	2	Housekeeping	29181900	6.0	0.10281007708471179
chr1	31294982	31298982	ZCCHC17	+	2	Housekeeping	31296982	11.0	0.0825502956248414
chr1	31642896	31646896	PEF1	-	0	Housekeeping	31644896	15.0	1.2113265038833987
chr1	31942856	31946856	PTP4A2	-	3	Housekeeping	31944856	23.0	0.7018397528850073
chr1	32011868	32015868	KHDRBS1	+	3	Housekeeping	32013868	25.0	0.5530429613799015
chr1	32106056	32110056	KPNA6	+	6	Housekeeping	32108056	25.0	0.054953332862908155
chr1	32219077	32223077	EIF3I	+	4	Housekeeping	32221077	25.0	0.3064383680978011
chr1	32392731	32396731	BSDC1	-	4	Housekeeping	32394731	28.0	0.3831694885390391
chr1	33078996	33082996	AK2	-	2	Housekeeping	33080996	16.0	0.1329694386844693
chr1	34857755	34861755	SMIM12	-	2	Housekeeping	34859755	12.0	3.2361123280664117
chr1	35191446	35195446	SFPQ	-	5	Housekeeping	35193446	16.0	0.8905273993605078
chr1	35639526	35643526	PSMB2	-	5	Housekeeping	35641526	13.0	0.32552578778222596
chr1	36154053	36158053	TRAPPC3	-	1	Housekeeping	36156053	17.0	0.9455016797919313
chr1	36222432	36226432	THRAP3	+	3	Housekeeping	36224432	16.0	1.2034958610423985
chr1	36395908	36399908	LSM10	-	6	Housekeeping	36397908	13.0	1.6065552916222714
chr1	37593937	37597937	GNL2	-	2	Housekeeping	37595937	17.0	0.7037499256230717
chr1	37988075	37992075	SF3A3	-	3	Housekeeping	37990075	16.0	2.010485106671922
chr1	38857772	38861772	RRAGC	-	4	Housekeeping	38859772	7.0	1.2515887731272812
chr1	38989276	38993276	AKIRIN1	+	2	Housekeeping	38991276	7.0	0.9336729114279763
chr1	39574790	39578790	PABPC4	-	3	Housekeeping	39576790	12.0	0.3001590872506199
chr1	40038233	40042233	CAP1	+	2	Housekeeping	40040233	20.0	0.47320239673922515
chr1	40256041	40260041	ZMPSTE24	+	4	Housekeeping	40258041	17.0	1.665001790855598
chr1	40689648	40693648	NFYC	+	1	Housekeeping	40691648	13.0	0.19115845125568853
chr1	42656335	42660335	PPIH	+	1	Housekeeping	42658335	17.0	0.26698994124146225
chr1	42680418	42684418	YBX1	+	0	Housekeeping	42682418	17.0	0.22903134689215676
chr1	43268936	43272936	EBNA1BP2	-	1	Housekeeping	43270936	20.0	2.1900420371393636
chr1	43944950	43948950	IPO13	+	1	Housekeeping	43946950	16.0	0.2185316280245786
chr1	43972487	43976487	ATP6V0B	+	0	Housekeeping	43974487	15.0	0.8067387824941363
chr1	44353260	44357260	ERI3	-	1	Housekeeping	44355260	20.0	0.7902160402731795
chr1	44773251	44777251	RPS8	+	6	Housekeeping	44775251	13.0	0.11032867739956487
chr1	45008950	45012950	UROD	+	0	Housekeeping	45010950	19.0	0.22618026119488377
chr1	45548543	45552543	AKR1A1	+	7	Housekeeping	45550543	15.0	0.14775325839650577
chr1	46301616	46305616	LRRC41	-	3	Housekeeping	46303616	19.0	0.2884180468112163
chr1	46301698	46305698	UQCRH	+	3	Housekeeping	46303698	19.0	0.28836678383399317
chr1	46671867	46675867	ATPAF1	-	1	Housekeeping	46673867	22.0	0.5137344406887223
chr1	46717146	46721146	EFCAB14	-	1	Housekeeping	46719146	19.0	1.3598091093356857
chr1	47331790	47335790	CMPK1	+	4	Housekeeping	47333790	9.0	0.05332567089567419
chr1	51234273	51238273	RNF11	+	1	Housekeeping	51236273	6.0	0.07664316809595562
chr1	52053772	52057772	TXNDC12	-	0	Housekeeping	52055772	11.0	0.122192740733027
chr1	52054199	52058199	BTF3L4	+	0	Housekeeping	52056199	11.0	0.12207408333338776
chr1	52402602	52406602	PRPF38A	+	2	Housekeeping	52404602	14.0	0.058144249712484
chr1	52724453	52728453	ZYG11B	+	4	Housekeeping	52726453	14.0	0.34183678114942495
chr1	53236518	53240518	MAGOH	-	6	Housekeeping	53238518	10.0	0.6994233281346851
chr1	53944077	53948077	LRRC42	+	2	Housekeeping	53946077	14.0	1.259998143487735
chr1	54051504	54055504	TMEM59	-	1	Housekeeping	54053504	14.0	0.3067828188790145
chr1	54182041	54186041	MRPL37	+	2	Housekeeping	54184041	17.0	1.8373902023475353
chr1	65065754	65069754	JAK1	-	0	Housekeeping	65067754	5.0	1.1387063993696245
chr1	65418587	65422587	LEPROT	+	0	Housekeeping	65420587	5.0	2.0577112659805152
chr1	67428415	67432415	SERBP1	-	0	Housekeeping	67430415	6.0	1.2593866498143313
chr1	71079289	71083289	ZRANB2	-	0	Housekeeping	71081289	1.0	0.14077774431143553
chr1	75784197	75788197	RABGGTB	+	5	Housekeeping	75786197	5.0	0.30825709339765694
chr1	77977110	77981110	FUBP1	-	2	Housekeeping	77979110	7.0	0.010412045852632446
chr1	84477259	84481259	RPF1	+	2	Housekeeping	84479259	9.0	0.7808976224579567
chr1	86702570	86706570	SH3GLB1	+	1	Housekeeping	86704570	7.0	0.3328571687013948
chr1	86912424	86916424	SELENOF	-	0	Housekeeping	86914424	7.0	0.03134238040587434
chr1	87326880	87330880	LMO4	+	0	Housekeeping	87328880	3.0	4.352043478260725
chr1	88889944	88893944	GTF2B	-	2	Housekeeping	88891944	10.0	0.3358113044734523
chr1	92830013	92834013	RPL5	+	4	Housekeeping	92832013	6.0	0.35945610511348036
chr1	100036095	100040095	MFSD14A	+	2	Housekeeping	100038095	11.0	0.07359440212866275
chr1	108690310	108694310	PRPF38B	+	1	Housekeeping	108692310	15.0	1.6943870299996888
chr1	108744674	108748674	STXBP3	+	3	Housekeeping	108746674	14.0	1.1342507778761046
chr1	109088764	109092764	TMEM167B	+	4	Housekeeping	109090764	23.0	0.998042087228157
chr1	109424448	109428448	PSMA5	-	6	Housekeeping	109426448	27.0	0.6331308550622339
chr1	109982765	109986765	AHCYL1	+	1	Housekeeping	109984765	22.0	0.7779025523311134
chr1	110405942	110409942	LAMTOR5	-	4	Housekeeping	110407942	14.0	0.539876937772874
chr1	111540218	111544218	RAP1A	+	1	Housekeeping	111542218	15.0	3.007360146138751
chr1	112617805	112621805	CAPZA1	+	2	Housekeeping	112619805	10.0	0.055754588724710175
chr1	112705434	112709434	RHOC	-	2	Housekeeping	112707434	10.0	1.644421502005855
chr1	113927324	113931324	HIPK1	+	1	Housekeeping	113929324	8.0	0.72432140036085
chr1	114579629	114583629	BCAS2	-	4	Housekeeping	114581629	9.0	0.061887535389928416
chr1	117365449	117369449	MAN1A2	+	0	Housekeeping	117367449	6.0	0.13812360909781773
chr1	145822053	145826053	POLR3C	+	3	Housekeeping	145824053	20.0	0.4387480531599408
chr1	145962690	145966690	POLR3GL	+	3	Housekeeping	145964690	20.0	0.4387480531596566
chr1	150319479	150323479	PRPF3	+	7	Housekeeping	150321479	32.0	0.09114769518930643
chr1	150361091	150365091	RPRD2	+	4	Housekeeping	150363091	26.0	0.07223563814562795
chr1	150627612	150631612	ENSA	-	5	Housekeeping	150629612	29.0	0.14798842606353446
chr1	150874708	150878708	ARNT	-	4	Housekeeping	150876708	32.0	0.04136796271126286
chr1	150973003	150977003	CERS2	-	3	Housekeeping	150975003	34.0	0.32560440479215913
chr1	151068325	151072325	CDC42SE1	-	5	Housekeeping	151070325	33.0	0.4280306497267361
chr1	151252709	151256709	PSMD4	+	10	Housekeeping	151254709	32.0	0.060558586432364336
chr1	151397560	151401560	PSMB4	+	4	Housekeeping	151399560	35.0	1.0179782101158708
chr1	151610006	151614006	SNX27	+	2	Housekeeping	151612006	29.0	1.0811284096979534
chr1	151761496	151765496	MRPL9	-	1	Housekeeping	151763496	24.0	0.40088845311458954
chr1	153534244	153538244	S100A6	-	1	Housekeeping	153536244	40.0	1.5189363000644107
chr1	153631982	153635982	CHTOP	+	7	Housekeeping	153633982	35.0	1.5602587038750926
chr1	153656703	153660703	SNAPIN	+	12	Housekeeping	153658703	35.0	0.9732125157191263
chr1	153944718	153948718	DENND4B	-	0	Housekeeping	153946718	34.0	0.04834754384461348
chr1	153966184	153970184	SLC39A1	-	4	Housekeeping	153968184	33.0	0.06116633689856599
chr1	153975674	153979674	JTB	-	4	Housekeeping	153977674	33.0	0.08448170051281068
chr1	153984358	153988358	RAB13	-	4	Housekeeping	153986358	33.0	0.08657895098281188
chr1	153988762	153992762	RPS27	+	6	Housekeeping	153990762	33.0	0.08741160428172634
chr1	154192648	154196648	TPM3	-	2	Housekeeping	154194648	25.0	0.11038326829577727
chr1	154218637	154222637	C1orf43	-	0	Housekeeping	154220637	25.0	0.1289242301064064
chr1	154557028	154561028	UBE2Q1	-	2	Housekeeping	154559028	25.0	0.4499704903236079
chr1	154934719	154938719	PMVK	-	4	Housekeeping	154936719	36.0	0.10974685345928492
chr1	155171475	155175475	KRTCAP2	-	1	Housekeeping	155173475	34.0	0.27155453494714266
chr1	155260433	155264433	SCAMP3	-	1	Housekeeping	155262433	36.0	0.08976787812912335
chr1	155932413	155936413	KHDC4	-	4	Housekeeping	155934413	29.0	0.16068511391353013
chr1	156018951	156022951	SSR2	-	4	Housekeeping	156020951	30.0	0.6238542068484776
chr1	156051798	156055798	UBQLN4	-	1	Housekeeping	156053798	30.0	0.6487416964245085
chr1	156052782	156056782	LAMTOR2	+	1	Housekeeping	156054782	30.0	0.6472100931020464
chr1	156210982	156214982	PMF1-BGLAP	+	4	Housekeeping	156212982	33.0	1.469775961766402
chr1	156210993	156214993	PMF1	+	4	Housekeeping	156212993	33.0	1.469737636973889
chr1	156599496	156603496	GPATCH4	-	5	Housekeeping	156601496	32.0	1.9732462874830503
chr1	156739590	156743590	MRPL24	-	1	Housekeeping	156741590	30.0	2.4783951094389067
chr1	156748610	156752610	PRCC	+	0	Housekeeping	156750610	28.0	0.8199644597667088
chr1	160096943	160100943	IGSF8	-	0	Housekeeping	160098943	26.0	1.160876534399904
chr1	160203380	160207380	PEA15	+	1	Housekeeping	160205380	27.0	3.716275378355647
chr1	160341566	160345566	COPA	-	1	Housekeeping	160343566	26.0	0.6016525213448176
chr1	161116055	161120055	PFDN2	-	4	Housekeeping	161118055	34.0	0.7057436370385517
chr1	161175968	161179968	B4GALT3	-	3	Housekeeping	161177968	36.0	0.4070541408702866
chr1	161764298	161768298	ATF6	+	3	Housekeeping	161766298	15.0	0.7301276601447171
chr1	165629213	165633213	MGST3	+	0	Housekeeping	165631213	6.0	1.2233102910164462
chr1	165696562	165700562	ALDH9A1	-	5	Housekeeping	165698562	7.0	1.247103270993648
chr1	167551805	167555805	CREG1	-	1	Housekeeping	167553805	9.0	4.5300745917589325
chr1	167719192	167723192	MPZL1	+	2	Housekeeping	167721192	8.0	4.1009506128270345
chr1	167935072	167939072	MPC2	-	0	Housekeeping	167937072	10.0	0.19876175707935317
chr1	173475330	173479330	PRDX6	+	0	Housekeeping	173477330	11.0	0.11435690138085874
chr1	175021425	175025425	MRPS14	-	1	Housekeeping	175023425	3.0	0.3641470394092039
chr1	179023804	179027804	FAM20B	+	0	Housekeeping	179025804	6.0	2.041491166439755
chr1	179080070	179084070	TOR3A	+	2	Housekeeping	179082070	7.0	0.2223546214821681
chr1	179880042	179884042	TOR1AIP1	+	1	Housekeeping	179882042	8.0	0.28693705312065276
chr1	180152869	180156869	QSOX1	+	0	Housekeeping	180154869	8.0	1.1115412191705332
chr1	186373838	186377838	ODR4	+	1	Housekeeping	186375838	5.0	0.07548962500464995
chr1	193104114	193108114	GLRX2	-	2	Housekeeping	193106114	6.0	0.033853902406519865
chr1	201169574	201173574	TMEM9	-	0	Housekeeping	201171574	14.0	2.161560243016254
chr1	201827149	201831149	IPO9	+	3	Housekeeping	201829149	15.0	0.7263463027430817
chr1	201953503	201957503	TIMM17A	+	4	Housekeeping	201955503	14.0	2.19102665956342
chr1	202142743	202146743	ARL8A	-	2	Housekeeping	202144743	11.0	3.2817558353417553
chr1	202956572	202960572	ADIPOR1	-	3	Housekeeping	202958572	14.0	0.6538701751046005
chr1	202965275	202969275	CYB5R1	-	2	Housekeeping	202967275	14.0	0.673528050922414
chr1	203005374	203009374	TMEM183A	+	2	Housekeeping	203007374	16.0	1.4525848884781567
chr1	203859599	203863599	SNRPE	+	5	Housekeeping	203861599	12.0	0.17295106752413858
chr1	205748182	205752182	NUCKS1	-	1	Housekeeping	205750182	18.0	0.2377306969771098
chr1	206610465	206614465	EIF2D	-	6	Housekeeping	206612465	19.0	1.8599398938223999
chr1	206682905	206686905	MAPKAPK2	+	0	Housekeeping	206684905	18.0	0.20446192233777083
chr1	211828763	211832763	LPGAT1	-	0	Housekeeping	211830763	6.0	0.0631688217009696
chr1	212283410	212287410	PPP2R5A	+	1	Housekeeping	212285410	8.0	0.2067002454415956
chr1	212430920	212434920	NENF	+	1	Housekeeping	212432920	11.0	0.755098312779694
chr1	222711210	222715210	AIDA	-	2	Housekeeping	222713210	7.0	0.3860499596814293
chr1	225775813	225779813	SRP9	+	3	Housekeeping	225777813	12.0	1.0823583176872376
chr1	226184741	226188741	ACBD3	-	4	Housekeeping	226186741	13.0	0.2358987160980064
chr1	226406154	226410154	PARP1	-	4	Housekeeping	226408154	13.0	0.6529581530864448
chr1	228137962	228141962	GUK1	+	5	Housekeeping	228139962	17.0	0.09621104622851817
chr1	228485382	228489382	RNF187	+	3	Housekeeping	228487382	14.0	0.49428225419092087
chr1	229269062	229273062	RAB4A	+	1	Housekeeping	229271062	6.0	1.8058024046365517
chr1	229556707	229560707	ABCB10	-	3	Housekeeping	229558707	7.0	0.8019466492049787
chr1	231526541	231530541	TSNAX	+	1	Housekeeping	231528541	10.0	0.3173223034761463
chr1	231526653	231530653	TSNAX-DISC1	+	1	Housekeeping	231528653	10.0	0.32638167154544817
chr1	234371456	234375456	COA6	+	2	Housekeeping	234373456	3.0	3.0116059398071116
chr1	234608178	234612178	IRF2BP2	-	0	Housekeeping	234610178	2.0	2.1788756136095344
chr1	235126837	235130837	TOMM20	-	4	Housekeeping	235128837	6.0	1.3719683598071697
chr1	248836210	248840210	ZNF672	+	3	Housekeeping	248838210	21.0	0.7574896556155863
chr10	929821	933821	LARP4B	-	1	Housekeeping	931821	5.0	0.31417739860259086
chr10	5840132	5844132	GDI2	-	5	Housekeeping	5842132	13.0	1.170400578307298
chr10	5888203	5892203	FBH1	+	1	Housekeeping	5890203	12.0	1.19873946955245
chr10	6087034	6091034	RBM17	+	0	Housekeeping	6089034	9.0	1.414699791776357
chr10	12193965	12197965	CDC123	+	4	Housekeeping	12195965	7.0	0.5226792114884304
chr10	13097449	13101449	OPTN	+	3	Housekeeping	13099449	7.0	1.9338195022918114
chr10	13584939	13588939	PRPF18	+	4	Housekeeping	13586939	7.0	0.8307498094974974
chr10	14836306	14840306	HSPA14	+	2	Housekeeping	14838306	11.0	1.4053371113391933
chr10	22001769	22005769	DNAJC1	-	1	Housekeeping	22003769	7.0	1.5689282015824801
chr10	22314388	22318388	COMMD3-BMI1	+	0	Housekeeping	22316388	6.0	0.2668095548654037
chr10	22319099	22323099	BMI1	+	0	Housekeeping	22321099	6.0	0.1630894020164675
chr10	32054425	32058425	KIF5B	-	1	Housekeeping	32056425	3.0	0.23261694432243019
chr10	42780795	42784795	BMS1	+	1	Housekeeping	42782795	4.0	0.17992792301640748
chr10	43136445	43140445	CSGALNACT2	+	2	Housekeeping	43138445	9.0	0.655208401506755
chr10	43646881	43650881	ZNF32	-	3	Housekeeping	43648881	6.0	1.2790744140242083
chr10	44998923	45002923	ZNF22	+	0	Housekeeping	45000923	5.0	0.8841829808648072
chr10	62802720	62806720	ADO	+	1	Housekeeping	62804720	4.0	0.5180825542063872
chr10	68329174	68333174	HNRNPH3	+	4	Housekeeping	68331174	12.0	0.37540967721426455
chr10	68899286	68903286	DDX50	+	2	Housekeeping	68901286	13.0	0.3279509937638636
chr10	69121512	69125512	VPS26A	+	3	Housekeeping	69123512	12.0	0.3748870565470952
chr10	70168523	70172523	SAR1A	-	3	Housekeeping	70170523	11.0	1.698323632870995
chr10	70231911	70235911	PPA1	-	2	Housekeeping	70233911	12.0	0.7347232222727484
chr10	70402145	70406145	EIF4EBP2	+	2	Housekeeping	70404145	14.0	0.765881572925764
chr10	70886565	70890565	PCBD1	-	0	Housekeeping	70888565	9.0	1.767030278210484
chr10	73245255	73249255	DNAJC9	-	1	Housekeeping	73247255	16.0	0.14282264237010622
chr10	73250693	73254693	MRPS16	-	1	Housekeeping	73252693	16.0	0.14703217498038157
chr10	73780047	73784047	CHCHD1	+	3	Housekeeping	73782047	18.0	0.17382711969403886
chr10	74148842	74152842	AP3M1	-	3	Housekeeping	74150842	12.0	0.07056632095100213
chr10	78031760	78035760	RPS24	+	5	Housekeeping	78033760	3.0	0.12703397702566122
chr10	80203572	80207572	ANXA11	-	2	Housekeeping	80205572	10.0	0.49174789207214076
chr10	84137482	84141482	GHITM	+	1	Housekeeping	84139482	6.0	2.0263788501688396
chr10	91161012	91165012	PCGF5	+	0	Housekeeping	91163012	5.0	3.3815226755920946
chr10	91796426	91800426	TNKS2	+	0	Housekeeping	91798426	6.0	0.09478266489367115
chr10	96585452	96589452	TM9SF3	-	0	Housekeeping	96587452	7.0	0.7467300281690825
chr10	97424191	97428191	PGAM1	+	4	Housekeeping	97426191	21.0	0.26038309734644827
chr10	99620793	99624793	SLC25A28	-	3	Housekeeping	99622793	11.0	0.6411791650246812
chr10	99700558	99704558	CUTC	+	3	Housekeeping	99702558	12.0	0.11893766246416249
chr10	100284680	100288680	BLOC1S2	-	4	Housekeeping	100286680	13.0	1.9456348462357198
chr10	100985515	100989515	MRPL43	-	0	Housekeeping	100987515	15.0	2.5254236615177206
chr10	101693295	101697295	FBXW4	-	1	Housekeeping	101695295	13.0	0.3059821339076052
chr10	101816465	101820465	OGA	-	3	Housekeeping	101818465	15.0	0.06214406124428251
chr10	102243371	102247371	GBF1	+	1	Housekeeping	102245371	23.0	0.08896200943325994
chr10	102430584	102434584	CUEDC2	-	4	Housekeeping	102432584	24.0	0.9976863543383274
chr10	102500712	102504712	ACTR1A	-	2	Housekeeping	102502712	24.0	0.5418611056933287
chr10	102852259	102856259	BORCS7	+	8	Housekeeping	102854259	20.0	0.250243142247939
chr10	102852272	102856272	BORCS7-ASMT	+	9	Housekeeping	102854272	20.0	0.25024945550399025
chr10	104233356	104237356	GSTO1	+	1	Housekeeping	104235356	10.0	0.5512448871832021
chr10	112445572	112449572	ZDHHC6	-	2	Housekeeping	112447572	4.0	2.759792526270246
chr10	118753249	118757249	CACUL1	-	2	Housekeeping	118755249	8.0	0.7022039689294957
chr10	119078817	119082817	EIF3A	-	4	Housekeeping	119080817	8.0	0.1481735218331437
chr10	119890556	119894556	MCMBP	-	3	Housekeeping	119892556	5.0	0.05681645695347015
chr10	121926801	121930801	ATE1	-	2	Housekeeping	121928801	5.0	0.23549227817056817
chr10	121973217	121977217	NSMCE4A	-	3	Housekeeping	121975217	7.0	0.7301131669430561
chr10	123006812	123010812	IKZF5	-	0	Housekeeping	123008812	13.0	0.37841378159754413
chr10	124940123	124944123	ZRANB1	+	3	Housekeeping	124942123	7.0	0.45371564314166335
chr10	125821546	125825546	BCCIP	+	2	Housekeeping	125823546	6.0	0.2563135411219264
chr10	130134391	130138391	GLRX3	+	2	Housekeeping	130136391	2.0	1.6739831551990392
chr11	205399	209399	BET1L	-	1	Housekeeping	207399	30.0	0.6492184953881628
chr11	205708	209708	RIC8A	+	1	Housekeeping	207708	30.0	0.6501216256725595
chr11	446268	450268	PTDSS2	+	4	Housekeeping	448268	45.0	0.7059870611251762
chr11	745415	749415	TALDO1	+	3	Housekeeping	747415	43.0	1.1295155898826537
chr11	775488	779488	GATD1	-	3	Housekeeping	777488	43.0	0.6253314040355229
chr11	803438	807438	RPLP2	+	4	Housekeeping	805438	39.0	0.8312539441767708
chr11	840529	844529	POLR2L	-	3	Housekeeping	842529	37.0	0.5565136590129516
chr11	913058	917058	CHID1	-	9	Housekeeping	915058	36.0	0.43519584273802536
chr11	922881	926881	AP2A2	+	3	Housekeeping	924881	35.0	0.41872780279373467
chr11	1307654	1311654	TOLLIP	-	0	Housekeeping	1309654	24.0	0.19726080218884334
chr11	1945278	1949278	MRPL23	+	0	Housekeeping	1947278	28.0	0.8575201802559329
chr11	2374177	2378177	CD81	+	0	Housekeeping	2376177	14.0	3.115488146147989
chr11	2990377	2994377	NAP1L4	-	3	Housekeeping	2992377	8.0	0.17329453820005725
chr11	3852527	3856527	STIM1	+	1	Housekeeping	3854527	13.0	1.9792088324614099
chr11	6479501	6483501	TIMM10B	+	0	Housekeeping	6481501	33.0	2.2515663743419623
chr11	6610539	6614539	TAF10	-	0	Housekeeping	6612539	32.0	1.8093076479128989
chr11	6681340	6685340	MRPL17	-	2	Housekeeping	6683340	31.0	1.5960893141757637
chr11	8680788	8684788	RPL27A	+	3	Housekeeping	8682788	10.0	0.9614992742095652
chr11	9382652	9386652	IPO7	+	4	Housekeeping	9384652	12.0	1.1689480836901822
chr11	10806940	10810940	EIF4G2	-	1	Housekeeping	10808940	5.0	1.2162012831274893
chr11	10856796	10860796	ZBED5	-	1	Housekeeping	10858796	6.0	0.9217602586750218
chr11	17075715	17079715	RPS13	-	6	Housekeeping	17077715	10.0	0.06856656734139932
chr11	30321104	30325104	ARL14EP	+	0	Housekeeping	30323104	3.0	0.11700905680584128
chr11	32089074	32093074	RCN1	+	2	Housekeeping	32091074	4.0	1.9693096885176686
chr11	32581798	32585798	EIF3M	+	3	Housekeeping	32583798	7.0	1.5949425262351724
chr11	33734479	33738479	CD59	-	3	Housekeeping	33736479	8.0	1.9965728435963825
chr11	34103617	34107617	NAT10	+	2	Housekeeping	34105617	9.0	0.06872691607036074
chr11	43309963	43313963	API5	+	5	Housekeeping	43311963	2.0	0.3681057146282285
chr11	43678680	43682680	HSD17B12	+	2	Housekeeping	43680680	7.0	0.2594917526968743
chr11	45845118	45849118	CRY2	+	0	Housekeeping	45847118	9.0	0.8543647102497687
chr11	46698619	46702619	ARHGAP1	-	4	Housekeeping	46700619	14.0	0.13293257506390432
chr11	46844308	46848308	CKAP5	-	5	Housekeeping	46846308	16.0	0.06789704046923362
chr11	47175125	47179125	ARFGAP2	-	0	Housekeeping	47177125	23.0	0.1991182152274007
chr11	47405132	47409132	SLC39A13	+	4	Housekeeping	47407132	22.0	0.11431910396751732
chr11	47563336	47567336	NDUFS3	+	7	Housekeeping	47565336	21.0	0.001601896466212338
chr11	47563569	47567569	CELF1	-	8	Housekeeping	47565569	21.0	0.0014793070408813946
chr11	47640607	47644607	MTCH2	-	5	Housekeeping	47642607	21.0	0.011518720887409017
chr11	47765443	47769443	FNBP4	-	8	Housekeeping	47767443	19.0	0.015711179058257585
chr11	57528803	57532803	TIMM10	-	1	Housekeeping	57530803	25.0	0.27742175420357285
chr11	57710221	57714221	MED19	-	3	Housekeeping	57712221	28.0	0.05753722174219433
chr11	57739491	57743491	SELENOH	+	3	Housekeeping	57741491	29.0	0.02553492449877126
chr11	58577063	58581063	ZFP91	+	1	Housekeeping	58579063	17.0	0.05450727224214802
chr11	58577172	58581172	ZFP91-CNTF	+	0	Housekeeping	58579172	17.0	0.05450750368893864
chr11	59613774	59617774	OSBP	-	0	Housekeeping	59615774	23.0	0.05457548941947721
chr11	59667037	59671037	PATL1	-	1	Housekeeping	59669037	22.0	0.03264727474430629
chr11	59808778	59812778	MRPL16	-	3	Housekeeping	59810778	23.0	1.1963091179947583
chr11	60904585	60908585	PRPF19	-	1	Housekeeping	60906585	26.0	0.49141643689424086
chr11	61159615	61163615	VPS37C	-	5	Housekeeping	61161615	28.0	0.5232580207074022
chr11	61428042	61432042	SDHAF2	+	5	Housekeeping	61430042	26.0	0.2399768690973758
chr11	61790802	61794802	TMEM258	-	4	Housekeeping	61792802	26.0	1.1953695677706833
chr11	62572086	62576086	EEF1G	-	0	Housekeeping	62574086	42.0	0.6373615964156443
chr11	62589637	62593637	TUT1	-	3	Housekeeping	62591637	42.0	0.27880361061932035
chr11	62663210	62667210	C11orf98	-	4	Housekeeping	62665210	42.0	0.6323574319578995
chr11	62677117	62681117	UBXN1	-	6	Housekeeping	62679117	42.0	0.574845513577884
chr11	62804302	62808302	NXF1	-	1	Housekeeping	62806302	39.0	0.31023170576133907
chr11	62830051	62834051	STX5	-	4	Housekeeping	62832051	39.0	0.13945900237914088
chr11	63983853	63987853	OTUB1	+	7	Housekeeping	63985853	34.0	0.7916072747396186
chr11	64183272	64187272	STIP1	+	3	Housekeeping	64185272	29.0	0.09257489171105249
chr11	64228278	64232278	DNAJC4	+	4	Housekeeping	64230278	30.0	0.24458032481746272
chr11	64232584	64236584	VEGFB	+	2	Housekeeping	64234584	30.0	0.24566319932944225
chr11	64244943	64248943	PPP1R14B	-	0	Housekeeping	64246943	31.0	0.24872938821658863
chr11	64282704	64286704	BAD	-	4	Housekeeping	64284704	32.0	0.24838578114980692
chr11	64316074	64320074	TRMT112	-	2	Housekeeping	64318074	33.0	0.13108403763880005
chr11	64316121	64320121	PRDX5	+	2	Housekeeping	64318121	33.0	0.13110332617785048
chr11	64915553	64919553	PPP2R5B	+	5	Housekeeping	64917553	37.0	0.22846355341684443
chr11	65012160	65016160	ARL2	+	6	Housekeeping	65014160	37.0	0.47648375699864687
chr11	65012182	65016182	ARL2-SNX15	+	6	Housekeeping	65014182	37.0	0.47670349626471875
chr11	65082210	65086210	ZFPL1	+	1	Housekeeping	65084210	41.0	0.17933786675158103
chr11	65120177	65124177	FAU	-	3	Housekeeping	65122177	43.0	0.1850913886273986
chr11	65120183	65124183	MRPL49	+	3	Housekeeping	65122183	43.0	0.18521076992527696
chr11	65570349	65574349	FAM89B	+	0	Housekeeping	65572349	50.0	0.41480950938122874
chr11	65613382	65617382	MAP3K11	-	1	Housekeeping	65615382	45.0	0.5019390844219629
chr11	65661090	65665090	RELA	-	4	Housekeeping	65663090	41.0	0.20066807723651436
chr11	65855126	65859126	MUS81	+	0	Housekeeping	65857126	43.0	0.315266437412447
chr11	65860026	65864026	CFL1	-	0	Housekeeping	65862026	43.0	0.32259261002735684
chr11	65888673	65892673	CCDC85B	+	1	Housekeeping	65890673	42.0	0.37747739597193686
chr11	65917062	65921062	C11orf68	-	0	Housekeeping	65919062	42.0	0.3714107160769231
chr11	65917274	65921274	DRAP1	+	0	Housekeeping	65919274	42.0	0.3625455821567414
chr11	65959728	65963728	SART1	+	4	Housekeeping	65961728	43.0	0.15778406740309947
chr11	66000228	66004228	BANF1	+	1	Housekeeping	66002228	46.0	0.2973970583400387
chr11	66266590	66270590	RAB1B	+	2	Housekeeping	66268590	47.0	0.6273587536736613
chr11	66287184	66291184	YIF1A	-	1	Housekeeping	66289184	45.0	0.7675182904843325
chr11	66343125	66347125	BRMS1	-	0	Housekeeping	66345125	45.0	0.6070312035149072
chr11	66614626	66618626	RBM14	+	3	Housekeeping	66616626	32.0	0.033096345353129664
chr11	66614626	66618626	RBM14-RBM4	+	3	Housekeeping	66616626	32.0	0.033096345353129664
chr11	66636667	66640667	RBM4	+	1	Housekeeping	66638667	33.0	0.03283660098716723
chr11	67117263	67121263	KDM2A	+	0	Housekeeping	67119263	32.0	1.0127914872833799
chr11	67264473	67268473	GRK2	+	0	Housekeeping	67266473	32.0	0.04360570621997795
chr11	67419183	67423183	PPP1CA	-	4	Housekeeping	67421183	30.0	0.2499080653684871
chr11	67506649	67510649	CDK2AP2	-	1	Housekeeping	67508649	29.0	0.2228805274643264
chr11	68901835	68905835	MRPL21	-	1	Housekeeping	68903835	11.0	0.24315909984608197
chr11	72078693	72082693	NUMA1	-	2	Housekeeping	72080693	18.0	0.05327832908335495
chr11	72101297	72105297	LAMTOR1	-	0	Housekeeping	72103297	18.0	1.0949642214956157
chr11	73596189	73600189	FAM168A	-	3	Housekeeping	73598189	13.0	2.411074102004278
chr11	73759137	73763137	RAB6A	-	3	Housekeeping	73761137	13.0	0.06428385066726605
chr11	73874901	73878901	COA4	-	3	Housekeeping	73876901	11.0	0.08404684809846685
chr11	74947261	74951261	SPCS2	+	3	Housekeeping	74949261	13.0	0.14694670377863872
chr11	75397515	75401515	RPS3	+	6	Housekeeping	75399515	14.0	0.9617767293768509
chr11	76379132	76383132	THAP12	-	0	Housekeeping	76381132	6.0	0.4368810698137793
chr11	77635794	77639794	CLNS1A	-	4	Housekeeping	77637794	10.0	0.07988914146409343
chr11	82968584	82972584	PRCP	-	1	Housekeeping	82970584	6.0	0.16308870847396406
chr11	86067882	86071882	PICALM	-	0	Housekeeping	86069882	10.0	0.16716761026700055
chr11	106073501	106077501	AASDHPPT	+	0	Housekeeping	106075501	3.0	0.43209640906795244
chr11	108006898	108010898	CUL5	+	6	Housekeeping	108008898	10.0	1.8790317438194393
chr11	110427948	110431948	FDX1	+	2	Housekeeping	110429948	3.0	0.1779501687623508
chr11	117230525	117234525	PCSK7	-	0	Housekeeping	117232525	13.0	1.6030900803603743
chr11	118399346	118403346	ATP5MG	+	4	Housekeeping	118401346	23.0	0.780351747024639
chr11	119016691	119020691	RPS25	-	3	Housekeeping	119018691	32.0	1.6675470642221057
chr11	130914479	130918479	SNX19	-	0	Housekeeping	130916479	3.0	0.616881767830364
chr11	134222671	134226671	VPS26B	+	1	Housekeeping	134224671	9.0	0.24139892909772698
chr12	750579	754579	WNK1	+	0	Housekeeping	752579	7.0	2.4149850079037405
chr12	1686574	1690574	ADIPOR2	+	4	Housekeeping	1688574	6.0	2.096047491152797
chr12	6491841	6495841	MRPL51	-	0	Housekeeping	6493841	41.0	0.6997407551752133
chr12	6532512	6536512	GAPDH	+	0	Housekeeping	6534512	42.0	0.5675271057068798
chr12	6765475	6769475	MLF2	-	0	Housekeeping	6767475	45.0	3.7266258988980994
chr12	6865119	6869119	TPI1	+	1	Housekeeping	6867119	44.0	3.0455766136218543
chr12	8030716	8034716	FOXJ2	+	4	Housekeeping	8032716	16.0	3.444759653373417
chr12	8947761	8951761	M6PR	-	1	Housekeeping	8949761	11.0	0.22499797948700717
chr12	12811316	12815316	DDX47	+	3	Housekeeping	12813316	14.0	2.65962212755408
chr12	15880387	15884387	STRAP	+	1	Housekeeping	15882387	4.0	0.9888740087576764
chr12	22044218	22048218	CMAS	+	1	Housekeeping	22046218	7.0	2.255576580037868
chr12	27020546	27024546	MED21	+	2	Housekeeping	27022546	8.0	0.3768700092206245
chr12	42324257	42328257	ZCRB1	-	1	Housekeeping	42326257	4.0	0.15714887629947327
chr12	46370773	46374773	SLC38A2	-	0	Housekeeping	46372773	3.0	0.1420915557622493
chr12	48850842	48854842	DDX23	-	4	Housekeeping	48852842	31.0	1.0221167437155998
chr12	49566145	49570145	MCRS1	-	3	Housekeeping	49568145	24.0	0.18802838835732416
chr12	49705725	49709725	TMBIM6	+	1	Housekeeping	49707725	22.0	0.24500048848345557
chr12	51081664	51085664	CSRNP2	-	4	Housekeeping	51083664	15.0	0.22650822846472352
chr12	52067246	52071246	ATG101	+	4	Housekeeping	52069246	23.0	1.565580245433864
chr12	53004282	53008282	EIF4B	+	2	Housekeeping	53006282	36.0	2.538593288857811
chr12	53077404	53081404	SPRYD3	-	4	Housekeeping	53079404	34.0	1.422262738749538
chr12	53293291	53297291	PFDN5	+	4	Housekeeping	53295291	32.0	0.2370948709811671
chr12	53378176	53382176	SP1	+	2	Housekeeping	53380176	28.0	0.12282137731915554
chr12	53450102	53454102	PCBP2	+	5	Housekeeping	53452102	27.0	0.1986997575917826
chr12	53725745	53729745	CALCOCO1	-	0	Housekeeping	53727745	29.0	2.4365075687873627
chr12	55727707	55731707	CD63	-	2	Housekeeping	55729707	43.0	1.4245732126916266
chr12	55815724	55819724	SARNP	-	1	Housekeeping	55817724	46.0	1.1029404530330567
chr12	56102537	56106537	PA2G4	+	1	Housekeeping	56104537	47.0	0.30735522260187054
chr12	56114590	56118590	RPL41	+	3	Housekeeping	56116590	47.0	0.2980149509635055
chr12	56116250	56120250	ESYT1	+	0	Housekeeping	56118250	47.0	0.2958128222203982
chr12	56156346	56160346	MYL6	+	4	Housekeeping	56158346	48.0	0.12021405710783029
chr12	56256384	56260384	ANKRD52	-	3	Housekeeping	56258384	46.0	0.12420349300214184
chr12	56686408	56690408	PTGES3	-	6	Housekeeping	56688408	35.0	0.05816572931323094
chr12	56729628	56733628	NACA	-	9	Housekeeping	56731628	33.0	0.11964643150207621
chr12	57545224	57549224	DCTN2	-	0	Housekeeping	57547224	38.0	0.5819571871681717
chr12	57691841	57695841	OS9	+	2	Housekeeping	57693841	33.0	0.27891830664586337
chr12	57754013	57758013	CDK4	-	1	Housekeeping	57756013	29.0	0.27979665572090084
chr12	57844729	57848729	CTDSP2	-	1	Housekeeping	57846729	28.0	0.2613796242305
chr12	64402392	64406392	XPOT	+	5	Housekeeping	64404392	7.0	0.12811200945478163
chr12	66168027	66172027	TMBIM4	-	3	Housekeeping	66170027	5.0	0.23592558337213632
chr12	67267358	67271358	CAND1	+	1	Housekeeping	67269358	2.0	0.8993579390912032
chr12	69583426	69587426	CCT2	+	3	Housekeeping	69585426	9.0	1.0161196495444358
chr12	74535835	74539835	ATXN7L3B	+	2	Housekeeping	74537835	0.0	0.39764451076038654
chr12	76082735	76086735	NAP1L1	-	0	Housekeeping	76084735	3.0	11.589887670130707
chr12	92143846	92147846	BTG1	-	0	Housekeeping	92145846	0.0	0.7397907481359312
chr12	95001748	95005748	NDUFA12	-	5	Housekeeping	95003748	5.0	0.4842445356196379
chr12	95856952	95860952	SNRPF	+	2	Housekeeping	95858952	8.0	0.47492806263505827
chr12	98591591	98595591	SLC25A3	+	2	Housekeeping	98593591	3.0	0.5956681022395571
chr12	101405772	101409772	ARL1	-	2	Housekeeping	101407772	8.0	1.0629041648628856
chr12	102060149	102064149	WASHC3	-	4	Housekeeping	102062149	9.0	0.07195678699844166
chr12	103928107	103932107	HSP90B1	+	1	Housekeeping	103930107	10.0	0.4708632694314474
chr12	104136241	104140241	NFYB	-	2	Housekeeping	104138241	9.0	0.2733373616455026
chr12	107683799	107687799	PWP1	+	4	Housekeeping	107685799	4.0	1.0469736087415527
chr12	107759272	107763272	PRDM4	-	3	Housekeeping	107761272	4.0	1.699584955214135
chr12	108559400	108563400	SART3	-	1	Housekeeping	108561400	11.0	0.6393393263212488
chr12	108560582	108564582	ISCU	+	0	Housekeeping	108562582	11.0	0.6071320290972437
chr12	109475359	109479359	KCTD10	-	2	Housekeeping	109477359	14.0	0.19901164606380917
chr12	110448422	110452422	ARPC3	-	5	Housekeeping	110450422	15.0	0.09704881161297862
chr12	110467268	110471268	GPN3	-	5	Housekeeping	110469268	15.0	0.10146535595310979
chr12	110500111	110504111	VPS29	-	2	Housekeeping	110502111	13.0	0.11624411815915892
chr12	110581318	110585318	PPTC7	-	2	Housekeeping	110583318	14.0	0.05379534475451919
chr12	110740939	110744939	PPP1CC	-	0	Housekeeping	110742939	13.0	0.08399084247997735
chr12	112011348	112015348	ERP29	+	4	Housekeeping	112013348	13.0	0.03399028767319123
chr12	117188470	117192470	FBXO21	-	3	Housekeeping	117190470	6.0	0.805340529084333
chr12	118060430	118064430	WSB2	-	1	Housekeeping	118062430	6.0	3.3948458454432284
chr12	118134124	118138124	PEBP1	+	7	Housekeeping	118136124	6.0	0.5775761751647224
chr12	120115502	120119502	RAB35	-	2	Housekeeping	120117502	19.0	0.7713914287245416
chr12	120192715	120196715	GCN1	-	8	Housekeeping	120194715	20.0	0.2237972182950898
chr12	120199235	120203235	RPLP0	-	5	Housekeeping	120201235	20.0	0.21345857916600153
chr12	120436090	120440090	COX6A1	+	6	Housekeeping	120438090	22.0	1.6948933643928399
chr12	120444384	120448384	TRIAP1	-	5	Housekeeping	120446384	22.0	1.5718252248120734
chr12	120467850	120471850	DYNLL1	+	6	Housekeeping	120469850	22.0	0.5719832490174781
chr12	120493946	120497946	SRSF9	-	2	Housekeeping	120495946	22.0	0.054583860333536904
chr12	120531480	120535480	RNF10	+	7	Housekeeping	120533480	23.0	0.04252499248082131
chr12	120685149	120689149	MLEC	+	1	Housekeeping	120687149	24.0	0.5368963711987362
chr12	120902358	120906358	SPPL3	-	1	Housekeeping	120904358	22.0	0.32329233099517296
chr12	122525000	122529000	RSRC2	-	4	Housekeeping	122527000	21.0	0.09161467543748358
chr12	122894127	122898127	VPS37B	-	2	Housekeeping	122896127	19.0	0.8776472465598317
chr12	123270334	123274334	CDK2AP1	-	4	Housekeeping	123272334	21.0	0.12060899884716036
chr12	123456088	123460088	SNRNP35	+	10	Housekeeping	123458088	18.0	2.94452143608396
chr12	123582533	123586533	TMED2	+	6	Housekeeping	123584533	18.0	0.5026785377035026
chr12	124915368	124919368	UBC	-	4	Housekeeping	124917368	6.0	3.0638281083119523
chr12	131709081	131713081	SFSWAP	+	0	Housekeeping	131711081	6.0	0.6045346020832199
chr12	131892622	131896622	ULK1	+	0	Housekeeping	131894622	7.0	1.6019466369297675
chr12	132142319	132146319	DDX51	-	0	Housekeeping	132144319	10.0	0.9170210638404797
chr12	132708819	132712819	PGAM5	+	6	Housekeeping	132710819	17.0	1.0739113349413287
chr12	132827143	132831143	GOLGA3	-	4	Housekeeping	132829143	18.0	0.1723145297478368
chr13	19631659	19635659	MPHOSPH8	+	2	Housekeeping	19633659	5.0	0.1321819217180542
chr13	21138119	21142119	SAP18	+	5	Housekeeping	21140119	8.0	3.0029130741931986
chr13	21174658	21178658	MRPL57	+	6	Housekeeping	21176658	9.0	0.8002899047287837
chr13	25299524	25303524	NUP58	+	1	Housekeeping	25301524	5.0	0.6267771745871187
chr13	26220314	26224314	RNF6	-	1	Housekeeping	26222314	3.0	2.141688275862066
chr13	27169811	27173811	USP12	-	1	Housekeeping	27171811	7.0	0.3642587267055575
chr13	27249362	27253362	RPL21	+	1	Housekeeping	27251362	7.0	0.24614657460993783
chr13	27422619	27426619	GTF3A	+	2	Housekeeping	27424619	8.0	2.940816579592216
chr13	27618742	27622742	POLR1D	+	0	Housekeeping	27620742	11.0	0.5743923862677391
chr13	29848617	29852617	UBL3	-	0	Housekeeping	29850617	2.0	0.7808239310428888
chr13	30615597	30619597	HMGB1	-	0	Housekeeping	30617597	6.0	0.8368365589667448
chr13	30615693	30619693	USPL1	+	0	Housekeeping	30617693	6.0	0.8298790862132321
chr13	45118510	45122510	GTF2F2	+	3	Housekeeping	45120510	7.0	0.3187999598502955
chr13	45339284	45343284	TPT1	-	4	Housekeeping	45341284	8.0	1.0033865311810786
chr13	46795420	46799420	ESD	-	1	Housekeeping	46797420	3.0	3.456495408096103
chr13	48035726	48039726	NUDT15	+	3	Housekeeping	48037726	6.0	0.13936807881769653
chr13	48093131	48097131	MED4	-	2	Housekeeping	48095131	6.0	0.22607709990083436
chr13	48230612	48234612	ITM2B	+	0	Housekeeping	48232612	7.0	0.3077763668144229
chr13	52448634	52452634	VPS36	-	3	Housekeeping	52450634	11.0	0.047269244352534656
chr13	52650709	52654709	SUGT1	+	0	Housekeeping	52652709	8.0	0.07202825133887814
chr13	75547439	75551439	COMMD6	-	1	Housekeeping	75549439	3.0	0.3980972492307444
chr13	97951658	97955658	IPO5	+	5	Housekeeping	97953658	2.0	2.2281036443577307
chr13	98575940	98579940	STK24	-	0	Housekeeping	98577940	3.0	2.8858149681011014
chr13	102594958	102598958	TPP2	+	1	Housekeeping	102596958	10.0	0.6966685003456519
chr13	110913069	110917069	ANKRD10	-	0	Housekeeping	110915069	6.0	1.1473382182927594
chr13	113206715	113210715	PCID2	-	0	Housekeeping	113208715	13.0	0.2234680313414117
chr13	113295239	113299239	LAMP1	+	2	Housekeeping	113297239	14.0	2.3792492392439613
chr13	113582721	113586721	TFDP1	+	0	Housekeeping	113584721	15.0	0.15610191245784222
chr13	114232887	114236887	CDC16	+	0	Housekeeping	114234887	7.0	0.2271545020212784
chr14	20459465	20463465	PIP4P1	-	2	Housekeeping	20461465	34.0	6.344355509306925
chr14	21474960	21478960	RAB2B	-	3	Housekeeping	21476960	22.0	3.048441053815285
chr14	22587224	22591224	DAD1	-	3	Housekeeping	22589224	17.0	4.338756525382834
chr14	22596290	22600290	ABHD4	+	3	Housekeeping	22598290	19.0	4.547634386077917
chr14	23033230	23037230	PSMB5	-	7	Housekeeping	23035230	35.0	1.924591263571056
chr14	23093505	23097505	C14orf119	+	2	Housekeeping	23095505	38.0	3.2995576008204175
chr14	23296790	23300790	BCL2L2	+	1	Housekeeping	23298790	36.0	1.157258224322586
chr14	23304833	23308833	BCL2L2-PABPN1	+	2	Housekeeping	23306833	36.0	1.3292987608729767
chr14	23319457	23323457	PABPN1	+	0	Housekeeping	23321457	36.0	1.4285054576561151
chr14	23467679	23471679	NGDN	+	3	Housekeeping	23469679	29.0	1.542880698230693
chr14	24112195	24116195	DCAF11	+	0	Housekeeping	24114195	44.0	3.383247059501606
chr14	24134163	24138163	PSME1	+	3	Housekeeping	24136163	44.0	1.6533378378037256
chr14	24145570	24149570	PSME2	-	1	Housekeeping	24147570	44.0	1.6943177367371476
chr14	24211830	24215830	CHMP4A	-	6	Housekeeping	24213830	44.0	1.1481367559578715
chr14	24230352	24234352	NEDD8-MDP1	-	3	Housekeeping	24232352	44.0	1.225753053728873
chr14	24230367	24234367	NEDD8	-	3	Housekeeping	24232367	44.0	1.2262893797076302
chr14	24297850	24301850	NOP9	+	2	Housekeeping	24299850	44.0	1.6163298471469822
chr14	24427286	24431286	KHNYN	+	0	Housekeeping	24429286	44.0	3.57887172254463
chr14	31024401	31028401	STRN3	-	2	Housekeeping	31026401	10.0	0.2691566168728343
chr14	31205804	31209804	HECTD1	-	2	Housekeeping	31207804	8.0	0.6123152825156097
chr14	34537704	34541704	EAPP	-	3	Housekeeping	34539704	6.0	0.3217732961392272
chr14	35276633	35280633	PSMA6	+	6	Housekeeping	35278633	8.0	0.1160644226131069
chr14	39173183	39177183	PNN	+	4	Housekeeping	39175183	5.0	0.29508299745344857
chr14	49597164	49601164	RPS29	-	3	Housekeeping	49599164	9.0	0.2115531646079205
chr14	49618626	49622626	RPL36AL	-	1	Housekeeping	49620626	10.0	0.21485058438166504
chr14	50666306	50670306	SAV1	-	0	Housekeeping	50668306	10.0	0.32153732191261497
chr14	51987514	51991514	RTRAF	+	1	Housekeeping	51989514	4.0	1.5403784710061785
chr14	55049647	55053647	MAPK1IP1L	+	2	Housekeeping	55051647	9.0	0.31112232073489565
chr14	55557072	55561072	KTN1	+	2	Housekeeping	55559072	5.0	0.7339571677907486
chr14	58242843	58246843	PSMA3	+	1	Housekeeping	58244843	8.0	0.07370878979322981
chr14	60732742	60736742	MNAT1	+	1	Housekeeping	60734742	8.0	0.10456564959305581
chr14	63541377	63545377	PPP2R5E	-	0	Housekeeping	63543377	6.0	1.2588559826627232
chr14	67358328	67362328	EIF2S1	+	2	Housekeeping	67360328	14.0	0.3039762416686642
chr14	67672820	67676820	VTI1B	-	4	Housekeeping	67674820	14.0	0.184821385592997
chr14	68794253	68798253	ZFP36L1	-	0	Housekeeping	68796253	4.0	0.7421743638030165
chr14	69151150	69155150	DCAF5	-	0	Housekeeping	69153150	9.0	0.08457663260294623
chr14	69396299	69400299	ERH	-	3	Housekeeping	69398299	11.0	0.48246307696949486
chr14	69609596	69613596	SUSD6	+	1	Housekeeping	69611596	10.0	0.28955014478540875
chr14	73056532	73060532	RBM25	+	4	Housekeeping	73058532	8.0	0.09762108271701209
chr14	73464167	73468167	NUMB	-	2	Housekeeping	73466167	18.0	0.39279445276875435
chr14	74491756	74495756	ISCA2	+	0	Housekeeping	74493756	17.0	0.6827932156571137
chr14	74711144	74715144	FCF1	+	3	Housekeeping	74713144	19.0	0.07481328507950025
chr14	74879891	74883891	DLST	+	4	Housekeeping	74881891	17.0	0.1452665614752391
chr14	75174612	75178612	TMED10	-	2	Housekeeping	75176612	18.0	1.1261108391967412
chr14	77096126	77100126	CIPC	+	1	Housekeeping	77098126	16.0	1.292713783277435
chr14	77455870	77459870	AHSA1	+	0	Housekeeping	77457870	18.0	0.7335331611922413
chr14	77706071	77710071	SLIRP	+	1	Housekeeping	77708071	14.0	0.13739811105139665
chr14	92119917	92123917	NDUFB1	-	7	Housekeeping	92121917	8.0	0.4412039319497296
chr14	92792305	92796305	GOLGA5	+	2	Housekeeping	92794305	11.0	0.7864670105058735
chr14	93114320	93118320	ITPK1	-	4	Housekeeping	93116320	12.0	0.9532311575281938
chr14	93182923	93186923	MOAP1	-	2	Housekeeping	93184923	11.0	1.5273106672525216
chr14	96499433	96503433	PAPOLA	+	4	Housekeeping	96501433	8.0	0.5371957999227561
chr14	99478889	99482889	SETD3	-	0	Housekeeping	99480889	7.0	1.5983632534980075
chr14	103713730	103717730	ZFYVE21	+	2	Housekeeping	103715730	16.0	0.25931322453629946
chr14	105246533	105250533	BTBD6	+	1	Housekeeping	105248533	20.0	0.8150070324590786
chr15	34099862	34103862	EMC7	-	2	Housekeeping	34101862	11.0	3.668338841709229
chr15	34223013	34227013	EMC4	+	7	Housekeeping	34225013	11.0	0.282218683212605
chr15	40037181	40041181	SRP14	-	1	Housekeeping	40039181	18.0	1.3092773590172868
chr15	41406408	41410408	RTF1	+	9	Housekeeping	41408408	19.0	0.012991575961365243
chr15	42206307	42210307	VPS39	-	0	Housekeeping	42208307	19.0	0.06067382502585872
chr15	42271534	42275534	TMEM87A	-	2	Housekeeping	42273534	20.0	0.04865130207278412
chr15	43744394	43748394	PDIA3	+	2	Housekeeping	43746394	22.0	0.03677671720645037
chr15	43775087	43779087	SERF2	+	5	Housekeeping	43777087	21.0	0.028460874052029794
chr15	43822690	43826690	MFAP1	-	9	Housekeeping	43824690	21.0	0.04456080643173266
chr15	44535125	44539125	EIF3J	+	3	Housekeeping	44537125	9.0	0.08253239025613368
chr15	48329011	48333011	DUT	+	3	Housekeeping	48331011	6.0	0.4067029869787575
chr15	48876134	48880134	EID1	+	0	Housekeeping	48878134	6.0	0.9876403206890672
chr15	49044447	49048447	SECISBP2L	-	0	Housekeeping	49046447	7.0	0.12016143899053588
chr15	49153661	49157661	COPS2	-	0	Housekeeping	49155661	8.0	0.05153631071380005
chr15	52567883	52571883	ARPP19	-	5	Housekeeping	52569883	6.0	0.9372541233359044
chr15	55195049	55199049	RSL24D1	-	0	Housekeeping	55197049	7.0	0.6742781262923359
chr15	58931679	58935679	SLTM	-	3	Housekeeping	58933679	8.0	0.19897927523942371
chr15	64092123	64096123	SNX1	+	1	Housekeeping	64094123	11.0	1.4619929692823064
chr15	64092262	64096262	CIAO2A	-	1	Housekeeping	64094262	11.0	1.4322755198465131
chr15	64161134	64165134	PPIB	-	5	Housekeeping	64163134	10.0	0.15537288236600943
chr15	64385748	64389748	TRIP4	+	6	Housekeeping	64387748	14.0	0.20095891790219866
chr15	64701281	64705281	OAZ2	-	1	Housekeeping	64703281	18.0	0.07096049429392792
chr15	65131808	65135808	PDCD7	-	6	Housekeeping	65133808	21.0	0.179326221893632
chr15	65183342	65187342	CLPX	-	5	Housekeeping	65185342	21.0	0.6428339200373046
chr15	65724054	65728054	RAB11A	+	8	Housekeeping	65726054	8.0	0.023285461362405613
chr15	66522532	66526532	RPL4	-	4	Housekeeping	66524532	8.0	0.5731237065427308
chr15	69450814	69454814	RPLP1	+	3	Housekeeping	69452814	4.0	0.40286648937822633
chr15	73632134	73636134	NPTN	-	2	Housekeeping	73634134	10.0	0.15235482337786266
chr15	74459182	74463182	UBL7	-	4	Housekeeping	74461182	24.0	0.34557232141651184
chr15	74936083	74940083	COX5A	-	6	Housekeeping	74938083	22.0	0.4015065899731951
chr15	75646706	75650706	IMP3	-	0	Housekeeping	75648706	16.0	1.2995438958070338
chr15	77081984	77085984	TSPAN3	-	3	Housekeeping	77083984	5.0	0.3630711408138154
chr15	78808487	78812487	MORF4L1	+	1	Housekeeping	78810487	11.0	0.6819351667191142
chr15	82807628	82811628	WHAMM	+	1	Housekeeping	82809628	14.0	0.257928614594789
chr15	82984210	82988210	RAMAC	+	5	Housekeeping	82986210	13.0	0.13565978901240783
chr15	83065252	83069252	BTBD1	-	3	Housekeeping	83067252	12.0	0.19491727716882679
chr15	84714460	84718460	SEC11A	-	2	Housekeeping	84716460	8.0	0.03425113671141844
chr15	88465390	88469390	MRPL46	-	1	Housekeeping	88467390	9.0	2.1848944098582024
chr15	89892638	89896638	AP3S2	-	4	Housekeeping	89894638	23.0	2.0038067326625253
chr15	89910882	89914882	ARPIN-AP3S2	-	3	Housekeeping	89912882	23.0	2.0922113529965713
chr15	90232047	90236047	CIB1	-	4	Housekeeping	90234047	19.0	0.7533805126945481
chr15	90263659	90267659	NGRN	+	4	Housekeeping	90265659	17.0	1.0062496972220458
chr15	90527923	90531923	CRTC3	+	3	Housekeeping	90529923	21.0	0.5296821942604879
chr15	90866588	90870588	FURIN	+	1	Housekeeping	90868588	12.0	5.486497749385393
chr15	101275500	101279500	SELENOS	-	4	Housekeeping	101277500	7.0	1.4698041265822326
chr16	232521	236521	FAM234A	+	10	Housekeeping	234521	39.0	1.535552201664726
chr16	369289	373289	MRPL28	-	0	Housekeeping	371289	45.0	1.3814664146736477
chr16	666100	670100	RHOT2	+	0	Housekeeping	668100	43.0	0.8595103503842727
chr16	1289444	1293444	UBE2I	+	7	Housekeeping	1291444	30.0	2.747926231964022
chr16	1349878	1353878	TSR3	-	2	Housekeeping	1351878	33.0	0.749311174476639
chr16	1825157	1829157	HAGH	-	3	Housekeeping	1827157	50.0	0.4948504386599639
chr16	1957538	1961538	NDUFB10	+	1	Housekeeping	1959538	45.0	2.4303239859352477
chr16	1962841	1966841	RPS2	-	3	Housekeeping	1964841	46.0	2.498360180563921
chr16	2221580	2225580	E4F1	+	10	Housekeeping	2223580	47.0	1.3819427128205053
chr16	2266397	2270397	RNPS1	-	1	Housekeeping	2268397	48.0	1.5552371803167198
chr16	2535979	2539979	PDPK1	+	4	Housekeeping	2537979	45.0	1.279993183013719
chr16	2680523	2684523	KCTD5	+	4	Housekeeping	2682523	45.0	2.416261365059711
chr16	2775289	2779289	ELOB	-	2	Housekeeping	2777289	41.0	2.5527718313218006
chr16	4353607	4357607	PAM16	-	7	Housekeeping	4355607	24.0	2.532855257745261
chr16	4418494	4422494	CORO7-PAM16	-	9	Housekeeping	4420494	23.0	0.2875956764566112
chr16	4423805	4427805	DNAJA3	+	5	Housekeeping	4425805	23.0	0.2703204362715006
chr16	4614493	4618493	MGRN1	+	5	Housekeeping	4616493	28.0	1.2238250482343993
chr16	4691562	4695562	NUDT16L1	+	0	Housekeeping	4693562	28.0	0.42681418131360616
chr16	10741786	10745786	NUBP1	+	3	Housekeeping	10743786	7.0	3.2454330492959826
chr16	10940468	10944468	DEXI	-	0	Housekeeping	10942468	12.0	3.145888117822473
chr16	11914082	11918082	GSPT1	-	3	Housekeeping	11916082	9.0	0.16582993665558377
chr16	14630931	14634931	BFAR	+	6	Housekeeping	14632931	9.0	0.252945427573934
chr16	14831721	14835721	NOMO1	+	3	Housekeeping	14833721	9.0	0.9465433111227384
chr16	14920802	14924802	NPIPA1	+	0	Housekeeping	14922802	12.0	0.11216121822151592
chr16	15092311	15096311	RRN3	-	7	Housekeeping	15094311	13.0	0.08661413853836564
chr16	18788383	18792383	RPS15A	-	4	Housekeeping	18790383	11.0	0.45323812786662643
chr16	19520123	19524123	GDE1	-	3	Housekeeping	19522123	10.0	0.14239356132279113
chr16	21446567	21450567	NPIPB3	-	1	Housekeeping	21448567	9.0	1.6146313567399773
chr16	21595218	21599218	METTL9	+	5	Housekeeping	21597218	13.0	0.4092850348667554
chr16	23519995	23523995	GGA2	-	4	Housekeeping	23521995	13.0	0.08610015482759081
chr16	23555721	23559721	UBFD1	+	3	Housekeeping	23557721	13.0	0.19552153495915547
chr16	23594316	23598316	NDUFAB1	-	6	Housekeeping	23596316	13.0	0.3073945339980355
chr16	25109731	25113731	LCMT1	+	3	Housekeeping	25111731	4.0	1.667631658695612
chr16	27266772	27270772	NSMCE1	-	2	Housekeeping	27268772	6.0	0.6220502493166435
chr16	28551915	28555915	SGF29	+	6	Housekeeping	28553915	25.0	0.07954201511616077
chr16	28948807	28952807	NFATC2IP	+	6	Housekeeping	28950807	21.0	0.41778682392610733
chr16	29804106	29808106	MAZ	+	0	Housekeeping	29806106	39.0	0.6058856882915364
chr16	29861414	29865414	CDIPT	-	2	Housekeeping	29863414	40.0	0.5822130029168449
chr16	29938885	29942885	TMEM219	+	8	Housekeeping	29940885	45.0	0.3300082671312765
chr16	30353308	30357308	CD2BP2	-	0	Housekeeping	30355308	48.0	0.07671025254659014
chr16	30368494	30372494	TBC1D10B	-	0	Housekeeping	30370494	47.0	0.0990249446681446
chr16	30428030	30432030	DCTPP1	-	3	Housekeeping	30430030	47.0	0.38075609468180005
chr16	30524821	30528821	ZNF768	-	1	Housekeeping	30526821	45.0	1.1242036620882345
chr16	30656431	30660431	FBRS	+	2	Housekeeping	30658431	47.0	0.1514609063151795
chr16	30892302	30896302	BCL7C	-	0	Housekeeping	30894302	45.0	0.21770620779221872
chr16	31093980	31097980	VKORC1	-	8	Housekeeping	31095980	41.0	0.22605778640190977
chr16	46971674	46975674	DNAJA2	-	2	Housekeeping	46973674	9.0	0.40738485214816933
chr16	48242300	48246300	LONP2	+	2	Housekeeping	48244300	4.0	0.21715358097452508
chr16	48618148	48622148	N4BP1	-	6	Housekeeping	48620148	4.0	0.19844866666666405
chr16	56450199	56454199	NUDT21	-	1	Housekeeping	56452199	20.0	0.13688515326066408
chr16	56930142	56934142	HERPUD1	+	1	Housekeeping	56932142	27.0	2.571742629913274
chr16	57243259	57247259	ARL2BP	+	4	Housekeeping	57245259	21.0	1.1030548820322394
chr16	57460660	57464660	POLR2C	+	1	Housekeeping	57462660	19.0	1.1276758306394186
chr16	57997546	58001546	USB1	+	0	Housekeeping	57999546	17.0	0.9959716479390579
chr16	58196106	58200106	CSNK2A2	-	1	Housekeeping	58198106	15.0	0.5119995485551954
chr16	66749609	66753609	DYNC1LI2	-	1	Housekeeping	66751609	35.0	0.062020471199843996
chr16	66932423	66936423	CIAO2B	-	2	Housekeeping	66934423	39.0	0.31378830246907796
chr16	67190155	67194155	E2F4	+	3	Housekeeping	67192155	41.0	0.13540845944390867
chr16	67225103	67229103	TMEM208	+	0	Housekeeping	67227103	41.0	0.1403465747689836
chr16	67479181	67483181	ATP6V0D1	-	2	Housekeeping	67481181	45.0	0.0863252957468319
chr16	67804560	67808560	RANBP10	-	4	Housekeeping	67806560	36.0	0.019876401690197554
chr16	67840320	67844320	THAP11	+	3	Housekeeping	67842320	36.0	0.01746452885569738
chr16	67844882	67848882	NUTF2	+	3	Housekeeping	67846882	36.0	0.01727504700738791
chr16	68243304	68247304	PLA2G15	+	2	Housekeeping	68245304	27.0	0.20790247038050325
chr16	69130588	69134588	CHTF8	-	0	Housekeeping	69132588	19.0	0.13215640205629597
chr16	69396402	69400402	CYB5B	+	8	Housekeeping	69398402	19.0	0.6445272550755021
chr16	69752926	69756926	NOB1	-	5	Housekeeping	69754926	18.0	0.09124944477164831
chr16	70344861	70348861	DDX19A	+	9	Housekeeping	70346861	14.0	0.022884341957905008
chr16	72091613	72095613	DHX38	+	2	Housekeeping	72093613	13.0	0.09557695142561329
chr16	74294814	74298814	PSMD7	+	4	Housekeeping	74296814	7.0	0.11603794844887716
chr16	74605144	74609144	GLG1	-	1	Housekeeping	74607144	8.0	0.048312304176931775
chr16	74998173	75002173	WDR59	-	0	Housekeeping	75000173	14.0	0.6335617853039821
chr16	75431503	75435503	CFDP1	-	4	Housekeeping	75433503	20.0	0.11879433257035998
chr16	75564375	75568375	GABARAPL2	+	2	Housekeeping	75566375	18.0	0.22817400411867084
chr16	75645773	75649773	TERF2IP	+	6	Housekeeping	75647773	17.0	0.2544715797732522
chr16	83717311	83721311	HSBP1	+	1	Housekeeping	83719311	9.0	2.6963104003651495
chr16	85009535	85013535	ZDHHC7	-	5	Housekeeping	85011535	8.0	1.697078020162479
chr16	85797608	85801608	EMC8	-	2	Housekeeping	85799608	4.0	1.4134059505086327
chr16	87381953	87385953	MAP1LC3B	+	6	Housekeeping	87383953	7.0	0.9143207552801869
chr16	88568403	88572403	ZC3H18	+	3	Housekeeping	88570403	15.0	1.631401405587951
chr16	88809937	88813937	APRT	-	1	Housekeeping	88811937	19.0	2.1620275330420213
chr16	89558677	89562677	RPL13	+	5	Housekeeping	89560677	24.0	1.3144648105625834
chr16	89718400	89722400	ZNF276	+	2	Housekeeping	89720400	21.0	0.5676549197858094
chr16	89871570	89875570	TCF25	+	5	Housekeeping	89873570	21.0	0.35626831403845927
chr17	780353	784353	MRM3	+	4	Housekeeping	782353	12.0	2.2205951994572337
chr17	995129	999129	TIMM22	+	6	Housekeeping	997129	12.0	6.662390989000864
chr17	1461162	1465162	CRK	-	8	Housekeeping	1463162	19.0	1.794456248239209
chr17	1682867	1686867	PRPF8	-	6	Housekeeping	1684867	21.0	2.7402076560570787
chr17	1827702	1831702	RPA1	+	5	Housekeeping	1829702	20.0	0.8504489748951549
chr17	2040022	2044022	OVCA2	+	1	Housekeeping	2042022	20.0	2.867791437671512
chr17	2334657	2338657	TSR1	-	0	Housekeeping	2336657	13.0	0.8717227733679245
chr17	3666679	3670679	TAX1BP3	-	3	Housekeeping	3668679	26.0	1.7215311006642686
chr17	3666812	3670812	EMC6	+	3	Housekeeping	3668812	26.0	1.722042881979018
chr17	3694194	3698194	P2RX5-TAX1BP3	-	2	Housekeeping	3696194	26.0	1.885331953476097
chr17	4261995	4265995	ANKFY1	-	7	Housekeeping	4263995	19.0	0.09828695842625024
chr17	4364675	4368675	UBE2G1	-	7	Housekeeping	4366675	24.0	0.5861499604034748
chr17	4702337	4706337	PELP1	-	3	Housekeeping	4704337	35.0	2.462230177906033
chr17	4794144	4798144	PSMB6	+	5	Housekeeping	4796144	36.0	4.326322211262816
chr17	4938008	4942008	RNF167	+	1	Housekeeping	4940008	36.0	0.6178741193067161
chr17	4938053	4942053	SLC25A11	-	1	Housekeeping	4940053	36.0	0.6178128893123613
chr17	4947061	4951061	PFN1	-	0	Housekeeping	4949061	37.0	0.6002580367461086
chr17	4965817	4969817	SPAG7	-	3	Housekeeping	4967817	37.0	0.4024163198454467
chr17	7010417	7014417	RNASEK	+	2	Housekeeping	7012417	53.0	2.2089711092053577
chr17	7010635	7014635	RNASEK-C17orf49	+	2	Housekeeping	7012635	53.0	2.2085028032722676
chr17	7232517	7236517	DVL2	-	2	Housekeeping	7234517	63.0	0.5883493317222843
chr17	7240449	7244449	GABARAP	-	0	Housekeeping	7242449	63.0	0.4760963571804311
chr17	7250491	7254491	CTDNEP1	-	1	Housekeeping	7252491	63.0	0.8271347311288935
chr17	7402097	7406097	TMEM256	-	2	Housekeeping	7404097	65.0	3.361214515723283
chr17	7402097	7406097	TMEM256-PLSCR3	-	2	Housekeeping	7404097	65.0	3.361214515723283
chr17	7561287	7565287	SENP3-EIF4A1	+	0	Housekeeping	7563287	65.0	0.4504023802376267
chr17	7570824	7574824	EIF4A1	+	0	Housekeeping	7572824	65.0	0.4348867564972636
chr17	7612897	7616897	FXR2	-	6	Housekeeping	7614897	65.0	0.5588940575927737
chr17	7930123	7934123	TRAPPC1	-	0	Housekeeping	7932123	54.0	0.4422927866997739
chr17	8381213	8385213	RPL26	-	5	Housekeeping	8383213	33.0	1.9162495966358506
chr17	9574591	9578591	STX8	-	3	Housekeeping	9576591	6.0	2.8961592750541953
chr17	16378798	16382798	UBB	+	5	Housekeeping	16380798	12.0	1.4227855408616819
chr17	17040457	17044457	MPRIP	+	1	Housekeeping	17042457	12.0	0.3671922906826097
chr17	17474994	17478994	MED9	+	3	Housekeeping	17476994	12.0	1.27478388004711
chr17	17970422	17974422	TOM1L2	-	2	Housekeeping	17972422	18.0	0.05972988309665084
chr17	18181078	18185078	ALKBH5	+	2	Housekeeping	18183078	17.0	0.7037553849090017
chr17	19976343	19980343	AKAP10	-	3	Housekeeping	19978343	7.0	0.08847856518102049
chr17	21041760	21045760	USP22	-	2	Housekeeping	21043760	6.0	0.5144913613883517
chr17	27292076	27296076	WSB1	+	4	Housekeeping	27294076	3.0	1.305515164229476
chr17	28333602	28337602	TNFAIP1	+	2	Housekeeping	28335602	29.0	0.1766611333324164
chr17	28660198	28664198	SUPT6H	+	1	Housekeeping	28662198	33.0	0.03235580513987202
chr17	28717985	28721985	RPL23A	+	4	Housekeeping	28719985	34.0	0.09302403250380564
chr17	28853010	28857010	ERAL1	+	5	Housekeeping	28855010	33.0	0.48917574634607774
chr17	28895733	28899733	FLOT2	-	2	Housekeeping	28897733	28.0	0.5149970008648808
chr17	29292148	29296148	NUFIP2	-	1	Housekeeping	29294148	15.0	1.137105414452435
chr17	31857291	31861291	COPRS	-	2	Housekeeping	31859291	8.0	0.3771678882043972
chr17	38866644	38870644	RPL23	-	3	Housekeeping	38868644	18.0	2.3061961042713364
chr17	38867859	38871859	LASP1	+	0	Housekeeping	38869859	18.0	2.3357319675506716
chr17	39198283	39202283	RPL19	+	4	Housekeeping	39200283	25.0	3.5594146942707283
chr17	39728532	39732532	MIEN1	-	6	Housekeeping	39730532	26.0	0.23323143353593423
chr17	39978807	39982807	PSMD3	+	1	Housekeeping	39980807	28.0	0.4520803788800265
chr17	40119971	40123971	MSL1	+	2	Housekeeping	40121971	29.0	1.3017037126534348
chr17	40138318	40142318	CASC3	+	3	Housekeeping	40140318	27.0	1.2152381703675275
chr17	41686885	41690885	EIF1	+	2	Housekeeping	41688885	49.0	1.004376170084953
chr17	41964763	41968763	CNP	+	1	Housekeeping	41966763	38.0	0.11027355719505749
chr17	42019376	42023376	DNAJC7	-	3	Housekeeping	42021376	34.0	0.34888413276121355
chr17	42286633	42290633	STAT5B	-	0	Housekeeping	42288633	39.0	0.5357120350939226
chr17	42608623	42612623	RETREG3	-	2	Housekeeping	42610623	42.0	0.07942779388912413
chr17	42771449	42775449	VPS25	+	6	Housekeeping	42773449	37.0	0.3788237513101933
chr17	42796704	42800704	COA3	-	2	Housekeeping	42798704	35.0	0.4703894701499678
chr17	42822385	42826385	PSME3	+	8	Housekeeping	42824385	36.0	0.37336000498982
chr17	42962498	42966498	AARSD1	-	8	Housekeeping	42964498	34.0	1.2810279187719686
chr17	42978528	42982528	PTGES3L-AARSD1	-	3	Housekeeping	42980528	34.0	0.8881629223000687
chr17	42996273	43000273	RPL27	+	5	Housekeeping	42998273	35.0	0.3367760154135624
chr17	43023123	43027123	VAT1	-	5	Housekeeping	43025123	35.0	0.33822303764083017
chr17	44021946	44025946	TMEM101	-	0	Housekeeping	44023946	26.0	0.37256333514420703
chr17	44065619	44069619	LSM12	-	4	Housekeeping	44067619	27.0	0.2618575125056566
chr17	44068620	44072620	G6PC3	+	4	Housekeeping	44070620	27.0	0.2752401990268538
chr17	44955992	44959992	NMT1	+	3	Housekeeping	44957992	23.0	1.4514508096179668
chr17	45146475	45150475	HEXIM1	+	0	Housekeeping	45148475	23.0	0.9949094067943065
chr17	47187422	47191422	CDC27	-	1	Housekeeping	47189422	11.0	1.946129312582059
chr17	47520942	47524942	NPEPPS	+	7	Housekeeping	47522942	17.0	0.037818595533707366
chr17	47647476	47651476	KPNB1	+	5	Housekeeping	47649476	21.0	0.1610849944130166
chr17	47894150	47898150	SP2	+	1	Housekeeping	47896150	16.0	0.5503243125042445
chr17	48099478	48103478	CBX1	-	3	Housekeeping	48101478	20.0	0.03149190628874976
chr17	48829018	48833018	CALCOCO2	+	5	Housekeeping	48831018	23.0	0.2634927701977574
chr17	48890765	48894765	ATP5MC1	+	4	Housekeeping	48892765	24.0	0.09826252552187498
chr17	48906407	48910407	UBE2Z	+	4	Housekeeping	48908407	24.0	0.09889727161592532
chr17	50395523	50399523	LRRC59	-	2	Housekeeping	50397523	25.0	0.4950961493949535
chr17	50476860	50480860	RSAD1	+	4	Housekeeping	50478860	24.0	0.9328029091527412
chr17	50705914	50709914	ANKRD40	-	5	Housekeeping	50707914	21.0	1.073270363958585
chr17	50717565	50721565	LUC7L3	+	4	Housekeeping	50719565	21.0	0.8365720136775678
chr17	51118868	51122868	SPAG9	-	2	Housekeeping	51120868	11.0	0.7770080791327416
chr17	51151590	51155590	NME1-NME2	+	6	Housekeeping	51153590	10.0	0.7782434938818028
chr17	51163435	51167435	NME2	+	4	Housekeeping	51165435	10.0	0.7721134640249261
chr17	51258546	51262546	UTP18	+	2	Housekeeping	51260546	8.0	0.10209038023319295
chr17	58005346	58009346	SRSF1	-	2	Housekeeping	58007346	17.0	1.6115119683108503
chr17	58081419	58085419	DYNLL2	+	0	Housekeeping	58083419	19.0	1.3747368507223712
chr17	58351093	58355093	SUPT4H1	-	1	Housekeeping	58353093	21.0	0.9744095029451216
chr17	59563558	59567558	DHX40	+	1	Housekeeping	59565558	14.0	0.08568626557448056
chr17	63620415	63624415	MAP3K3	+	1	Housekeeping	63622415	25.0	0.2320750301939256
chr17	63825152	63829152	PSMC5	+	0	Housekeeping	63827152	27.0	0.02443113016269649
chr17	63828012	63832012	FTSJ3	-	0	Housekeeping	63830012	27.0	0.024503779909679224
chr17	63841065	63845065	SMARCD2	-	2	Housekeeping	63843065	27.0	0.029024064504454827
chr17	74201582	74205582	RPL38	+	3	Housekeeping	74203582	13.0	3.6863625343568174
chr17	75010670	75014670	MRPL58	+	3	Housekeeping	75012670	32.0	0.48778854907936875
chr17	75044985	75048985	ATP5PD	-	1	Housekeeping	75046985	33.0	0.7573782621690839
chr17	75180959	75184959	SUMO2	-	2	Housekeeping	75182959	34.0	0.8052398132790017
chr17	75259674	75263674	MRPS7	+	2	Housekeeping	75261674	33.0	0.3591397555935316
chr17	75403709	75407709	GRB2	-	4	Housekeeping	75405709	36.0	0.5015139999959217
chr17	75854507	75858507	WBP2	-	7	Housekeeping	75856507	33.0	0.2752014877074771
chr17	75903093	75907093	MRPL38	-	5	Housekeeping	75905093	35.0	0.14140808643816172
chr17	76382521	76386521	PRPSAP1	-	0	Housekeeping	76384521	33.0	1.5050573249135368
chr17	76451152	76455152	UBE2O	-	4	Housekeeping	76453152	29.0	0.9424873637702547
chr17	76735333	76739333	SRSF2	-	0	Housekeeping	76737333	20.0	0.704276985829182
chr17	80145151	80149151	EIF4A3	-	5	Housekeeping	80147151	15.0	0.7624681950014178
chr17	80989598	80993598	CHMP6	+	3	Housekeeping	80991598	10.0	2.6648662205771245
chr17	81646465	81650465	NPLOC4	-	7	Housekeeping	81648465	42.0	0.3276116204676782
chr17	81681326	81685326	HGS	+	2	Housekeeping	81683326	40.0	2.1093049427098265
chr17	81831302	81835302	MCRIP1	-	2	Housekeeping	81833302	40.0	2.5983299566638607
chr17	81858856	81862856	P4HB	-	3	Housekeeping	81860856	42.0	2.7955007846564683
chr17	81888790	81892790	ANAPC11	+	2	Housekeeping	81890790	43.0	3.009702409289332
chr17	81974807	81978807	ASPSCR1	+	7	Housekeeping	81976807	46.0	1.0713580231809772
chr17	82063887	82067887	DUS1L	-	3	Housekeeping	82065887	44.0	2.538638815306342
chr17	82271700	82275700	CSNK1D	-	1	Housekeeping	82273700	39.0	1.9115266017512056
chr17	82714706	82718706	FN3KRP	+	4	Housekeeping	82716706	18.0	1.6120127258790262
chr18	156383	160383	USP14	+	5	Housekeeping	158383	6.0	0.35188228763339935
chr18	3245481	3249481	MYL12A	+	0	Housekeeping	3247481	5.0	2.4502221842784344
chr18	3259479	3263479	MYL12B	+	2	Housekeeping	3261479	5.0	2.495879610294658
chr18	8607437	8611437	RAB12	+	1	Housekeeping	8609437	2.0	1.9459909465123815
chr18	9473009	9477009	RALBP1	+	1	Housekeeping	9475009	7.0	1.150040049046268
chr18	9912016	9916016	VAPA	+	1	Housekeeping	9914016	4.0	2.3833469092419435
chr18	10523905	10527905	NAPG	+	2	Housekeeping	10525905	1.0	1.0962834150131684
chr18	12656043	12660043	PSMG2	+	2	Housekeeping	12658043	9.0	0.06452587920549036
chr18	26089217	26093217	SS18	-	1	Housekeeping	26091217	2.0	0.036756849637598066
chr18	35579117	35583117	GALNT1	+	0	Housekeeping	35581117	8.0	0.40850623101924555
chr18	36127385	36131385	SLC39A6	-	3	Housekeeping	36129385	5.0	0.5530033572446769
chr18	54222669	54226669	MBD2	-	2	Housekeeping	54224669	5.0	0.3871973009169949
chr18	56649600	56653600	TXNL1	-	1	Housekeeping	56651600	2.0	0.09532444930073325
chr18	59357265	59361265	LMAN1	-	0	Housekeeping	59359265	6.0	0.3785671937089319
chr18	68713108	68717108	TMX3	-	3	Housekeeping	68715108	1.0	1.5282426847137742
chr19	529760	533760	CDC34	+	2	Housekeeping	531760	33.0	5.915364582995227
chr19	569277	573277	BSG	+	5	Housekeeping	571277	35.0	7.021343870138563
chr19	661233	665233	RNF126	-	3	Housekeeping	663233	36.0	3.826110310847508
chr19	911245	915245	R3HDM4	-	5	Housekeeping	913245	44.0	3.5998001840445815
chr19	1019179	1023179	TMEM259	-	4	Housekeeping	1021179	47.0	2.1781326192288075
chr19	1101982	1105982	GPX4	+	3	Housekeeping	1103982	45.0	2.4289657225439987
chr19	1175558	1179558	STK11	+	8	Housekeeping	1177558	44.0	3.0753007981093194
chr19	1257384	1261384	CIRBP	+	0	Housekeeping	1259384	42.0	4.9460134691660596
chr19	1436358	1440358	RPS15	+	6	Housekeeping	1438358	38.0	1.871446208382972
chr19	1603473	1607473	UQCR11	-	6	Housekeeping	1605473	35.0	1.111830903459854
chr19	1846483	1850483	REXO1	-	5	Housekeeping	1848483	39.0	1.1839743233351108
chr19	1883496	1887496	ABHD17A	-	6	Housekeeping	1885496	38.0	1.5889907224435351
chr19	1939172	1943172	CSNK1G2	+	3	Housekeeping	1941172	36.0	1.6876905855909374
chr19	2032881	2036881	BTBD2	-	7	Housekeeping	2034881	32.0	4.423882303508231
chr19	2094673	2098673	MOB3A	-	2	Housekeeping	2096673	30.0	2.801678943631405
chr19	2234824	2238824	SF3A2	+	5	Housekeeping	2236824	29.0	1.9621330477019505
chr19	2425586	2429586	TIMM13	-	0	Housekeeping	2427586	30.0	1.2223353306052687
chr19	2781362	2785362	SGTA	-	3	Housekeeping	2783362	25.0	1.8399991050761777
chr19	3183563	3187563	NCLN	+	3	Housekeeping	3185563	29.0	3.7017716347355645
chr19	3312403	3316403	NFIC	+	2	Housekeeping	3314403	29.0	4.741335701204115
chr19	3624815	3628815	CACTIN	-	5	Housekeeping	3626815	28.0	2.1355537615232834
chr19	3698468	3702468	PIP5K1C	-	3	Housekeeping	3700468	28.0	3.129187988990836
chr19	3760682	3764682	MRPL54	+	7	Housekeeping	3762682	29.0	5.301100893397681
chr19	3969123	3973123	DAPK3	-	7	Housekeeping	3971123	36.0	2.054680880706563
chr19	4005736	4009736	PIAS4	+	5	Housekeeping	4007736	33.0	0.8523076428745746
chr19	4245080	4249080	YJU2	+	6	Housekeeping	4247080	33.0	2.562625798402145
chr19	4398547	4402547	SH3GL1	-	4	Housekeeping	4400547	30.0	0.7587993768882129
chr19	4455794	4459794	UBXN6	-	5	Housekeeping	4457794	31.0	1.114089417324866
chr19	4668362	4672362	MYDGF	-	5	Housekeeping	4670362	26.0	1.4191392608198328
chr19	5621035	5625035	SAFB	+	0	Housekeeping	5623035	22.0	0.22488883843472252
chr19	5622046	5626046	SAFB2	-	0	Housekeeping	5624046	22.0	0.21146038704671355
chr19	5672947	5676947	RPL36	+	3	Housekeeping	5674947	23.0	0.2132506489555297
chr19	6370794	6374794	ALKBH7	+	5	Housekeeping	6372794	27.0	0.8271083684626035
chr19	6391981	6395981	GTF2F1	-	4	Housekeeping	6393981	28.0	0.5607754735409998
chr19	6422811	6426811	KHSRP	-	2	Housekeeping	6424811	23.0	1.2438677943540455
chr19	8003659	8007659	ELAVL1	-	6	Housekeeping	8005659	41.0	1.4960985533445026
chr19	8306358	8310358	CD320	-	4	Housekeeping	8308358	27.0	3.1736264214386622
chr19	8319158	8323158	RPS28	+	2	Housekeeping	8321158	27.0	2.820347267487513
chr19	8442767	8446767	HNRNPM	+	6	Housekeeping	8444767	21.0	0.3782480221712703
chr19	9825892	9829892	UBL5	+	5	Housekeeping	9827892	29.0	0.6185320779016479
chr19	9833257	9837257	PIN1	+	4	Housekeeping	9835257	30.0	0.6314617208261453
chr19	10418121	10422121	CDC37	-	0	Housekeeping	10420121	36.0	0.32567575511524893
chr19	10501558	10505558	KEAP1	-	7	Housekeeping	10503558	38.0	1.9301000921923617
chr19	10652304	10656304	ILF3	+	3	Housekeeping	10654304	31.0	0.5594105244742309
chr19	10834318	10838318	TMED1	-	4	Housekeeping	10836318	25.0	0.13457941230882398
chr19	11344518	11348518	TMEM205	-	3	Housekeeping	11346518	30.0	2.205297764253693
chr19	11433284	11437284	PRKCSH	+	6	Housekeeping	11435284	31.0	2.563096111677581
chr19	11527172	11531172	ECSIT	-	8	Housekeeping	11529172	32.0	2.345988600953177
chr19	11557230	11561230	ELOF1	-	9	Housekeeping	11559230	35.0	2.444704554568986
chr19	12732684	12736684	TRIR	-	7	Housekeeping	12734684	47.0	0.525698860135293
chr19	12799800	12803800	PRDX2	-	3	Housekeeping	12801800	46.0	0.5215099500152576
chr19	12879595	12883595	DNASE2	-	9	Housekeeping	12881595	44.0	0.26451377181260227
chr19	12932037	12936037	FARSA	-	5	Housekeeping	12934037	43.0	1.0586913422937272
chr19	12936578	12940578	CALR	+	2	Housekeeping	12938578	43.0	1.062772960793481
chr19	12943855	12947855	RAD23A	+	4	Housekeeping	12945855	41.0	1.0666054657814072
chr19	12955223	12959223	GADD45GIP1	-	8	Housekeeping	12957223	41.0	1.1074755194009356
chr19	13772456	13776456	C19orf53	+	7	Housekeeping	13774456	20.0	3.1181234640587974
chr19	13950509	13954509	DCAF15	+	3	Housekeeping	13952509	23.0	0.8705573203903327
chr19	14089036	14093036	SAMD1	-	0	Housekeeping	14091036	29.0	1.2726535110799375
chr19	14417383	14421383	DDX39A	-	8	Housekeeping	14419383	28.0	4.202361055710213
chr19	14570066	14574066	NDUFB7	-	10	Housekeeping	14572066	26.0	2.694716216183508
chr19	16065021	16069021	TPM4	+	2	Housekeeping	16067021	20.0	4.186557901029886
chr19	16183380	16187380	FAM32A	+	7	Housekeeping	16185380	23.0	2.0879715922860242
chr19	16570415	16574415	SLC35E1	-	2	Housekeeping	16572415	19.0	0.15456504126099446
chr19	17213346	17217346	USE1	+	5	Housekeeping	17215346	30.0	0.9826572388953991
chr19	17243919	17247919	NR2F6	-	2	Housekeeping	17245919	30.0	0.7755518363408243
chr19	17290609	17294609	MRPL34	+	6	Housekeeping	17292609	31.0	0.34725932318501407
chr19	17307518	17311518	DDA1	+	8	Housekeeping	17309518	32.0	0.7976844058083543
chr19	17509636	17513636	PGLS	+	8	Housekeeping	17511636	37.0	2.471428278065062
chr19	17857910	17861910	RPL18A	+	4	Housekeeping	17859910	35.0	4.671040978939089
chr19	17931015	17935015	CCDC124	+	6	Housekeeping	17933015	34.0	2.8233520000570422
chr19	18321112	18325112	LSM4	-	3	Housekeeping	18323112	33.0	2.474014703883327
chr19	18520116	18524116	ELL	-	4	Housekeeping	18522116	34.0	1.1720813545684905
chr19	18542077	18546077	FKBP8	-	5	Housekeeping	18544077	36.0	1.3094530547040506
chr19	18555762	18559762	KXD1	+	6	Housekeeping	18557762	36.0	1.3500099729826331
chr19	18569730	18573730	UBA52	+	6	Housekeeping	18571730	37.0	1.304368794855506
chr19	18917387	18921387	COPE	-	4	Housekeeping	18919387	32.0	4.478636947066974
chr19	18917705	18921705	DDX49	+	3	Housekeeping	18919705	32.0	4.479151493292335
chr19	19318829	19322829	MAU2	+	4	Housekeeping	19320829	32.0	0.07546526400801667
chr19	32579190	32583190	PDCD5	+	3	Housekeeping	32581190	11.0	1.6928925541286333
chr19	34170504	34174504	LSM14A	+	3	Housekeeping	34172504	7.0	1.9904326535503714
chr19	35266962	35270962	USF2	+	0	Housekeeping	35268962	43.0	0.8771891015403099
chr19	35627030	35631030	RBM42	+	6	Housekeeping	35629030	53.0	1.8406612917574705
chr19	36113213	36117213	POLR2I	-	1	Housekeeping	36115213	41.0	1.2776994289693278
chr19	36137953	36141953	CAPNS1	+	4	Housekeeping	36139953	40.0	1.5874159504434715
chr19	36212602	36216602	ZNF146	+	5	Housekeeping	36214602	38.0	0.5420529939370056
chr19	38372563	38376563	PSMD8	+	6	Housekeeping	38374563	25.0	0.8903854035153813
chr19	38617082	38621082	EIF3K	+	4	Housekeeping	38619082	33.0	0.4857510584684377
chr19	38829841	38833841	ECH1	-	8	Housekeeping	38831841	34.0	0.8739488760953407
chr19	38897862	38901862	SIRT2	-	6	Housekeeping	38899862	34.0	1.8752825234084725
chr19	39340421	39344421	SAMD4B	+	1	Housekeeping	39342421	38.0	1.3296190654698137
chr19	39389154	39393154	PAF1	-	4	Housekeeping	39391154	37.0	2.1679526349034006
chr19	39389303	39393303	MED29	+	4	Housekeeping	39391303	37.0	2.1677893425965067
chr19	39433949	39437949	RPS16	-	4	Housekeeping	39435949	33.0	2.1484270289913354
chr19	39538161	39542161	EID2	-	4	Housekeeping	39540161	32.0	0.6182457249100537
chr19	39844379	39848379	FBL	-	1	Housekeeping	39846379	27.0	1.3089391814772
chr19	40346456	40350456	PLD3	+	5	Housekeeping	40348456	29.0	0.6369397620106554
chr19	40748637	40752637	SNRPA	+	3	Housekeeping	40750637	28.0	0.31960650738568575
chr19	40776242	40780242	RAB4B-EGLN2	+	3	Housekeeping	40778242	29.0	1.0317842538250943
chr19	40796996	40800996	EGLN2	+	2	Housekeeping	40798996	28.0	1.190344710678204
chr19	41260496	41264496	HNRNPUL1	+	2	Housekeeping	41262496	29.0	1.2647229142623928
chr19	41308172	41312172	CCDC97	+	6	Housekeeping	41310172	24.0	2.0308034181627477
chr19	41957321	41961321	RABAC1	-	4	Housekeeping	41959321	32.0	0.57881769358616
chr19	42240625	42244625	GSK3A	-	3	Housekeeping	42242625	30.0	0.3449756988530339
chr19	44952585	44956585	CLPTM1	+	5	Housekeeping	44954585	31.0	2.012682911844621
chr19	45089396	45093396	PPP1R37	+	3	Housekeeping	45091396	34.0	1.4862387576123126
chr19	45690569	45694569	SNRPD2	-	6	Housekeeping	45692569	34.0	1.1493882398370658
chr19	45884141	45888141	IRF2BP1	-	1	Housekeeping	45886141	33.0	1.4157879235222026
chr19	46744994	46748994	STRN4	-	3	Housekeeping	46746994	20.0	0.603265774099242
chr19	46858997	46862997	ARHGAP35	+	1	Housekeeping	46860997	23.0	3.2895709743628743
chr19	47253980	47257980	CCDC9	+	7	Housekeeping	47255980	20.0	1.92127883556779
chr19	47513091	47517091	NAPA	-	5	Housekeeping	47515091	24.0	0.26372988914772577
chr19	47743546	47747546	NOP53	+	7	Housekeeping	47745546	23.0	2.8496822694660295
chr19	47776677	47780677	SELENOW	+	7	Housekeeping	47778677	23.0	2.8274837537766473
chr19	48389551	48393551	KDELR1	-	0	Housekeeping	48391551	36.0	1.1507342545803567
chr19	48617184	48621184	RPL18	-	4	Housekeeping	48619184	54.0	2.456097799449708
chr19	49083419	49087419	SNRNP70	+	7	Housekeeping	49085419	58.0	1.8728753871090476
chr19	49485510	49489510	RPL13A	+	6	Housekeeping	49487510	59.0	1.0000600459332531
chr19	49494365	49498365	RPS11	+	5	Housekeeping	49496365	57.0	0.7146036941279021
chr19	49588262	49592262	NOSIP	-	2	Housekeeping	49590262	46.0	0.7851019151031835
chr19	49673786	49677786	PRMT1	+	7	Housekeeping	49675786	42.0	1.5071956485842009
chr19	49765001	49769001	AP2A1	+	3	Housekeeping	49767001	43.0	3.8507164742642885
chr19	50327653	50331653	NR1H2	+	1	Housekeeping	50329653	33.0	2.484285826940038
chr19	54157721	54161721	LENG1	-	4	Housekeeping	54159721	33.0	3.2050278650399378
chr19	54198809	54202809	RPS9	+	5	Housekeeping	54200809	33.0	4.733335038949633
chr19	54447190	54451190	LENG8	+	3	Housekeeping	54449190	38.0	3.1268838782595765
chr19	55115637	55119637	PPP1R12C	-	2	Housekeeping	55117637	47.0	1.5565742973872432
chr19	55257017	55261017	PPP6R1	-	3	Housekeeping	55259017	51.0	2.7337339829482232
chr19	55383932	55387932	RPL28	+	0	Housekeeping	55385932	49.0	1.9379321861006815
chr19	55460343	55464343	ISOC2	-	2	Housekeeping	55462343	49.0	3.0158630863110147
chr19	55599970	55603970	FIZ1	-	0	Housekeeping	55601970	46.0	2.7594594014158247
chr19	55652146	55656146	U2AF2	+	1	Housekeeping	55654146	46.0	0.9877912279824841
chr19	55673226	55677226	EPN1	+	0	Housekeeping	55675226	43.0	0.6724861024343909
chr19	58303374	58307374	ERVK3-1	+	2	Housekeeping	58305374	36.0	2.4311152900433797
chr19	58384400	58388400	RPS5	+	1	Housekeeping	58386400	32.0	1.0394527324558567
chr19	58542064	58546064	TRIM28	+	3	Housekeeping	58544064	24.0	0.18713866976355575
chr19	58553105	58557105	CHMP2A	-	2	Housekeeping	58555105	24.0	0.13383520234597768
chr19	58556954	58560954	UBE2M	-	0	Housekeeping	58558954	24.0	0.11033485630491668
chr2	262140	266140	ACP1	+	0	Housekeeping	264140	4.0	1.043618003291278
chr2	3517531	3521531	ADI1	-	2	Housekeeping	3519531	8.0	0.04221385074627548
chr2	3573260	3577260	RPS7	+	4	Housekeeping	3575260	8.0	0.17820692307692454
chr2	9628997	9632997	YWHAQ	-	0	Housekeeping	9630997	10.0	2.860153365204532
chr2	10835977	10839977	PDIA6	-	2	Housekeeping	10837977	6.0	4.435142799707634
chr2	11346330	11350330	ROCK2	-	2	Housekeeping	11348330	7.0	2.953014095482729
chr2	15589178	15593178	DDX1	+	5	Housekeeping	15591178	2.0	1.5910033182398564
chr2	18558679	18562679	RDH14	-	0	Housekeeping	18560679	2.0	2.5308486140860253
chr2	18587564	18591564	NT5C1B-RDH14	-	0	Housekeeping	18589564	2.0	1.7150549654414249
chr2	20049628	20053628	LAPTM4A	-	1	Housekeeping	20051628	6.0	0.5943378399143029
chr2	20350234	20354234	PUM2	-	0	Housekeeping	20352234	9.0	0.5513625530308985
chr2	24074373	24078373	SF3B6	-	4	Housekeeping	24076373	12.0	0.31294321593740904
chr2	27069654	27073654	OST4	-	1	Housekeeping	27071654	34.0	0.17889114393568661
chr2	27132666	27136666	PREB	-	4	Housekeeping	27134666	37.0	1.2229289846081315
chr2	27210041	27214041	ATRAID	+	3	Housekeeping	27212041	37.0	0.8099705693503978
chr2	27368496	27372496	SNX17	+	1	Housekeeping	27370496	35.0	0.10171627764208324
chr2	27425790	27429790	NRBP1	+	3	Housekeeping	27427790	37.0	0.045073101683783534
chr2	27661426	27665426	SLC4A1AP	+	2	Housekeeping	27663426	26.0	0.13844502032462458
chr2	27769717	27773717	MRPL33	+	3	Housekeeping	27771717	23.0	0.15349078339895073
chr2	30144941	30148941	YPEL5	+	2	Housekeeping	30146941	3.0	1.1924193456159315
chr2	32037805	32041805	DPY30	-	7	Housekeeping	32039805	7.0	0.07021229631050119
chr2	33597347	33601347	FAM98A	-	1	Housekeeping	33599347	1.0	0.48406873642100834
chr2	37194488	37198488	CEBPZOS	+	5	Housekeeping	37196488	10.0	0.7051411570365218
chr2	37229596	37233596	CEBPZ	-	2	Housekeeping	37231596	9.0	0.2595831518867442
chr2	38375285	38379285	ATL2	-	1	Housekeeping	38377285	8.0	1.4724083399310928
chr2	42423088	42427088	COX7A2L	-	1	Housekeeping	42425088	6.0	0.17142338294618753
chr2	53785009	53789009	ERLEC1	+	2	Housekeeping	53787009	6.0	0.2070985846921758
chr2	55229903	55233903	RPS27A	+	3	Housekeeping	55231903	7.0	0.4412558008029066
chr2	55517604	55521604	CFAP36	+	4	Housekeeping	55519604	8.0	0.1516680179294383
chr2	61469087	61473087	USP34	-	3	Housekeeping	61471087	8.0	0.05301357496819037
chr2	64017428	64021428	VPS54	-	2	Housekeeping	64019428	5.0	0.11914569490770077
chr2	65128331	65132331	RAB1A	-	2	Housekeeping	65130331	5.0	0.7862792541956765
chr2	65225788	65229788	ACTR2	+	3	Housekeeping	65227788	5.0	0.21717730240865762
chr2	68155888	68159888	PNO1	+	3	Housekeeping	68157888	9.0	0.46744386201993393
chr2	70085477	70089477	PCBP1	+	0	Housekeeping	70087477	13.0	0.11782485586294911
chr2	70255386	70259386	PCYOX1	+	3	Housekeeping	70257386	11.0	0.12523541396276983
chr2	70291740	70295740	SNRPG	-	6	Housekeeping	70293740	13.0	0.4637136409381526
chr2	70992873	70996873	TEX261	-	3	Housekeeping	70994873	15.0	3.483287591128743
chr2	71128310	71132310	MPHOSPH10	+	2	Housekeeping	71130310	14.0	0.942037661341999
chr2	73212222	73216222	SMYD5	+	4	Housekeeping	73214222	13.0	0.6214265090750359
chr2	73231239	73235239	PRADC1	-	3	Housekeeping	73233239	13.0	1.0965054314148404
chr2	73778173	73782173	DUSP11	-	4	Housekeeping	73780173	14.0	0.3260047419915679
chr2	74176898	74180898	MOB1A	-	4	Housekeeping	74178898	34.0	1.453197828571433
chr2	74453087	74457087	INO80B	+	1	Housekeeping	74455087	28.0	0.078184318301453
chr2	74453088	74457088	INO80B-WBP1	+	1	Housekeeping	74455088	28.0	0.07818387880448086
chr2	74470687	74474687	MRPL53	-	7	Housekeeping	74472687	29.0	0.08882473390414702
chr2	84903656	84907656	TMSB10	+	3	Housekeeping	84905656	8.0	1.9344299656435737
chr2	84969093	84973093	KCMF1	+	0	Housekeeping	84971093	9.0	0.20375774282143766
chr2	85582431	85586431	VAMP5	+	3	Housekeeping	85584431	17.0	0.1920192338350546
chr2	85593725	85597725	RNF181	+	2	Housekeeping	85595725	17.0	0.182101186194501
chr2	85600856	85604856	USP39	+	2	Housekeeping	85602856	17.0	0.1941223925636848
chr2	86561479	86565479	CHMP3	-	1	Housekeeping	86563479	13.0	0.0709850987296079
chr2	86718291	86722291	RMND5A	+	0	Housekeeping	86720291	9.0	0.09184348271446652
chr2	86719122	86723122	RNF103-CHMP3	-	0	Housekeeping	86721122	9.0	0.09099678429251412
chr2	88062252	88066252	KRCC1	-	4	Housekeeping	88064252	7.0	2.6014138454593194
chr2	95120006	95124006	MRPS5	-	2	Housekeeping	95122006	11.0	0.04412825694799949
chr2	96264047	96268047	TMEM127	-	1	Housekeeping	96266047	16.0	0.05083977792594396
chr2	97644062	97648062	COX5B	+	1	Housekeeping	97646062	6.0	0.08556700556184182
chr2	97662044	97666044	ACTR1B	-	3	Housekeeping	97664044	6.0	0.09763185666315621
chr2	97993948	97997948	TMEM131	-	2	Housekeeping	97995948	8.0	0.9555253303965117
chr2	98606515	98610515	COA5	-	0	Housekeeping	98608515	5.0	0.4589846613720283
chr2	98606579	98610579	UNC50	+	0	Housekeeping	98608579	5.0	0.4589357800500693
chr2	99335389	99339389	EIF5B	+	1	Housekeeping	99337389	12.0	0.05331239566046975
chr2	99338702	99342702	TXNDC9	-	4	Housekeeping	99340702	12.0	0.05330059768070328
chr2	101000229	101004229	RPL31	+	2	Housekeeping	101002229	7.0	0.7123675415961372
chr2	101250886	101254886	CNOT11	+	3	Housekeeping	101252886	7.0	0.8078894789314006
chr2	101306701	101310701	RNF149	-	3	Housekeeping	101308701	7.0	0.2639604225659298
chr2	105036069	105040069	MRPS9	+	1	Housekeeping	105038069	5.0	0.414257893462775
chr2	113888063	113892063	ACTR3	+	1	Housekeeping	113890063	4.0	0.19899812349450485
chr2	117812691	117816691	DDX18	+	0	Housekeeping	117814691	2.0	0.20505405431322288
chr2	121734911	121738911	NIFK	-	2	Housekeeping	121736911	3.0	0.6125503646936181
chr2	121735103	121739103	TSN	+	2	Housekeeping	121737103	3.0	0.6156808837283734
chr2	127524886	127528886	IWS1	-	1	Housekeeping	127526886	12.0	0.2664307459448878
chr2	130179737	130183737	MZT2B	+	4	Housekeeping	130181737	12.0	0.09287569903960957
chr2	131091460	131095460	FAM168B	-	4	Housekeeping	131093460	12.0	0.04375376745173298
chr2	151826492	151830492	ARL5A	-	1	Housekeeping	151828492	6.0	0.6650119819650513
chr2	152716012	152720012	PRPF40A	-	0	Housekeeping	152718012	2.0	0.32859063255813226
chr2	161306425	161310425	PSMD14	+	2	Housekeeping	161308425	3.0	0.03173339836678224
chr2	169789933	169793933	SSB	+	4	Housekeeping	169791933	12.0	0.8313390985603064
chr2	170926464	170930464	GORASP2	+	1	Housekeeping	170928464	4.0	0.24819928802060076
chr2	171920448	171924448	HAT1	+	5	Housekeeping	171922448	9.0	0.040177276208055446
chr2	176267395	176271395	MTX2	+	2	Housekeeping	176269395	11.0	0.5075854278999259
chr2	177210694	177214694	HNRNPA3	+	2	Housekeeping	177212694	4.0	0.22929224159071282
chr2	186484253	186488253	ZC3H15	+	0	Housekeeping	186486253	3.0	0.13989367409948272
chr2	189439446	189443446	WDR75	+	1	Housekeeping	189441446	11.0	0.08988912595640386
chr2	189659385	189663385	ASNSD1	+	3	Housekeeping	189661385	11.0	0.5918798203890674
chr2	197451493	197455493	COQ10B	+	2	Housekeeping	197453493	10.0	0.030014458249354448
chr2	197498140	197502140	HSPE1	+	2	Housekeeping	197500140	10.0	0.01722502560483008
chr2	197498413	197502413	HSPE1-MOB4	+	2	Housekeeping	197500413	10.0	0.017227050803114707
chr2	200808594	200812594	BZW1	+	2	Housekeeping	200810594	12.0	0.5581922167306175
chr2	201069433	201073433	NDUFB3	+	1	Housekeeping	201071433	13.0	0.04656477425442063
chr2	201449500	201453500	TRAK2	-	3	Housekeeping	201451500	13.0	0.04768471021634468
chr2	202236599	202240599	SUMO1	-	4	Housekeeping	202238599	8.0	0.10001113649991566
chr2	202263736	202267736	NOP58	+	7	Housekeeping	202265736	8.0	0.0546937345862375
chr2	206157585	206161585	EEF1B2	+	2	Housekeeping	206159585	7.0	0.32245119635405217
chr2	216105464	216109464	XRCC5	+	3	Housekeeping	216107464	6.0	0.6439808278261694
chr2	216496825	216500825	RPL37A	+	3	Housekeeping	216498825	9.0	0.48961041878015976
chr2	218215141	218219141	ARPC2	+	2	Housekeeping	218217141	20.0	0.30611968677789037
chr2	218267651	218271651	PNKD	+	4	Housekeeping	218269651	20.0	0.09226989680854558
chr2	218268178	218272178	AAMP	-	4	Housekeeping	218270178	20.0	0.09309164621953414
chr2	218395136	218399136	CTDSP1	+	1	Housekeeping	218397136	24.0	1.2459371644769135
chr2	219176106	219180106	CNPPD1	-	0	Housekeeping	219178106	39.0	0.9775797634733863
chr2	219277342	219281342	DNAJB2	+	0	Housekeeping	219279342	38.0	0.4954254362280608
chr2	223943357	223947357	WDFY1	-	1	Housekeeping	223945357	6.0	1.3295322222222694
chr2	223955463	223959463	MRPL44	+	0	Housekeeping	223957463	6.0	1.5114918381698317
chr2	227470152	227474152	AGFG1	+	1	Housekeeping	227472152	16.0	0.4405675566246714
chr2	230710842	230714842	CAB39	+	3	Housekeeping	230712842	10.0	2.6655148679861895
chr2	231054845	231058845	PSMD1	+	2	Housekeeping	231056845	10.0	1.0097576920944107
chr2	231481641	231485641	NCL	-	3	Housekeeping	231483641	13.0	1.0667874595361582
chr2	231704895	231708895	PTMA	+	2	Housekeeping	231706895	8.0	2.308492049603217
chr2	237964827	237968827	UBE2F	+	2	Housekeeping	237966827	16.0	1.347418815478818
chr2	237965014	237969014	UBE2F-SCLY	+	2	Housekeeping	237967014	16.0	1.3439267048397596
chr2	238201708	238205708	ILKAP	-	2	Housekeeping	238203708	12.0	1.1277731220440046
chr2	241147576	241151576	PPP1R7	+	1	Housekeeping	241149576	17.0	0.5927528849485952
chr2	241635158	241639158	THAP4	-	2	Housekeeping	241637158	17.0	1.188066508205452
chr20	1391164	1395164	FKBP1A	-	1	Housekeeping	1393164	15.0	1.0020319838274894
chr20	2662219	2666219	IDH3B	-	7	Housekeeping	2664219	22.0	2.653966755493258
chr20	3044052	3048052	MRPS26	+	1	Housekeeping	3046052	21.0	3.056396071666949
chr20	3202685	3206685	DDRGK1	-	6	Housekeeping	3204685	20.0	2.0359838057660085
chr20	3469018	3473018	ATRN	+	2	Housekeeping	3471018	22.0	0.7105673635677157
chr20	3784740	3788740	CENPB	-	1	Housekeeping	3786740	15.0	2.811237339537005
chr20	5111087	5115087	TMEM230	-	4	Housekeeping	5113087	8.0	2.4755354047666245
chr20	5124879	5128879	CDS2	+	4	Housekeeping	5126879	8.0	2.3119530710764558
chr20	8017805	8021805	TMX4	-	0	Housekeeping	8019805	2.0	3.067527943862096
chr20	18135863	18139863	PET117	+	2	Housekeeping	18137863	14.0	0.661642786830754
chr20	18565347	18569347	SMIM26	+	5	Housekeeping	18567347	10.0	0.09670932806315591
chr20	18585942	18589942	DTD1	+	3	Housekeeping	18587942	10.0	0.1073662974869194
chr20	25388835	25392835	ABHD12	-	6	Housekeeping	25390835	10.0	0.08349210893094039
chr20	32205855	32209855	POFUT1	+	1	Housekeeping	32207855	17.0	0.11069147698371751
chr20	32741467	32745467	COMMD7	-	6	Housekeeping	32743467	16.0	0.37324438117821046
chr20	32817954	32821954	MAPRE1	+	6	Housekeeping	32819954	16.0	0.2505483098038752
chr20	33809348	33813348	CHMP4B	+	3	Housekeeping	33811348	12.0	0.7738666011349693
chr20	33991646	33995646	RALY	+	1	Housekeeping	33993646	12.0	0.09878063711965979
chr20	34110243	34114243	EIF2S2	-	5	Housekeeping	34112243	14.0	0.10462676073096588
chr20	34361235	34365235	ITCH	+	7	Housekeeping	34363235	10.0	0.43658134562669204
chr20	34514395	34518395	DYNLRB1	+	2	Housekeeping	34516395	13.0	0.06219205937661343
chr20	35090807	35094807	TRPC4AP	-	4	Housekeeping	35092807	19.0	0.19616405334382137
chr20	35276131	35280131	MMP24OS	-	1	Housekeeping	35278131	25.0	0.7407483053204089
chr20	35540038	35544038	ERGIC3	+	3	Housekeeping	35542038	22.0	0.14929600962034328
chr20	35697272	35701272	ROMO1	+	1	Housekeeping	35699272	20.0	0.09761841399850368
chr20	35957472	35961472	SCAND1	-	4	Housekeeping	35959472	14.0	0.20311705551684156
chr20	36234131	36238131	AAR2	+	2	Housekeeping	36236131	11.0	0.6232788967427894
chr20	36304336	36308336	DLGAP4	+	0	Housekeeping	36306336	11.0	1.4853180726255033
chr20	37176410	37180410	RPN2	+	5	Housekeeping	37178410	12.0	0.06584724968966782
chr20	37525931	37529931	BLCAP	-	0	Housekeeping	37527931	9.0	0.8517456768655052
chr20	37692030	37696030	CTNNBL1	+	3	Housekeeping	37694030	9.0	0.5653844952182396
chr20	41026822	41030822	TOP1	+	2	Housekeeping	41028822	5.0	0.9486503455905648
chr20	41134960	41138960	PLCG1	+	0	Housekeeping	41136960	6.0	0.06707637055875182
chr20	43455893	43459893	SRSF6	+	1	Housekeeping	43457893	9.0	0.8214562147997384
chr20	44208771	44212771	OSER1	-	1	Housekeeping	44210771	11.0	1.2857223168703058
chr20	44520085	44524085	SERINC3	-	1	Housekeeping	44522085	16.0	0.41579201190742765
chr20	44883702	44887702	YWHAB	+	2	Housekeeping	44885702	22.0	0.34254028081861065
chr20	45359937	45363937	SYS1	+	5	Housekeeping	45361937	37.0	2.4344981399019616
chr20	45361200	45365200	SYS1-DBNDD2	+	3	Housekeeping	45363200	37.0	2.4272738862373444
chr20	45789954	45793954	DNTTIP1	+	5	Housekeeping	45791954	37.0	0.17392328594482365
chr20	45932683	45936683	PCIF1	+	5	Housekeeping	45934683	32.0	0.7028620145553077
chr20	46087962	46091962	NCOA5	-	0	Housekeeping	46089962	29.0	0.6826770916912039
chr20	49186367	49190367	STAU1	-	3	Housekeeping	49188367	7.0	0.13328855771476356
chr20	49217347	49221347	DDX27	+	7	Housekeeping	49219347	8.0	0.1261550704546721
chr20	49711878	49715878	B4GALT5	-	0	Housekeeping	49713878	12.0	0.5896384867408244
chr20	49934336	49938336	RNF114	+	4	Housekeeping	49936336	10.0	0.273425372460423
chr20	50113959	50117959	UBE2V1	-	3	Housekeeping	50115959	9.0	0.5057012706667763
chr20	50151637	50155637	PEDS1-UBE2V1	-	3	Housekeeping	50153637	9.0	0.5254108512204425
chr20	50508321	50512321	PTPN1	+	2	Housekeeping	50510321	10.0	0.4629913331405078
chr20	56466585	56470585	RTF2	+	2	Housekeeping	56468585	10.0	0.9469447811365228
chr20	58649434	58653434	STX16-NPEPL1	+	0	Housekeeping	58651434	13.0	5.444751593112187
chr20	58687131	58691131	NPEPL1	+	2	Housekeeping	58689131	13.0	0.4035444604679128
chr20	59006238	59010238	CTSZ	-	1	Housekeeping	59008238	11.0	1.3521968729379807
chr20	59040809	59044809	PRELID3B	-	1	Housekeeping	59042809	10.0	0.4227468466771711
chr20	62120461	62124461	LSM14B	+	2	Housekeeping	62122461	12.0	1.4695803563719778
chr20	62141440	62145440	PSMA7	-	0	Housekeeping	62143440	13.0	1.152914976419055
chr20	62300093	62304093	ADRM1	+	2	Housekeeping	62302093	15.0	0.7299516987987431
chr20	62385103	62389103	RPS21	+	3	Housekeeping	62387103	18.0	1.738352877507623
chr20	62794473	62798473	MRGBP	+	2	Housekeeping	62796473	20.0	5.37852244095788
chr20	62802835	62806835	OGFR	+	1	Housekeeping	62804835	19.0	4.86941859392914
chr20	62936147	62940147	GID8	+	4	Housekeeping	62938147	16.0	0.8451306611129894
chr20	63214139	63218139	YTHDF1	-	0	Housekeeping	63216139	28.0	0.7677627179782576
chr20	63518754	63522754	PPDPF	+	0	Housekeeping	63520754	31.0	4.55465518357741
chr20	63979132	63983132	PRPF6	+	1	Housekeeping	63981132	33.0	2.1796494985791526
chr20	64253695	64257695	PCMTD2	+	0	Housekeeping	64255695	16.0	1.1278148024518941
chr21	25733673	25737673	ATP5PF	-	0	Housekeeping	25735673	4.0	0.2820301583861706
chr21	34071224	34075224	MRPS6	+	1	Housekeeping	34073224	12.0	1.4210064681429913
chr21	37265919	37269919	VPS26C	-	2	Housekeeping	37267919	5.0	0.4767415995757318
chr21	42877644	42881644	NDUFV3	+	3	Housekeeping	42879644	11.0	0.12814477300928218
chr21	43105570	43109570	U2AF1	-	0	Housekeeping	43107570	9.0	2.804713402427126
chr21	43863223	43867223	AGPAT3	+	2	Housekeeping	43865223	17.0	0.5613708577175203
chr21	44105373	44109373	PWP2	+	1	Housekeeping	44107373	23.0	0.1173831882324805
chr21	44298051	44302051	PFKL	+	3	Housekeeping	44300051	28.0	2.3427923506385184
chr21	44799826	44803826	UBE2G2	-	0	Housekeeping	44801826	26.0	2.5613892314346742
chr21	44816779	44820779	SUMO3	-	2	Housekeeping	44818779	26.0	0.58500645586129
chr21	44871903	44875903	PTTG1IP	-	0	Housekeeping	44873903	24.0	3.224802131687028
chr22	19445711	19449711	C22orf39	-	4	Housekeeping	19447711	20.0	0.10963115974679027
chr22	20113938	20117938	RANBP1	+	0	Housekeeping	20115938	21.0	0.5199844012423682
chr22	20318080	20322080	DGCR6L	-	0	Housekeeping	20320080	18.0	18.859589351783033
chr22	23892383	23896383	MIF	+	1	Housekeeping	23894383	22.0	2.2493130852051024
chr22	24553958	24557958	SNRPD3	+	1	Housekeeping	24555958	14.0	1.619456288944967
chr22	29765369	29769369	UQCR10	+	5	Housekeeping	29767369	17.0	0.27572544782323405
chr22	32410248	32414248	RTCB	-	2	Housekeeping	32412248	9.0	3.5613052656806587
chr22	36527184	36531184	EIF3D	-	6	Housekeeping	36529184	15.0	3.5767150727899377
chr22	37950607	37954607	POLR2F	+	6	Housekeeping	37952607	28.0	0.10217995843106564
chr22	38271010	38275010	TMEM184B	-	2	Housekeeping	38273010	25.0	2.849529859646154
chr22	38505660	38509660	DDX17	-	3	Housekeeping	38507660	22.0	1.7780187712399709
chr22	38679957	38683957	TOMM22	+	3	Housekeeping	38681957	26.0	0.051039337117018135
chr22	38699556	38703556	JOSD1	-	4	Housekeeping	38701556	25.0	0.057185863637769785
chr22	39397778	39401778	TAB1	+	8	Housekeeping	39399778	19.0	1.7264508870687933
chr22	39497432	39501432	MIEF1	+	6	Housekeeping	39499432	20.0	1.3164766220204172
chr22	39517695	39521695	ATF4	+	1	Housekeeping	39519695	18.0	1.1141248748145216
chr22	39530761	39534761	RPS19BP1	-	1	Housekeeping	39532761	17.0	1.0624461010286979
chr22	40854639	40858639	ST13	-	3	Housekeeping	40856639	12.0	0.19675314775383868
chr22	40949347	40953347	RBX1	+	4	Housekeeping	40951347	14.0	0.07921290326216024
chr22	41284187	41288187	RANGAP1	-	7	Housekeeping	41286187	20.0	0.13251031219112974
chr22	41444801	41448801	TOB2	-	0	Housekeeping	41446801	20.0	0.08555940975561782
chr22	41466692	41470692	PHF5A	-	4	Housekeeping	41468692	21.0	0.08486410710617065
chr22	41587871	41591871	PMM1	-	8	Housekeeping	41589871	26.0	0.15659408227513438
chr22	41619043	41623043	DESI1	-	2	Housekeeping	41621043	26.0	0.08015811262644945
chr22	41831105	41835105	SREBF2	+	2	Housekeeping	41833105	24.0	0.18242345198672183
chr22	42077691	42081691	SMDT1	+	2	Housekeeping	42079691	22.0	0.050152453468967906
chr22	42856106	42860106	ARFGAP3	-	5	Housekeeping	42858106	15.0	0.13911393012335793
chr22	43013149	43017149	PACSIN2	-	3	Housekeeping	43015149	15.0	0.5618856218682566
chr22	43953442	43957442	SAMM50	+	1	Housekeeping	43955442	7.0	3.3333047771834856
chr22	46736252	46740252	CERK	-	2	Housekeeping	46738252	8.0	2.509861751031295
chr22	50341304	50345304	PPP6R2	+	2	Housekeeping	50343304	35.0	0.7836551829706195
chr22	50505702	50509702	LMF2	-	0	Housekeeping	50507702	31.0	2.8829503207363416
chr3	5120249	5124249	ARL8B	+	5	Housekeeping	5122249	2.0	3.1711855030710367
chr3	9791011	9795011	TADA3	-	3	Housekeeping	9793011	30.0	0.5450497944629618
chr3	9888574	9892574	JAGN1	+	4	Housekeeping	9890574	29.0	2.563983933774736
chr3	10009202	10013202	EMC3	-	1	Housekeeping	10011202	28.0	0.06006110989297042
chr3	10113675	10117675	BRK1	+	7	Housekeeping	10115675	27.0	0.8282078182772779
chr3	10246023	10250023	TATDN2	+	5	Housekeeping	10248023	25.0	0.9287840882820575
chr3	10319112	10323112	SEC13	-	2	Housekeeping	10321112	20.0	1.4852975538543234
chr3	12555057	12559057	MKRN2	+	3	Housekeeping	12557057	9.0	0.1915988252789802
chr3	12839582	12843582	RPL32	-	4	Housekeeping	12841582	8.0	2.1347822277057205
chr3	14176817	14180817	LSM3	+	2	Housekeeping	14178817	9.0	0.8326694426000003
chr3	15063339	15067339	MRPS25	-	4	Housekeeping	15065339	11.0	0.11444814440444873
chr3	19945097	19949097	RAB5A	+	0	Housekeeping	19947097	4.0	0.5438043918918822
chr3	23914591	23918591	RPL15	+	0	Housekeeping	23916591	3.0	0.13888910907638774
chr3	32568858	32572858	DYNC1LI1	-	1	Housekeeping	32570858	8.0	1.2746677940227613
chr3	33439371	33443371	UBP1	-	5	Housekeeping	33441371	8.0	0.16095665128609937
chr3	36991131	36995131	EPM2AIP1	-	2	Housekeeping	36993131	6.0	0.07843749006759992
chr3	37241191	37245191	GOLGA4	+	1	Housekeeping	37243191	6.0	0.11459142278219758
chr3	38163089	38167089	OXSR1	+	2	Housekeeping	38165089	12.0	0.29163543278549753
chr3	39381370	39385370	SLC25A38	+	3	Housekeeping	39383370	11.0	0.6204608077459284
chr3	39404716	39408716	RPSA	+	3	Housekeeping	39406716	11.0	0.6179731282337997
chr3	40307707	40311707	EIF1B	+	0	Housekeeping	40309707	6.0	0.15940240114233006
chr3	40455292	40459292	RPL14	+	5	Housekeeping	40457292	6.0	0.22045172457474393
chr3	42579840	42583840	SS18L2	+	0	Housekeeping	42581840	18.0	0.2946439277796742
chr3	42599080	42603080	SEC22C	-	3	Housekeeping	42601080	18.0	0.05465583493617032
chr3	42802490	42806490	HIGD1A	-	0	Housekeeping	42804490	19.0	0.3610275568817656
chr3	44859904	44863904	TMEM42	+	2	Housekeeping	44861904	16.0	0.455596677803527
chr3	46980010	46984010	CCDC12	-	2	Housekeeping	46982010	18.0	0.08401955411130757
chr3	47780106	47784106	SMARCC1	-	3	Housekeeping	47782106	11.0	0.004845699396867076
chr3	48087272	48091272	MAP4	-	5	Housekeeping	48089272	16.0	0.06909862910461584
chr3	48438257	48442257	TMA7	+	4	Housekeeping	48440257	24.0	0.211740741476234
chr3	48502826	48506826	SHISA5	-	2	Housekeeping	48504826	25.0	0.25599535032270637
chr3	48738353	48742353	IP6K2	-	4	Housekeeping	48740353	35.0	0.13637320615032422
chr3	48845874	48849874	PRKAR2A	-	5	Housekeeping	48847874	34.0	0.008754853955394992
chr3	48916821	48920821	ARIH2	+	9	Housekeeping	48918821	37.0	0.018234776907064543
chr3	49005062	49009062	WDR6	+	1	Housekeeping	49007062	35.0	0.020006675313197775
chr3	49338712	49342712	USP4	-	5	Housekeeping	49340712	36.0	0.054341677535774124
chr3	49410212	49414212	TCTA	+	1	Housekeeping	49412212	37.0	0.018276084844899287
chr3	49672014	49676014	APEH	+	2	Housekeeping	49674014	28.0	0.1306879904107916
chr3	50086919	50090919	RBM5	+	6	Housekeeping	50088919	35.0	0.10399403129696339
chr3	50224292	50228292	GNAI2	+	5	Housekeeping	50226292	33.0	0.0928762283156459
chr3	50326251	50330251	TUSC2	-	4	Housekeeping	50328251	29.0	0.02940198223612356
chr3	50338980	50342980	RASSF1	-	1	Housekeeping	50340980	29.0	0.1369041153529338
chr3	50357521	50361521	TMEM115	-	2	Housekeeping	50359521	28.0	0.15150108555189945
chr3	51939904	51943904	RRP9	-	2	Housekeeping	51941904	30.0	0.5488433964606543
chr3	51993895	51997895	RPL29	-	3	Housekeeping	51995895	34.0	0.3269259090166088
chr3	52244788	52248788	TWF2	-	1	Housekeeping	52246788	36.0	0.14910620911919636
chr3	52286020	52290020	WDR82	-	5	Housekeeping	52288020	37.0	0.05989424337073501
chr3	52683917	52687917	PBRM1	-	2	Housekeeping	52685917	31.0	0.013456411706016524
chr3	53889885	53893885	SELENOK	-	0	Housekeeping	53891885	4.0	0.8247600447363368
chr3	57225726	57229726	APPL1	+	3	Housekeeping	57227726	9.0	0.3166661921078173
chr3	57596220	57600220	ARF4	-	3	Housekeeping	57598220	9.0	0.02414113049127309
chr3	57691077	57695077	DENND6A	-	4	Housekeeping	57693077	8.0	0.06749872625846365
chr3	63861868	63865868	THOC7	-	2	Housekeeping	63863868	4.0	0.08560747849614359
chr3	69082937	69086937	ARL6IP5	+	1	Housekeeping	69084937	6.0	0.43648835869561253
chr3	88147885	88151885	CGGBP1	-	1	Housekeeping	88149885	5.0	0.033474913141446905
chr3	100399089	100403089	TOMM70	-	1	Housekeeping	100401089	7.0	0.10280827987401153
chr3	100707295	100711295	TFG	+	1	Housekeeping	100709295	7.0	0.19031112807113004
chr3	101684733	101688733	RPL24	-	6	Housekeeping	101686733	10.0	0.05483909661961661
chr3	112560046	112564046	ATG3	-	1	Housekeeping	112562046	11.0	0.18859308384307383
chr3	119675454	119679454	COX17	-	1	Housekeeping	119677454	13.0	1.015468087759075
chr3	120594328	120598328	NDUFB4	+	2	Housekeeping	120596328	7.0	3.8898432771665625
chr3	121747966	121751966	GOLGB1	-	0	Housekeeping	121749966	10.0	0.11478618522090756
chr3	122382161	122386161	FAM162A	+	1	Housekeeping	122384161	14.0	0.41299629981693897
chr3	122512945	122516945	KPNA1	-	3	Housekeeping	122514945	13.0	0.10973410099381908
chr3	126099561	126103561	SLC41A3	-	1	Housekeeping	126101561	8.0	0.7559075104890667
chr3	128151914	128155914	RUVBL1	-	2	Housekeeping	128153914	7.0	0.061224505257087
chr3	128679075	128683075	RPN1	-	7	Housekeeping	128681075	10.0	0.6271224354765081
chr3	128691669	128695669	RAB7A	+	10	Housekeeping	128693669	11.0	0.6205231229853325
chr3	128877596	128881596	ACAD9	+	1	Housekeeping	128879596	14.0	0.17260737248960822
chr3	129247606	129251606	COPG1	+	5	Housekeeping	129249606	16.0	0.27799752849006154
chr3	129276828	129280828	HMCES	+	2	Housekeeping	129278828	16.0	0.3213005482464837
chr3	131500983	131504983	MRPL3	-	1	Housekeeping	131502983	3.0	0.648056795759544
chr3	132415502	132419502	DNAJC13	+	0	Housekeeping	132417502	7.0	1.455537262986013
chr3	133571686	133575686	CDV3	+	2	Housekeeping	133573686	6.0	2.9226173962698
chr3	133782023	133786023	SRPRB	+	1	Housekeeping	133784023	7.0	0.61593899808571
chr3	134484716	134488716	ANAPC13	-	1	Housekeeping	134486716	6.0	0.22739338341494886
chr3	141322213	141326213	ZBTB38	+	1	Housekeeping	141324213	7.0	4.1317360864834995
chr3	141736249	141740249	RNF7	+	1	Housekeeping	141738249	7.0	3.279957358529373
chr3	150600875	150604875	SELENOT	+	2	Housekeeping	150602875	9.0	0.25427350089046286
chr3	150601228	150605228	SERP1	-	2	Housekeeping	150603228	9.0	0.26212038151527395
chr3	150761477	150765477	SIAH2	-	0	Housekeeping	150763477	10.0	1.229653033716147
chr3	156553149	156557149	SSR3	-	2	Housekeeping	156555149	2.0	1.0936808679338128
chr3	160563571	160567571	KPNA4	-	0	Housekeeping	160565571	7.0	0.13575394167474997
chr3	161102696	161106696	NMD3	+	2	Housekeeping	161104696	5.0	0.21734957489144335
chr3	169964635	169968635	SEC62	+	1	Housekeeping	169966635	13.0	0.8611613832920284
chr3	179602649	179606649	MRPL47	-	5	Housekeeping	179604649	10.0	1.788440258172841
chr3	184297198	184301198	PSMD2	+	4	Housekeeping	184299198	25.0	0.5035470183153734
chr3	184710064	184714064	MAGEF1	-	1	Housekeeping	184712064	16.0	3.042860402843246
chr3	185497057	185501057	TMEM41A	-	2	Housekeeping	185499057	7.0	0.806471012238319
chr3	185580496	185584496	SENP2	+	7	Housekeeping	185582496	7.0	0.6480295912498946
chr3	186565403	186569403	DNAJB11	+	4	Housekeeping	186567403	13.0	0.3585745138602192
chr3	191327085	191331085	CCDC50	+	1	Housekeeping	191329085	4.0	0.7396888364849019
chr3	194670463	194674463	LSG1	-	3	Housekeeping	194672463	6.0	1.168102102737123
chr3	196501768	196505768	RNF168	-	7	Housekeeping	196503768	20.0	0.6887161368777583
chr3	196865856	196869856	SENP5	+	6	Housekeeping	196867856	14.0	1.4974522487875674
chr3	196940594	196944594	NCBP2	-	4	Housekeeping	196942594	13.0	1.2072254466065147
chr3	197948190	197952190	RPL35A	+	5	Housekeeping	197950190	6.0	0.3180028091654208
chr4	672330	676330	ATP5ME	-	3	Housekeeping	674330	17.0	2.0013800352684052
chr4	703748	707748	PCGF3	+	0	Housekeeping	705748	17.0	2.108190918199455
chr4	1287887	1291887	MAEA	+	1	Housekeeping	1289887	16.0	0.19601776692349082
chr4	2841844	2845844	ADD1	+	3	Housekeeping	2843844	13.0	0.9766526211268189
chr4	2961406	2965406	NOP14	-	0	Housekeeping	2963406	12.0	0.34099421508046124
chr4	3530446	3534446	LRPAP1	-	1	Housekeeping	3532446	6.0	2.4686439411878336
chr4	6638091	6642091	MRFAP1	+	3	Housekeeping	6640091	14.0	3.106241446993714
chr4	6707865	6711865	MRFAP1L1	-	0	Housekeeping	6709865	13.0	4.342604300136497
chr4	6714174	6718174	BLOC1S4	+	3	Housekeeping	6716174	13.0	4.419726063549874
chr4	7039899	7043899	TADA2B	+	2	Housekeeping	7041899	13.0	0.7359453453877407
chr4	7066085	7070085	GRPEL1	-	2	Housekeeping	7068085	12.0	1.1108733822846162
chr4	15679679	15683679	FBXL5	-	1	Housekeeping	15681679	8.0	0.3783830653443232
chr4	16225410	16229410	TAPT1	-	1	Housekeeping	16227410	4.0	0.6132968427692731
chr4	17612641	17616641	MED28	+	5	Housekeeping	17614641	7.0	0.25645548856196854
chr4	24582554	24586554	DHX15	-	2	Housekeeping	24584554	3.0	0.34854418693008427
chr4	39456931	39460931	RPL9	-	3	Housekeeping	39458931	9.0	1.1238073024533435
chr4	39696109	39700109	UBE2K	+	3	Housekeeping	39698109	9.0	0.17423592424101741
chr4	39975956	39979956	PDS5A	-	3	Housekeeping	39977956	6.0	0.23556733169471045
chr4	41988502	41992502	SLC30A9	+	2	Housekeeping	41990502	5.0	0.24140737485822683
chr4	68348090	68352090	YTHDC1	-	3	Housekeeping	68350090	8.0	0.0
chr4	70686532	70690532	UTP3	+	2	Housekeeping	70688532	17.0	2.3900576017960873
chr4	77074309	77078309	CCNI	-	1	Housekeeping	77076309	4.0	0.5601682549651343
chr4	82428462	82432462	HNRNPDL	-	2	Housekeeping	82430462	7.0	1.4638489850374015
chr4	83032447	83036447	COPS4	+	5	Housekeeping	83034447	11.0	1.1506588597903544
chr4	83453932	83457932	MRPS18C	+	2	Housekeeping	83455932	8.0	0.20612962726133333
chr4	87420573	87424573	NUDT9	+	3	Housekeeping	87422573	11.0	0.938146212325961
chr4	88521776	88525776	PYURF	-	1	Housekeeping	88523776	8.0	1.99578507784409
chr4	102866896	102870896	UBE2D3	-	2	Housekeeping	102868896	8.0	0.03245648263714429
chr4	103097870	103101870	BDH2	-	0	Housekeeping	103099870	6.0	0.45641450446709086
chr4	105893986	105897986	INTS12	-	0	Housekeeping	105895986	7.0	0.459942455228628
chr4	108618569	108622569	RPL34	+	1	Housekeeping	108620569	3.0	0.19862360470810358
chr4	108648585	108652585	OSTC	+	0	Housekeeping	108650585	3.0	0.1883565636177309
chr4	109431772	109435772	SEC24B	+	0	Housekeeping	109433772	10.0	0.24929296939333767
chr4	119302445	119306445	C4orf3	-	4	Housekeeping	119304445	6.0	0.18564437672466738
chr4	128286829	128290829	PGRMC2	-	0	Housekeeping	128288829	4.0	0.2350454932573598
chr4	141218887	141222887	ZNF330	+	0	Housekeeping	141220887	3.0	0.9909447857779696
chr4	143511702	143515702	SMARCA5	+	2	Housekeeping	143513702	4.0	1.3749551153273387
chr4	145178589	145182589	OTUD4	-	1	Housekeeping	145180589	6.0	0.05899178922561532
chr4	147615386	147619386	TMEM184C	+	3	Housekeeping	147617386	3.0	1.7803121523542131
chr4	151097624	151101624	RPS3A	+	5	Housekeeping	151099624	4.0	0.2457666114887047
chr4	158721396	158725396	PPID	-	2	Housekeeping	158723396	6.0	0.6544300362980948
chr4	169008275	169012275	CBR4	-	2	Housekeeping	169010275	2.0	2.649587988638018
chr4	169755944	169759944	HPF1	-	1	Housekeeping	169757944	5.0	1.9109887302806783
chr4	173332432	173336432	HMGB2	-	0	Housekeeping	173334432	4.0	0.8928719901513205
chr4	176317966	176321966	SPCS3	+	0	Housekeeping	176319966	5.0	1.715168262297766
chr4	182915936	182919936	DCTD	-	0	Housekeeping	182917936	3.0	3.838483114277551
chr4	184472558	184476558	IRF2	-	3	Housekeeping	184474558	5.0	3.6237048315493325
chr5	269621	273621	PDCD6	+	2	Housekeeping	271621	11.0	0.21886929053304222
chr5	269670	273670	PDCD6-AHRR	+	2	Housekeeping	271670	11.0	0.2189448535310562
chr5	1343099	1347099	CLPTM1L	-	1	Housekeeping	1345099	12.0	2.202845034562211
chr5	1799366	1803366	MRPL36	-	0	Housekeeping	1801366	5.0	2.0897073237355546
chr5	6376571	6380571	MED10	-	1	Housekeeping	6378571	4.0	1.5259474473472778
chr5	6711432	6715432	TENT4A	+	0	Housekeeping	6713432	4.0	0.8765504217952014
chr5	10759234	10763234	DAP	-	1	Housekeeping	10761234	4.0	0.7760977272052472
chr5	16463800	16467800	ZNF622	-	1	Housekeeping	16465800	3.0	0.81484527434597
chr5	32172319	32176319	GOLPH3	-	5	Housekeeping	32174319	3.0	0.4521767560230927
chr5	32529633	32533633	SUB1	+	7	Housekeeping	32531633	4.0	0.7320422850241926
chr5	40796374	40800374	PRKAA1	-	0	Housekeeping	40798374	7.0	0.24897253829692545
chr5	40833222	40837222	RPL37	-	3	Housekeeping	40835222	7.0	0.26403663899856156
chr5	43555758	43559758	PAIP1	-	1	Housekeeping	43557758	7.0	0.042104684731612
chr5	44806947	44810947	MRPS30	+	0	Housekeeping	44808947	1.0	0.04846360315490017
chr5	55305694	55309694	DHX29	-	0	Housekeeping	55307694	11.0	0.08005686703654646
chr5	55305989	55309989	MTREX	+	0	Housekeeping	55307989	11.0	0.0796564720907611
chr5	57171948	57175948	GPBP1	+	1	Housekeeping	57173948	4.0	0.11519730756774038
chr5	62401943	62405943	DIMT1	-	3	Housekeeping	62403943	4.0	0.14273127067440328
chr5	69091991	69095991	SLC30A5	+	5	Housekeeping	69093991	11.0	1.026096742724718
chr5	69368013	69372013	TAF9	-	1	Housekeeping	69370013	12.0	0.08491420181613307
chr5	73496408	73500408	BTF3	+	2	Housekeeping	73498408	6.0	1.4555517550388686
chr5	74764991	74768991	NSA2	+	3	Housekeeping	74766991	6.0	0.061399711808718394
chr5	77866780	77870780	TBCA	-	1	Housekeeping	77868780	4.0	3.5736432483824387
chr5	83075863	83079863	TMEM167A	-	1	Housekeeping	83077863	2.0	0.23434146038837866
chr5	86615928	86619928	COX7C	+	2	Housekeeping	86617928	0.0	0.3728477166944799
chr5	100533338	100537338	FAM174A	+	0	Housekeeping	100535338	2.0	0.05952031918980083
chr5	112859188	112863188	SRP19	+	2	Housekeeping	112861188	5.0	0.2132280179097279
chr5	112920289	112924289	REEP5	-	1	Housekeeping	112922289	4.0	0.8081043064220239
chr5	115624161	115628161	TMED7-TICAM2	-	1	Housekeeping	115626161	12.0	0.321226249872808
chr5	115630992	115634992	TMED7	-	2	Housekeeping	115632992	12.0	0.31258817091028845
chr5	133050013	133054013	HSPA4	+	2	Housekeeping	133052013	14.0	0.08917589629817257
chr5	133966674	133970674	C5orf15	-	2	Housekeeping	133968674	10.0	1.196786091070976
chr5	134002975	134006975	VDAC1	-	3	Housekeeping	134004975	10.0	0.8451982285572512
chr5	134174964	134178964	SKP1	-	1	Housekeeping	134176964	12.0	0.1969556458561783
chr5	134369184	134373184	UBE2B	+	1	Housekeeping	134371184	15.0	0.05047287091400676
chr5	134409881	134413881	CDKN2AIPNL	-	3	Housekeeping	134411881	17.0	0.41153846413891415
chr5	137752363	137756363	HNRNPA0	-	2	Housekeeping	137754363	10.0	0.047738732744164736
chr5	138211343	138215343	CDC23	-	6	Housekeeping	138213343	18.0	0.043139008706418736
chr5	138329935	138333935	FAM53C	+	3	Housekeeping	138331935	16.0	0.09348445215266565
chr5	138541236	138545236	ETF1	-	1	Housekeeping	138543236	15.0	0.12495277488824286
chr5	138573675	138577675	HSPA9	-	4	Housekeeping	138575675	14.0	0.6188097500643153
chr5	139339587	139343587	PAIP2	+	3	Housekeeping	139341587	16.0	0.15623590979231494
chr5	139524431	139528431	UBE2D2	+	1	Housekeeping	139526431	15.0	0.981999534716067
chr5	140301113	140305113	PFDN1	-	2	Housekeeping	140303113	25.0	0.6688243985374243
chr5	140399908	140403908	ANKHD1-EIF4EBP3	+	4	Housekeeping	140401908	35.0	0.0248036999408896
chr5	140545662	140549662	EIF4EBP3	+	4	Housekeeping	140547662	36.0	0.04333862553266954
chr5	140562819	140566819	SLC35A4	+	1	Housekeeping	140564819	37.0	0.06925421203277438
chr5	140645058	140649058	IK	+	2	Housekeeping	140647058	39.0	0.16339610047566566
chr5	140662868	140666868	WDR55	+	8	Housekeeping	140664868	40.0	0.14421485679548596
chr5	140696680	140700680	ZMAT2	+	1	Housekeeping	140698680	44.0	0.11176481104399727
chr5	141318784	141322784	TAF7	-	1	Housekeeping	141320784	56.0	0.5604063053920072
chr5	141921855	141925855	DELE1	+	5	Housekeeping	141923855	15.0	1.4216985027687201
chr5	149549471	149553471	CSNK1A1	-	2	Housekeeping	149551471	12.0	0.24131067057510336
chr5	149998046	150002046	HMGXB3	+	1	Housekeeping	150000046	16.0	1.2623090921294988
chr5	150447739	150451739	RPS14	-	4	Housekeeping	150449739	19.0	2.4438747569882935
chr5	150757095	150761095	DCTN4	-	0	Housekeeping	150759095	17.0	0.7166761502179497
chr5	151769045	151773045	G3BP1	+	2	Housekeeping	151771045	7.0	0.23667233968637902
chr5	151770532	151774532	ATOX1	-	0	Housekeeping	151772532	7.0	0.22713371857065567
chr5	154680986	154684986	LARP1	+	3	Housekeeping	154682986	8.0	1.3706024844049125
chr5	154939073	154943073	MRPL22	+	4	Housekeeping	154941073	7.0	0.2503887354450285
chr5	160007113	160011113	TTC1	+	4	Housekeeping	160009113	8.0	2.293654514081993
chr5	160419711	160423711	SLU7	-	0	Housekeeping	160421711	8.0	1.569680671915421
chr5	168577368	168581368	PANK3	-	2	Housekeeping	168579368	3.0	0.23789398306774956
chr5	171385116	171389116	NPM1	+	4	Housekeeping	171387116	3.0	0.6003797518707188
chr5	172832251	172836251	ERGIC1	+	1	Housekeeping	172834251	9.0	4.1443638546272155
chr5	172981771	172985771	ATP6V0E1	+	4	Housekeeping	172983771	8.0	1.0008940482853745
chr5	173614659	173618659	BOD1	-	1	Housekeeping	173616659	6.0	1.78366961627205
chr5	176386751	176390751	HIGD2A	+	4	Housekeeping	176388751	15.0	0.8567351324759898
chr5	176445628	176449628	FAF2	+	5	Housekeeping	176447628	16.0	0.4757519981623659
chr5	176536025	176540025	RNF44	-	1	Housekeeping	176538025	17.0	1.30862827042165
chr5	177349840	177353840	LMAN2	-	3	Housekeeping	177351840	22.0	0.8384874181942337
chr5	177590203	177594203	TMED9	+	2	Housekeeping	177592203	20.0	0.43598473894121526
chr5	177598132	177602132	B4GALT7	+	3	Housekeeping	177600132	20.0	0.39630824851371926
chr5	178202533	178206533	HNRNPAB	+	4	Housekeeping	178204533	11.0	2.835116994650946
chr5	179730822	179734822	MAML1	+	2	Housekeeping	179732822	14.0	0.20914570558971946
chr5	181246096	181250096	RACK1	-	4	Housekeeping	181248096	11.0	0.7314504508858022
chr6	289630	293630	DUSP22	+	1	Housekeeping	291630	3.0	1.905048117868553
chr6	2763393	2767393	WRNIP1	+	2	Housekeeping	2765393	10.0	2.3829072054393574
chr6	10720915	10724915	TMEM14C	+	2	Housekeeping	10722915	13.0	1.353646659861809
chr6	10745759	10749759	TMEM14B	+	1	Housekeeping	10747759	13.0	1.4743031984716737
chr6	13613335	13617335	NOL7	+	1	Housekeeping	13615335	6.0	0.3719610065551038
chr6	13709835	13713835	RANBP9	-	1	Housekeeping	13711835	7.0	0.831268575673505
chr6	17598302	17602302	FAM8A1	+	3	Housekeeping	17600302	5.0	0.49237456820229397
chr6	17704925	17708925	NUP153	-	3	Housekeeping	17706925	7.0	1.6178093964119
chr6	18262548	18266548	DEK	-	1	Housekeeping	18264548	5.0	0.43309070293204854
chr6	24718825	24722825	C6orf62	-	2	Housekeeping	24720825	11.0	0.7741302567621489
chr6	26536366	26540366	HMGN4	+	2	Housekeeping	26538366	36.0	0.09433432393322505
chr6	30064709	30068709	PPP1R11	+	0	Housekeeping	30066709	20.0	0.6380386102975422
chr6	30487509	30491509	HLA-E	+	4	Housekeeping	30489509	31.0	0.3283149285915954
chr6	30616612	30620612	PPP1R10	-	3	Housekeeping	30618612	30.0	0.12942945307742093
chr6	31270130	31274130	HLA-C	-	0	Housekeeping	31272130	50.0	1.6733323428263702
chr6	31650705	31654705	BAG6	-	4	Housekeeping	31652705	62.0	0.5374361621625212
chr6	31658778	31662778	C6orf47	-	1	Housekeeping	31660778	64.0	0.11385513820179938
chr6	31804966	31808966	LSM2	-	9	Housekeeping	31806966	69.0	0.12450277218150063
chr6	32126253	32130253	ATF6B	-	1	Housekeeping	32128253	58.0	0.1748453106593928
chr6	32176096	32180096	AGPAT1	-	0	Housekeeping	32178096	52.0	0.8984080740971478
chr6	32188202	32192202	PBX2	-	0	Housekeeping	32190202	51.0	1.1524115596255768
chr6	33198305	33202305	SLC39A7	+	1	Housekeeping	33200305	37.0	0.542228736556396
chr6	33198665	33202665	RXRB	-	1	Housekeeping	33200665	37.0	0.5421593697293758
chr6	33206500	33210500	RING1	+	1	Housekeeping	33208500	37.0	0.5180693056664154
chr6	33270047	33274047	VPS52	-	4	Housekeeping	33272047	37.0	0.47406392156744914
chr6	33270075	33274075	RPS18	+	4	Housekeeping	33272075	37.0	0.47405118790116774
chr6	33287247	33291247	WDR46	-	0	Housekeeping	33289247	38.0	0.18473769440880972
chr6	33312284	33316284	TAPBP	-	0	Housekeeping	33314284	39.0	0.27215921582083524
chr6	33408399	33412399	PHF1	+	3	Housekeeping	33410399	33.0	0.07538294371038035
chr6	33416317	33420317	CUTA	-	0	Housekeeping	33418317	33.0	0.07642515169017372
chr6	33787130	33791130	LEMD2	-	0	Housekeeping	33789130	21.0	0.7575279647825539
chr6	34424069	34428069	RPS10	-	7	Housekeeping	34426069	12.0	0.7360556366955961
chr6	34424071	34428071	RPS10-NUDT3	-	7	Housekeeping	34426071	12.0	0.7360871414226722
chr6	34755505	34759505	SNRPC	+	7	Housekeeping	34757505	11.0	0.051628392281202196
chr6	34887192	34891192	TAF11	-	2	Housekeeping	34889192	14.0	0.1040198676438564
chr6	34887255	34891255	ANKS1A	+	2	Housekeeping	34889255	14.0	0.10414707317849548
chr6	35466401	35470401	RPL10A	+	2	Housekeeping	35468401	15.0	1.227935434932661
chr6	36440767	36444767	KCTD20	+	1	Housekeeping	36442767	15.0	0.12081279314891447
chr6	36545479	36549479	STK38	-	3	Housekeeping	36547479	16.0	0.24286880583410664
chr6	36592353	36596353	SRSF3	+	4	Housekeeping	36594353	16.0	0.6341590909090655
chr6	36869870	36873870	C6orf89	+	2	Housekeeping	36871870	17.0	0.3888684582868507
chr6	36984298	36988298	MTCH1	-	0	Housekeeping	36986298	15.0	3.5301628556500475
chr6	37255772	37259772	TBC1D22B	+	1	Housekeeping	37257772	13.0	0.41040018639513676
chr6	37431219	37435219	CMTR1	+	2	Housekeeping	37433219	11.0	0.6178766819012793
chr6	37817727	37821727	ZFAND3	+	1	Housekeeping	37819727	4.0	0.4637057606206696
chr6	41785662	41789662	TOMM6	+	3	Housekeeping	41787662	20.0	1.4936471921988215
chr6	42215861	42219861	MRPS10	-	6	Housekeeping	42217861	19.0	1.352391526968475
chr6	42877616	42881616	RPL7L1	+	7	Housekeeping	42879616	26.0	0.7087343782065147
chr6	43014868	43018868	MEA1	-	2	Housekeeping	43016868	30.0	0.3739326651719921
chr6	43019623	43023623	RRP36	+	7	Housekeeping	43021623	31.0	0.37413228142241906
chr6	43227481	43231481	DNPH1	-	6	Housekeeping	43229481	35.0	0.6994117989296456
chr6	43514985	43518985	YIPF3	-	2	Housekeeping	43516985	26.0	1.210172186807199
chr6	43627540	43631540	MAD2L1BP	+	4	Housekeeping	43629540	22.0	0.37534636714667613
chr6	43685791	43689791	MRPS18A	-	2	Housekeeping	43687791	21.0	2.1752721598163305
chr6	44125452	44129452	MRPL14	-	2	Housekeeping	44127452	19.0	2.0645007367141943
chr6	44244166	44248166	HSP90AB1	+	2	Housekeeping	44246166	15.0	2.018725316365959
chr6	44385706	44389706	CDC5L	+	0	Housekeeping	44387706	14.0	0.435148820075284
chr6	52282881	52286881	MCM3	-	0	Housekeeping	52284881	8.0	0.8918502723780364
chr6	70665776	70669776	SMAP1	+	1	Housekeeping	70667776	4.0	1.150738598481098
chr6	73523587	73527587	EEF1A1	-	5	Housekeeping	73525587	11.0	0.2108884103785158
chr6	75282948	75286948	TMEM30A	-	1	Housekeeping	75284948	5.0	0.31225394882312685
chr6	79232689	79236689	HMGN3	-	0	Housekeeping	79234689	4.0	0.16744203216887854
chr6	87700233	87704233	AKIRIN2	-	2	Housekeeping	87702233	10.0	0.6667016531149272
chr6	89350722	89354722	UBE2J1	-	3	Housekeeping	89352722	11.0	0.7050475886865115
chr6	96519595	96523595	UFL1	+	0	Housekeeping	96521595	4.0	0.043651351351456924
chr6	99423331	99427331	PNISR	-	1	Housekeeping	99425331	7.0	0.3155962506751564
chr6	105452062	105456062	PREP	-	1	Housekeeping	105454062	2.0	1.0774072803290835
chr6	108259246	108263246	SNX3	-	5	Housekeeping	108261246	6.0	0.09771524469684323
chr6	110956706	110960706	GTF3C6	+	6	Housekeeping	110958706	6.0	0.27833159743295255
chr6	116277930	116281930	TSPYL1	-	1	Housekeeping	116279930	15.0	0.10460450993491577
chr6	122469807	122473807	SERINC1	-	3	Housekeeping	122471807	4.0	0.06298007347993462
chr6	125300078	125304078	HDDC2	-	1	Housekeeping	125302078	4.0	0.8236408050846933
chr6	125954770	125958770	HINT3	+	0	Housekeeping	125956770	4.0	1.1140053422653295
chr6	132812569	132816569	RPS12	+	2	Housekeeping	132814569	12.0	0.30972943404123043
chr6	143841338	143845338	LTV1	+	2	Housekeeping	143843338	11.0	0.9523128452491392
chr6	144093573	144097573	SF3B5	-	3	Housekeeping	144095573	7.0	1.153243867739775
chr6	149544043	149548043	PPIL4	-	4	Housekeeping	149546043	15.0	0.10691307257928884
chr6	149564294	149568294	GINM1	+	4	Housekeeping	149566294	15.0	0.07885107284607784
chr6	149747444	149751444	PCMT1	+	4	Housekeeping	149749444	16.0	0.05428993895861822
chr6	157698387	157702387	SNX9	+	1	Housekeeping	157700387	5.0	1.426059718987176
chr6	158642743	158646743	DYNLT1	-	2	Housekeeping	158644743	8.0	0.5881338664985947
chr6	159723585	159727585	WTAP	+	4	Housekeeping	159725585	8.0	0.0864225582907352
chr6	159787812	159791812	MRPL18	+	2	Housekeeping	159789812	9.0	1.2648538307615809
chr6	166340576	166344576	SFT2D1	-	3	Housekeeping	166342576	5.0	1.1808721087746221
chr6	169700126	169704126	C6orf120	+	0	Housekeeping	169702126	6.0	0.18243060138587452
chr6	169723566	169727566	PHF10	-	1	Housekeeping	169725566	6.0	0.12454666986826624
chr7	1528702	1532702	MAFK	+	4	Housekeeping	1530702	10.0	1.2501010653921574
chr7	1569005	1573005	PSMG3	-	5	Housekeeping	1571005	9.0	2.9028014699948246
chr7	2352086	2356086	EIF3B	+	6	Housekeeping	2354086	12.0	1.1062213906945928
chr7	5779696	5783696	RNF216	-	8	Housekeeping	5781696	13.0	0.7183965372171208
chr7	5896725	5900725	CCZ1	+	7	Housekeeping	5898725	16.0	3.3328726154718424
chr7	6346981	6350981	FAM220A	-	10	Housekeeping	6348981	21.0	2.226076872415561
chr7	6482190	6486190	KDELR2	-	9	Housekeeping	6484190	18.0	1.4980473665164595
chr7	10938153	10942153	NDUFA4	-	0	Housekeeping	10940153	1.0	0.5448392341463304
chr7	22820849	22824849	TOMM7	-	4	Housekeeping	22822849	8.0	1.0525997632885975
chr7	23530041	23534041	TRA2A	-	5	Housekeeping	23532041	8.0	0.895051666315041
chr7	25123260	25127260	CYCS	-	1	Housekeeping	25125260	4.0	1.3334117819814395
chr7	26199162	26203162	CBX3	+	0	Housekeeping	26201162	3.0	0.5098734718981035
chr7	27737331	27741331	TAX1BP1	+	3	Housekeeping	27739331	3.0	0.07787539611484817
chr7	32892131	32896131	KBTBD2	-	4	Housekeeping	32894131	7.0	0.42410181185893236
chr7	33107405	33111405	RP9	-	3	Housekeeping	33109405	4.0	1.0224831087614916
chr7	35695459	35699459	HERPUD2	-	2	Housekeeping	35697459	3.0	0.247900700613215
chr7	42930185	42934185	PSMA2	-	3	Housekeeping	42932185	4.0	0.4763580370490672
chr7	42930376	42934376	MRPL32	+	3	Housekeeping	42932376	4.0	0.47366853538179043
chr7	43867893	43871893	MRPS24	-	0	Housekeeping	43869893	16.0	0.42360175427418767
chr7	43904589	43908589	URGCP-MRPS24	-	2	Housekeeping	43906589	16.0	0.32906823755538994
chr7	44122358	44126358	POLD2	-	4	Housekeeping	44124358	20.0	1.5576902588877317
chr7	44198959	44202959	YKT6	+	0	Housekeeping	44200959	20.0	1.7625824870491158
chr7	44580287	44584287	TMED4	-	6	Housekeeping	44582287	17.0	0.46173166206230576
chr7	44794680	44798680	PPIA	+	4	Housekeeping	44796680	14.0	0.1548389289875729
chr7	44883530	44887530	PURB	-	2	Housekeeping	44885530	13.0	0.4568661338147706
chr7	55949877	55953877	MRPS17	+	7	Housekeeping	55951877	11.0	0.12656864801087409
chr7	56049685	56053685	CCT6A	+	6	Housekeeping	56051685	11.0	0.10326718818888025
chr7	56104479	56108479	CHCHD2	-	4	Housekeeping	56106479	10.0	0.14900397500710483
chr7	66919225	66923225	TMEM248	+	6	Housekeeping	66921225	6.0	0.07270315523186355
chr7	75840602	75844602	RHBDD2	+	7	Housekeeping	75842602	12.0	2.2063195338087382
chr7	77535295	77539295	PTPN12	+	3	Housekeeping	77537295	7.0	0.18786852573143165
chr7	77796434	77800434	TMEM60	-	0	Housekeeping	77798434	4.0	0.055799035373951256
chr7	92445482	92449482	GATAD1	+	1	Housekeeping	92447482	12.0	2.7650310323669203
chr7	96707880	96711880	SEM1	-	1	Housekeeping	96709880	4.0	0.6413353321380555
chr7	98250232	98254232	TECPR1	-	3	Housekeeping	98252232	7.0	0.6240437204522209
chr7	98250379	98254379	BRI3	+	4	Housekeeping	98252379	7.0	0.623750540540442
chr7	99323898	99327898	ARPC1A	+	5	Housekeeping	99325898	24.0	0.2455609782523993
chr7	99406597	99410597	PDAP1	-	1	Housekeeping	99408597	24.0	0.1421578573133786
chr7	99406641	99410641	BUD31	+	1	Housekeeping	99408641	24.0	0.14212146713504126
chr7	99464186	99468186	ATP5MF	-	9	Housekeeping	99466186	26.0	0.05494532872788227
chr7	99464197	99468197	ATP5MF-PTCD1	-	9	Housekeeping	99466197	26.0	0.05491979809661984
chr7	100013572	100017572	ZKSCAN1	+	4	Housekeeping	100015572	40.0	0.31728012652166626
chr7	100086969	100090969	COPS6	+	4	Housekeeping	100088969	41.0	0.1319095485659716
chr7	100146912	100150912	LAMTOR4	+	7	Housekeeping	100148912	42.0	0.13160717503538422
chr7	100426322	100430322	MEPCE	+	3	Housekeeping	100428322	47.0	0.03173003102347138
chr7	100477232	100481232	TSC22D4	-	7	Housekeeping	100479232	47.0	0.20576426694248084
chr7	100584129	100588129	LRCH4	-	3	Housekeeping	100586129	46.0	0.7000695123110745
chr7	100704121	100708121	POP7	+	6	Housekeeping	100706121	39.0	0.3522338353472776
chr7	101216165	101220165	ZNHIT1	+	4	Housekeeping	101218165	23.0	0.8346169666893388
chr7	101216420	101220420	PLOD3	-	4	Housekeeping	101218420	23.0	0.8331647524458674
chr7	101250316	101254316	FIS1	-	7	Housekeeping	101252316	21.0	1.1330330478946848
chr7	102476922	102480922	POLR2J	-	5	Housekeeping	102478922	20.0	0.7310570024776553
chr7	106110589	106114589	SYPL1	-	2	Housekeeping	106112589	3.0	1.0413713722280704
chr7	108567867	108571867	DNAJB9	+	1	Housekeeping	108569867	4.0	0.834731854056372
chr7	112420887	112424887	IFRD1	+	1	Housekeeping	112422887	6.0	0.6947090715391369
chr7	123747003	123751003	WASL	-	0	Housekeeping	123749003	7.0	0.07468949886117571
chr7	127586386	127590386	ARF5	+	1	Housekeeping	127588386	7.0	0.27774242348158396
chr7	128860856	128864856	ATP6V1F	+	5	Housekeeping	128862856	16.0	0.7244268747299998
chr7	130068534	130072534	KLHDC10	+	3	Housekeeping	130070534	11.0	0.5687682919906933
chr7	134644811	134648811	BPGM	+	3	Housekeeping	134646811	6.0	1.6487512241224067
chr7	135975359	135979359	MTPN	-	1	Housekeeping	135977359	5.0	0.2875727236389025
chr7	140477536	140481536	MKRN1	-	5	Housekeeping	140479536	8.0	3.4221867816069107
chr7	140688777	140692777	NDUFB2	+	4	Housekeeping	140690777	8.0	0.4599130284421449
chr7	141736334	141740334	SSBP1	+	1	Housekeeping	141738334	13.0	0.23681070643107205
chr7	143242093	143246093	GSTK1	+	1	Housekeeping	143244093	24.0	0.08809513869863395
chr7	143379295	143383295	ZYX	+	0	Housekeeping	143381295	22.0	3.3802165047094945
chr7	143900198	143904198	TCAF1	-	1	Housekeeping	143902198	23.0	0.4247719680404316
chr7	148695914	148699914	CUL1	+	0	Housekeeping	148697914	7.0	2.4552856688879388
chr7	149459062	149463062	ZNF777	-	1	Housekeeping	149461062	12.0	1.9326120808108271
chr7	151083831	151087831	AGAP3	+	1	Housekeeping	151085831	30.0	0.9249592721670297
chr7	151225166	151229166	ABCF2-H2BK1	-	2	Housekeeping	151227166	25.0	4.8619963369597485
chr7	151225205	151229205	ABCF2	-	2	Housekeeping	151227205	25.0	4.86237763364926
chr7	151518120	151522120	RHEB	-	2	Housekeeping	151520120	22.0	0.3606330091452037
chr7	152023674	152027674	GALNT11	+	1	Housekeeping	152025674	3.0	1.957882198152845
chr7	157333381	157337381	DNAJB6	+	7	Housekeeping	157335381	4.0	0.9867798800115679
chr7	158828253	158832253	ESYT2	-	1	Housekeeping	158830253	4.0	0.6608461252739062
chr8	9553912	9557912	TNKS	+	1	Housekeeping	9555912	2.0	1.0007100543813152
chr8	11867533	11871533	CTSB	-	5	Housekeeping	11869533	15.0	1.9408647595153994
chr8	17244878	17248878	CNOT7	-	1	Housekeeping	17246878	7.0	0.6443344987115296
chr8	19815391	19819391	INTS10	+	2	Housekeeping	19817391	5.0	1.415056095589975
chr8	22602757	22606757	CCAR2	+	0	Housekeeping	22604757	23.0	1.717743710532531
chr8	23268120	23272120	R3HCC1	+	5	Housekeeping	23270120	13.0	1.7479201311115844
chr8	23455695	23459695	ENTPD4	-	1	Housekeeping	23457695	14.0	0.6374191903186954
chr8	25456476	25460476	KCTD9	-	0	Housekeeping	25458476	3.0	0.07825340717985796
chr8	26381054	26385054	BNIP3L	+	2	Housekeeping	26383054	5.0	0.6442863451966474
chr8	28400701	28404701	ZNF395	-	2	Housekeeping	28402701	9.0	2.2518612046729913
chr8	30081208	30085208	SARAF	-	2	Housekeeping	30083208	4.0	0.29291277900725277
chr8	30154319	30158319	DCTN6	+	3	Housekeeping	30156319	5.0	0.4335228691930837
chr8	30812314	30816314	PPP2CB	-	3	Housekeeping	30814314	8.0	0.5513726925278917
chr8	37847861	37851861	BRF2	-	5	Housekeeping	37849861	15.0	2.55087105883959
chr8	38174730	38178730	LSM1	-	3	Housekeeping	38176730	18.0	1.3485845555530318
chr8	41575187	41579187	GPAT4	+	3	Housekeeping	41577187	6.0	0.5715604824753484
chr8	42389624	42393624	VDAC3	+	3	Housekeeping	42391624	12.0	0.41484752297932914
chr8	42539155	42543155	SMIM19	+	2	Housekeeping	42541155	15.0	0.20793307048478482
chr8	54133241	54137241	MRPL15	+	3	Housekeeping	54135241	6.0	0.47903097909312464
chr8	58550924	58554924	SDCBP	+	0	Housekeeping	58552924	3.0	0.18649596556727488
chr8	65632217	65636217	ARMC1	-	7	Housekeeping	65634217	4.0	0.0818162824224089
chr8	67081783	67085783	COPS5	-	4	Housekeeping	67083783	9.0	0.007577946712871153
chr8	70606416	70610416	TRAM1	-	1	Housekeeping	70608416	3.0	0.0855191582600412
chr8	73293789	73297789	RPL7	-	0	Housekeeping	73295789	5.0	0.9323851701647357
chr8	80028289	80032289	MRPS28	-	3	Housekeeping	80030289	5.0	0.31825170281848614
chr8	86512357	86516357	RMDN1	-	3	Housekeeping	86514357	6.0	1.1882071741950995
chr8	96233546	96237546	UQCRB	-	2	Housekeeping	96235546	5.0	0.5053693615425914
chr8	97642184	97646184	MTDH	+	3	Housekeeping	97644184	7.0	0.21608279822174836
chr8	98044469	98048469	RPL30	-	4	Housekeeping	98046469	8.0	4.658356674061963
chr8	100148623	100152623	POLR2K	+	2	Housekeeping	100150623	6.0	0.20575792134437165
chr8	100334218	100338218	RNF19A	-	1	Housekeeping	100336218	8.0	0.4403704003108544
chr8	100720809	100724809	PABPC1	-	2	Housekeeping	100722809	5.0	0.7407458418657598
chr8	100951388	100955388	YWHAZ	-	1	Housekeeping	100953388	4.0	1.7966901300802363
chr8	101204193	101208193	ZNF706	-	1	Housekeeping	101206193	3.0	0.515909975669615
chr8	102891864	102895864	AZIN1	-	4	Housekeeping	102893864	8.0	0.2783169737320179
chr8	108441496	108445496	EIF3E	-	0	Housekeeping	108443496	3.0	0.0857429710144686
chr8	108441601	108445601	EMC2	+	0	Housekeeping	108443601	3.0	0.08490791666659447
chr8	109537711	109541711	EBAG9	+	1	Housekeeping	109539711	7.0	0.15375464129817829
chr8	116764925	116768925	EIF3H	-	2	Housekeeping	116766925	4.0	1.5668463306323588
chr8	123040302	123044302	DERL1	-	2	Housekeeping	123042302	9.0	1.7811898269235371
chr8	124472866	124476866	RNF139	+	0	Housekeeping	124474866	6.0	1.8042839786554055
chr8	124537101	124541101	NDUFB9	+	1	Housekeeping	124539101	7.0	0.6442249422838131
chr8	143015982	143019982	LY6E	+	0	Housekeeping	143017982	25.0	1.5186295007808326
chr8	143539447	143543447	ZC3H3	-	4	Housekeeping	143541447	32.0	0.721443378787967
chr8	143597541	143601541	EEF1D	-	0	Housekeeping	143599541	35.0	1.883949704058523
chr8	143988056	143992056	GRINA	+	2	Housekeeping	143990056	51.0	0.3210367771296774
chr8	144076648	144080648	EXOSC4	+	2	Housekeeping	144078648	54.0	0.4782410749047017
chr8	144093039	144097039	CYC1	+	4	Housekeeping	144095039	53.0	0.39232656092480056
chr8	144102420	144106420	MAF1	+	1	Housekeeping	144104420	51.0	0.2914740140025174
chr8	144106124	144110124	SHARPIN	-	0	Housekeeping	144108124	51.0	0.2521032186299976
chr8	144289591	144293591	HSF1	+	3	Housekeeping	144291591	46.0	1.4883642759482996
chr8	144426563	144430563	VPS28	-	2	Housekeeping	144428563	47.0	0.9844237785623022
chr8	144515992	144519992	LRRC14	+	0	Housekeeping	144517992	44.0	0.2099581041201759
chr8	144754417	144758417	ZNF251	-	3	Housekeeping	144756417	35.0	0.2570010180107829
chr8	144790587	144794587	RPL8	-	1	Housekeeping	144792587	32.0	0.2574280569893972
chr9	4677559	4681559	CDC37L1	+	1	Housekeeping	4679559	7.0	3.38748828696831
chr9	4740043	4744043	AK3	-	3	Housekeeping	4742043	9.0	3.740735449735446
chr9	7886380	7890380	DMAC1	-	1	Housekeeping	7888380	0.0	1.7568285541381812
chr9	19047427	19051427	RRAGA	+	2	Housekeeping	19049427	6.0	0.35649656512852346
chr9	19378236	19382236	RPS6	-	3	Housekeeping	19380236	7.0	0.5770314622957073
chr9	32571184	32575184	NDUFB6	-	0	Housekeeping	32573184	9.0	2.2432127148580605
chr9	33023273	33027273	DNAJA1	+	3	Housekeeping	33025273	18.0	0.117220004174996
chr9	33074674	33078674	SMU1	-	7	Housekeeping	33076674	13.0	0.8310921686666006
chr9	33262720	33266720	BAG1	-	1	Housekeeping	33264720	13.0	0.341930668698609
chr9	33262879	33266879	CHMP5	+	1	Housekeeping	33264879	13.0	0.34154555592493807
chr9	33288512	33292512	NFX1	+	2	Housekeeping	33290512	12.0	0.11268290720146013
chr9	33815160	33819160	UBE2R2	+	2	Housekeeping	33817160	8.0	0.106160092380847
chr9	34125399	34129399	DCAF12	-	5	Housekeeping	34127399	14.0	0.5422570847513697
chr9	34618523	34622523	DCTN3	-	0	Housekeeping	34620523	31.0	0.31836398603218186
chr9	35101195	35105195	STOML2	-	0	Housekeeping	35103195	24.0	0.8272727135155122
chr9	35730598	35734598	CREB3	+	2	Housekeeping	35732598	28.0	0.34242918080579443
chr9	35747287	35751287	RGP1	+	0	Housekeeping	35749287	28.0	0.26423306108362965
chr9	35813354	35817354	HINT2	-	1	Housekeeping	35815354	29.0	0.2636769695563146
chr9	36188856	36192856	CLTA	+	0	Housekeeping	36190856	22.0	0.7410057382912782
chr9	37420666	37424666	GRHPR	+	4	Housekeeping	37422666	12.0	1.8378975197962433
chr9	37483948	37487948	POLR1E	+	2	Housekeeping	37485948	12.0	0.9289939783150913
chr9	37590604	37594604	TOMM5	-	5	Housekeeping	37592604	13.0	0.8204012472668154
chr9	83705958	83709958	UBQLN1	-	0	Housekeeping	83707958	7.0	0.577498058690793
chr9	93132251	93136251	NINJ1	-	1	Housekeeping	93134251	10.0	2.4060975788530925
chr9	94372569	94376569	MFSD14B	+	4	Housekeeping	94374569	7.0	0.07977796919533375
chr9	96448169	96452169	HABP4	+	1	Housekeeping	96450169	9.0	0.04305376527483418
chr9	97631668	97635668	NCBP1	+	3	Housekeeping	97633668	12.0	0.13671921346784188
chr9	97981341	97985341	ANP32B	+	0	Housekeeping	97983341	11.0	0.6082967783345339
chr9	99220064	99224064	SEC61B	+	2	Housekeeping	99222064	5.0	1.2434976058516156
chr9	100097052	100101052	ERP44	-	0	Housekeeping	100099052	8.0	0.04095796827328968
chr9	101531853	101535853	RNF20	+	2	Housekeeping	101533853	7.0	0.3612339777718887
chr9	107281137	107285137	RAD23B	+	1	Housekeeping	107283137	2.0	0.2708146695388791
chr9	109117947	109121947	TMEM245	-	1	Housekeeping	109119947	9.0	0.23440951010272215
chr9	111629386	111633386	DNAJC25-GNG10	+	1	Housekeeping	111631386	8.0	0.9842063036559523
chr9	111659605	111663605	GNG10	+	1	Housekeeping	111661605	8.0	0.9720533980113544
chr9	113273572	113277572	CDC26	-	3	Housekeeping	113275572	15.0	0.2805806379504361
chr9	113408675	113412675	POLE3	-	3	Housekeeping	113410675	15.0	4.932473988010173
chr9	114585706	114589706	ATP6V1G1	+	2	Housekeeping	114587706	11.0	1.9240422025944781
chr9	120791416	120795416	FBXW2	-	2	Housekeeping	120793416	10.0	0.049474975874375104
chr9	120840951	120844951	PSMD5	-	3	Housekeeping	120842951	10.0	0.5916113970735637
chr9	121221014	121225014	RAB14	-	3	Housekeeping	121223014	11.0	0.2045000032907751
chr9	122903359	122907359	RC3H2	-	2	Housekeeping	122905359	21.0	0.08264529869336457
chr9	122938833	122942833	RABGAP1	+	3	Housekeeping	122940833	21.0	0.04200593466663349
chr9	124413444	124417444	PSMB7	-	2	Housekeeping	124415444	10.0	2.835566129776055
chr9	124859981	124863981	RPL35	-	4	Housekeeping	124861981	13.0	1.3472186051581048
chr9	125187939	125191939	PPP6C	-	7	Housekeeping	125189939	10.0	0.11656895410908419
chr9	128126462	128130462	PTGES2	-	2	Housekeeping	128128462	31.0	1.9227423914375663
chr9	128369361	128373361	URM1	+	4	Housekeeping	128371361	31.0	0.48366991942458526
chr9	128770414	128774414	ZER1	-	8	Housekeeping	128772414	31.0	0.4191012328766419
chr9	129606884	129610884	NTMT1	+	1	Housekeeping	129608884	14.0	3.2468876065362906
chr9	129801157	129805157	TOR1B	+	6	Housekeeping	129803157	12.0	2.20828169974709
chr9	129833863	129837863	C9orf78	-	0	Housekeeping	129835863	12.0	0.3415191248140559
chr9	130576965	130580965	FUBP3	+	2	Housekeeping	130578965	10.0	3.382553662636383
chr9	133346218	133350218	RPL7A	+	1	Housekeeping	133348218	26.0	0.628931927203098
chr9	133354550	133358550	SURF2	+	1	Housekeeping	133356550	26.0	0.5654707589101804
chr9	133374166	133378166	SURF4	-	2	Housekeeping	133376166	26.0	0.32271020787476346
chr9	133416096	133420096	REXO4	-	6	Housekeeping	133418096	24.0	0.4832054582621481
chr9	134066535	134070535	BRD3	-	1	Housekeeping	134068535	7.0	1.4435614678345132
chr9	135959373	135963373	UBAC1	-	2	Housekeeping	135961373	25.0	3.6753507381814643
chr9	136361744	136365744	DNLZ	-	0	Housekeeping	136363744	31.0	1.5903093783671807
chr9	136805943	136809943	RABL6	+	2	Housekeeping	136807943	63.0	1.12562504342975
chr9	136864308	136868308	EDF1	-	6	Housekeeping	136866308	61.0	0.5565953070097862
chr9	136942738	136946738	FBXW5	-	0	Housekeeping	136944738	58.0	0.9625548921042082
chr9	137116309	137120309	DPP7	-	5	Housekeeping	137118309	62.0	1.127983484723245
chr9	137186560	137190560	ANAPC2	-	0	Housekeeping	137188560	61.0	2.5411186742084624
chr9	137186660	137190660	SSNA1	+	0	Housekeeping	137188660	61.0	2.5446498618777014
chr9	137203648	137207648	TMEM203	-	1	Housekeeping	137205648	61.0	2.874125121013549
chr9	137253327	137257327	NELFB	+	0	Housekeeping	137255327	57.0	4.460050643052398
chr9	137549879	137553879	MRPL41	+	3	Housekeeping	137551879	35.0	1.8604477355219728
chr9	137588512	137592512	ZMYND19	-	3	Housekeeping	137590512	31.0	1.403517722455092
chrX	1390113	1394113	SLC25A6	-	8	Housekeeping	1392113	7.0	4.922665976424909
chrX	2689187	2693187	CD99	+	2	Housekeeping	2691187	8.0	7.791024192212284
chrX	12973110	12977110	TMSB4X	+	0	Housekeeping	12975110	5.0	3.400482542357963
chrX	13687128	13691128	RAB9A	+	0	Housekeeping	13689128	7.0	2.4154455798912267
chrX	20139838	20143838	EIF1AX	-	2	Housekeeping	20141838	4.0	0.1176731175215906
chrX	37845571	37849571	DYNLT3	-	2	Housekeeping	37847571	11.0	4.020288416656257
chrX	47188861	47192861	UBA1	+	5	Housekeeping	47190861	16.0	0.029134599303546338
chrX	47230866	47234866	USP11	+	1	Housekeeping	47232866	16.0	0.10055481024281221
chrX	47559205	47563205	ARAF	+	3	Housekeeping	47561205	16.0	2.181582966040594
chrX	47648604	47652604	ELK1	-	0	Housekeeping	47650604	15.0	1.8330139143652957
chrX	48588042	48592042	WDR13	+	6	Housekeeping	48590042	31.0	0.041100709874655195
chrX	48896143	48900143	TIMM17B	-	6	Housekeeping	48898143	41.0	0.1931536752574914
chrX	49121735	49125735	GPKOW	-	6	Housekeeping	49123735	41.0	0.1989319920208743
chrX	54438404	54442404	TSR2	+	5	Housekeeping	54440404	8.0	1.465367848964263
chrX	54805599	54809599	MAGED2	+	0	Housekeeping	54807599	14.0	0.2890371700813432
chrX	65586377	65590377	MSN	+	2	Housekeeping	65588377	2.0	0.2773315417746858
chrX	68496562	68500562	YIPF6	+	4	Housekeeping	68498562	3.0	0.03899843585074336
chrX	70288514	70292514	PDZD11	-	1	Housekeeping	70290514	11.0	0.23799958708522695
chrX	71071426	71075426	SNX12	-	1	Housekeeping	71073426	14.0	0.26024815221134645
chrX	72179353	72183353	PIN4	+	1	Housekeeping	72181353	9.0	0.8250919128559531
chrX	72275248	72279248	RPS4X	-	2	Housekeeping	72277248	9.0	0.5370301173638836
chrX	76171040	76175040	PBDC1	+	2	Housekeeping	76173040	2.0	0.14688000000006696
chrX	78137650	78141650	TAF9B	-	3	Housekeeping	78139650	7.0	0.046544265507009186
chrX	81200102	81204102	SH3BGRL	+	0	Housekeeping	81202102	2.0	0.12284927346954078
chrX	101388824	101392824	RPL36A	+	0	Housekeeping	101390824	17.0	0.557474129916784
chrX	101389011	101393011	RPL36A-HNRNPH2	+	1	Housekeeping	101391011	17.0	0.5577476692454297
chrX	101620797	101624797	ARMCX3	+	0	Housekeeping	101622797	13.0	0.21712269127561967
chrX	103574231	103578231	TCEAL4	+	2	Housekeeping	103576231	18.0	0.06231430743184774
chrX	103686158	103690158	MORF4L2	-	1	Housekeeping	103688158	21.0	0.6880303115910635
chrX	108089549	108093549	PSMD10	-	1	Housekeeping	108091549	9.0	0.017325965205543525
chrX	119234245	119238245	PGRMC1	+	1	Housekeeping	119236245	10.0	1.6303617961983718
chrX	119466422	119470422	SLC25A5	+	0	Housekeeping	119468422	17.0	0.7579584132551531
chrX	119789630	119793630	RPL39	-	2	Housekeeping	119791630	17.0	0.6645920614349166
chrX	120592010	120596010	MCTS1	+	4	Housekeeping	120594010	23.0	0.5621035695486398
chrX	130399987	130403987	RBMX2	+	3	Housekeeping	130401987	8.0	0.5116141023250975
chrX	135030355	135034355	RTL8C	+	1	Housekeeping	135032355	20.0	0.36232066468727453
chrX	135050196	135054196	RTL8A	-	2	Housekeeping	135052196	20.0	0.294856720161647
chrX	136495079	136499079	HTATSF1	+	0	Housekeeping	136497079	8.0	2.074800213304968
chrX	153792512	153796512	IDH3G	-	0	Housekeeping	153794512	32.0	0.942899800404291
chrX	154484615	154488615	UBL4A	-	0	Housekeeping	154486615	31.0	0.6366917163245489
chrX	155195007	155199007	VBP1	+	1	Housekeeping	155197007	19.0	0.191499525085419
chrY	1390113	1394113	SLC25A6	-	8	Housekeeping	1392113	7.0	
chrY	2689187	2693187	CD99	+	2	Housekeeping	2691187	5.0	
