chrom	start	end	gene	fixed_alu	category	width_kb	PLS_n	ELS_n	CTCF_n	active_all_n	alu_free
chr1	921923	925923	SAMD11	0	HighConfNDD	4.0	2	10	0	12	True
chr1	2225388	2229388	SKI	3	HighConfNDD	4.0	2	11	0	13	False
chr1	8846921	8850921	RERE	6	HighConfNDD	4.0	0	5	0	5	False
chr1	8943867	8947867	CA6	4	HighConfNDD	4.0	1	8	0	9	False
chr1	10794650	10798650	CASZ1	1	HighConfNDD	4.0	1	8	0	10	False
chr1	11260556	11264556	MTOR	7	HighConfNDD	4.0	1	4	0	5	False
chr1	11804455	11808455	MTHFR	2	HighConfNDD	4.0	4	5	0	9	False
chr1	15834095	15838095	SPEN	3	HighConfNDD	4.0	0	12	0	12	False
chr1	22708839	22712839	EPHB2	0	HighConfNDD	4.0	1	9	0	10	True
chr1	23342336	23346336	HNRNPR	3	HighConfNDD	4.0	1	11	0	12	False
chr1	27602431	27606431	AHDC1	0	HighConfNDD	4.0	2	11	0	13	True
chr1	32070031	32074031	TMEM39B	7	HighConfNDD	4.0	2	4	0	6	False
chr1	34927650	34931650	DLGAP3	2	HighConfNDD	4.0	1	8	0	9	False
chr1	35806016	35810016	AGO4	2	HighConfNDD	4.0	1	10	0	11	False
chr1	35867808	35871808	AGO1	8	HighConfNDD	4.0	1	2	0	5	False
chr1	35928718	35932718	AGO3	0	HighConfNDD	4.0	2	7	0	10	True
chr1	37032515	37036515	GRIK3	0	HighConfNDD	4.0	2	10	0	12	True
chr1	37857592	37861592	MTF1	3	HighConfNDD	4.0	2	7	0	9	False
chr1	40095260	40099260	PPT1	3	HighConfNDD	4.0	1	5	1	6	False
chr1	40342850	40346850	SMAP2	5	HighConfNDD	4.0	0	2	0	3	False
chr1	40663682	40667682	RIMS3	1	HighConfNDD	4.0	3	7	0	10	False
chr1	42033925	42037925	HIVEP3	1	HighConfNDD	4.0	2	8	0	10	False
chr1	43387882	43391882	SZT2	2	HighConfNDD	4.0	1	6	0	7	False
chr1	46218305	46222305	POMGNT1	4	HighConfNDD	4.0	1	5	0	6	False
chr1	50021954	50025954	AGBL4	0	HighConfNDD	4.0	1	2	0	3	True
chr1	52925276	52929276	SCP2	4	HighConfNDD	4.0	1	7	0	8	False
chr1	53194792	53198792	CPT2	0	HighConfNDD	4.0	1	9	0	10	True
chr1	53737164	53741164	GLIS1	0	HighConfNDD	4.0	1	11	0	12	True
chr1	60863259	60867259	NFIA	0	HighConfNDD	4.0	1	7	0	8	True
chr1	61740477	61744477	PATJ	4	HighConfNDD	4.0	1	9	0	10	False
chr1	62686386	62690386	DOCK7	3	HighConfNDD	4.0	2	8	0	11	False
chr1	70203682	70207682	SRSF11	1	HighConfNDD	4.0	2	9	0	11	False
chr1	72280539	72284539	NEGR1	0	HighConfNDD	4.0	2	7	0	9	True
chr1	96719665	96723665	PTBP2	2	HighConfNDD	4.0	4	6	0	10	False
chr1	97993000	97997000	DPYD	1	HighConfNDD	4.0	0	1	0	1	False
chr1	107138007	107142007	NTNG1	0	HighConfNDD	4.0	4	7	0	11	True
chr1	109685814	109689814	GSTM1	0	HighConfNDD	4.0	2	5	0	7	True
chr1	110629474	110633474	KCNA2	2	HighConfNDD	4.0	1	7	0	8	False
chr1	111501633	111505633	ADORA3	0	HighConfNDD	4.0	2	4	0	6	True
chr1	111987668	111991668	KCND3	0	HighConfNDD	4.0	4	8	0	12	True
chr1	114509203	114513203	TRIM33	2	HighConfNDD	4.0	1	11	0	12	False
chr1	114693618	114697618	AMPD1	3	HighConfNDD	4.0	0	4	0	5	False
chr1	114756676	114760676	CSDE1	2	HighConfNDD	4.0	1	4	1	5	False
chr1	115974513	115978513	SLC22A15	1	HighConfNDD	4.0	2	8	0	10	False
chr1	116370668	116374668	ATP1A1	1	HighConfNDD	4.0	2	7	0	9	False
chr1	150267580	150271580	APH1A	4	HighConfNDD	4.0	3	4	0	8	False
chr1	150924263	150928263	SETDB1	7	HighConfNDD	4.0	1	8	0	9	False
chr1	151457494	151461494	POGZ	4	HighConfNDD	4.0	2	8	0	10	False
chr1	153669028	153673028	ILF2	7	HighConfNDD	4.0	1	8	0	10	False
chr1	154218179	154222179	UBAP2L	0	HighConfNDD	4.0	2	5	0	7	True
chr1	154565778	154569778	CHRNB2	1	HighConfNDD	4.0	2	4	0	8	False
chr1	155561162	155565162	ASH1L	3	HighConfNDD	4.0	4	6	0	11	False
chr1	156570604	156574604	IQGAP3	2	HighConfNDD	4.0	1	5	1	7	False
chr1	156813636	156817636	NTRK1	1	HighConfNDD	4.0	3	8	0	11	False
chr1	158928796	158932796	PYHIN1	0	HighConfNDD	4.0	1	4	0	5	True
chr1	159798511	159802511	FCRL6	1	HighConfNDD	4.0	2	5	0	7	False
chr1	160068483	160072483	KCNJ10	1	HighConfNDD	4.0	2	9	0	11	False
chr1	160113759	160117759	ATP1A2	0	HighConfNDD	4.0	1	11	0	12	True
chr1	164553584	164557584	PBX1	6	HighConfNDD	4.0	0	1	0	1	False
chr1	173712941	173716941	KLHL20	0	HighConfNDD	4.0	1	5	0	6	True
chr1	177162973	177166973	ASTN1	0	HighConfNDD	4.0	2	4	0	6	True
chr1	181315690	181319690	CACNA1E	0	HighConfNDD	4.0	0	7	0	7	True
chr1	186678922	186682922	PTGS2	0	HighConfNDD	4.0	3	8	0	11	True
chr1	197144694	197148694	ASPM	2	HighConfNDD	4.0	2	7	0	10	False
chr1	198636457	198640457	PTPRC	0	HighConfNDD	4.0	1	9	0	10	True
chr1	200618751	200622751	KIF14	4	HighConfNDD	4.0	1	8	0	9	False
chr1	202806487	202810487	KDM5B	0	HighConfNDD	4.0	1	10	0	11	True
chr1	203793623	203797623	ZC3H11A	2	HighConfNDD	4.0	1	7	0	9	False
chr1	205040937	205044937	CNTN2	0	HighConfNDD	4.0	2	10	0	12	True
chr1	205120015	205124015	RBBP5	3	HighConfNDD	4.0	2	4	0	7	False
chr1	206115699	206119699	AVPR1B	3	HighConfNDD	4.0	2	5	0	7	False
chr1	206505531	206509531	RASSF5	0	HighConfNDD	4.0	1	8	0	9	True
chr1	209684178	209688178	HSD11B1	0	HighConfNDD	4.0	1	4	0	5	True
chr1	216421448	216425448	USH2A	1	HighConfNDD	4.0	1	1	0	2	False
chr1	220526136	220530136	MARK1	0	HighConfNDD	4.0	2	9	0	11	True
chr1	229506341	229510341	NUP133	2	HighConfNDD	4.0	1	6	0	7	False
chr1	231526653	231530653	TSNAX-DISC1	1	HighConfNDD	4.0	3	8	0	11	False
chr1	231624790	231628790	DISC1	3	HighConfNDD	4.0	1	7	0	8	False
chr1	239384565	239388565	CHRM3	0	HighConfNDD	4.0	4	5	0	9	True
chr1	241355374	241359374	RGS7	0	HighConfNDD	4.0	3	5	0	9	True
chr1	244449909	244453909	ADSS2	0	HighConfNDD	4.0	0	10	0	10	True
chr1	244862560	244866560	HNRNPU	0	HighConfNDD	4.0	6	9	0	15	True
chr1	247758556	247762556	OR1C1	1	HighConfNDD	4.0	0	0	0	0	False
chr1	248229417	248233417	OR2M4	2	HighConfNDD	4.0	0	0	0	1	False
chr1	248595700	248599700	OR2T10	1	HighConfNDD	4.0	0	0	0	3	False
chr10	128088	132088	ZMYND11	4	HighConfNDD	4.0	0	3	0	4	False
chr10	687668	691668	DIP2C	0	HighConfNDD	4.0	2	11	0	13	True
chr10	10796397	10800397	CELF2	2	HighConfNDD	4.0	2	6	0	8	False
chr10	12041170	12045170	UPF2	2	HighConfNDD	4.0	2	6	0	8	False
chr10	18138424	18142424	CACNB2	3	HighConfNDD	4.0	3	6	0	9	False
chr10	27744060	27748060	MKX	0	HighConfNDD	4.0	3	9	0	12	True
chr10	28530493	28534493	WAC	3	HighConfNDD	4.0	6	5	0	11	False
chr10	43407186	43411186	HNRNPF	5	HighConfNDD	4.0	3	8	0	11	False
chr10	48682873	48686873	WDFY4	3	HighConfNDD	4.0	1	9	0	10	False
chr10	55625942	55629942	PCDH15	0	HighConfNDD	4.0	0	8	0	10	True
chr10	60731490	60735490	ANK3	0	HighConfNDD	4.0	2	8	0	10	True
chr10	63519401	63523401	REEP3	1	HighConfNDD	4.0	1	9	0	10	False
chr10	63519850	63523850	JMJD1C	1	HighConfNDD	4.0	1	10	0	11	False
chr10	67761637	67765637	CTNNA3	2	HighConfNDD	4.0	1	8	0	9	False
chr10	74149202	74153202	ADK	1	HighConfNDD	4.0	2	7	0	10	False
chr10	77636369	77640369	KCNMA1	0	HighConfNDD	4.0	4	7	0	11	True
chr10	79066966	79070966	ZMIZ1	0	HighConfNDD	4.0	3	9	0	12	True
chr10	80342745	80346745	DYDC2	5	HighConfNDD	4.0	1	2	1	3	False
chr10	80354755	80358755	DYDC1	1	HighConfNDD	4.0	2	2	0	5	False
chr10	86364795	86368795	GRID1	0	HighConfNDD	4.0	1	10	0	12	True
chr10	87860638	87864638	PTEN	0	HighConfNDD	4.0	3	10	0	13	True
chr10	91921770	91925770	BTAF1	2	HighConfNDD	4.0	1	7	0	9	False
chr10	92824831	92828831	EXOC6	3	HighConfNDD	4.0	0	3	0	3	False
chr10	93755840	93759840	LGI1	0	HighConfNDD	4.0	2	8	0	10	True
chr10	93891973	93895973	SLC35G1	1	HighConfNDD	4.0	1	8	0	9	False
chr10	100994618	100998618	LZTS2	1	HighConfNDD	4.0	2	10	0	12	False
chr10	101352033	101356033	BTRC	2	HighConfNDD	4.0	2	6	0	8	False
chr10	102118368	102122368	LDB1	0	HighConfNDD	4.0	1	11	0	12	True
chr10	102852272	102856272	BORCS7-ASMT	9	HighConfNDD	4.0	2	3	0	5	False
chr10	104639290	104643290	SORCS3	0	HighConfNDD	4.0	1	8	0	9	True
chr10	110565684	110569684	SMC3	4	HighConfNDD	4.0	1	8	0	9	False
chr10	112948247	112952247	TCF7L2	0	HighConfNDD	4.0	4	6	0	10	True
chr10	126903409	126907409	DOCK1	0	HighConfNDD	4.0	1	10	0	12	True
chr10	129971053	129975053	EBF3	0	HighConfNDD	4.0	1	8	0	11	True
chr11	535321	539321	HRAS	2	HighConfNDD	4.0	3	10	0	13	False
chr11	574470	578470	PHRF1	0	HighConfNDD	4.0	1	12	0	13	True
chr11	705118	709118	DEAF1	0	HighConfNDD	4.0	4	9	0	13	True
chr11	796281	800281	SLC25A22	1	HighConfNDD	4.0	4	6	0	11	False
chr11	840812	844812	TSPAN4	3	HighConfNDD	4.0	4	7	0	11	False
chr11	1387899	1391899	BRSK2	0	HighConfNDD	4.0	3	9	0	12	True
chr11	1762573	1766573	CTSD	3	HighConfNDD	4.0	4	5	0	9	False
chr11	4543191	4547191	OR52M1	0	HighConfNDD	4.0	0	1	0	2	True
chr11	6417414	6421414	APBB1	2	HighConfNDD	4.0	2	5	0	8	False
chr11	6617448	6621448	TPP1	0	HighConfNDD	4.0	2	7	0	9	True
chr11	17732774	17736774	KCNC1	0	HighConfNDD	4.0	1	9	0	10	True
chr11	19348724	19352724	NAV2	0	HighConfNDD	4.0	1	6	0	7	True
chr11	22623509	22627509	GAS2	3	HighConfNDD	4.0	2	8	0	10	False
chr11	31507755	31511755	ELP4	0	HighConfNDD	4.0	1	10	0	11	True
chr11	34049731	34053731	CAPRIN1	1	HighConfNDD	4.0	4	6	0	10	False
chr11	41457773	41461773	LRRC4C	0	HighConfNDD	4.0	2	7	0	10	True
chr11	46119454	46123454	PHF21A	0	HighConfNDD	4.0	4	9	0	13	True
chr11	57333892	57337892	SSRP1	2	HighConfNDD	4.0	1	7	0	8	False
chr11	57751243	57755243	CTNND1	5	HighConfNDD	4.0	3	2	1	6	False
chr11	61428031	61432031	CPSF7	5	HighConfNDD	4.0	4	5	0	9	False
chr11	61678391	61682391	DAGLA	1	HighConfNDD	4.0	1	8	0	9	False
chr11	62554235	62558235	AHNAK	5	HighConfNDD	4.0	0	11	0	11	False
chr11	62725384	62729384	HNRNPUL2-BSCL2	2	HighConfNDD	4.0	4	9	0	13	False
chr11	62725457	62729457	HNRNPUL2	2	HighConfNDD	4.0	4	8	0	12	False
chr11	63367785	63371785	SLC22A9	0	HighConfNDD	4.0	1	3	0	5	True
chr11	63836928	63840928	MARK2	0	HighConfNDD	4.0	2	8	0	10	True
chr11	64721197	64725197	NRXN2	0	HighConfNDD	4.0	2	11	0	13	True
chr11	64776786	64780786	SF1	2	HighConfNDD	4.0	4	6	0	10	False
chr11	65259913	65263913	POLA2	5	HighConfNDD	4.0	1	8	0	10	False
chr11	65593996	65597996	KCNK7	3	HighConfNDD	4.0	1	7	0	10	False
chr11	66068272	66072272	PACS1	0	HighConfNDD	4.0	2	9	0	11	True
chr11	66478013	66482013	DPP3	2	HighConfNDD	4.0	2	9	0	11	False
chr11	66566879	66570879	CTSF	4	HighConfNDD	4.0	2	9	0	11	False
chr11	68211852	68215852	KMT5B	0	HighConfNDD	4.0	2	11	0	13	True
chr11	70268690	70272690	PPFIA1	3	HighConfNDD	4.0	1	9	0	10	False
chr11	71250577	71254577	SHANK2	0	HighConfNDD	4.0	1	11	0	12	True
chr11	71450868	71454868	DHCR7	2	HighConfNDD	4.0	1	9	0	10	False
chr11	76442923	76446923	EMSY	1	HighConfNDD	4.0	2	8	0	10	False
chr11	85626335	85630335	DLG2	0	HighConfNDD	4.0	5	6	0	11	True
chr11	89063982	89067982	GRM5	0	HighConfNDD	4.0	2	2	0	5	True
chr11	99018949	99022949	CNTN5	0	HighConfNDD	4.0	2	5	0	7	True
chr11	101870562	101874562	TRPC6	1	HighConfNDD	4.0	0	2	2	2	False
chr11	107016476	107020476	GUCY1A2	0	HighConfNDD	4.0	3	7	0	10	True
chr11	111764389	111768389	PPP2R1B	1	HighConfNDD	4.0	1	8	0	9	False
chr11	111925144	111929144	DIXDC1	4	HighConfNDD	4.0	4	6	0	11	False
chr11	113473691	113477691	DRD2	0	HighConfNDD	4.0	2	7	0	9	True
chr11	113973075	113977075	HTR3A	2	HighConfNDD	4.0	1	7	0	8	False
chr11	114057041	114061041	ZBTB16	0	HighConfNDD	4.0	6	5	0	11	True
chr11	115502957	115506957	CADM1	1	HighConfNDD	4.0	1	9	1	10	False
chr11	117142284	117146284	PAFAH1B2	1	HighConfNDD	4.0	1	7	0	8	False
chr11	118434456	118438456	KMT2A	0	HighConfNDD	4.0	2	10	0	12	True
chr11	119344705	119348705	MFRP	1	HighConfNDD	4.0	1	6	0	8	False
chr11	120509746	120513746	GRIK4	0	HighConfNDD	4.0	1	8	0	11	True
chr11	121022072	121026072	TBCEL	0	HighConfNDD	4.0	2	6	0	8	True
chr11	121022125	121026125	TBCEL-TECTA	0	HighConfNDD	4.0	2	6	0	8	True
chr11	121099243	121103243	TECTA	0	HighConfNDD	4.0	0	1	1	2	True
chr11	124798706	124802706	MSANTD2	1	HighConfNDD	4.0	3	7	0	10	False
chr11	126267144	126271144	SRPRA	1	HighConfNDD	4.0	1	7	0	8	False
chr11	127001460	127005460	KIRREL3	0	HighConfNDD	4.0	2	6	0	9	True
chr11	129277324	129281324	ARHGAP32	0	HighConfNDD	4.0	0	12	0	12	True
chr12	387320	391320	KDM5A	1	HighConfNDD	4.0	2	8	0	10	False
chr12	1968772	1972772	CACNA1C	0	HighConfNDD	4.0	2	7	0	9	True
chr12	4718400	4722400	GALNT8	1	HighConfNDD	4.0	2	6	0	8	False
chr12	4907905	4911905	KCNA1	1	HighConfNDD	4.0	4	7	0	13	False
chr12	10672318	10676318	STYK1	3	HighConfNDD	4.0	1	9	0	10	False
chr12	13980002	13984002	GRIN2B	0	HighConfNDD	4.0	2	6	0	9	True
chr12	20808702	20812702	SLCO1B3	2	HighConfNDD	4.0	1	2	0	3	False
chr12	20813674	20817674	SLCO1B3-SLCO1B7	2	HighConfNDD	4.0	0	0	0	1	False
chr12	24560544	24564544	SOX5	0	HighConfNDD	4.0	2	11	0	13	True
chr12	28131249	28135249	CCDC91	0	HighConfNDD	4.0	0	7	0	7	True
chr12	42588355	42592355	PRICKLE1	1	HighConfNDD	4.0	2	6	0	10	False
chr12	45727706	45731706	ARID2	0	HighConfNDD	4.0	4	9	0	13	True
chr12	47941048	47945048	VDR	0	HighConfNDD	4.0	1	8	0	9	True
chr12	48955487	48959487	ARF3	3	HighConfNDD	4.0	2	7	0	9	False
chr12	48976322	48980322	WNT1	1	HighConfNDD	4.0	1	10	0	11	False
chr12	51588266	51592266	SCN8A	2	HighConfNDD	4.0	2	8	0	10	False
chr12	56187567	56191567	SMARCC2	2	HighConfNDD	4.0	2	9	0	11	False
chr12	57126483	57130483	LRP1	0	HighConfNDD	4.0	3	10	0	13	True
chr12	57518710	57522710	MBD6	2	HighConfNDD	4.0	4	7	0	11	False
chr12	57740157	57744157	AGAP2	2	HighConfNDD	4.0	1	9	0	10	False
chr12	62258338	62262338	USP15	1	HighConfNDD	4.0	1	10	0	11	False
chr12	63149201	63153201	AVPR1A	0	HighConfNDD	4.0	1	11	0	12	True
chr12	65167583	65171583	LEMD3	1	HighConfNDD	4.0	2	7	0	9	False
chr12	67067162	67071162	GRIP1	0	HighConfNDD	4.0	0	11	0	11	True
chr12	70635440	70639440	PTPRB	0	HighConfNDD	4.0	1	5	0	6	True
chr12	75509636	75513636	KRR1	1	HighConfNDD	4.0	2	4	0	6	False
chr12	77322641	77326641	NAV3	0	HighConfNDD	4.0	0	8	0	9	True
chr12	88140099	88144099	CEP290	0	HighConfNDD	4.0	2	6	0	8	True
chr12	99982936	99986936	ANKS1B	0	HighConfNDD	4.0	2	8	0	11	True
chr12	102956410	102960410	PAH	0	HighConfNDD	4.0	1	10	0	11	True
chr12	106136954	106140954	NUAK1	0	HighConfNDD	4.0	2	11	0	13	True
chr12	111032165	111036165	CUX2	0	HighConfNDD	4.0	1	10	0	11	True
chr12	112380439	112384439	HECTD4	4	HighConfNDD	4.0	2	6	0	10	False
chr12	112416351	112420351	PTPN11	9	HighConfNDD	4.0	2	6	0	8	False
chr12	116275693	116279693	MED13L	2	HighConfNDD	4.0	2	9	0	11	False
chr12	119987236	119991236	BICDL1	1	HighConfNDD	4.0	2	8	0	10	False
chr12	121580279	121584279	KDM2B	1	HighConfNDD	4.0	4	8	0	13	False
chr12	121802009	121806009	SETD1B	0	HighConfNDD	4.0	6	6	0	12	True
chr12	122750824	122754824	DENR	1	HighConfNDD	4.0	1	8	0	9	False
chr12	123710353	123714353	ATP6V0A2	3	HighConfNDD	4.0	1	10	0	11	False
chr12	123760188	123764188	DNAH10	3	HighConfNDD	4.0	3	3	0	8	False
chr12	131947942	131951942	EP400	10	HighConfNDD	4.0	2	7	0	10	False
chr13	19956677	19960677	ZMYM2	0	HighConfNDD	4.0	3	10	0	13	True
chr13	23431763	23435763	SACS	3	HighConfNDD	4.0	1	9	0	10	False
chr13	30305551	30309551	KATNAL1	0	HighConfNDD	4.0	3	7	0	10	True
chr13	32313086	32317086	BRCA2	3	HighConfNDD	4.0	2	5	1	7	False
chr13	34940270	34944270	NBEA	0	HighConfNDD	4.0	1	8	0	9	True
chr13	49442274	49446274	SETDB2	3	HighConfNDD	4.0	1	8	0	9	False
chr13	51452264	51456264	INTS6	0	HighConfNDD	4.0	4	7	0	11	True
chr13	67228445	67232445	PCDH9	0	HighConfNDD	4.0	2	8	0	10	True
chr13	76988660	76992660	CLN5	2	HighConfNDD	4.0	1	4	0	5	False
chr13	77325094	77329094	MYCBP2	0	HighConfNDD	4.0	2	7	0	9	True
chr13	80339126	80343126	SPRY2	0	HighConfNDD	4.0	2	11	0	13	True
chr13	87669371	87673371	SLITRK5	0	HighConfNDD	4.0	4	6	0	11	True
chr13	93224807	93228807	GPC6	0	HighConfNDD	4.0	2	12	0	14	True
chr13	108594152	108598152	MYO16	0	HighConfNDD	4.0	1	3	0	5	True
chr13	114312482	114316482	CHAMP1	5	HighConfNDD	4.0	1	6	0	7	False
chr14	21382019	21386019	SUPT16H	0	HighConfNDD	4.0	2	7	0	9	True
chr14	21454126	21458126	CHD8	5	HighConfNDD	4.0	1	5	0	6	False
chr14	22827820	22831820	SLC7A7	4	HighConfNDD	4.0	2	5	0	8	False
chr14	28762329	28766329	FOXG1	0	HighConfNDD	4.0	3	9	0	12	True
chr14	32074114	32078114	ARHGAP5	0	HighConfNDD	4.0	2	10	0	12	True
chr14	39430466	39434466	FBXO33	0	HighConfNDD	4.0	3	9	0	12	True
chr14	41604876	41608876	LRFN5	0	HighConfNDD	4.0	4	8	0	12	True
chr14	45082107	45086107	PRPF39	1	HighConfNDD	4.0	1	12	0	13	False
chr14	47673605	47677605	MDGA2	0	HighConfNDD	4.0	1	10	0	11	True
chr14	50229578	50233578	SOS2	1	HighConfNDD	4.0	2	9	0	11	False
chr14	57266905	57270905	EXOC5	1	HighConfNDD	4.0	2	8	0	10	False
chr14	63100037	63104037	KCNH5	1	HighConfNDD	4.0	1	4	0	5	False
chr14	64336112	64340112	ESR2	2	HighConfNDD	4.0	3	5	0	9	False
chr14	66505407	66509407	GPHN	1	HighConfNDD	4.0	5	5	0	10	False
chr14	67814590	67818590	ZFYVE26	3	HighConfNDD	4.0	1	9	0	10	False
chr14	76308712	76312712	ESRRB	0	HighConfNDD	4.0	2	5	0	7	True
chr14	76759468	76763468	VASH1	0	HighConfNDD	4.0	4	8	0	12	True
chr14	77026708	77030708	IRF2BPL	2	HighConfNDD	4.0	3	8	0	12	False
chr14	78168373	78172373	NRXN3	0	HighConfNDD	4.0	1	2	0	3	True
chr14	91415844	91419844	CCDC88C	0	HighConfNDD	4.0	6	7	0	13	True
chr14	93331219	93335219	UNC79	1	HighConfNDD	4.0	2	7	0	9	False
chr14	100236298	100240298	YY1	2	HighConfNDD	4.0	3	8	0	11	False
chr14	101962573	101966573	DYNC1H1	1	HighConfNDD	4.0	2	7	0	10	False
chr14	103055549	103059549	CDC42BPB	1	HighConfNDD	4.0	2	8	0	11	False
chr15	22771063	22775063	NIPA1	1	HighConfNDD	4.0	0	1	0	1	False
chr15	22836644	22840644	NIPA2	7	HighConfNDD	4.0	1	7	0	8	False
chr15	22979063	22983063	CYFIP1	4	HighConfNDD	4.0	1	8	0	10	False
chr15	23037572	23041572	TUBGCP5	2	HighConfNDD	4.0	1	5	0	7	False
chr15	23645867	23649867	MAGEL2	0	HighConfNDD	4.0	1	7	1	9	True
chr15	25437051	25441051	UBE3A	1	HighConfNDD	4.0	3	6	0	9	False
chr15	25863184	25867184	ATP10A	0	HighConfNDD	4.0	3	4	1	8	True
chr15	26937539	26941539	GABRB3	0	HighConfNDD	4.0	0	1	0	1	True
chr15	26969181	26973181	GABRG3	2	HighConfNDD	4.0	2	5	0	8	False
chr15	28882483	28886483	APBA2	3	HighConfNDD	4.0	3	3	1	6	False
chr15	29267822	29271822	NSMCE3	0	HighConfNDD	4.0	1	9	0	10	True
chr15	30622494	30626494	ARHGAP11B	3	HighConfNDD	4.0	2	4	0	6	False
chr15	30888559	30892559	FAN1	2	HighConfNDD	4.0	0	1	0	1	False
chr15	31159160	31163160	TRPM1	1	HighConfNDD	4.0	2	10	0	12	False
chr15	31868789	31872789	OTUD7A	0	HighConfNDD	4.0	1	7	0	9	True
chr15	31921438	31925438	CHRNA7	0	HighConfNDD	4.0	0	0	1	1	True
chr15	37099299	37103299	MEIS2	0	HighConfNDD	4.0	7	6	0	13	True
chr15	39579079	39583079	THBS1	0	HighConfNDD	4.0	1	12	0	13	True
chr15	40767980	40771980	C15orf62	0	HighConfNDD	4.0	1	11	0	12	True
chr15	43104113	43108113	UBR1	3	HighConfNDD	4.0	2	8	0	11	False
chr15	43508958	43512958	MAP1A	1	HighConfNDD	4.0	2	7	0	10	False
chr15	44954687	44958687	TERB2	3	HighConfNDD	4.0	1	2	0	4	False
chr15	48643721	48647721	FBN1	1	HighConfNDD	4.0	2	9	0	11	False
chr15	51620833	51624833	DMXL2	0	HighConfNDD	4.0	2	10	0	12	True
chr15	51969778	51973778	LEO1	8	HighConfNDD	4.0	1	11	0	12	False
chr15	52293804	52297804	MYO5C	1	HighConfNDD	4.0	1	6	0	8	False
chr15	52527132	52531132	MYO5A	1	HighConfNDD	4.0	3	9	0	13	False
chr15	57373967	57377967	CGNL1	3	HighConfNDD	4.0	1	5	0	8	False
chr15	59370871	59374871	MYO1E	1	HighConfNDD	4.0	1	9	0	10	False
chr15	63831948	63835948	HERC1	1	HighConfNDD	4.0	1	7	0	8	False
chr15	66251756	66255756	MEGF11	0	HighConfNDD	4.0	1	7	0	11	True
chr15	66502959	66506959	ZWILCH	3	HighConfNDD	4.0	4	5	0	10	False
chr15	68255211	68259211	CLN6	2	HighConfNDD	4.0	1	3	0	4	False
chr15	68818897	68822897	ANP32A	0	HighConfNDD	4.0	1	11	0	12	True
chr15	70096176	70100176	TLE3	0	HighConfNDD	4.0	4	9	0	13	True
chr15	72318157	72322157	CELF6	3	HighConfNDD	4.0	2	6	0	8	False
chr15	72684186	72688186	BBS4	7	HighConfNDD	4.0	1	7	0	8	False
chr15	73049710	73053710	NEO1	0	HighConfNDD	4.0	3	9	0	12	True
chr15	73681966	73685966	CD276	1	HighConfNDD	4.0	2	9	0	11	False
chr15	75453842	75457842	SIN3A	1	HighConfNDD	4.0	2	10	0	12	False
chr15	78129535	78133535	CIB2	2	HighConfNDD	4.0	2	9	0	11	False
chr15	80402350	80406350	ARNT2	0	HighConfNDD	4.0	2	8	0	10	True
chr15	82708112	82712112	AP3B2	0	HighConfNDD	4.0	2	9	0	14	True
chr15	88254791	88258791	NTRK3	0	HighConfNDD	4.0	3	8	0	11	True
chr15	90350284	90354284	ZNF774	4	HighConfNDD	4.0	1	4	0	5	False
chr15	92391881	92395881	ST8SIA2	0	HighConfNDD	4.0	1	11	0	12	True
chr15	92884203	92888203	CHD2	0	HighConfNDD	4.0	1	12	0	13	True
chr16	136677	140677	NPRL3	6	HighConfNDD	4.0	1	7	0	9	False
chr16	634366	638366	METTL26	0	HighConfNDD	4.0	1	12	0	13	True
chr16	1151103	1155103	CACNA1H	1	HighConfNDD	4.0	1	10	0	11	False
chr16	1704166	1708166	MAPK8IP3	3	HighConfNDD	4.0	2	12	0	14	False
chr16	2045967	2049967	TSC2	4	HighConfNDD	4.0	3	6	0	9	False
chr16	2153698	2157698	TRAF7	1	HighConfNDD	4.0	3	9	0	12	False
chr16	2194605	2198605	CASKIN1	1	HighConfNDD	4.0	2	9	0	12	False
chr16	2750626	2754626	SRRM2	4	HighConfNDD	4.0	3	10	0	13	False
chr16	3878713	3882713	CREBBP	1	HighConfNDD	4.0	3	10	0	13	False
chr16	4800880	4804880	ROGDI	0	HighConfNDD	4.0	3	9	0	12	True
chr16	5237802	5241802	RBFOX1	0	HighConfNDD	4.0	1	0	0	3	True
chr16	8672596	8676596	ABAT	1	HighConfNDD	4.0	1	7	0	8	False
chr16	8973328	8977328	USP7	4	HighConfNDD	4.0	0	0	0	2	False
chr16	10181337	10185337	GRIN2A	1	HighConfNDD	4.0	5	3	0	8	False
chr16	14069319	14073319	MRTFB	2	HighConfNDD	4.0	1	7	0	8	False
chr16	19165971	19169971	SYT17	3	HighConfNDD	4.0	2	6	0	8	False
chr16	21157441	21161441	DNAH3	1	HighConfNDD	4.0	2	8	0	11	False
chr16	23833983	23837983	PRKCB	0	HighConfNDD	4.0	1	9	0	10	True
chr16	28493575	28497575	CLN3	1	HighConfNDD	4.0	2	9	0	11	False
chr16	29809382	29813382	PRRT2	0	HighConfNDD	4.0	4	8	0	12	True
chr16	29897550	29901550	SEZ6L2	0	HighConfNDD	4.0	6	6	0	12	True
chr16	29924236	29928236	KCTD13	3	HighConfNDD	4.0	2	8	0	11	False
chr16	29971868	29975868	TAOK2	0	HighConfNDD	4.0	2	8	0	10	True
chr16	30121506	30125506	MAPK3	5	HighConfNDD	4.0	2	8	0	10	False
chr16	30180827	30184827	CORO1A	3	HighConfNDD	4.0	3	8	0	11	False
chr16	30696209	30700209	SRCAP	4	HighConfNDD	4.0	3	8	0	11	False
chr16	30955294	30959294	SETD1A	3	HighConfNDD	4.0	3	6	0	11	False
chr16	31008638	31012638	STX1B	3	HighConfNDD	4.0	2	9	0	11	False
chr16	31104107	31108107	BCKDK	4	HighConfNDD	4.0	0	6	0	7	False
chr16	56187660	56191660	GNAO1	1	HighConfNDD	4.0	5	3	0	8	False
chr16	58627885	58631885	CNOT1	3	HighConfNDD	4.0	2	8	0	11	False
chr16	62035035	62039035	CDH8	0	HighConfNDD	4.0	3	6	0	12	True
chr16	65124112	65128112	CDH11	0	HighConfNDD	4.0	0	8	0	10	True
chr16	67560467	67564467	CTCF	1	HighConfNDD	4.0	3	8	0	12	False
chr16	69406571	69410571	TERF2	6	HighConfNDD	4.0	0	8	0	8	False
chr16	70521791	70525791	SF3B3	7	HighConfNDD	4.0	2	11	0	13	False
chr16	71228722	71232722	HYDIN	0	HighConfNDD	4.0	1	2	0	4	True
chr16	76275278	76279278	CNTNAP4	1	HighConfNDD	4.0	2	6	0	8	False
chr16	78097400	78101400	WWOX	5	HighConfNDD	4.0	1	7	0	8	False
chr16	81442808	81446808	CMIP	0	HighConfNDD	4.0	1	12	0	13	True
chr16	82624965	82628965	CDH13	0	HighConfNDD	4.0	1	6	1	7	True
chr16	84185070	84189070	TAF1C	6	HighConfNDD	4.0	1	9	0	10	False
chr16	87867507	87871507	SLC7A5	1	HighConfNDD	4.0	1	10	0	11	False
chr16	89488561	89492561	ANKRD11	2	HighConfNDD	4.0	2	8	0	10	False
chr16	89655738	89659738	CHMP1A	6	HighConfNDD	4.0	3	8	0	11	False
chr17	1398222	1402222	YWHAE	6	HighConfNDD	4.0	1	11	0	13	False
chr17	2301785	2305785	SMG6	6	HighConfNDD	4.0	2	6	0	9	False
chr17	2399104	2403104	MNT	0	HighConfNDD	4.0	1	11	0	12	True
chr17	3694194	3698194	P2RX5-TAX1BP3	2	HighConfNDD	4.0	2	7	0	9	False
chr17	3694240	3698240	P2RX5	2	HighConfNDD	4.0	2	6	0	8	False
chr17	4985675	4989675	CAMTA2	1	HighConfNDD	4.0	4	4	0	8	False
chr17	7217836	7221836	DLG4	0	HighConfNDD	4.0	1	12	0	13	True
chr17	7402874	7406874	NLGN2	0	HighConfNDD	4.0	2	10	0	12	True
chr17	7832217	7836217	KDM6B	1	HighConfNDD	4.0	1	11	0	12	False
chr17	7882796	7886796	CHD3	0	HighConfNDD	4.0	3	8	0	11	True
chr17	8154506	8158506	PER1	5	HighConfNDD	4.0	1	15	0	16	False
chr17	8629376	8633376	MYH10	1	HighConfNDD	4.0	4	7	0	11	False
chr17	10467559	10471559	MYH4	0	HighConfNDD	4.0	0	0	1	0	True
chr17	11995475	11999475	ZNF18	2	HighConfNDD	4.0	2	4	0	6	False
chr17	16216185	16220185	NCOR1	6	HighConfNDD	4.0	1	6	0	7	False
chr17	17679458	17683458	RAI1	2	HighConfNDD	4.0	1	9	0	12	False
chr17	28949771	28953771	PHF12	0	HighConfNDD	4.0	1	11	0	12	True
chr17	29388363	29392363	TAOK1	5	HighConfNDD	4.0	3	7	0	11	False
chr17	30234002	30238002	SLC6A4	1	HighConfNDD	4.0	2	8	0	10	False
chr17	30968984	30972984	RNF135	5	HighConfNDD	4.0	3	8	0	11	False
chr17	31092927	31096927	NF1	2	HighConfNDD	4.0	4	6	0	11	False
chr17	32442379	32446379	PSMD11	1	HighConfNDD	4.0	2	10	0	12	False
chr17	36542912	36546912	GGNBP2	3	HighConfNDD	4.0	1	11	0	12	False
chr17	39624740	39628740	PPP1R1B	0	HighConfNDD	4.0	4	8	0	12	True
chr17	40056290	40060290	THRA	3	HighConfNDD	4.0	0	9	0	9	False
chr17	40098589	40102589	NR1D1	3	HighConfNDD	4.0	1	9	0	10	False
chr17	40770201	40774201	KRT26	2	HighConfNDD	4.0	0	0	1	0	False
chr17	44322870	44326870	SLC25A39	5	HighConfNDD	4.0	2	10	0	12	False
chr17	44343246	44347246	GRN	3	HighConfNDD	4.0	2	8	0	10	False
chr17	44914937	44918937	GFAP	4	HighConfNDD	4.0	1	6	0	8	False
chr17	46223389	46227389	KANSL1	3	HighConfNDD	4.0	1	3	0	4	False
chr17	46921075	46925075	GOSR2	0	HighConfNDD	4.0	2	5	0	7	True
chr17	47251827	47255827	ITGB3	2	HighConfNDD	4.0	2	9	0	11	False
chr17	47939506	47943506	PNPO	3	HighConfNDD	4.0	1	7	0	8	False
chr17	49412905	49416905	PHB1	3	HighConfNDD	4.0	4	5	0	9	False
chr17	49707014	49711014	SLC35B1	0	HighConfNDD	4.0	2	5	0	7	True
chr17	49993224	49997224	DLX3	0	HighConfNDD	4.0	4	11	0	15	True
chr17	50092737	50096737	PDK2	2	HighConfNDD	4.0	5	6	0	11	False
chr17	50148677	50152677	PPP1R9B	0	HighConfNDD	4.0	1	12	0	13	True
chr17	50558715	50562715	CACNA1G	0	HighConfNDD	4.0	6	6	0	12	True
chr17	57986259	57990259	VEZF1	0	HighConfNDD	4.0	2	9	0	11	True
chr17	58326795	58330795	TSPOAP1	0	HighConfNDD	4.0	1	11	0	12	True
chr17	60598193	60602193	PPM1D	0	HighConfNDD	4.0	2	9	0	11	True
chr17	62063278	62067278	MED13	0	HighConfNDD	4.0	3	8	0	11	True
chr17	62456658	62460658	TLK2	9	HighConfNDD	4.0	1	5	0	6	False
chr17	62964235	62968235	TANC2	0	HighConfNDD	4.0	2	11	0	13	True
chr17	63475061	63479061	ACE	1	HighConfNDD	4.0	1	11	0	13	False
chr17	63970918	63974918	SCN4A	1	HighConfNDD	4.0	0	8	0	9	False
chr17	66300613	66304613	PRKCA	1	HighConfNDD	4.0	1	9	0	10	False
chr17	67364605	67368605	PSMD12	4	HighConfNDD	4.0	1	5	0	7	False
chr17	69242846	69246846	ABCA10	1	HighConfNDD	4.0	0	3	0	3	False
chr17	77956703	77960703	TNRC6C	0	HighConfNDD	4.0	3	8	0	11	True
chr17	78575396	78579396	DNAH17	2	HighConfNDD	4.0	0	5	0	5	False
chr17	81293547	81297547	SLC38A10	5	HighConfNDD	4.0	1	8	0	9	False
chr18	4453307	4457307	DLGAP1	1	HighConfNDD	4.0	1	6	0	7	False
chr18	7115797	7119797	LAMA1	3	HighConfNDD	4.0	1	6	0	8	False
chr18	21702957	21706957	MIB1	2	HighConfNDD	4.0	2	7	0	11	False
chr18	33576219	33580219	ASXL3	0	HighConfNDD	4.0	1	12	0	13	True
chr18	36127444	36131444	ELP2	3	HighConfNDD	4.0	2	9	0	12	False
chr18	37563827	37567827	CELF4	0	HighConfNDD	4.0	6	8	0	14	True
chr18	43113691	43117691	RIT2	0	HighConfNDD	4.0	1	6	0	7	True
chr18	44678173	44682173	SETBP1	0	HighConfNDD	4.0	5	9	0	14	True
chr18	46915492	46919492	KATNAL2	3	HighConfNDD	4.0	3	8	0	11	False
chr18	50279774	50283774	MBD1	0	HighConfNDD	4.0	3	6	0	9	True
chr18	51026528	51030528	SMAD4	0	HighConfNDD	4.0	2	6	0	8	True
chr18	52338197	52342197	DCC	0	HighConfNDD	4.0	1	6	0	7	True
chr18	55662787	55666787	TCF4	4	HighConfNDD	4.0	0	8	0	8	False
chr18	75208755	75212755	TSHZ1	0	HighConfNDD	4.0	2	11	0	13	True
chr19	587881	591881	HCN2	1	HighConfNDD	4.0	2	9	0	11	False
chr19	1037997	1041997	ABCA7	1	HighConfNDD	4.0	2	12	0	14	False
chr19	1590865	1594865	MBD3	4	HighConfNDD	4.0	1	11	0	13	False
chr19	1861579	1865579	KLF16	0	HighConfNDD	4.0	3	12	0	15	True
chr19	2161933	2165933	DOT1L	6	HighConfNDD	4.0	1	13	0	14	False
chr19	4579776	4583776	SEMA6B	2	HighConfNDD	4.0	1	12	0	13	False
chr19	4967113	4971113	KDM4B	2	HighConfNDD	4.0	0	9	0	9	False
chr19	9321772	9325772	ZNF559	4	HighConfNDD	4.0	3	4	0	7	False
chr19	9322174	9326174	ZNF559-ZNF177	5	HighConfNDD	4.0	3	4	0	7	False
chr19	10117918	10121918	EIF3G	10	HighConfNDD	4.0	1	6	0	7	False
chr19	10958932	10962932	SMARCA4	5	HighConfNDD	4.0	2	8	0	10	False
chr19	11479046	11483046	ELAVL3	0	HighConfNDD	4.0	2	11	0	13	True
chr19	13114862	13118862	NACC1	2	HighConfNDD	4.0	4	8	0	12	False
chr19	13622489	13626489	CACNA1A	3	HighConfNDD	4.0	1	7	0	8	False
chr19	13904201	13908201	CC2D1A	7	HighConfNDD	4.0	2	3	0	6	False
chr19	15330545	15334545	BRD4	6	HighConfNDD	4.0	1	12	0	13	False
chr19	16827398	16831398	SIN3B	5	HighConfNDD	4.0	1	8	0	9	False
chr19	17073777	17077777	MYO9B	1	HighConfNDD	4.0	2	9	0	11	False
chr19	17686365	17690365	UNC13A	3	HighConfNDD	4.0	1	7	0	10	False
chr19	20659596	20663596	ZNF626	4	HighConfNDD	4.0	1	9	0	10	False
chr19	31347436	31351436	TSHZ3	0	HighConfNDD	4.0	3	10	0	13	True
chr19	35028470	35032470	SCN1B	3	HighConfNDD	4.0	5	6	0	11	False
chr19	38401093	38405093	FAM98C	7	HighConfNDD	4.0	1	9	0	10	False
chr19	38645649	38649649	ACTN4	5	HighConfNDD	4.0	1	10	0	11	False
chr19	38767904	38771904	CAPN12	3	HighConfNDD	4.0	1	4	0	6	False
chr19	41995497	41999497	ATP1A3	0	HighConfNDD	4.0	0	11	0	11	True
chr19	42068206	42072206	GRIK5	1	HighConfNDD	4.0	2	6	0	8	False
chr19	42266537	42270537	CIC	3	HighConfNDD	4.0	2	8	0	10	False
chr19	43668547	43672547	PLAUR	4	HighConfNDD	4.0	2	9	0	11	False
chr19	45780552	45784552	DMPK	0	HighConfNDD	4.0	1	10	0	11	True
chr19	45790845	45794845	DMWD	4	HighConfNDD	4.0	1	8	0	9	False
chr19	46345087	46349087	PPP5C	3	HighConfNDD	4.0	1	10	0	11	False
chr19	46715127	46719127	PRKD2	0	HighConfNDD	4.0	1	11	0	12	True
chr19	46848846	46852846	AP2S1	7	HighConfNDD	4.0	3	5	0	9	False
chr19	47111274	47115274	SAE1	4	HighConfNDD	4.0	1	12	0	13	False
chr19	47111776	47115776	ZC3H4	7	HighConfNDD	4.0	1	11	0	12	False
chr19	47606196	47610196	BICRA	4	HighConfNDD	4.0	3	6	0	9	False
chr19	48391668	48395668	GRIN2D	0	HighConfNDD	4.0	2	10	0	12	True
chr19	49112324	49116324	LIN7B	6	HighConfNDD	4.0	1	7	0	8	False
chr19	49589182	49593182	PRR12	2	HighConfNDD	4.0	1	10	0	11	False
chr19	49640209	49644209	SCAF1	2	HighConfNDD	4.0	1	10	0	11	False
chr19	49876351	49880351	PNKP	1	HighConfNDD	4.0	4	6	0	10	False
chr19	50717802	50721802	SHANK1	0	HighConfNDD	4.0	2	10	0	12	True
chr19	51364388	51368388	ETFB	1	HighConfNDD	4.0	3	8	0	11	False
chr19	54135749	54139749	CNOT3	1	HighConfNDD	4.0	0	10	0	10	False
chr19	54187882	54191882	MBOAT7	2	HighConfNDD	4.0	6	7	0	13	False
chr19	54279184	54283184	LILRB2	0	HighConfNDD	4.0	3	7	0	10	True
chr19	55603647	55607647	ZNF865	4	HighConfNDD	4.0	1	7	0	10	False
chr19	57387850	57391850	ZNF548	1	HighConfNDD	4.0	1	5	0	7	False
chr2	948849	952849	SNTG2	0	HighConfNDD	4.0	2	8	0	11	True
chr2	1372066	1376066	TPO	1	HighConfNDD	4.0	0	6	0	6	False
chr2	1742852	1746852	PXDN	0	HighConfNDD	4.0	1	8	0	9	True
chr2	2329664	2333664	MYT1L	0	HighConfNDD	4.0	1	6	0	7	True
chr2	6864635	6868635	CMPK2	0	HighConfNDD	4.0	3	7	0	10	True
chr2	9204765	9208765	ASAP2	0	HighConfNDD	4.0	1	9	0	10	True
chr2	17875847	17879847	KCNS3	0	HighConfNDD	4.0	3	5	0	10	True
chr2	24489254	24493254	NCOA1	0	HighConfNDD	4.0	3	10	0	13	True
chr2	24918237	24922237	ADCY3	2	HighConfNDD	4.0	3	7	0	10	False
chr2	25340590	25344590	DNMT3A	2	HighConfNDD	4.0	3	7	0	10	False
chr2	31153202	31157202	GALNT14	2	HighConfNDD	4.0	0	0	0	0	False
chr2	32009230	32013230	MEMO1	2	HighConfNDD	4.0	3	5	0	8	False
chr2	32061556	32065556	SPAST	5	HighConfNDD	4.0	2	7	0	9	False
chr2	32355023	32359023	BIRC6	2	HighConfNDD	4.0	1	11	0	14	False
chr2	47904498	47908498	FBXO11	0	HighConfNDD	4.0	3	6	0	9	True
chr2	51223575	51227575	NRXN1	1	HighConfNDD	4.0	0	1	1	2	False
chr2	54454327	54458327	SPTBN1	0	HighConfNDD	4.0	1	11	0	12	True
chr2	60552467	60556467	BCL11A	0	HighConfNDD	4.0	2	11	0	13	True
chr2	60754253	60758253	PAPOLG	6	HighConfNDD	4.0	1	5	0	8	False
chr2	61536741	61540741	XPO1	2	HighConfNDD	4.0	5	6	0	12	False
chr2	61886671	61890671	CCT4	5	HighConfNDD	4.0	1	9	0	11	False
chr2	63048057	63052057	OTX1	0	HighConfNDD	4.0	5	11	0	16	True
chr2	72824041	72828041	EXOC6B	3	HighConfNDD	4.0	1	9	0	10	False
chr2	73154721	73158721	RAB11FIP5	3	HighConfNDD	4.0	0	0	0	3	False
chr2	85903199	85907199	ST3GAL5	3	HighConfNDD	4.0	1	4	0	6	False
chr2	100818139	100822139	NPAS2	0	HighConfNDD	4.0	2	10	0	12	True
chr2	101694850	101698850	MAP4K4	1	HighConfNDD	4.0	3	8	0	11	False
chr2	101989960	101993960	IL1R2	0	HighConfNDD	4.0	1	5	0	7	True
chr2	109127205	109131205	SH3RF3	1	HighConfNDD	4.0	3	9	0	12	False
chr2	114440299	114444299	DPP10	0	HighConfNDD	4.0	2	0	0	2	True
chr2	121647476	121651476	CLASP1	1	HighConfNDD	4.0	2	8	0	10	False
chr2	124023287	124027287	CNTNAP5	0	HighConfNDD	4.0	2	7	0	9	True
chr2	133566463	133570463	NCKAP5	0	HighConfNDD	4.0	1	5	0	6	True
chr2	135874443	135878443	MCM6	5	HighConfNDD	4.0	1	5	0	6	False
chr2	148019011	148023011	MBD5	1	HighConfNDD	4.0	3	7	0	10	False
chr2	148642440	148646440	EPC2	0	HighConfNDD	4.0	2	10	0	12	True
chr2	148873227	148877227	KIF5C	1	HighConfNDD	4.0	1	7	0	8	False
chr2	153869922	153873922	GALNT13	0	HighConfNDD	4.0	2	9	0	11	True
chr2	156340348	156344348	NR4A2	0	HighConfNDD	4.0	1	9	0	10	True
chr2	156433290	156437290	GPD2	1	HighConfNDD	4.0	4	4	0	8	False
chr2	157325713	157329713	ERMN	1	HighConfNDD	4.0	2	7	0	9	False
chr2	159614569	159618569	BAZ2B	0	HighConfNDD	4.0	3	10	0	13	True
chr2	161414297	161418297	TBR1	0	HighConfNDD	4.0	2	11	0	13	True
chr2	161422332	161426332	SLC4A10	0	HighConfNDD	4.0	4	8	0	12	True
chr2	162072394	162076394	DPP4	0	HighConfNDD	4.0	4	5	0	9	True
chr2	165192993	165196993	SCN2A	0	HighConfNDD	4.0	0	4	0	4	True
chr2	165202050	165206050	SCN3A	0	HighConfNDD	4.0	2	2	0	4	True
chr2	166180806	166184806	SCN1A	0	HighConfNDD	4.0	0	5	0	5	True
chr2	166374001	166378001	SCN9A	0	HighConfNDD	4.0	2	6	0	9	True
chr2	168245595	168249595	STK39	0	HighConfNDD	4.0	1	10	0	11	True
chr2	169360534	169364534	LRP2	0	HighConfNDD	4.0	1	13	0	14	True
chr2	169825454	169829454	UBR3	4	HighConfNDD	4.0	1	7	0	9	False
chr2	171997859	172001859	SLC25A12	4	HighConfNDD	4.0	1	8	0	9	False
chr2	172100900	172104900	DLX2	1	HighConfNDD	4.0	2	11	0	13	False
chr2	172733274	172737274	RAPGEF4	0	HighConfNDD	4.0	3	4	0	8	True
chr2	178828802	178832802	TTN	1	HighConfNDD	4.0	1	4	0	5	False
chr2	179859612	179863612	ZNF385B	0	HighConfNDD	4.0	2	7	0	9	True
chr2	183036858	183040858	NCKAP1	2	HighConfNDD	4.0	3	6	0	10	False
chr2	184596529	184600529	ZNF804A	0	HighConfNDD	4.0	2	10	0	12	True
chr2	190341570	190345570	INPP1	1	HighConfNDD	4.0	1	6	0	7	False
chr2	196591684	196595684	HECW2	2	HighConfNDD	4.0	2	7	0	9	False
chr2	197433079	197437079	SF3B1	3	HighConfNDD	4.0	1	8	0	9	False
chr2	199469266	199473266	SATB2	2	HighConfNDD	4.0	3	8	0	11	False
chr2	204543475	204547475	PARD3B	0	HighConfNDD	4.0	2	7	0	10	True
chr2	205679990	205683990	NRP2	0	HighConfNDD	4.0	3	8	0	11	True
chr2	209769569	209773569	UNC80	1	HighConfNDD	4.0	2	4	0	6	False
chr2	218417121	218421121	VIL1	5	HighConfNDD	4.0	1	7	0	9	False
chr2	218605855	218609855	PLCD4	2	HighConfNDD	4.0	1	2	0	3	False
chr2	218670002	218674002	RNF25	3	HighConfNDD	4.0	2	5	0	8	False
chr2	224583397	224587397	CUL3	0	HighConfNDD	4.0	2	9	0	12	True
chr2	229712555	229716555	DNER	0	HighConfNDD	4.0	1	8	0	9	True
chr2	229921239	229925239	TRIP12	4	HighConfNDD	4.0	4	4	0	10	False
chr2	232695299	232699299	GIGYF2	3	HighConfNDD	4.0	2	9	0	11	False
chr2	234048679	234052679	SPP2	0	HighConfNDD	4.0	0	2	1	4	True
chr2	235492043	235496043	AGAP1	0	HighConfNDD	4.0	1	9	0	10	True
chr2	238288102	238292102	PER2	1	HighConfNDD	4.0	2	9	0	12	False
chr2	239399654	239403654	HDAC4	0	HighConfNDD	4.0	2	9	0	11	True
chr2	240822293	240826293	KIF1A	0	HighConfNDD	4.0	0	5	1	6	True
chr2	241315061	241319061	HDLBP	1	HighConfNDD	4.0	3	6	0	10	False
chr2	241856894	241860894	PDCD1	0	HighConfNDD	4.0	1	12	0	13	True
chr20	541835	545835	CSNK2A1	1	HighConfNDD	4.0	1	9	0	10	False
chr20	1224044	1228044	RAD21L1	2	HighConfNDD	4.0	2	6	0	9	False
chr20	3069620	3073620	OXT	5	HighConfNDD	4.0	1	7	0	9	False
chr20	3206868	3210868	ITPA	6	HighConfNDD	4.0	1	6	0	10	False
chr20	8075251	8079251	PLCB1	0	HighConfNDD	4.0	0	6	0	6	True
chr20	10170395	10174395	SNAP25	0	HighConfNDD	4.0	2	4	0	6	True
chr20	13993369	13997369	MACROD2	1	HighConfNDD	4.0	2	5	0	7	False
chr20	17966980	17970980	SNX5	0	HighConfNDD	4.0	3	10	0	13	True
chr20	25583531	25587531	NINL	5	HighConfNDD	4.0	1	6	1	10	False
chr20	31868664	31872664	DUSP15	3	HighConfNDD	4.0	4	6	0	11	False
chr20	32107714	32111714	TM9SF4	1	HighConfNDD	4.0	1	7	1	8	False
chr20	38470816	38474816	RALGAPB	2	HighConfNDD	4.0	1	7	0	8	False
chr20	43187970	43191970	PTPRT	0	HighConfNDD	4.0	3	7	0	14	True
chr20	44650252	44654252	ADA	5	HighConfNDD	4.0	4	6	0	10	False
chr20	46019690	46023690	SLC12A5	2	HighConfNDD	4.0	2	6	0	8	False
chr20	46306498	46310498	CDH22	1	HighConfNDD	4.0	1	11	0	13	False
chr20	47354889	47358889	ZMYND8	0	HighConfNDD	4.0	4	10	0	14	True
chr20	48825999	48829999	PREX1	1	HighConfNDD	4.0	1	10	0	11	False
chr20	49482297	49486297	KCNB1	1	HighConfNDD	4.0	2	8	0	11	False
chr20	50929437	50933437	ADNP	0	HighConfNDD	4.0	3	10	0	13	True
chr20	54068594	54072594	BCAS1	1	HighConfNDD	4.0	2	6	0	8	False
chr20	58837718	58841718	GNAS	2	HighConfNDD	4.0	5	5	0	11	False
chr20	62063881	62067881	TAF4	0	HighConfNDD	4.0	4	8	0	12	True
chr20	63376401	63380401	CHRNA4	0	HighConfNDD	4.0	0	11	0	11	True
chr20	63470677	63474677	KCNQ2	0	HighConfNDD	4.0	1	9	0	10	True
chr20	63497239	63501239	EEF1A2	0	HighConfNDD	4.0	1	11	0	12	True
chr21	31657666	31661666	SOD1	3	HighConfNDD	4.0	1	9	0	10	False
chr21	31730118	31734118	SCAF4	0	HighConfNDD	4.0	1	12	0	13	True
chr21	32726040	32730040	SYNJ1	2	HighConfNDD	4.0	4	4	0	8	False
chr21	33541038	33545038	SON	1	HighConfNDD	4.0	3	11	0	14	False
chr21	33640400	33644400	ITSN1	0	HighConfNDD	4.0	4	6	0	10	True
chr21	37363573	37367573	DYRK1A	0	HighConfNDD	4.0	6	3	0	10	True
chr21	38153549	38157549	KCNJ15	2	HighConfNDD	4.0	0	1	0	2	False
chr21	38659780	38663780	ERG	0	HighConfNDD	4.0	4	5	0	10	True
chr21	39347647	39351647	HMGN1	1	HighConfNDD	4.0	2	9	0	12	False
chr21	40845158	40849158	DSCAM	0	HighConfNDD	4.0	1	7	0	8	True
chr21	42008387	42012387	ZBTB21	2	HighConfNDD	4.0	5	7	0	12	False
chr21	43774330	43778330	CSTB	5	HighConfNDD	4.0	2	6	0	9	False
chr21	46456891	46460891	DIP2A	3	HighConfNDD	4.0	3	8	0	11	False
chr22	17357949	17361949	CECR2	11	HighConfNDD	4.0	0	4	0	4	False
chr22	18934553	18938553	PRODH	4	HighConfNDD	4.0	0	0	0	0	False
chr22	19289719	19293719	CLTCL1	1	HighConfNDD	4.0	2	10	0	13	False
chr22	19852939	19856939	GNB1L	1	HighConfNDD	4.0	1	12	0	14	False
chr22	20980269	20984269	LZTR1	0	HighConfNDD	4.0	1	9	0	10	True
chr22	21980813	21984813	TOP3B	5	HighConfNDD	4.0	1	6	0	7	False
chr22	24268898	24272898	SPECC1L-ADORA2A	4	HighConfNDD	4.0	2	6	0	8	False
chr22	24415879	24419879	ADORA2A	1	HighConfNDD	4.0	0	10	0	10	False
chr22	31748140	31752140	PRR14L	4	HighConfNDD	4.0	1	5	0	6	False
chr22	31751867	31755867	DEPDC5	4	HighConfNDD	4.0	3	6	0	9	False
chr22	36386010	36390010	MYH9	2	HighConfNDD	4.0	1	9	0	10	False
chr22	36701752	36705752	CACNG2	0	HighConfNDD	4.0	1	6	0	7	True
chr22	38316084	38320084	CSNK1E	1	HighConfNDD	4.0	3	10	0	13	False
chr22	38396522	38400522	TPTEP2-CSNK1E	0	HighConfNDD	4.0	2	8	0	10	True
chr22	39568753	39572753	CACNA1I	1	HighConfNDD	4.0	1	5	0	8	False
chr22	40042817	40046817	TNRC6B	1	HighConfNDD	4.0	3	6	0	9	False
chr22	40344461	40348461	ADSL	7	HighConfNDD	4.0	2	10	0	12	False
chr22	40368591	40372591	SGSM3	5	HighConfNDD	4.0	1	6	0	7	False
chr22	41090510	41094510	EP300	1	HighConfNDD	4.0	2	10	0	12	False
chr22	42341616	42345616	TCF20	0	HighConfNDD	4.0	0	12	0	12	True
chr22	50481923	50485923	SBF1	2	HighConfNDD	4.0	0	11	0	11	False
chr22	50672408	50676408	SHANK3	0	HighConfNDD	4.0	2	10	0	12	True
chr3	1090658	1094658	CNTN6	0	HighConfNDD	4.0	1	5	0	6	True
chr3	2096813	2100813	CNTN4	0	HighConfNDD	4.0	2	8	0	11	True
chr3	4491345	4495345	ITPR1	0	HighConfNDD	4.0	1	10	0	11	True
chr3	6768001	6772001	GRM7	0	HighConfNDD	4.0	0	4	0	4	True
chr3	8767628	8771628	OXTR	0	HighConfNDD	4.0	2	8	0	10	True
chr3	9361053	9365053	SRGAP3	5	HighConfNDD	4.0	1	6	0	9	False
chr3	9395615	9399615	SETD5	0	HighConfNDD	4.0	4	9	0	13	True
chr3	10706007	10710007	ATP2B2	0	HighConfNDD	4.0	1	10	0	11	True
chr3	10990186	10994186	SLC6A1	0	HighConfNDD	4.0	3	3	0	7	True
chr3	12002388	12006388	SYN2	0	HighConfNDD	4.0	1	8	0	9	True
chr3	18442817	18446817	TBC1D5	0	HighConfNDD	4.0	2	9	0	11	True
chr3	18443621	18447621	SATB1	0	HighConfNDD	4.0	2	9	0	11	True
chr3	20038446	20042446	KAT2B	0	HighConfNDD	4.0	2	7	0	9	True
chr3	25662909	25666909	TOP2B	1	HighConfNDD	4.0	2	10	0	12	False
chr3	39279735	39283735	CX3CR1	2	HighConfNDD	4.0	4	2	0	6	False
chr3	41192741	41196741	CTNNB1	0	HighConfNDD	4.0	2	4	1	6	True
chr3	47162113	47166113	SETD2	2	HighConfNDD	4.0	3	9	0	13	False
chr3	48428086	48432086	PLXNB1	0	HighConfNDD	4.0	1	11	0	12	True
chr3	49092363	49096363	QRICH1	2	HighConfNDD	4.0	2	8	0	11	False
chr3	49356605	49360605	GPX1	2	HighConfNDD	4.0	2	8	0	10	False
chr3	49420685	49424685	AMT	3	HighConfNDD	4.0	1	6	0	7	False
chr3	50348826	50352826	NPRL2	2	HighConfNDD	4.0	2	6	0	8	False
chr3	52408660	52412660	PHF7	1	HighConfNDD	4.0	5	7	0	12	False
chr3	53326963	53330963	CACNA1D	4	HighConfNDD	4.0	1	2	0	3	False
chr3	54120552	54124552	CACNA2D3	0	HighConfNDD	4.0	3	11	0	14	True
chr3	57290685	57294685	ASB14	1	HighConfNDD	4.0	1	1	0	2	False
chr3	61249459	61253459	FHIT	0	HighConfNDD	4.0	1	9	0	10	True
chr3	62372324	62376324	FEZF2	0	HighConfNDD	4.0	4	9	0	13	True
chr3	62873416	62877416	CADPS	0	HighConfNDD	4.0	3	8	0	12	True
chr3	64022010	64026010	PSMD6	3	HighConfNDD	4.0	2	3	0	5	False
chr3	64443476	64447476	PRICKLE2	1	HighConfNDD	4.0	2	6	0	8	False
chr3	71581978	71585978	FOXP1	0	HighConfNDD	4.0	3	9	0	12	True
chr3	74612659	74616659	CNTN3	2	HighConfNDD	4.0	2	5	0	8	False
chr3	75904695	75908695	ROBO2	0	HighConfNDD	4.0	2	3	0	5	True
chr3	81759645	81763645	GBE1	0	HighConfNDD	4.0	1	8	0	9	True
chr3	84956989	84960989	CADM2	0	HighConfNDD	4.0	2	7	0	9	True
chr3	114197407	114201407	DRD3	4	HighConfNDD	4.0	0	0	0	0	False
chr3	115145292	115149292	ZBTB20	1	HighConfNDD	4.0	4	8	0	12	False
chr3	121591379	121595379	FBXO40	3	HighConfNDD	4.0	1	8	0	9	False
chr3	123447090	123451090	ADCY5	0	HighConfNDD	4.0	1	10	0	11	True
chr3	129120801	129124801	RAB43	2	HighConfNDD	4.0	5	9	0	14	False
chr3	129159036	129163036	ISY1-RAB43	1	HighConfNDD	4.0	2	9	0	11	False
chr3	129438179	129442179	MBD4	1	HighConfNDD	4.0	1	9	0	10	False
chr3	132652446	132656446	UBA5	0	HighConfNDD	4.0	0	6	0	6	True
chr3	136248340	136252340	PCCB	3	HighConfNDD	4.0	1	9	0	10	False
chr3	143846485	143850485	SLC9A9	1	HighConfNDD	4.0	1	7	0	8	False
chr3	143969823	143973823	DIPK2A	0	HighConfNDD	4.0	5	8	0	13	True
chr3	151083286	151087286	MED12L	1	HighConfNDD	4.0	3	8	0	11	False
chr3	167733243	167737243	SERPINI1	0	HighConfNDD	4.0	4	7	0	11	True
chr3	173394284	173398284	NLGN1	0	HighConfNDD	4.0	2	9	0	11	True
chr3	174436573	174440573	NAALADL2	0	HighConfNDD	4.0	0	8	0	8	True
chr3	177226000	177230000	TBL1XR1	5	HighConfNDD	4.0	0	2	2	3	False
chr3	183695797	183699797	YEATS2	4	HighConfNDD	4.0	1	9	0	11	False
chr3	184153377	184157377	DVL3	2	HighConfNDD	4.0	2	7	0	9	False
chr3	184172689	184176689	AP2M1	1	HighConfNDD	4.0	3	8	0	12	False
chr3	195441044	195445044	ACAP2	2	HighConfNDD	4.0	1	12	0	13	False
chr3	195809973	195813973	MUC4	3	HighConfNDD	4.0	2	6	0	9	False
chr3	196336373	196340373	TM4SF19-DYNLT2B	5	HighConfNDD	4.0	2	8	0	10	False
chr3	196336503	196340503	TM4SF19	4	HighConfNDD	4.0	2	9	0	11	False
chr3	196737857	196741857	PAK2	1	HighConfNDD	4.0	1	7	0	9	False
chr3	197297330	197301330	DLG1	1	HighConfNDD	4.0	7	3	0	10	False
chr4	1869393	1873393	NSD2	2	HighConfNDD	4.0	1	9	0	10	False
chr4	2961571	2965571	GRK4	1	HighConfNDD	4.0	4	10	0	14	False
chr4	6779375	6783375	KIAA0232	0	HighConfNDD	4.0	1	13	0	14	True
chr4	8590660	8594660	CPZ	0	HighConfNDD	4.0	2	10	0	12	True
chr4	15701065	15705065	BST1	2	HighConfNDD	4.0	1	8	0	9	False
chr4	15776275	15780275	CD38	0	HighConfNDD	4.0	1	8	0	9	True
chr4	46991581	46995581	GABRA4	1	HighConfNDD	4.0	1	6	0	8	False
chr4	53364066	53368066	SCFD2	1	HighConfNDD	4.0	1	7	0	8	False
chr4	55946871	55950871	CEP135	2	HighConfNDD	4.0	3	7	0	10	False
chr4	73256798	73260798	ANKRD17	1	HighConfNDD	4.0	2	8	0	10	False
chr4	75722589	75726589	G3BP2	2	HighConfNDD	4.0	1	10	0	11	False
chr4	76232536	76236536	SCARB2	2	HighConfNDD	4.0	1	7	0	8	False
chr4	82372503	82376503	HNRNPD	2	HighConfNDD	4.0	2	10	0	12	False
chr4	84964690	84968690	WDFY3	1	HighConfNDD	4.0	5	2	0	7	False
chr4	87529061	87533061	SPARCL1	0	HighConfNDD	4.0	1	6	0	7	True
chr4	90125394	90129394	CCSER1	0	HighConfNDD	4.0	1	6	0	7	True
chr4	92301966	92305966	GRID2	0	HighConfNDD	4.0	3	7	0	10	True
chr4	98927133	98931133	EIF4E	2	HighConfNDD	4.0	2	8	0	11	False
chr4	99814827	99818827	DAPP1	2	HighConfNDD	4.0	2	8	0	10	False
chr4	101346278	101350278	PPP3CA	0	HighConfNDD	4.0	4	9	0	13	True
chr4	105143875	105147875	TET2	1	HighConfNDD	4.0	5	5	0	10	False
chr4	106314683	106318683	TBCK	1	HighConfNDD	4.0	4	6	0	10	False
chr4	112816032	112820032	ANK2	1	HighConfNDD	4.0	2	5	0	7	False
chr4	127964034	127968034	MFSD8	2	HighConfNDD	4.0	4	7	0	12	False
chr4	133147294	133151294	PCDH10	0	HighConfNDD	4.0	1	11	0	12	True
chr4	139299446	139303446	NAA15	0	HighConfNDD	4.0	3	7	0	10	True
chr4	145096288	145100288	ABCE1	4	HighConfNDD	4.0	4	6	0	10	False
chr4	145936823	145940823	ZNF827	1	HighConfNDD	4.0	2	7	0	9	False
chr4	147682163	147686163	PRMT9	4	HighConfNDD	4.0	1	6	0	7	False
chr4	148442698	148446698	NR3C2	0	HighConfNDD	4.0	4	8	0	12	True
chr4	151013727	151017727	LRBA	3	HighConfNDD	4.0	2	10	0	12	False
chr4	154588742	154592742	FGA	1	HighConfNDD	4.0	1	2	0	5	False
chr4	155852738	155856738	TDO2	0	HighConfNDD	4.0	0	4	0	4	True
chr4	157202182	157206182	GRIA2	3	HighConfNDD	4.0	1	0	0	3	False
chr4	186724722	186728722	FAT1	1	HighConfNDD	4.0	0	13	0	13	False
chr4	189938855	189942855	FRG1	0	HighConfNDD	4.0	1	6	0	7	True
chr5	441175	445175	EXOC3	2	HighConfNDD	4.0	1	9	0	10	False
chr5	1443440	1447440	SLC6A3	2	HighConfNDD	4.0	1	4	0	12	False
chr5	9544075	9548075	SEMA5A	0	HighConfNDD	4.0	1	12	0	13	True
chr5	11902446	11906446	CTNND2	0	HighConfNDD	4.0	1	9	0	10	True
chr5	14141342	14145342	TRIO	0	HighConfNDD	4.0	2	11	0	13	True
chr5	24642978	24646978	CDH10	0	HighConfNDD	4.0	1	5	0	6	True
chr5	27119150	27123150	CDH9	4	HighConfNDD	4.0	0	3	0	7	False
chr5	36874769	36878769	NIPBL	0	HighConfNDD	4.0	3	12	0	15	True
chr5	37369124	37373124	NUP155	3	HighConfNDD	4.0	2	7	0	9	False
chr5	45694498	45698498	HCN1	0	HighConfNDD	4.0	1	9	0	10	True
chr5	65623975	65627975	TRIM23	3	HighConfNDD	4.0	2	5	0	7	False
chr5	65881128	65885128	ERBIN	3	HighConfNDD	4.0	0	3	0	3	False
chr5	72105234	72109234	MAP1B	0	HighConfNDD	4.0	2	8	0	10	True
chr5	79512134	79516134	HOMER1	1	HighConfNDD	4.0	2	9	0	11	False
chr5	88902257	88906257	MEF2C	0	HighConfNDD	4.0	0	0	0	0	True
chr5	93581222	93585222	NR2F1	0	HighConfNDD	4.0	4	7	0	11	True
chr5	98927007	98931007	CHD1	1	HighConfNDD	4.0	2	9	0	11	False
chr5	111221653	111225653	CAMK4	0	HighConfNDD	4.0	2	7	0	9	True
chr5	113511694	113515694	YTHDC2	0	HighConfNDD	4.0	1	10	0	12	True
chr5	127288796	127292796	MEGF10	0	HighConfNDD	4.0	2	6	0	9	True
chr5	132293315	132297315	P4HA2	1	HighConfNDD	4.0	1	9	0	10	False
chr5	135032813	135036813	PITX1	0	HighConfNDD	4.0	5	8	0	13	True
chr5	138350685	138354685	KDM3B	0	HighConfNDD	4.0	1	8	0	9	True
chr5	140105777	140109777	PURA	0	HighConfNDD	4.0	4	7	0	11	True
chr5	140784136	140788136	PCDHA1	0	HighConfNDD	4.0	1	0	0	6	True
chr5	140792852	140796852	PCDHA2	0	HighConfNDD	4.0	1	2	0	5	True
chr5	140799028	140803028	PCDHA3	0	HighConfNDD	4.0	3	0	0	7	True
chr5	140805037	140809037	PCDHA4	0	HighConfNDD	4.0	1	3	0	6	True
chr5	140819604	140823604	PCDHA5	0	HighConfNDD	4.0	1	3	0	5	True
chr5	140825958	140829958	PCDHA6	0	HighConfNDD	4.0	2	0	0	4	True
chr5	140832248	140836248	PCDHA7	0	HighConfNDD	4.0	1	3	0	5	True
chr5	140839187	140843187	PCDHA8	1	HighConfNDD	4.0	1	1	0	4	False
chr5	140845772	140849772	PCDHA9	1	HighConfNDD	4.0	1	2	0	3	False
chr5	140853883	140857883	PCDHA10	1	HighConfNDD	4.0	1	3	0	4	False
chr5	140866183	140870183	PCDHA11	0	HighConfNDD	4.0	1	3	0	4	True
chr5	140873302	140877302	PCDHA12	1	HighConfNDD	4.0	2	3	0	8	False
chr5	140880124	140884124	PCDHA13	0	HighConfNDD	4.0	2	1	1	6	True
chr5	140924299	140928299	PCDHAC1	3	HighConfNDD	4.0	1	5	0	6	False
chr5	140964470	140968470	PCDHAC2	0	HighConfNDD	4.0	1	9	0	10	True
chr5	146201605	146205605	RBM27	4	HighConfNDD	4.0	1	8	0	10	False
chr5	147508068	147512068	DPYSL3	1	HighConfNDD	4.0	1	8	0	9	False
chr5	148824611	148828611	ADRB2	1	HighConfNDD	4.0	1	10	0	11	False
chr5	150288093	150292093	CAMK2A	1	HighConfNDD	4.0	3	6	0	9	False
chr5	153487615	153491615	GRIA1	0	HighConfNDD	4.0	3	2	1	6	True
chr5	154188730	154192730	GALNT10	1	HighConfNDD	4.0	1	13	0	15	False
chr5	157264079	157268079	CYFIP2	1	HighConfNDD	4.0	3	5	0	8	False
chr5	161547044	161551044	GABRB2	0	HighConfNDD	4.0	4	5	0	10	True
chr5	161845063	161849063	GABRA1	0	HighConfNDD	4.0	6	0	0	6	True
chr5	161998057	162002057	GABRG2	2	HighConfNDD	4.0	0	4	0	4	False
chr5	163435569	163439569	CCNG1	2	HighConfNDD	4.0	2	9	0	11	False
chr5	163458404	163462404	NUDCD2	3	HighConfNDD	4.0	3	7	0	10	False
chr5	170859870	170863870	RANBP17	1	HighConfNDD	4.0	1	7	0	8	False
chr5	173886349	173890349	CPEB4	0	HighConfNDD	4.0	2	8	0	10	True
chr5	175442182	175446182	DRD1	1	HighConfNDD	4.0	1	8	0	9	False
chr5	176645387	176649387	TSPAN17	0	HighConfNDD	4.0	1	11	0	12	True
chr5	177020633	177024633	UIMC1	4	HighConfNDD	4.0	1	9	0	10	False
chr5	177129830	177133830	NSD1	0	HighConfNDD	4.0	3	8	0	11	True
chr6	11042305	11046305	ELOVL2	2	HighConfNDD	4.0	2	8	0	10	False
chr6	15244069	15248069	JARID2	0	HighConfNDD	4.0	1	11	0	12	True
chr6	18120677	18124677	NHLRC1	3	HighConfNDD	4.0	1	6	0	7	False
chr6	18153329	18157329	KDM1B	3	HighConfNDD	4.0	2	7	0	9	False
chr6	24492867	24496867	ALDH5A1	1	HighConfNDD	4.0	1	9	0	10	False
chr6	27130795	27134795	H2BC11	2	HighConfNDD	4.0	2	11	0	13	False
chr6	29824967	29828967	HLA-G	2	HighConfNDD	4.0	2	3	0	6	False
chr6	29939260	29943260	HLA-A	2	HighConfNDD	4.0	4	5	0	9	False
chr6	31365067	31369067	HLA-B	1	HighConfNDD	4.0	2	2	2	4	False
chr6	32012795	32016795	C4B	0	HighConfNDD	4.0	0	2	0	2	True
chr6	32587848	32591848	HLA-DRB1	3	HighConfNDD	4.0	1	4	0	5	False
chr6	33073936	33077936	HLA-DPB1	0	HighConfNDD	4.0	1	5	0	6	True
chr6	33417661	33421661	SYNGAP1	0	HighConfNDD	4.0	4	7	0	11	True
chr6	38701145	38705145	GLO1	3	HighConfNDD	4.0	1	7	0	8	False
chr6	40585364	40589364	LRFN2	0	HighConfNDD	4.0	1	9	0	11	True
chr6	42982553	42986553	PPP2R5D	5	HighConfNDD	4.0	2	5	0	8	False
chr6	43051943	43055943	CUL7	3	HighConfNDD	4.0	3	6	0	10	False
chr6	43074307	43078307	PTK7	0	HighConfNDD	4.0	3	7	0	10	True
chr6	46650915	46654915	SLC25A27	0	HighConfNDD	4.0	2	9	0	11	True
chr6	53792497	53796497	LRRC1	0	HighConfNDD	4.0	1	11	0	12	True
chr6	56952830	56956830	DST	0	HighConfNDD	4.0	3	8	0	11	True
chr6	57044532	57048532	KIAA1586	0	HighConfNDD	4.0	1	2	0	5	True
chr6	62284225	62288225	KHDRBS2	0	HighConfNDD	4.0	1	7	0	8	True
chr6	63633802	63637802	PHF3	0	HighConfNDD	4.0	2	9	0	11	True
chr6	71884550	71888550	RIMS1	0	HighConfNDD	4.0	2	7	0	9	True
chr6	77461491	77465491	HTR1B	0	HighConfNDD	4.0	1	10	0	11	True
chr6	79076287	79080287	PHIP	0	HighConfNDD	4.0	3	8	0	11	True
chr6	85642063	85646063	SYNCRIP	2	HighConfNDD	4.0	5	7	0	12	False
chr6	87149803	87153803	ZNF292	2	HighConfNDD	4.0	1	9	0	10	False
chr6	88164347	88168347	CNR1	0	HighConfNDD	4.0	2	11	0	13	True
chr6	99519728	99523728	USP45	6	HighConfNDD	4.0	1	8	0	10	False
chr6	100960701	100964701	GRIK2	0	HighConfNDD	4.0	0	1	0	1	True
chr6	114341023	114345023	HS3ST5	0	HighConfNDD	4.0	1	11	0	12	True
chr6	116058891	116062891	FRK	1	HighConfNDD	4.0	1	7	1	8	False
chr6	117673469	117677469	NUS1	2	HighConfNDD	4.0	2	6	0	9	False
chr6	118546296	118550296	PLN	0	HighConfNDD	4.0	1	7	0	8	True
chr6	131626242	131630242	MED23	0	HighConfNDD	4.0	3	6	0	9	True
chr6	136820564	136824564	PEX7	4	HighConfNDD	4.0	4	2	0	7	False
chr6	142954698	142958698	HIVEP2	2	HighConfNDD	4.0	0	1	0	2	False
chr6	145734023	145738023	EPM2A	1	HighConfNDD	4.0	3	6	0	9	False
chr6	147202180	147206180	STXBP5	0	HighConfNDD	4.0	3	11	0	14	True
chr6	148270304	148274304	SASH1	3	HighConfNDD	4.0	0	5	0	5	False
chr6	152635801	152639801	SYNE1	3	HighConfNDD	4.0	2	5	0	7	False
chr6	156774020	156778020	ARID1B	0	HighConfNDD	4.0	3	7	0	10	True
chr6	162725775	162729775	PRKN	1	HighConfNDD	4.0	3	6	0	9	False
chr6	166904451	166908451	RPS6KA2	0	HighConfNDD	4.0	0	9	0	9	True
chr6	170304565	170308565	DLL1	0	HighConfNDD	4.0	1	8	0	9	True
chr7	725650	729650	PRKAR1B	1	HighConfNDD	4.0	4	6	0	10	False
chr7	2553694	2557694	BRAT1	6	HighConfNDD	4.0	1	8	0	10	False
chr7	3042228	3046228	CARD11	2	HighConfNDD	4.0	1	6	0	7	False
chr7	5272369	5276369	SLC29A4	3	HighConfNDD	4.0	0	5	0	5	False
chr7	5561902	5565902	ACTB	8	HighConfNDD	4.0	1	9	0	11	False
chr7	6549461	6553461	GRID2IP	8	HighConfNDD	4.0	1	1	0	3	False
chr7	7533873	7537873	COL28A1	0	HighConfNDD	4.0	1	3	0	5	True
chr7	8260687	8264687	ICA1	0	HighConfNDD	4.0	3	4	0	7	True
chr7	8431609	8435609	NXPH1	0	HighConfNDD	4.0	1	8	0	9	True
chr7	15560015	15564015	AGMO	1	HighConfNDD	4.0	1	3	0	4	False
chr7	26150198	26154198	NFE2L3	0	HighConfNDD	4.0	1	11	0	12	True
chr7	32426131	32430131	PDE1C	1	HighConfNDD	4.0	1	0	0	6	False
chr7	48169458	48173458	ABCA13	1	HighConfNDD	4.0	1	2	0	3	False
chr7	50563405	50567405	DDC	1	HighConfNDD	4.0	1	5	0	6	False
chr7	55885456	55889456	ZNF713	7	HighConfNDD	4.0	2	3	0	5	False
chr7	66626881	66630881	KCTD7	7	HighConfNDD	4.0	2	9	0	11	False
chr7	69596296	69600296	AUTS2	0	HighConfNDD	4.0	4	7	0	11	True
chr7	73717672	73721672	STX1A	4	HighConfNDD	4.0	1	9	0	11	False
chr7	74648231	74652231	GTF2I	5	HighConfNDD	4.0	1	6	0	8	False
chr7	79766028	79770028	GNAI1	0	HighConfNDD	4.0	1	3	1	5	True
chr7	82441956	82445956	CACNA2D1	0	HighConfNDD	4.0	2	9	0	11	True
chr7	83160930	83164930	PCLO	0	HighConfNDD	4.0	1	6	0	8	True
chr7	87932143	87936143	ADAM22	1	HighConfNDD	4.0	2	5	0	7	False
chr7	91938840	91942840	AKAP9	0	HighConfNDD	4.0	2	8	0	11	True
chr7	95322532	95326532	PON1	0	HighConfNDD	4.0	1	6	0	7	True
chr7	97003553	97007553	DLX6	0	HighConfNDD	4.0	5	9	0	14	True
chr7	98875933	98879933	TRRAP	3	HighConfNDD	4.0	1	8	0	9	False
chr7	99142108	99146108	SMURF1	2	HighConfNDD	4.0	1	9	0	10	False
chr7	99974042	99978042	AZGP1	5	HighConfNDD	4.0	1	4	0	5	False
chr7	100117841	100121841	TAF6	7	HighConfNDD	4.0	4	4	0	10	False
chr7	100692250	100696250	GIGYF1	5	HighConfNDD	4.0	2	10	0	13	False
chr7	100894974	100898974	ACHE	3	HighConfNDD	4.0	2	9	0	11	False
chr7	100967565	100971565	MUC12	4	HighConfNDD	4.0	2	5	0	7	False
chr7	101125104	101129104	SERPINE1	3	HighConfNDD	4.0	1	10	0	11	False
chr7	101813904	101817904	CUX1	0	HighConfNDD	4.0	2	11	0	13	True
chr7	103987658	103991658	RELN	0	HighConfNDD	4.0	2	8	0	11	True
chr7	104938943	104942943	KMT2E	3	HighConfNDD	4.0	0	10	0	10	False
chr7	106863278	106867278	PIK3CG	0	HighConfNDD	4.0	1	9	0	10	True
chr7	108001213	108005213	LAMB1	1	HighConfNDD	4.0	2	10	0	12	False
chr7	108454717	108458717	NRCAM	0	HighConfNDD	4.0	2	8	0	10	True
chr7	111560517	111564517	IMMP2L	1	HighConfNDD	4.0	2	9	0	11	False
chr7	112204407	112208407	DOCK4	1	HighConfNDD	4.0	3	6	0	9	False
chr7	113085778	113089778	GPR85	0	HighConfNDD	4.0	4	7	0	11	True
chr7	114084327	114088327	FOXP2	0	HighConfNDD	4.0	1	12	0	13	True
chr7	116670196	116674196	MET	0	HighConfNDD	4.0	1	9	0	10	True
chr7	116951238	116955238	ST7	0	HighConfNDD	4.0	7	4	0	11	True
chr7	117872139	117876139	CTTNBP2	0	HighConfNDD	4.0	1	7	0	8	True
chr7	120271175	120275175	KCND2	0	HighConfNDD	4.0	1	10	0	12	True
chr7	122884759	122888759	CADPS2	0	HighConfNDD	4.0	3	8	0	11	True
chr7	123555904	123559904	NDUFA5	1	HighConfNDD	4.0	2	3	0	7	False
chr7	124763792	124767792	GPR37	1	HighConfNDD	4.0	1	8	0	9	False
chr7	124927983	124931983	POT1	2	HighConfNDD	4.0	2	5	0	8	False
chr7	127650194	127654194	SND1	2	HighConfNDD	4.0	2	8	0	11	False
chr7	128030107	128034107	LRRC4	0	HighConfNDD	4.0	1	10	0	11	True
chr7	128239278	128243278	LEP	1	HighConfNDD	4.0	1	4	0	5	False
chr7	129950960	129954960	UBE2H	2	HighConfNDD	4.0	4	6	0	10	False
chr7	130440433	130444433	CEP41	2	HighConfNDD	4.0	3	5	0	8	False
chr7	132646688	132650688	PLXNA4	0	HighConfNDD	4.0	0	0	1	3	True
chr7	139228356	139232356	UBN2	1	HighConfNDD	4.0	1	6	0	7	False
chr7	140922929	140926929	BRAF	1	HighConfNDD	4.0	2	8	0	10	False
chr7	143406856	143410856	EPHA1	1	HighConfNDD	4.0	2	9	0	11	False
chr7	146114002	146118002	CNTNAP2	0	HighConfNDD	4.0	1	6	0	9	True
chr7	152434644	152438644	KMT2C	0	HighConfNDD	4.0	5	7	0	12	True
chr7	153746133	153750133	DPP6	1	HighConfNDD	4.0	1	1	0	3	False
chr7	155456129	155460129	EN2	0	HighConfNDD	4.0	3	11	0	14	True
chr7	157136926	157140926	UBE3C	3	HighConfNDD	4.0	2	8	0	11	False
chr8	735628	739628	DLGAP2	0	HighConfNDD	4.0	2	8	0	11	True
chr8	1753778	1757778	CLN8	4	HighConfNDD	4.0	0	11	0	11	False
chr8	1821926	1825926	ARHGEF10	0	HighConfNDD	4.0	1	9	0	10	True
chr8	4992972	4996972	CSMD1	0	HighConfNDD	4.0	2	8	0	10	True
chr8	6404592	6408592	MCPH1	3	HighConfNDD	4.0	2	4	0	7	False
chr8	16565490	16569490	MSR1	0	HighConfNDD	4.0	0	4	0	4	True
chr8	17920842	17924842	PCM1	0	HighConfNDD	4.0	3	7	0	11	True
chr8	19082730	19086730	PSD3	1	HighConfNDD	4.0	0	5	0	5	False
chr8	22691480	22695480	EGR3	0	HighConfNDD	4.0	5	8	0	13	True
chr8	22985417	22989417	RHOBTB2	3	HighConfNDD	4.0	1	9	0	10	False
chr8	26512031	26516031	DPYSL2	0	HighConfNDD	4.0	1	10	0	11	True
chr8	29261124	29265124	KIF13B	3	HighConfNDD	4.0	1	7	0	8	False
chr8	38223218	38227218	DDHD2	3	HighConfNDD	4.0	0	3	1	4	False
chr8	38466834	38470834	FGFR1	2	HighConfNDD	4.0	3	5	0	9	False
chr8	42049994	42053994	KAT6A	2	HighConfNDD	4.0	1	9	0	10	False
chr8	42695366	42699366	CHRNB3	1	HighConfNDD	4.0	1	5	0	6	False
chr8	47958178	47962178	PRKDC	3	HighConfNDD	4.0	3	8	0	11	False
chr8	47958185	47962185	MCM4	3	HighConfNDD	4.0	3	8	0	11	False
chr8	60514936	60518936	RAB2A	2	HighConfNDD	4.0	3	8	0	11	False
chr8	60676740	60680740	CHD7	0	HighConfNDD	4.0	1	7	0	8	True
chr8	81278536	81282536	FABP5	0	HighConfNDD	4.0	3	7	0	10	True
chr8	86741675	86745675	CNGB3	1	HighConfNDD	4.0	1	4	0	5	False
chr8	92101385	92105385	RUNX1T1	0	HighConfNDD	4.0	1	13	0	14	True
chr8	96491813	96495813	SDC2	1	HighConfNDD	4.0	2	7	0	9	False
chr8	99011266	99015266	VPS13B	3	HighConfNDD	4.0	5	7	0	12	False
chr8	102410759	102414759	UBR5	3	HighConfNDD	4.0	2	8	0	10	False
chr8	118109826	118113826	EXT1	1	HighConfNDD	4.0	1	11	0	12	False
chr8	123039968	123043968	TBC1D31	2	HighConfNDD	4.0	2	7	0	9	False
chr8	131902093	131906093	EFR3A	1	HighConfNDD	4.0	1	9	0	10	False
chr8	132479095	132483095	KCNQ3	0	HighConfNDD	4.0	3	7	0	10	True
chr8	140456579	140460579	TRAPPC9	3	HighConfNDD	4.0	3	8	0	11	False
chr8	140633633	140637633	AGO2	0	HighConfNDD	4.0	2	11	0	13	True
chr8	142877846	142881846	CYP11B1	0	HighConfNDD	4.0	1	4	0	5	True
chr8	143876467	143880467	EPPK1	0	HighConfNDD	4.0	1	12	0	13	True
chr8	144796876	144800876	ZNF517	4	HighConfNDD	4.0	1	10	0	12	False
chr9	212854	216854	DOCK8	2	HighConfNDD	4.0	2	8	0	10	False
chr9	468291	472291	KANK1	2	HighConfNDD	4.0	3	7	0	10	False
chr9	1978290	1982290	SMARCA2	0	HighConfNDD	4.0	0	9	0	9	True
chr9	3524004	3528004	RFX3	0	HighConfNDD	4.0	3	9	0	12	True
chr9	4488468	4492468	SLC1A1	3	HighConfNDD	4.0	1	5	0	6	False
chr9	5888889	5892889	MLANA	1	HighConfNDD	4.0	1	4	0	5	False
chr9	6718863	6722863	KDM4C	11	HighConfNDD	4.0	0	2	0	2	False
chr9	10611002	10615002	PTPRD	0	HighConfNDD	4.0	3	8	0	11	True
chr9	14396983	14400983	NFIB	0	HighConfNDD	4.0	0	7	0	7	True
chr9	19787037	19791037	SLC24A2	1	HighConfNDD	4.0	1	5	0	6	False
chr9	23824337	23828337	ELAVL2	0	HighConfNDD	4.0	1	7	0	8	True
chr9	27107141	27111141	TEK	1	HighConfNDD	4.0	2	5	0	7	False
chr9	35094619	35098619	PIGO	5	HighConfNDD	4.0	2	6	0	8	False
chr9	36167388	36171388	CCIN	3	HighConfNDD	4.0	0	4	0	5	False
chr9	36485548	36489548	RNF38	0	HighConfNDD	4.0	0	13	0	13	True
chr9	37032268	37036268	PAX5	0	HighConfNDD	4.0	2	11	0	13	True
chr9	39286315	39290315	CNTNAP3	1	HighConfNDD	4.0	1	0	0	1	False
chr9	72112595	72116595	GDA	5	HighConfNDD	4.0	1	3	0	4	False
chr9	73149865	73153865	ANXA1	1	HighConfNDD	4.0	1	6	0	7	False
chr9	74495335	74499335	RORB	0	HighConfNDD	4.0	3	7	0	10	True
chr9	76904114	76908114	PRUNE2	0	HighConfNDD	4.0	2	8	0	10	True
chr9	83978631	83982631	HNRNPK	1	HighConfNDD	4.0	2	9	0	11	False
chr9	93574584	93578584	PHF2	0	HighConfNDD	4.0	2	13	0	15	True
chr9	98706935	98710935	GABBR2	0	HighConfNDD	4.0	1	9	0	12	True
chr9	102993311	102997311	CYLC2	0	HighConfNDD	4.0	0	1	1	1	True
chr9	106861166	106865166	ZNF462	0	HighConfNDD	4.0	2	11	0	13	True
chr9	109165249	109169249	FRRS1L	1	HighConfNDD	4.0	1	8	0	10	False
chr9	111482745	111486745	ECPAS	2	HighConfNDD	4.0	2	8	0	11	False
chr9	117413070	117417070	ASTN2	0	HighConfNDD	4.0	1	8	1	9	True
chr9	123999670	124003670	LHX2	0	HighConfNDD	4.0	0	9	0	9	True
chr9	126611928	126615928	LMX1B	0	HighConfNDD	4.0	2	12	0	14	True
chr9	127577370	127581370	STXBP1	7	HighConfNDD	4.0	1	6	0	7	False
chr9	128189655	128193655	DNM1	4	HighConfNDD	4.0	4	7	0	11	False
chr9	128338527	128342527	SLC27A4	5	HighConfNDD	4.0	3	7	0	11	False
chr9	128550558	128554558	SPTAN1	0	HighConfNDD	4.0	1	13	0	14	True
chr9	128681424	128685424	SET	6	HighConfNDD	4.0	4	6	0	10	False
chr9	131500789	131504789	POMT1	3	HighConfNDD	4.0	3	6	0	9	False
chr9	132944874	132948874	TSC1	1	HighConfNDD	4.0	3	6	0	9	False
chr9	135700185	135704185	KCNT1	0	HighConfNDD	4.0	1	9	0	11	True
chr9	136544048	136548048	NOTCH1	0	HighConfNDD	4.0	2	11	0	13	True
chr9	137136346	137140346	GRIN1	1	HighConfNDD	4.0	2	10	0	12	False
chr9	137548402	137552402	PNPLA7	4	HighConfNDD	4.0	2	10	0	12	False
chr9	137616992	137620992	EHMT1	2	HighConfNDD	4.0	2	9	0	12	False
chr9	137875782	137879782	CACNA1B	0	HighConfNDD	4.0	2	8	0	10	True
chrX	622344	626344	SHOX	0	HighConfNDD	4.0	2	2	0	5	True
chrX	1613059	1617059	ASMT	12	HighConfNDD	4.0	1	1	0	2	False
chrX	6226867	6230867	NLGN4X	0	HighConfNDD	4.0	4	3	0	7	True
chrX	9461320	9465320	TBL1X	2	HighConfNDD	4.0	3	9	0	12	False
chrX	10154975	10158975	CLCN4	1	HighConfNDD	4.0	3	8	0	12	False
chrX	11756159	11760159	MSL3	0	HighConfNDD	4.0	7	4	0	11	True
chrX	13732743	13736743	OFD1	0	HighConfNDD	4.0	3	7	0	10	True
chrX	14527298	14531298	GLRA2	1	HighConfNDD	4.0	1	2	1	3	False
chrX	15333554	15337554	PIGA	2	HighConfNDD	4.0	1	6	0	7	False
chrX	16717612	16721612	SYAP1	5	HighConfNDD	4.0	1	5	0	6	False
chrX	18423583	18427583	CDKL5	1	HighConfNDD	4.0	2	8	0	10	False
chrX	20265519	20269519	RPS6KA3	1	HighConfNDD	4.0	5	5	0	11	False
chrX	21370801	21374801	CNKSR2	0	HighConfNDD	4.0	2	2	0	4	True
chrX	22997960	23001960	DDX53	1	HighConfNDD	4.0	2	0	1	3	False
chrX	23332849	23336849	PTCHD1	0	HighConfNDD	4.0	2	7	0	9	True
chrX	25014420	25018420	ARX	0	HighConfNDD	4.0	1	11	0	12	True
chrX	28585446	28589446	IL1RAPL1	0	HighConfNDD	4.0	2	8	0	10	True
chrX	34130314	34134314	FAM47A	0	HighConfNDD	4.0	0	0	0	0	True
chrX	38559542	38563542	TSPAN7	0	HighConfNDD	4.0	1	6	1	7	True
chrX	41083445	41087445	USP9X	0	HighConfNDD	4.0	2	9	0	11	True
chrX	41331348	41335348	DDX3X	0	HighConfNDD	4.0	6	5	0	11	True
chrX	41921554	41925554	CASK	0	HighConfNDD	4.0	3	6	0	10	True
chrX	43652907	43656907	MAOA	1	HighConfNDD	4.0	3	6	0	9	False
chrX	43880450	43884450	MAOB	0	HighConfNDD	4.0	2	4	0	6	True
chrX	44871188	44875188	KDM6A	1	HighConfNDD	4.0	3	9	0	12	False
chrX	47215860	47219860	CDK16	0	HighConfNDD	4.0	2	9	0	11	True
chrX	47617857	47621857	SYN1	0	HighConfNDD	4.0	1	6	0	8	True
chrX	48909958	48913958	SLC35A2	1	HighConfNDD	4.0	3	10	0	13	False
chrX	49099170	49103170	WDR45	4	HighConfNDD	4.0	2	7	0	10	False
chrX	49231371	49235371	CACNA1F	3	HighConfNDD	4.0	2	5	0	7	False
chrX	53223422	53227422	KDM5C	0	HighConfNDD	4.0	4	7	0	11	True
chrX	53319350	53323350	IQSEC2	0	HighConfNDD	4.0	2	7	0	9	True
chrX	54356642	54360642	WNK3	0	HighConfNDD	4.0	1	5	0	6	True
chrX	63807274	63811274	ARHGEF9	1	HighConfNDD	4.0	0	1	0	3	False
chrX	66038125	66042125	VSIG4	0	HighConfNDD	4.0	1	1	0	2	True
chrX	67542021	67546021	AR	0	HighConfNDD	4.0	3	4	0	7	True
chrX	68431913	68435913	OPHN1	1	HighConfNDD	4.0	4	2	0	7	False
chrX	70442835	70446835	DLG3	1	HighConfNDD	4.0	1	9	0	10	False
chrX	70929125	70933125	SLC7A3	1	HighConfNDD	4.0	1	2	0	3	False
chrX	71142821	71146821	NLGN3	2	HighConfNDD	4.0	1	7	0	8	False
chrX	74923472	74927472	NEXMIF	0	HighConfNDD	4.0	1	7	0	8	True
chrX	77784233	77788233	ATRX	1	HighConfNDD	4.0	1	11	0	12	False
chrX	85241991	85245991	ZNF711	0	HighConfNDD	4.0	3	5	0	8	True
chrX	91777261	91781261	PCDH11X	0	HighConfNDD	4.0	1	3	0	5	True
chrX	100408273	100412273	PCDH19	0	HighConfNDD	4.0	2	8	0	11	True
chrX	101389011	101393011	RPL36A-HNRNPH2	1	HighConfNDD	4.0	3	4	0	7	False
chrX	101406222	101410222	HNRNPH2	1	HighConfNDD	4.0	2	6	0	8	False
chrX	104564199	104568199	IL1RAPL2	1	HighConfNDD	4.0	1	0	0	7	False
chrX	111663811	111667811	ALG13	2	HighConfNDD	4.0	0	1	0	1	False
chrX	116168744	116172744	AGTR2	0	HighConfNDD	4.0	1	2	0	4	True
chrX	119850998	119854998	UPF3B	4	HighConfNDD	4.0	2	2	0	5	False
chrX	120243267	120247267	RHOXF1	1	HighConfNDD	4.0	2	2	0	6	False
chrX	129521500	129525500	SMARCA1	0	HighConfNDD	4.0	1	7	0	9	True
chrX	133413489	133417489	GPC4	0	HighConfNDD	4.0	2	9	0	11	True
chrX	135971841	135975841	SLC9A6	1	HighConfNDD	4.0	3	5	0	8	False
chrX	141836316	141840316	MAGEC3	0	HighConfNDD	4.0	0	0	0	0	True
chrX	147909919	147913919	FMR1	0	HighConfNDD	4.0	2	6	0	8	True
chrX	148498617	148502617	AFF2	0	HighConfNDD	4.0	2	7	0	9	True
chrX	150896816	150900816	CD99L2	0	HighConfNDD	4.0	2	7	0	10	True
chrX	153685926	153689926	SLC6A8	0	HighConfNDD	4.0	2	10	0	12	True
chrX	154135103	154139103	MECP2	3	HighConfNDD	4.0	0	7	0	10	False
chrX	154387955	154391955	RPL10	3	HighConfNDD	4.0	0	1	0	1	False
chrX	154456281	154460281	PLXNA3	6	HighConfNDD	4.0	1	8	0	9	False
chrX	155262491	155266491	RAB39B	1	HighConfNDD	4.0	1	5	0	7	False
chrX	155717098	155721098	TMLHE	1	HighConfNDD	4.0	1	1	0	2	False
chrY	622344	626344	SHOX	0	HighConfNDD	4.0	0	0	0	0	True
chrY	1613059	1617059	ASMT	12	HighConfNDD	4.0	0	0	0	0	False
chrY	12535650	12539650	USP9Y	3	HighConfNDD	4.0	1	0	0	4	False
chrY	14520573	14524573	NLGN4Y	0	HighConfNDD	4.0	3	3	0	6	True
chr1	957309	961309	NOC2L	2	Housekeeping	4.0	2	8	0	10	False
chr1	1230031	1234031	SDF4	2	Housekeeping	4.0	1	9	0	10	False
chr1	1373207	1377207	AURKAIP1	1	Housekeeping	4.0	1	12	0	13	False
chr1	1397335	1401335	CCNL2	2	Housekeeping	4.0	2	9	0	11	False
chr1	1405293	1409293	MRPL20	9	Housekeeping	4.0	2	7	0	12	False
chr1	1572863	1576863	SSU72	5	Housekeeping	4.0	3	8	0	12	False
chr1	2389775	2393775	RER1	1	Housekeeping	4.0	2	9	0	11	False
chr1	3623015	3627015	TPRG1L	1	Housekeeping	4.0	1	8	0	9	False
chr1	3794498	3798498	LRRC47	5	Housekeeping	4.0	1	6	0	8	False
chr1	3898293	3902293	C1orf174	3	Housekeeping	4.0	1	10	0	11	False
chr1	6207389	6211389	RPL22	1	Housekeeping	4.0	0	9	0	11	False
chr1	6233972	6237972	ICMT	5	Housekeeping	4.0	2	3	0	5	False
chr1	6611731	6615731	PHF13	1	Housekeeping	4.0	3	10	0	13	False
chr1	6612607	6616607	KLHL21	1	Housekeeping	4.0	3	9	0	12	False
chr1	6699924	6703924	DNAJC11	3	Housekeeping	4.0	1	7	0	9	False
chr1	7769296	7773296	VAMP3	1	Housekeeping	4.0	1	7	0	8	False
chr1	7952291	7956291	PARK7	3	Housekeeping	4.0	0	5	0	7	False
chr1	8877190	8881190	ENO1	4	Housekeeping	4.0	1	12	0	13	False
chr1	11010344	11014344	TARDBP	5	Housekeeping	4.0	2	3	0	7	False
chr1	11058020	11062020	SRM	4	Housekeeping	4.0	1	9	0	10	False
chr1	11097869	11101869	EXOSC10	7	Housekeeping	4.0	2	4	0	8	False
chr1	11924428	11928428	KIAA2013	5	Housekeeping	4.0	1	8	0	9	False
chr1	11932205	11936205	PLOD1	8	Housekeeping	4.0	1	7	0	8	False
chr1	11978181	11982181	MFN2	4	Housekeeping	4.0	2	9	0	11	False
chr1	12017466	12021466	MIIP	10	Housekeeping	4.0	1	7	0	8	False
chr1	15974132	15978132	ZBTB17	6	Housekeeping	4.0	1	8	0	9	False
chr1	16350480	16354480	FBXO42	4	Housekeeping	4.0	1	6	0	8	False
chr1	17437677	17441677	RCC2	0	Housekeeping	4.0	2	10	0	12	True
chr1	19208266	19212266	UBR4	2	Housekeeping	4.0	1	10	0	11	False
chr1	19249805	19253805	MRTO4	5	Housekeeping	4.0	1	8	0	9	False
chr1	19310144	19314144	AKR7A2	1	Housekeeping	4.0	2	8	0	10	False
chr1	20506151	20510151	MUL1	4	Housekeeping	4.0	1	4	0	5	False
chr1	20785323	20789323	HP1BP3	4	Housekeeping	4.0	2	9	0	13	False
chr1	21781606	21785606	USP48	4	Housekeeping	4.0	3	9	0	12	False
chr1	23017443	23021443	KDM1A	4	Housekeeping	4.0	2	7	0	9	False
chr1	23689742	23693742	RPL11	4	Housekeeping	4.0	2	4	0	8	False
chr1	23776418	23780418	PITHD1	2	Housekeeping	4.0	1	9	0	10	False
chr1	23954839	23958839	PNRC2	4	Housekeeping	4.0	1	6	0	7	False
chr1	23978927	23982927	SRSF10	2	Housekeeping	4.0	1	9	0	10	False
chr1	24629716	24633716	SRRM1	6	Housekeeping	4.0	0	4	0	4	False
chr1	25230502	25234502	SYF2	4	Housekeeping	4.0	1	6	0	9	False
chr1	25336317	25340317	TMEM50A	1	Housekeeping	4.0	1	8	0	9	False
chr1	25816640	25820640	MTFR1L	1	Housekeeping	4.0	3	8	0	11	False
chr1	26167908	26171908	ZNF593	1	Housekeeping	4.0	4	8	0	12	False
chr1	26470440	26474440	HMGN2	1	Housekeeping	4.0	1	9	0	10	False
chr1	26888283	26892283	GPN2	4	Housekeeping	4.0	1	6	0	7	False
chr1	26898238	26902238	NUDC	6	Housekeeping	4.0	1	3	0	5	False
chr1	27771219	27775219	STX12	4	Housekeeping	4.0	2	6	0	8	False
chr1	27828782	27832782	PPP1R8	1	Housekeeping	4.0	2	7	0	10	False
chr1	27912746	27916746	RPA2	8	Housekeeping	4.0	1	5	0	8	False
chr1	28231029	28235029	DNAJC8	9	Housekeeping	4.0	1	5	0	6	False
chr1	28234109	28238109	ATP5IF1	4	Housekeeping	4.0	1	5	0	6	False
chr1	29179900	29183900	SRSF4	2	Housekeeping	4.0	2	9	0	11	False
chr1	31294982	31298982	ZCCHC17	2	Housekeeping	4.0	2	9	0	11	False
chr1	31642896	31646896	PEF1	0	Housekeeping	4.0	4	7	0	12	True
chr1	31942856	31946856	PTP4A2	3	Housekeeping	4.0	0	9	0	9	False
chr1	32011868	32015868	KHDRBS1	3	Housekeeping	4.0	2	6	0	8	False
chr1	32106056	32110056	KPNA6	6	Housekeeping	4.0	1	9	0	11	False
chr1	32219077	32223077	EIF3I	4	Housekeeping	4.0	4	5	0	9	False
chr1	32392731	32396731	BSDC1	4	Housekeeping	4.0	2	7	0	10	False
chr1	33078996	33082996	AK2	2	Housekeeping	4.0	2	7	0	9	False
chr1	34857755	34861755	SMIM12	2	Housekeeping	4.0	3	4	0	8	False
chr1	35191446	35195446	SFPQ	5	Housekeeping	4.0	1	9	0	10	False
chr1	35639526	35643526	PSMB2	5	Housekeeping	4.0	1	8	0	10	False
chr1	36154053	36158053	TRAPPC3	1	Housekeeping	4.0	3	9	0	12	False
chr1	36222432	36226432	THRAP3	3	Housekeeping	4.0	2	8	0	10	False
chr1	36395908	36399908	LSM10	6	Housekeeping	4.0	1	6	0	7	False
chr1	37593937	37597937	GNL2	2	Housekeeping	4.0	1	4	0	6	False
chr1	37988075	37992075	SF3A3	3	Housekeeping	4.0	1	7	0	8	False
chr1	38857772	38861772	RRAGC	4	Housekeeping	4.0	1	7	0	8	False
chr1	38989276	38993276	AKIRIN1	2	Housekeeping	4.0	1	11	0	12	False
chr1	39574790	39578790	PABPC4	3	Housekeeping	4.0	3	5	0	8	False
chr1	40038233	40042233	CAP1	2	Housekeeping	4.0	2	8	0	12	False
chr1	40256041	40260041	ZMPSTE24	4	Housekeeping	4.0	1	8	0	10	False
chr1	40689648	40693648	NFYC	1	Housekeeping	4.0	2	8	0	11	False
chr1	42656335	42660335	PPIH	1	Housekeeping	4.0	3	6	0	9	False
chr1	42680418	42684418	YBX1	0	Housekeeping	4.0	2	9	0	11	True
chr1	43268936	43272936	EBNA1BP2	1	Housekeeping	4.0	1	9	0	10	False
chr1	43944950	43948950	IPO13	1	Housekeeping	4.0	3	9	0	12	False
chr1	43972487	43976487	ATP6V0B	0	Housekeeping	4.0	2	7	0	9	True
chr1	44353260	44357260	ERI3	1	Housekeeping	4.0	2	5	0	7	False
chr1	44773251	44777251	RPS8	6	Housekeeping	4.0	4	6	0	10	False
chr1	45008950	45012950	UROD	0	Housekeeping	4.0	4	8	0	12	True
chr1	45548543	45552543	AKR1A1	7	Housekeeping	4.0	3	4	0	7	False
chr1	46301616	46305616	LRRC41	3	Housekeeping	4.0	2	10	0	12	False
chr1	46301698	46305698	UQCRH	3	Housekeeping	4.0	2	10	0	12	False
chr1	46671867	46675867	ATPAF1	1	Housekeeping	4.0	0	4	0	4	False
chr1	46717146	46721146	EFCAB14	1	Housekeeping	4.0	1	6	0	8	False
chr1	47331790	47335790	CMPK1	4	Housekeeping	4.0	1	7	0	9	False
chr1	51234273	51238273	RNF11	1	Housekeeping	4.0	3	9	0	12	False
chr1	52053772	52057772	TXNDC12	0	Housekeeping	4.0	3	6	0	10	True
chr1	52054199	52058199	BTF3L4	0	Housekeeping	4.0	3	7	0	11	True
chr1	52402602	52406602	PRPF38A	2	Housekeeping	4.0	1	5	0	7	False
chr1	52724453	52728453	ZYG11B	4	Housekeeping	4.0	1	7	0	8	False
chr1	53236518	53240518	MAGOH	6	Housekeeping	4.0	1	6	0	7	False
chr1	53944077	53948077	LRRC42	2	Housekeeping	4.0	3	11	0	14	False
chr1	54051504	54055504	TMEM59	1	Housekeeping	4.0	4	6	0	10	False
chr1	54182041	54186041	MRPL37	2	Housekeeping	4.0	0	1	0	1	False
chr1	65065754	65069754	JAK1	0	Housekeeping	4.0	1	11	0	12	True
chr1	65418587	65422587	LEPROT	0	Housekeeping	4.0	3	9	0	12	True
chr1	67428415	67432415	SERBP1	0	Housekeeping	4.0	2	8	0	10	True
chr1	71079289	71083289	ZRANB2	0	Housekeeping	4.0	3	5	0	8	True
chr1	75784197	75788197	RABGGTB	5	Housekeeping	4.0	2	9	0	12	False
chr1	77977110	77981110	FUBP1	2	Housekeeping	4.0	1	11	0	12	False
chr1	84477259	84481259	RPF1	2	Housekeeping	4.0	1	5	0	6	False
chr1	86702570	86706570	SH3GLB1	1	Housekeeping	4.0	3	9	0	13	False
chr1	86912424	86916424	SELENOF	0	Housekeeping	4.0	4	9	0	13	True
chr1	87326880	87330880	LMO4	0	Housekeeping	4.0	1	10	0	11	True
chr1	88889944	88893944	GTF2B	2	Housekeeping	4.0	1	9	0	10	False
chr1	92830013	92834013	RPL5	4	Housekeeping	4.0	1	8	0	9	False
chr1	100036095	100040095	MFSD14A	2	Housekeeping	4.0	1	9	0	10	False
chr1	108690310	108694310	PRPF38B	1	Housekeeping	4.0	1	7	0	8	False
chr1	108744674	108748674	STXBP3	3	Housekeeping	4.0	1	6	0	7	False
chr1	109088764	109092764	TMEM167B	4	Housekeeping	4.0	1	10	0	11	False
chr1	109424448	109428448	PSMA5	6	Housekeeping	4.0	2	8	0	10	False
chr1	109982765	109986765	AHCYL1	1	Housekeeping	4.0	1	11	0	13	False
chr1	110405942	110409942	LAMTOR5	4	Housekeeping	4.0	4	5	0	9	False
chr1	111540218	111544218	RAP1A	1	Housekeeping	4.0	1	4	0	5	False
chr1	112617805	112621805	CAPZA1	2	Housekeeping	4.0	3	7	0	10	False
chr1	112705434	112709434	RHOC	2	Housekeeping	4.0	3	7	0	10	False
chr1	113927324	113931324	HIPK1	1	Housekeeping	4.0	4	6	0	10	False
chr1	114579629	114583629	BCAS2	4	Housekeeping	4.0	2	4	0	7	False
chr1	117365449	117369449	MAN1A2	0	Housekeeping	4.0	2	13	0	15	True
chr1	145822053	145826053	POLR3C	3	Housekeeping	4.0	1	7	0	9	False
chr1	145962690	145966690	POLR3GL	3	Housekeeping	4.0	1	9	1	10	False
chr1	150319479	150323479	PRPF3	7	Housekeeping	4.0	1	6	0	7	False
chr1	150361091	150365091	RPRD2	4	Housekeeping	4.0	3	8	0	12	False
chr1	150627612	150631612	ENSA	5	Housekeeping	4.0	3	8	0	11	False
chr1	150874708	150878708	ARNT	4	Housekeeping	4.0	1	11	0	12	False
chr1	150973003	150977003	CERS2	3	Housekeeping	4.0	3	11	0	14	False
chr1	151068325	151072325	CDC42SE1	5	Housekeeping	4.0	1	8	0	9	False
chr1	151252709	151256709	PSMD4	10	Housekeeping	4.0	1	6	0	7	False
chr1	151397560	151401560	PSMB4	4	Housekeeping	4.0	2	8	0	10	False
chr1	151610006	151614006	SNX27	2	Housekeeping	4.0	2	8	0	10	False
chr1	151761496	151765496	MRPL9	1	Housekeeping	4.0	3	5	0	8	False
chr1	153534244	153538244	S100A6	1	Housekeeping	4.0	2	8	0	10	False
chr1	153631982	153635982	CHTOP	7	Housekeeping	4.0	2	7	0	9	False
chr1	153656703	153660703	SNAPIN	12	Housekeeping	4.0	1	6	0	8	False
chr1	153944718	153948718	DENND4B	0	Housekeeping	4.0	1	8	0	9	True
chr1	153966184	153970184	SLC39A1	4	Housekeeping	4.0	3	5	0	8	False
chr1	153975674	153979674	JTB	4	Housekeeping	4.0	1	7	0	10	False
chr1	153984358	153988358	RAB13	4	Housekeeping	4.0	2	10	0	12	False
chr1	153988762	153992762	RPS27	6	Housekeeping	4.0	1	9	0	11	False
chr1	154192648	154196648	TPM3	2	Housekeeping	4.0	0	7	0	7	False
chr1	154218637	154222637	C1orf43	0	Housekeeping	4.0	2	6	0	8	True
chr1	154557028	154561028	UBE2Q1	2	Housekeeping	4.0	0	8	0	8	False
chr1	154934719	154938719	PMVK	4	Housekeeping	4.0	3	6	0	10	False
chr1	155171475	155175475	KRTCAP2	1	Housekeeping	4.0	3	7	0	10	False
chr1	155260433	155264433	SCAMP3	1	Housekeeping	4.0	1	4	0	5	False
chr1	155932413	155936413	KHDC4	4	Housekeeping	4.0	2	7	0	9	False
chr1	156018951	156022951	SSR2	4	Housekeeping	4.0	2	5	0	8	False
chr1	156051798	156055798	UBQLN4	1	Housekeeping	4.0	2	9	0	11	False
chr1	156052782	156056782	LAMTOR2	1	Housekeeping	4.0	2	8	0	10	False
chr1	156210982	156214982	PMF1-BGLAP	4	Housekeeping	4.0	1	10	0	11	False
chr1	156210993	156214993	PMF1	4	Housekeeping	4.0	1	10	0	11	False
chr1	156599496	156603496	GPATCH4	5	Housekeeping	4.0	1	7	0	8	False
chr1	156739590	156743590	MRPL24	1	Housekeeping	4.0	1	9	0	10	False
chr1	156748610	156752610	PRCC	0	Housekeeping	4.0	2	8	0	10	True
chr1	160096943	160100943	IGSF8	0	Housekeeping	4.0	2	11	0	13	True
chr1	160203380	160207380	PEA15	1	Housekeeping	4.0	1	9	0	10	False
chr1	160341566	160345566	COPA	1	Housekeeping	4.0	1	9	0	10	False
chr1	161116055	161120055	PFDN2	4	Housekeeping	4.0	1	10	0	11	False
chr1	161175968	161179968	B4GALT3	3	Housekeeping	4.0	3	7	0	11	False
chr1	161764298	161768298	ATF6	3	Housekeeping	4.0	2	6	0	9	False
chr1	165629213	165633213	MGST3	0	Housekeeping	4.0	4	8	0	12	True
chr1	165696562	165700562	ALDH9A1	5	Housekeeping	4.0	2	8	0	10	False
chr1	167551805	167555805	CREG1	1	Housekeeping	4.0	2	5	0	8	False
chr1	167719192	167723192	MPZL1	2	Housekeeping	4.0	2	11	0	13	False
chr1	167935072	167939072	MPC2	0	Housekeeping	4.0	4	9	0	13	True
chr1	173475330	173479330	PRDX6	0	Housekeeping	4.0	2	7	0	9	True
chr1	175021425	175025425	MRPS14	1	Housekeeping	4.0	2	4	0	6	False
chr1	179023804	179027804	FAM20B	0	Housekeeping	4.0	1	10	0	11	True
chr1	179080070	179084070	TOR3A	2	Housekeeping	4.0	1	10	0	11	False
chr1	179880042	179884042	TOR1AIP1	1	Housekeeping	4.0	3	10	0	13	False
chr1	180152869	180156869	QSOX1	0	Housekeeping	4.0	1	10	0	11	True
chr1	186373838	186377838	ODR4	1	Housekeeping	4.0	2	8	0	10	False
chr1	193104114	193108114	GLRX2	2	Housekeeping	4.0	2	5	0	8	False
chr1	201169574	201173574	TMEM9	0	Housekeeping	4.0	1	9	0	10	True
chr1	201827149	201831149	IPO9	3	Housekeeping	4.0	2	7	0	9	False
chr1	201953503	201957503	TIMM17A	4	Housekeeping	4.0	1	4	0	6	False
chr1	202142743	202146743	ARL8A	2	Housekeeping	4.0	1	11	0	12	False
chr1	202956572	202960572	ADIPOR1	3	Housekeeping	4.0	1	9	0	10	False
chr1	202965275	202969275	CYB5R1	2	Housekeeping	4.0	1	10	0	11	False
chr1	203005374	203009374	TMEM183A	2	Housekeeping	4.0	1	9	0	10	False
chr1	203859599	203863599	SNRPE	5	Housekeeping	4.0	1	6	0	7	False
chr1	205748182	205752182	NUCKS1	1	Housekeeping	4.0	1	7	0	8	False
chr1	206610465	206614465	EIF2D	6	Housekeeping	4.0	1	3	0	4	False
chr1	206682905	206686905	MAPKAPK2	0	Housekeeping	4.0	1	9	0	10	True
chr1	211828763	211832763	LPGAT1	0	Housekeeping	4.0	5	7	0	12	True
chr1	212283410	212287410	PPP2R5A	1	Housekeeping	4.0	1	9	0	10	False
chr1	212430920	212434920	NENF	1	Housekeeping	4.0	1	7	0	8	False
chr1	222711210	222715210	AIDA	2	Housekeeping	4.0	2	10	0	12	False
chr1	225775813	225779813	SRP9	3	Housekeeping	4.0	1	6	0	7	False
chr1	226184741	226188741	ACBD3	4	Housekeeping	4.0	1	6	0	8	False
chr1	226406154	226410154	PARP1	4	Housekeeping	4.0	1	10	0	11	False
chr1	228137962	228141962	GUK1	5	Housekeeping	4.0	1	10	0	11	False
chr1	228485382	228489382	RNF187	3	Housekeeping	4.0	2	12	0	14	False
chr1	229269062	229273062	RAB4A	1	Housekeeping	4.0	1	7	0	8	False
chr1	229556707	229560707	ABCB10	3	Housekeeping	4.0	1	11	0	12	False
chr1	231526541	231530541	TSNAX	1	Housekeeping	4.0	3	8	0	11	False
chr1	231526653	231530653	TSNAX-DISC1	1	Housekeeping	4.0	3	8	0	11	False
chr1	234371456	234375456	COA6	2	Housekeeping	4.0	1	6	0	7	False
chr1	234608178	234612178	IRF2BP2	0	Housekeeping	4.0	3	10	0	13	True
chr1	235126837	235130837	TOMM20	4	Housekeeping	4.0	3	8	0	12	False
chr1	248836210	248840210	ZNF672	3	Housekeeping	4.0	1	8	0	9	False
chr10	929821	933821	LARP4B	1	Housekeeping	4.0	2	8	0	10	False
chr10	5840132	5844132	GDI2	5	Housekeeping	4.0	0	8	0	9	False
chr10	5888203	5892203	FBH1	1	Housekeeping	4.0	1	9	0	10	False
chr10	6087034	6091034	RBM17	0	Housekeeping	4.0	2	5	0	7	True
chr10	12193965	12197965	CDC123	4	Housekeeping	4.0	4	9	0	13	False
chr10	13097449	13101449	OPTN	3	Housekeeping	4.0	3	4	0	7	False
chr10	13584939	13588939	PRPF18	4	Housekeeping	4.0	2	4	0	8	False
chr10	14836306	14840306	HSPA14	2	Housekeeping	4.0	2	8	0	11	False
chr10	22001769	22005769	DNAJC1	1	Housekeeping	4.0	1	6	0	7	False
chr10	22314388	22318388	COMMD3-BMI1	0	Housekeeping	4.0	1	11	0	12	True
chr10	22319099	22323099	BMI1	0	Housekeeping	4.0	1	12	0	13	True
chr10	32054425	32058425	KIF5B	1	Housekeeping	4.0	2	9	0	11	False
chr10	42780795	42784795	BMS1	1	Housekeeping	4.0	1	4	0	6	False
chr10	43136445	43140445	CSGALNACT2	2	Housekeeping	4.0	1	8	0	9	False
chr10	43646881	43650881	ZNF32	3	Housekeeping	4.0	1	6	0	7	False
chr10	44998923	45002923	ZNF22	0	Housekeeping	4.0	1	5	0	7	True
chr10	62802720	62806720	ADO	1	Housekeeping	4.0	2	10	0	12	False
chr10	68329174	68333174	HNRNPH3	4	Housekeeping	4.0	4	10	0	14	False
chr10	68899286	68903286	DDX50	2	Housekeeping	4.0	1	9	0	10	False
chr10	69121512	69125512	VPS26A	3	Housekeeping	4.0	2	5	0	8	False
chr10	70168523	70172523	SAR1A	3	Housekeeping	4.0	1	7	0	9	False
chr10	70231911	70235911	PPA1	2	Housekeeping	4.0	1	9	0	10	False
chr10	70402145	70406145	EIF4EBP2	2	Housekeeping	4.0	1	9	0	10	False
chr10	70886565	70890565	PCBD1	0	Housekeeping	4.0	1	8	0	9	True
chr10	73245255	73249255	DNAJC9	1	Housekeeping	4.0	1	9	0	10	False
chr10	73250693	73254693	MRPS16	1	Housekeeping	4.0	3	4	0	8	False
chr10	73780047	73784047	CHCHD1	3	Housekeeping	4.0	1	9	0	10	False
chr10	74148842	74152842	AP3M1	3	Housekeeping	4.0	2	7	0	10	False
chr10	78031760	78035760	RPS24	5	Housekeeping	4.0	1	7	0	8	False
chr10	80203572	80207572	ANXA11	2	Housekeeping	4.0	2	10	0	12	False
chr10	84137482	84141482	GHITM	1	Housekeeping	4.0	3	7	0	10	False
chr10	91161012	91165012	PCGF5	0	Housekeeping	4.0	1	9	0	10	True
chr10	91796426	91800426	TNKS2	0	Housekeeping	4.0	1	11	0	12	True
chr10	96585452	96589452	TM9SF3	0	Housekeeping	4.0	1	8	0	9	True
chr10	97424191	97428191	PGAM1	4	Housekeeping	4.0	1	9	0	10	False
chr10	99620793	99624793	SLC25A28	3	Housekeeping	4.0	1	6	0	8	False
chr10	99700558	99704558	CUTC	3	Housekeeping	4.0	0	1	0	1	False
chr10	100284680	100288680	BLOC1S2	4	Housekeeping	4.0	3	8	0	11	False
chr10	100985515	100989515	MRPL43	0	Housekeeping	4.0	2	6	0	9	True
chr10	101693295	101697295	FBXW4	1	Housekeeping	4.0	3	6	0	9	False
chr10	101816465	101820465	OGA	3	Housekeeping	4.0	1	10	0	11	False
chr10	102243371	102247371	GBF1	1	Housekeeping	4.0	2	6	0	8	False
chr10	102430584	102434584	CUEDC2	4	Housekeeping	4.0	1	7	0	8	False
chr10	102500712	102504712	ACTR1A	2	Housekeeping	4.0	3	7	0	10	False
chr10	102852259	102856259	BORCS7	8	Housekeeping	4.0	2	3	0	5	False
chr10	102852272	102856272	BORCS7-ASMT	9	Housekeeping	4.0	2	3	0	5	False
chr10	104233356	104237356	GSTO1	1	Housekeeping	4.0	0	1	1	2	False
chr10	112445572	112449572	ZDHHC6	2	Housekeeping	4.0	3	4	0	7	False
chr10	118753249	118757249	CACUL1	2	Housekeeping	4.0	1	9	0	10	False
chr10	119078817	119082817	EIF3A	4	Housekeeping	4.0	1	11	0	12	False
chr10	119890556	119894556	MCMBP	3	Housekeeping	4.0	1	7	0	8	False
chr10	121926801	121930801	ATE1	2	Housekeeping	4.0	7	6	0	13	False
chr10	121973217	121977217	NSMCE4A	3	Housekeeping	4.0	2	8	0	10	False
chr10	123006812	123010812	IKZF5	0	Housekeeping	4.0	1	9	0	10	True
chr10	124940123	124944123	ZRANB1	3	Housekeeping	4.0	0	8	0	8	False
chr10	125821546	125825546	BCCIP	2	Housekeeping	4.0	3	7	0	10	False
chr10	130134391	130138391	GLRX3	2	Housekeeping	4.0	1	9	0	11	False
chr11	205399	209399	BET1L	1	Housekeeping	4.0	6	7	0	13	False
chr11	205708	209708	RIC8A	1	Housekeeping	4.0	6	7	0	13	False
chr11	446268	450268	PTDSS2	4	Housekeeping	4.0	1	9	0	10	False
chr11	745415	749415	TALDO1	3	Housekeeping	4.0	2	9	0	11	False
chr11	775488	779488	GATD1	3	Housekeeping	4.0	3	13	0	16	False
chr11	803438	807438	RPLP2	4	Housekeeping	4.0	3	7	0	10	False
chr11	840529	844529	POLR2L	3	Housekeeping	4.0	4	6	0	10	False
chr11	913058	917058	CHID1	9	Housekeeping	4.0	1	6	0	7	False
chr11	922881	926881	AP2A2	3	Housekeeping	4.0	1	9	0	10	False
chr11	1307654	1311654	TOLLIP	0	Housekeeping	4.0	1	11	0	12	True
chr11	1945278	1949278	MRPL23	0	Housekeeping	4.0	0	0	1	0	True
chr11	2374177	2378177	CD81	0	Housekeeping	4.0	2	9	0	11	True
chr11	2990377	2994377	NAP1L4	3	Housekeeping	4.0	1	12	0	14	False
chr11	3852527	3856527	STIM1	1	Housekeeping	4.0	4	6	0	10	False
chr11	6479501	6483501	TIMM10B	0	Housekeeping	4.0	2	7	0	10	True
chr11	6610539	6614539	TAF10	0	Housekeeping	4.0	1	10	0	11	True
chr11	6681340	6685340	MRPL17	2	Housekeeping	4.0	1	8	0	9	False
chr11	8680788	8684788	RPL27A	3	Housekeeping	4.0	4	7	0	11	False
chr11	9382652	9386652	IPO7	4	Housekeeping	4.0	1	7	0	8	False
chr11	10806940	10810940	EIF4G2	1	Housekeeping	4.0	4	5	0	9	False
chr11	10856796	10860796	ZBED5	1	Housekeeping	4.0	5	9	0	14	False
chr11	17075715	17079715	RPS13	6	Housekeeping	4.0	2	10	0	12	False
chr11	30321104	30325104	ARL14EP	0	Housekeeping	4.0	1	7	0	8	True
chr11	32089074	32093074	RCN1	2	Housekeeping	4.0	1	7	0	8	False
chr11	32581798	32585798	EIF3M	3	Housekeeping	4.0	1	9	0	10	False
chr11	33734479	33738479	CD59	3	Housekeeping	4.0	1	11	0	12	False
chr11	34103617	34107617	NAT10	2	Housekeeping	4.0	1	9	0	11	False
chr11	43309963	43313963	API5	5	Housekeeping	4.0	2	5	1	7	False
chr11	43678680	43682680	HSD17B12	2	Housekeeping	4.0	1	9	0	10	False
chr11	45845118	45849118	CRY2	0	Housekeeping	4.0	2	6	0	8	True
chr11	46698619	46702619	ARHGAP1	4	Housekeeping	4.0	2	4	0	6	False
chr11	46844308	46848308	CKAP5	5	Housekeeping	4.0	1	5	0	8	False
chr11	47175125	47179125	ARFGAP2	0	Housekeeping	4.0	1	10	0	11	True
chr11	47405132	47409132	SLC39A13	4	Housekeeping	4.0	3	5	0	8	False
chr11	47563336	47567336	NDUFS3	7	Housekeeping	4.0	2	6	0	9	False
chr11	47563569	47567569	CELF1	8	Housekeeping	4.0	2	6	0	9	False
chr11	47640607	47644607	MTCH2	5	Housekeeping	4.0	1	7	0	8	False
chr11	47765443	47769443	FNBP4	8	Housekeeping	4.0	1	9	0	10	False
chr11	57528803	57532803	TIMM10	1	Housekeeping	4.0	1	8	0	9	False
chr11	57710221	57714221	MED19	3	Housekeeping	4.0	1	7	0	8	False
chr11	57739491	57743491	SELENOH	3	Housekeeping	4.0	3	3	0	6	False
chr11	58577063	58581063	ZFP91	1	Housekeeping	4.0	2	9	0	11	False
chr11	58577172	58581172	ZFP91-CNTF	0	Housekeeping	4.0	2	9	0	11	True
chr11	59613774	59617774	OSBP	0	Housekeeping	4.0	2	7	0	9	True
chr11	59667037	59671037	PATL1	1	Housekeeping	4.0	2	10	0	12	False
chr11	59808778	59812778	MRPL16	3	Housekeeping	4.0	1	5	0	7	False
chr11	60904585	60908585	PRPF19	1	Housekeeping	4.0	1	5	0	6	False
chr11	61159615	61163615	VPS37C	5	Housekeeping	4.0	2	8	0	11	False
chr11	61428042	61432042	SDHAF2	5	Housekeeping	4.0	4	5	0	9	False
chr11	61790802	61794802	TMEM258	4	Housekeeping	4.0	2	8	0	10	False
chr11	62572086	62576086	EEF1G	0	Housekeeping	4.0	2	8	0	10	True
chr11	62589637	62593637	TUT1	3	Housekeeping	4.0	1	8	0	9	False
chr11	62663210	62667210	C11orf98	4	Housekeeping	4.0	2	5	0	7	False
chr11	62677117	62681117	UBXN1	6	Housekeeping	4.0	2	8	0	10	False
chr11	62804302	62808302	NXF1	1	Housekeeping	4.0	2	9	0	11	False
chr11	62830051	62834051	STX5	4	Housekeeping	4.0	2	7	0	9	False
chr11	63983853	63987853	OTUB1	7	Housekeeping	4.0	3	4	0	7	False
chr11	64183272	64187272	STIP1	3	Housekeeping	4.0	4	6	0	10	False
chr11	64228278	64232278	DNAJC4	4	Housekeeping	4.0	3	7	0	11	False
chr11	64232584	64236584	VEGFB	2	Housekeeping	4.0	2	8	0	10	False
chr11	64244943	64248943	PPP1R14B	0	Housekeeping	4.0	3	7	0	10	True
chr11	64282704	64286704	BAD	4	Housekeeping	4.0	5	4	0	9	False
chr11	64316074	64320074	TRMT112	2	Housekeeping	4.0	2	10	0	12	False
chr11	64316121	64320121	PRDX5	2	Housekeeping	4.0	2	10	0	12	False
chr11	64915553	64919553	PPP2R5B	5	Housekeeping	4.0	1	10	0	11	False
chr11	65012160	65016160	ARL2	6	Housekeeping	4.0	1	8	0	9	False
chr11	65012182	65016182	ARL2-SNX15	6	Housekeeping	4.0	1	8	0	9	False
chr11	65082210	65086210	ZFPL1	1	Housekeeping	4.0	2	9	0	11	False
chr11	65120177	65124177	FAU	3	Housekeeping	4.0	2	9	0	11	False
chr11	65120183	65124183	MRPL49	3	Housekeeping	4.0	2	9	0	11	False
chr11	65570349	65574349	FAM89B	0	Housekeeping	4.0	2	8	0	10	True
chr11	65613382	65617382	MAP3K11	1	Housekeeping	4.0	2	7	0	9	False
chr11	65661090	65665090	RELA	4	Housekeeping	4.0	2	9	0	11	False
chr11	65855126	65859126	MUS81	0	Housekeeping	4.0	6	8	0	14	True
chr11	65860026	65864026	CFL1	0	Housekeeping	4.0	3	8	0	11	True
chr11	65888673	65892673	CCDC85B	1	Housekeeping	4.0	3	10	0	13	False
chr11	65917062	65921062	C11orf68	0	Housekeeping	4.0	3	8	0	11	True
chr11	65917274	65921274	DRAP1	0	Housekeeping	4.0	3	7	0	10	True
chr11	65959728	65963728	SART1	4	Housekeeping	4.0	1	9	0	10	False
chr11	66000228	66004228	BANF1	1	Housekeeping	4.0	3	6	0	9	False
chr11	66266590	66270590	RAB1B	2	Housekeeping	4.0	2	10	0	12	False
chr11	66287184	66291184	YIF1A	1	Housekeeping	4.0	1	10	0	11	False
chr11	66343125	66347125	BRMS1	0	Housekeeping	4.0	1	9	0	10	True
chr11	66614626	66618626	RBM14	3	Housekeeping	4.0	2	8	0	10	False
chr11	66614626	66618626	RBM14-RBM4	3	Housekeeping	4.0	2	8	0	10	False
chr11	66636667	66640667	RBM4	1	Housekeeping	4.0	3	8	0	12	False
chr11	67117263	67121263	KDM2A	0	Housekeeping	4.0	2	11	0	13	True
chr11	67264473	67268473	GRK2	0	Housekeeping	4.0	1	11	0	12	True
chr11	67419183	67423183	PPP1CA	4	Housekeeping	4.0	0	11	0	11	False
chr11	67506649	67510649	CDK2AP2	1	Housekeeping	4.0	3	8	0	11	False
chr11	68901835	68905835	MRPL21	1	Housekeeping	4.0	1	8	0	9	False
chr11	72078693	72082693	NUMA1	2	Housekeeping	4.0	2	7	0	9	False
chr11	72101297	72105297	LAMTOR1	0	Housekeeping	4.0	2	5	0	7	True
chr11	73596189	73600189	FAM168A	3	Housekeeping	4.0	1	7	0	9	False
chr11	73759137	73763137	RAB6A	3	Housekeeping	4.0	3	7	0	10	False
chr11	73874901	73878901	COA4	3	Housekeeping	4.0	1	6	0	7	False
chr11	74947261	74951261	SPCS2	3	Housekeeping	4.0	1	8	0	9	False
chr11	75397515	75401515	RPS3	6	Housekeeping	4.0	3	6	0	9	False
chr11	76379132	76383132	THAP12	0	Housekeeping	4.0	3	8	0	11	True
chr11	77635794	77639794	CLNS1A	4	Housekeeping	4.0	1	6	0	7	False
chr11	82968584	82972584	PRCP	1	Housekeeping	4.0	0	6	0	6	False
chr11	86067882	86071882	PICALM	0	Housekeeping	4.0	3	6	0	9	True
chr11	106073501	106077501	AASDHPPT	0	Housekeeping	4.0	1	5	0	6	True
chr11	108006898	108010898	CUL5	6	Housekeeping	4.0	2	6	0	8	False
chr11	110427948	110431948	FDX1	2	Housekeeping	4.0	1	10	0	11	False
chr11	117230525	117234525	PCSK7	0	Housekeeping	4.0	3	8	0	11	True
chr11	118399346	118403346	ATP5MG	4	Housekeeping	4.0	3	9	0	12	False
chr11	119016691	119020691	RPS25	3	Housekeeping	4.0	3	9	0	12	False
chr11	130914479	130918479	SNX19	0	Housekeeping	4.0	1	6	0	7	True
chr11	134222671	134226671	VPS26B	1	Housekeeping	4.0	3	7	0	10	False
chr12	750579	754579	WNK1	0	Housekeeping	4.0	2	10	0	12	True
chr12	1686574	1690574	ADIPOR2	4	Housekeeping	4.0	0	3	0	3	False
chr12	6491841	6495841	MRPL51	0	Housekeeping	4.0	4	6	0	10	True
chr12	6532512	6536512	GAPDH	0	Housekeeping	4.0	5	8	0	13	True
chr12	6765475	6769475	MLF2	0	Housekeeping	4.0	2	9	0	11	True
chr12	6865119	6869119	TPI1	1	Housekeeping	4.0	3	7	0	10	False
chr12	8030716	8034716	FOXJ2	4	Housekeeping	4.0	3	8	0	11	False
chr12	8947761	8951761	M6PR	1	Housekeeping	4.0	2	9	0	11	False
chr12	12811316	12815316	DDX47	3	Housekeeping	4.0	1	7	0	8	False
chr12	15880387	15884387	STRAP	1	Housekeeping	4.0	2	6	0	8	False
chr12	22044218	22048218	CMAS	1	Housekeeping	4.0	1	9	0	10	False
chr12	27020546	27024546	MED21	2	Housekeeping	4.0	1	8	0	9	False
chr12	42324257	42328257	ZCRB1	1	Housekeeping	4.0	2	6	0	8	False
chr12	46370773	46374773	SLC38A2	0	Housekeeping	4.0	2	9	0	11	True
chr12	48850842	48854842	DDX23	4	Housekeeping	4.0	1	8	0	9	False
chr12	49566145	49570145	MCRS1	3	Housekeeping	4.0	2	5	0	7	False
chr12	49705725	49709725	TMBIM6	1	Housekeeping	4.0	1	8	1	9	False
chr12	51081664	51085664	CSRNP2	4	Housekeeping	4.0	1	8	0	10	False
chr12	52067246	52071246	ATG101	4	Housekeeping	4.0	2	9	0	11	False
chr12	53004282	53008282	EIF4B	2	Housekeeping	4.0	1	10	0	11	False
chr12	53077404	53081404	SPRYD3	4	Housekeeping	4.0	1	5	0	6	False
chr12	53293291	53297291	PFDN5	4	Housekeeping	4.0	2	3	0	5	False
chr12	53378176	53382176	SP1	2	Housekeeping	4.0	2	11	0	13	False
chr12	53450102	53454102	PCBP2	5	Housekeeping	4.0	2	7	0	9	False
chr12	53725745	53729745	CALCOCO1	0	Housekeeping	4.0	1	9	0	10	True
chr12	55727707	55731707	CD63	2	Housekeeping	4.0	6	3	0	9	False
chr12	55815724	55819724	SARNP	1	Housekeeping	4.0	2	6	0	8	False
chr12	56102537	56106537	PA2G4	1	Housekeeping	4.0	2	7	0	9	False
chr12	56114590	56118590	RPL41	3	Housekeeping	4.0	2	8	0	11	False
chr12	56116250	56120250	ESYT1	0	Housekeeping	4.0	3	10	0	13	True
chr12	56156346	56160346	MYL6	4	Housekeeping	4.0	1	11	0	12	False
chr12	56256384	56260384	ANKRD52	3	Housekeeping	4.0	1	11	0	12	False
chr12	56686408	56690408	PTGES3	6	Housekeeping	4.0	2	11	0	13	False
chr12	56729628	56733628	NACA	9	Housekeeping	4.0	0	1	0	1	False
chr12	57545224	57549224	DCTN2	0	Housekeeping	4.0	2	9	0	12	True
chr12	57691841	57695841	OS9	2	Housekeeping	4.0	2	5	0	9	False
chr12	57754013	57758013	CDK4	1	Housekeeping	4.0	2	7	0	9	False
chr12	57844729	57848729	CTDSP2	1	Housekeeping	4.0	2	11	0	13	False
chr12	64402392	64406392	XPOT	5	Housekeeping	4.0	1	8	0	11	False
chr12	66168027	66172027	TMBIM4	3	Housekeeping	4.0	2	5	0	7	False
chr12	67267358	67271358	CAND1	1	Housekeeping	4.0	2	8	0	10	False
chr12	69583426	69587426	CCT2	3	Housekeeping	4.0	3	2	0	5	False
chr12	74535835	74539835	ATXN7L3B	2	Housekeeping	4.0	2	7	0	10	False
chr12	76082735	76086735	NAP1L1	0	Housekeeping	4.0	1	10	0	11	True
chr12	92143846	92147846	BTG1	0	Housekeeping	4.0	3	9	0	12	True
chr12	95001748	95005748	NDUFA12	5	Housekeeping	4.0	1	6	0	7	False
chr12	95856952	95860952	SNRPF	2	Housekeeping	4.0	1	8	0	10	False
chr12	98591591	98595591	SLC25A3	2	Housekeeping	4.0	1	7	0	8	False
chr12	101405772	101409772	ARL1	2	Housekeeping	4.0	4	6	0	10	False
chr12	102060149	102064149	WASHC3	4	Housekeeping	4.0	3	4	0	8	False
chr12	103928107	103932107	HSP90B1	1	Housekeeping	4.0	2	9	0	11	False
chr12	104136241	104140241	NFYB	2	Housekeeping	4.0	1	8	0	10	False
chr12	107683799	107687799	PWP1	4	Housekeeping	4.0	2	7	0	10	False
chr12	107759272	107763272	PRDM4	3	Housekeeping	4.0	1	8	0	10	False
chr12	108559400	108563400	SART3	1	Housekeeping	4.0	3	9	0	12	False
chr12	108560582	108564582	ISCU	0	Housekeeping	4.0	3	9	0	12	True
chr12	109475359	109479359	KCTD10	2	Housekeeping	4.0	3	9	0	12	False
chr12	110448422	110452422	ARPC3	5	Housekeeping	4.0	1	7	0	8	False
chr12	110467268	110471268	GPN3	5	Housekeeping	4.0	2	4	0	7	False
chr12	110500111	110504111	VPS29	2	Housekeeping	4.0	4	3	0	8	False
chr12	110581318	110585318	PPTC7	2	Housekeeping	4.0	1	10	0	12	False
chr12	110740939	110744939	PPP1CC	0	Housekeeping	4.0	3	9	0	12	True
chr12	112011348	112015348	ERP29	4	Housekeeping	4.0	1	10	0	11	False
chr12	117188470	117192470	FBXO21	3	Housekeeping	4.0	1	8	0	9	False
chr12	118060430	118064430	WSB2	1	Housekeeping	4.0	3	10	0	13	False
chr12	118134124	118138124	PEBP1	7	Housekeeping	4.0	1	8	0	10	False
chr12	120115502	120119502	RAB35	2	Housekeeping	4.0	2	9	0	11	False
chr12	120192715	120196715	GCN1	8	Housekeeping	4.0	1	9	0	10	False
chr12	120199235	120203235	RPLP0	5	Housekeeping	4.0	1	8	0	9	False
chr12	120436090	120440090	COX6A1	6	Housekeeping	4.0	2	5	1	7	False
chr12	120444384	120448384	TRIAP1	5	Housekeeping	4.0	1	7	0	9	False
chr12	120467850	120471850	DYNLL1	6	Housekeeping	4.0	2	10	0	12	False
chr12	120493946	120497946	SRSF9	2	Housekeeping	4.0	2	8	0	10	False
chr12	120531480	120535480	RNF10	7	Housekeeping	4.0	3	5	0	9	False
chr12	120685149	120689149	MLEC	1	Housekeeping	4.0	2	10	0	12	False
chr12	120902358	120906358	SPPL3	1	Housekeeping	4.0	2	7	0	9	False
chr12	122525000	122529000	RSRC2	4	Housekeeping	4.0	3	4	0	8	False
chr12	122894127	122898127	VPS37B	2	Housekeeping	4.0	1	8	0	9	False
chr12	123270334	123274334	CDK2AP1	4	Housekeeping	4.0	4	7	0	11	False
chr12	123456088	123460088	SNRNP35	10	Housekeeping	4.0	2	5	0	8	False
chr12	123582533	123586533	TMED2	6	Housekeeping	4.0	3	7	0	10	False
chr12	124915368	124919368	UBC	4	Housekeeping	4.0	1	10	0	11	False
chr12	131709081	131713081	SFSWAP	0	Housekeeping	4.0	2	6	0	8	True
chr12	131892622	131896622	ULK1	0	Housekeeping	4.0	2	11	0	13	True
chr12	132142319	132146319	DDX51	0	Housekeeping	4.0	1	10	0	11	True
chr12	132708819	132712819	PGAM5	6	Housekeeping	4.0	2	4	0	8	False
chr12	132827143	132831143	GOLGA3	4	Housekeeping	4.0	2	6	0	8	False
chr13	19631659	19635659	MPHOSPH8	2	Housekeeping	4.0	1	7	1	8	False
chr13	21138119	21142119	SAP18	5	Housekeeping	4.0	2	9	0	11	False
chr13	21174658	21178658	MRPL57	6	Housekeeping	4.0	1	9	0	12	False
chr13	25299524	25303524	NUP58	1	Housekeeping	4.0	2	5	0	7	False
chr13	26220314	26224314	RNF6	1	Housekeeping	4.0	3	7	0	10	False
chr13	27169811	27173811	USP12	1	Housekeeping	4.0	3	7	0	10	False
chr13	27249362	27253362	RPL21	1	Housekeeping	4.0	3	5	0	8	False
chr13	27422619	27426619	GTF3A	2	Housekeeping	4.0	1	11	0	12	False
chr13	27618742	27622742	POLR1D	0	Housekeeping	4.0	4	8	0	12	True
chr13	29848617	29852617	UBL3	0	Housekeeping	4.0	1	10	0	11	True
chr13	30615597	30619597	HMGB1	0	Housekeeping	4.0	2	12	0	14	True
chr13	30615693	30619693	USPL1	0	Housekeeping	4.0	2	12	0	14	True
chr13	45118510	45122510	GTF2F2	3	Housekeeping	4.0	1	7	0	8	False
chr13	45339284	45343284	TPT1	4	Housekeeping	4.0	4	5	0	9	False
chr13	46795420	46799420	ESD	1	Housekeeping	4.0	2	7	0	9	False
chr13	48035726	48039726	NUDT15	3	Housekeeping	4.0	2	8	0	10	False
chr13	48093131	48097131	MED4	2	Housekeeping	4.0	1	6	0	8	False
chr13	48230612	48234612	ITM2B	0	Housekeeping	4.0	2	9	0	11	True
chr13	52448634	52452634	VPS36	3	Housekeeping	4.0	2	7	0	9	False
chr13	52650709	52654709	SUGT1	0	Housekeeping	4.0	3	7	0	10	True
chr13	75547439	75551439	COMMD6	1	Housekeeping	4.0	2	4	0	7	False
chr13	97951658	97955658	IPO5	5	Housekeeping	4.0	1	4	0	5	False
chr13	98575940	98579940	STK24	0	Housekeeping	4.0	1	8	0	9	True
chr13	102594958	102598958	TPP2	1	Housekeeping	4.0	1	7	0	9	False
chr13	110913069	110917069	ANKRD10	0	Housekeeping	4.0	3	9	0	12	True
chr13	113206715	113210715	PCID2	0	Housekeeping	4.0	3	6	0	9	True
chr13	113295239	113299239	LAMP1	2	Housekeeping	4.0	1	9	0	10	False
chr13	113582721	113586721	TFDP1	0	Housekeeping	4.0	1	8	0	10	True
chr13	114232887	114236887	CDC16	0	Housekeeping	4.0	1	4	0	7	True
chr14	20459465	20463465	PIP4P1	2	Housekeeping	4.0	1	5	0	6	False
chr14	21474960	21478960	RAB2B	3	Housekeeping	4.0	2	7	0	9	False
chr14	22587224	22591224	DAD1	3	Housekeeping	4.0	2	6	0	9	False
chr14	22596290	22600290	ABHD4	3	Housekeeping	4.0	2	7	0	9	False
chr14	23033230	23037230	PSMB5	7	Housekeeping	4.0	3	6	0	11	False
chr14	23093505	23097505	C14orf119	2	Housekeeping	4.0	2	9	0	11	False
chr14	23296790	23300790	BCL2L2	1	Housekeeping	4.0	1	8	0	11	False
chr14	23304833	23308833	BCL2L2-PABPN1	2	Housekeeping	4.0	2	7	0	10	False
chr14	23319457	23323457	PABPN1	0	Housekeeping	4.0	3	6	0	9	True
chr14	23467679	23471679	NGDN	3	Housekeeping	4.0	0	4	0	5	False
chr14	24112195	24116195	DCAF11	0	Housekeeping	4.0	3	6	0	9	True
chr14	24134163	24138163	PSME1	3	Housekeeping	4.0	2	6	0	10	False
chr14	24145570	24149570	PSME2	1	Housekeeping	4.0	3	8	0	12	False
chr14	24211830	24215830	CHMP4A	6	Housekeeping	4.0	2	9	0	11	False
chr14	24230352	24234352	NEDD8-MDP1	3	Housekeeping	4.0	3	7	0	10	False
chr14	24230367	24234367	NEDD8	3	Housekeeping	4.0	3	7	0	10	False
chr14	24297850	24301850	NOP9	2	Housekeeping	4.0	2	5	0	8	False
chr14	24427286	24431286	KHNYN	0	Housekeeping	4.0	4	8	0	12	True
chr14	31024401	31028401	STRN3	2	Housekeeping	4.0	6	5	0	11	False
chr14	31205804	31209804	HECTD1	2	Housekeeping	4.0	2	10	0	13	False
chr14	34537704	34541704	EAPP	3	Housekeeping	4.0	1	7	0	8	False
chr14	35276633	35280633	PSMA6	6	Housekeeping	4.0	0	2	0	3	False
chr14	39173183	39177183	PNN	4	Housekeeping	4.0	4	6	0	11	False
chr14	49597164	49601164	RPS29	3	Housekeeping	4.0	5	6	0	11	False
chr14	49618626	49622626	RPL36AL	1	Housekeeping	4.0	2	10	0	12	False
chr14	50666306	50670306	SAV1	0	Housekeeping	4.0	1	10	0	11	True
chr14	51987514	51991514	RTRAF	1	Housekeeping	4.0	2	4	0	6	False
chr14	55049647	55053647	MAPK1IP1L	2	Housekeeping	4.0	1	9	0	11	False
chr14	55557072	55561072	KTN1	2	Housekeeping	4.0	0	3	0	3	False
chr14	58242843	58246843	PSMA3	1	Housekeeping	4.0	1	9	0	10	False
chr14	60732742	60736742	MNAT1	1	Housekeeping	4.0	1	3	1	5	False
chr14	63541377	63545377	PPP2R5E	0	Housekeeping	4.0	1	9	0	10	True
chr14	67358328	67362328	EIF2S1	2	Housekeeping	4.0	3	5	0	8	False
chr14	67672820	67676820	VTI1B	4	Housekeeping	4.0	1	8	0	9	False
chr14	68794253	68798253	ZFP36L1	0	Housekeeping	4.0	4	8	0	12	True
chr14	69151150	69155150	DCAF5	0	Housekeeping	4.0	3	10	0	13	True
chr14	69396299	69400299	ERH	3	Housekeeping	4.0	4	8	0	12	False
chr14	69609596	69613596	SUSD6	1	Housekeeping	4.0	1	10	0	11	False
chr14	73056532	73060532	RBM25	4	Housekeeping	4.0	2	7	0	9	False
chr14	73464167	73468167	NUMB	2	Housekeeping	4.0	0	9	0	9	False
chr14	74491756	74495756	ISCA2	0	Housekeeping	4.0	2	7	0	9	True
chr14	74711144	74715144	FCF1	3	Housekeeping	4.0	2	5	0	8	False
chr14	74879891	74883891	DLST	4	Housekeeping	4.0	2	9	0	11	False
chr14	75174612	75178612	TMED10	2	Housekeeping	4.0	3	4	1	8	False
chr14	77096126	77100126	CIPC	1	Housekeeping	4.0	1	9	0	10	False
chr14	77455870	77459870	AHSA1	0	Housekeeping	4.0	3	5	0	9	True
chr14	77706071	77710071	SLIRP	1	Housekeeping	4.0	1	6	0	7	False
chr14	92119917	92123917	NDUFB1	7	Housekeeping	4.0	3	7	0	10	False
chr14	92792305	92796305	GOLGA5	2	Housekeeping	4.0	1	7	0	8	False
chr14	93114320	93118320	ITPK1	4	Housekeeping	4.0	2	6	0	9	False
chr14	93182923	93186923	MOAP1	2	Housekeeping	4.0	3	7	0	10	False
chr14	96499433	96503433	PAPOLA	4	Housekeeping	4.0	1	9	0	10	False
chr14	99478889	99482889	SETD3	0	Housekeeping	4.0	2	8	0	10	True
chr14	103713730	103717730	ZFYVE21	2	Housekeeping	4.0	2	9	0	11	False
chr14	105246533	105250533	BTBD6	1	Housekeeping	4.0	5	5	0	10	False
chr15	34099862	34103862	EMC7	2	Housekeeping	4.0	1	7	0	8	False
chr15	34223013	34227013	EMC4	7	Housekeeping	4.0	1	5	0	6	False
chr15	40037181	40041181	SRP14	1	Housekeeping	4.0	2	8	0	10	False
chr15	41406408	41410408	RTF1	9	Housekeeping	4.0	0	7	0	7	False
chr15	42206307	42210307	VPS39	0	Housekeeping	4.0	1	5	0	7	True
chr15	42271534	42275534	TMEM87A	2	Housekeeping	4.0	3	8	0	11	False
chr15	43744394	43748394	PDIA3	2	Housekeeping	4.0	4	5	0	9	False
chr15	43775087	43779087	SERF2	5	Housekeeping	4.0	1	9	0	10	False
chr15	43822690	43826690	MFAP1	9	Housekeeping	4.0	1	5	0	8	False
chr15	44535125	44539125	EIF3J	3	Housekeeping	4.0	4	6	0	10	False
chr15	48329011	48333011	DUT	3	Housekeeping	4.0	7	5	0	12	False
chr15	48876134	48880134	EID1	0	Housekeeping	4.0	1	4	0	5	True
chr15	49044447	49048447	SECISBP2L	0	Housekeeping	4.0	1	8	0	9	True
chr15	49153661	49157661	COPS2	0	Housekeeping	4.0	2	7	0	9	True
chr15	52567883	52571883	ARPP19	5	Housekeeping	4.0	3	4	0	7	False
chr15	55195049	55199049	RSL24D1	0	Housekeeping	4.0	4	6	0	10	True
chr15	58931679	58935679	SLTM	3	Housekeeping	4.0	1	7	0	8	False
chr15	64092123	64096123	SNX1	1	Housekeeping	4.0	3	9	0	12	False
chr15	64092262	64096262	CIAO2A	1	Housekeeping	4.0	3	10	0	13	False
chr15	64161134	64165134	PPIB	5	Housekeeping	4.0	0	8	0	8	False
chr15	64385748	64389748	TRIP4	6	Housekeeping	4.0	1	8	0	9	False
chr15	64701281	64705281	OAZ2	1	Housekeeping	4.0	2	8	0	10	False
chr15	65131808	65135808	PDCD7	6	Housekeeping	4.0	1	7	0	8	False
chr15	65183342	65187342	CLPX	5	Housekeeping	4.0	2	9	0	11	False
chr15	65724054	65728054	RAB11A	8	Housekeeping	4.0	0	4	0	4	False
chr15	66522532	66526532	RPL4	4	Housekeeping	4.0	0	1	0	2	False
chr15	69450814	69454814	RPLP1	3	Housekeeping	4.0	2	9	0	11	False
chr15	73632134	73636134	NPTN	2	Housekeeping	4.0	1	6	0	7	False
chr15	74459182	74463182	UBL7	4	Housekeeping	4.0	2	9	0	11	False
chr15	74936083	74940083	COX5A	6	Housekeeping	4.0	2	7	0	10	False
chr15	75646706	75650706	IMP3	0	Housekeeping	4.0	3	9	0	12	True
chr15	77081984	77085984	TSPAN3	3	Housekeeping	4.0	1	8	0	9	False
chr15	78808487	78812487	MORF4L1	1	Housekeeping	4.0	3	8	0	11	False
chr15	82807628	82811628	WHAMM	1	Housekeeping	4.0	1	10	0	11	False
chr15	82984210	82988210	RAMAC	5	Housekeeping	4.0	1	4	0	6	False
chr15	83065252	83069252	BTBD1	3	Housekeeping	4.0	2	9	0	11	False
chr15	84714460	84718460	SEC11A	2	Housekeeping	4.0	2	8	0	10	False
chr15	88465390	88469390	MRPL46	1	Housekeeping	4.0	2	9	0	11	False
chr15	89892638	89896638	AP3S2	4	Housekeeping	4.0	2	6	0	9	False
chr15	89910882	89914882	ARPIN-AP3S2	3	Housekeeping	4.0	1	7	0	8	False
chr15	90232047	90236047	CIB1	4	Housekeeping	4.0	2	8	0	10	False
chr15	90263659	90267659	NGRN	4	Housekeeping	4.0	2	6	0	8	False
chr15	90527923	90531923	CRTC3	3	Housekeeping	4.0	1	7	0	8	False
chr15	90866588	90870588	FURIN	1	Housekeeping	4.0	1	8	0	9	False
chr15	101275500	101279500	SELENOS	4	Housekeeping	4.0	2	5	0	8	False
chr16	232521	236521	FAM234A	10	Housekeeping	4.0	2	4	0	7	False
chr16	369289	373289	MRPL28	0	Housekeeping	4.0	3	9	0	12	True
chr16	666100	670100	RHOT2	0	Housekeeping	4.0	1	9	0	10	True
chr16	1289444	1293444	UBE2I	7	Housekeeping	4.0	0	6	0	7	False
chr16	1349878	1353878	TSR3	2	Housekeeping	4.0	1	6	0	7	False
chr16	1825157	1829157	HAGH	3	Housekeeping	4.0	2	10	0	12	False
chr16	1957538	1961538	NDUFB10	1	Housekeeping	4.0	1	10	0	11	False
chr16	1962841	1966841	RPS2	3	Housekeeping	4.0	7	5	0	12	False
chr16	2221580	2225580	E4F1	10	Housekeeping	4.0	1	6	0	7	False
chr16	2266397	2270397	RNPS1	1	Housekeeping	4.0	6	7	0	13	False
chr16	2535979	2539979	PDPK1	4	Housekeeping	4.0	2	10	0	13	False
chr16	2680523	2684523	KCTD5	4	Housekeeping	4.0	3	3	0	6	False
chr16	2775289	2779289	ELOB	2	Housekeeping	4.0	3	10	0	13	False
chr16	4353607	4357607	PAM16	7	Housekeeping	4.0	0	6	0	6	False
chr16	4418494	4422494	CORO7-PAM16	9	Housekeeping	4.0	0	5	0	5	False
chr16	4423805	4427805	DNAJA3	5	Housekeeping	4.0	2	7	0	10	False
chr16	4614493	4618493	MGRN1	5	Housekeeping	4.0	1	10	0	11	False
chr16	4691562	4695562	NUDT16L1	0	Housekeeping	4.0	1	12	0	13	True
chr16	10741786	10745786	NUBP1	3	Housekeeping	4.0	2	8	0	10	False
chr16	10940468	10944468	DEXI	0	Housekeeping	4.0	3	8	0	11	True
chr16	11914082	11918082	GSPT1	3	Housekeeping	4.0	2	9	0	11	False
chr16	14630931	14634931	BFAR	6	Housekeeping	4.0	1	10	0	11	False
chr16	14831721	14835721	NOMO1	3	Housekeeping	4.0	1	1	0	2	False
chr16	14920802	14924802	NPIPA1	0	Housekeeping	4.0	0	0	0	0	True
chr16	15092311	15096311	RRN3	7	Housekeeping	4.0	2	5	0	8	False
chr16	18788383	18792383	RPS15A	4	Housekeeping	4.0	2	8	0	10	False
chr16	19520123	19524123	GDE1	3	Housekeeping	4.0	3	8	0	11	False
chr16	21446567	21450567	NPIPB3	1	Housekeeping	4.0	0	0	0	0	False
chr16	21595218	21599218	METTL9	5	Housekeeping	4.0	0	8	0	8	False
chr16	23519995	23523995	GGA2	4	Housekeeping	4.0	0	5	0	5	False
chr16	23555721	23559721	UBFD1	3	Housekeeping	4.0	1	10	0	11	False
chr16	23594316	23598316	NDUFAB1	6	Housekeeping	4.0	1	8	0	10	False
chr16	25109731	25113731	LCMT1	3	Housekeeping	4.0	1	8	0	9	False
chr16	27266772	27270772	NSMCE1	2	Housekeeping	4.0	2	6	0	8	False
chr16	28551915	28555915	SGF29	6	Housekeeping	4.0	2	6	0	8	False
chr16	28948807	28952807	NFATC2IP	6	Housekeeping	4.0	1	10	0	11	False
chr16	29804106	29808106	MAZ	0	Housekeeping	4.0	4	7	0	11	True
chr16	29861414	29865414	CDIPT	2	Housekeeping	4.0	5	4	0	10	False
chr16	29938885	29942885	TMEM219	8	Housekeeping	4.0	1	1	0	3	False
chr16	30353308	30357308	CD2BP2	0	Housekeeping	4.0	4	8	0	12	True
chr16	30368494	30372494	TBC1D10B	0	Housekeeping	4.0	1	11	0	12	True
chr16	30428030	30432030	DCTPP1	3	Housekeeping	4.0	3	3	0	7	False
chr16	30524821	30528821	ZNF768	1	Housekeeping	4.0	3	7	0	11	False
chr16	30656431	30660431	FBRS	2	Housekeeping	4.0	0	11	0	11	False
chr16	30892302	30896302	BCL7C	0	Housekeeping	4.0	3	8	0	11	True
chr16	31093980	31097980	VKORC1	8	Housekeeping	4.0	3	5	0	8	False
chr16	46971674	46975674	DNAJA2	2	Housekeeping	4.0	2	7	0	9	False
chr16	48242300	48246300	LONP2	2	Housekeeping	4.0	1	8	0	9	False
chr16	48618148	48622148	N4BP1	6	Housekeeping	4.0	0	5	0	6	False
chr16	56450199	56454199	NUDT21	1	Housekeeping	4.0	2	7	0	9	False
chr16	56930142	56934142	HERPUD1	1	Housekeeping	4.0	1	10	0	11	False
chr16	57243259	57247259	ARL2BP	4	Housekeeping	4.0	1	3	0	6	False
chr16	57460660	57464660	POLR2C	1	Housekeeping	4.0	1	4	0	5	False
chr16	57997546	58001546	USB1	0	Housekeeping	4.0	3	9	0	12	True
chr16	58196106	58200106	CSNK2A2	1	Housekeeping	4.0	4	5	0	9	False
chr16	66749609	66753609	DYNC1LI2	1	Housekeeping	4.0	2	9	0	11	False
chr16	66932423	66936423	CIAO2B	2	Housekeeping	4.0	2	9	0	11	False
chr16	67190155	67194155	E2F4	3	Housekeeping	4.0	2	6	0	8	False
chr16	67225103	67229103	TMEM208	0	Housekeeping	4.0	1	8	0	9	True
chr16	67479181	67483181	ATP6V0D1	2	Housekeeping	4.0	1	12	0	13	False
chr16	67804560	67808560	RANBP10	4	Housekeeping	4.0	2	8	0	10	False
chr16	67840320	67844320	THAP11	3	Housekeeping	4.0	1	8	0	9	False
chr16	67844882	67848882	NUTF2	3	Housekeeping	4.0	3	5	0	8	False
chr16	68243304	68247304	PLA2G15	2	Housekeeping	4.0	1	7	0	8	False
chr16	69130588	69134588	CHTF8	0	Housekeeping	4.0	3	7	0	11	True
chr16	69396402	69400402	CYB5B	8	Housekeeping	4.0	1	7	0	8	False
chr16	69752926	69756926	NOB1	5	Housekeeping	4.0	1	6	0	7	False
chr16	70344861	70348861	DDX19A	9	Housekeeping	4.0	1	5	0	7	False
chr16	72091613	72095613	DHX38	2	Housekeeping	4.0	3	4	0	7	False
chr16	74294814	74298814	PSMD7	4	Housekeeping	4.0	3	5	0	8	False
chr16	74605144	74609144	GLG1	1	Housekeeping	4.0	1	10	0	11	False
chr16	74998173	75002173	WDR59	0	Housekeeping	4.0	2	9	0	11	True
chr16	75431503	75435503	CFDP1	4	Housekeeping	4.0	2	8	0	11	False
chr16	75564375	75568375	GABARAPL2	2	Housekeeping	4.0	2	9	0	11	False
chr16	75645773	75649773	TERF2IP	6	Housekeeping	4.0	4	8	0	12	False
chr16	83717311	83721311	HSBP1	1	Housekeeping	4.0	1	3	0	5	False
chr16	85009535	85013535	ZDHHC7	5	Housekeeping	4.0	1	7	0	10	False
chr16	85797608	85801608	EMC8	2	Housekeeping	4.0	1	8	0	10	False
chr16	87381953	87385953	MAP1LC3B	6	Housekeeping	4.0	1	8	0	9	False
chr16	88568403	88572403	ZC3H18	3	Housekeeping	4.0	1	10	0	11	False
chr16	88809937	88813937	APRT	1	Housekeeping	4.0	1	12	0	13	False
chr16	89558677	89562677	RPL13	5	Housekeeping	4.0	2	8	0	10	False
chr16	89718400	89722400	ZNF276	2	Housekeeping	4.0	3	8	0	11	False
chr16	89871570	89875570	TCF25	5	Housekeeping	4.0	2	9	0	11	False
chr17	780353	784353	MRM3	4	Housekeeping	4.0	1	7	0	8	False
chr17	995129	999129	TIMM22	6	Housekeeping	4.0	1	9	0	10	False
chr17	1461162	1465162	CRK	8	Housekeeping	4.0	0	10	0	10	False
chr17	1682867	1686867	PRPF8	6	Housekeeping	4.0	1	5	0	7	False
chr17	1827702	1831702	RPA1	5	Housekeeping	4.0	1	4	0	5	False
chr17	2040022	2044022	OVCA2	1	Housekeeping	4.0	2	9	0	11	False
chr17	2334657	2338657	TSR1	0	Housekeeping	4.0	3	8	0	11	True
chr17	3666679	3670679	TAX1BP3	3	Housekeeping	4.0	3	7	0	10	False
chr17	3666812	3670812	EMC6	3	Housekeeping	4.0	3	7	0	10	False
chr17	3694194	3698194	P2RX5-TAX1BP3	2	Housekeeping	4.0	2	7	0	9	False
chr17	4261995	4265995	ANKFY1	7	Housekeeping	4.0	1	10	0	11	False
chr17	4364675	4368675	UBE2G1	7	Housekeeping	4.0	1	8	0	11	False
chr17	4702337	4706337	PELP1	3	Housekeeping	4.0	2	8	0	10	False
chr17	4794144	4798144	PSMB6	5	Housekeeping	4.0	1	4	0	6	False
chr17	4938008	4942008	RNF167	1	Housekeeping	4.0	3	8	0	11	False
chr17	4938053	4942053	SLC25A11	1	Housekeeping	4.0	3	8	0	11	False
chr17	4947061	4951061	PFN1	0	Housekeeping	4.0	4	8	0	12	True
chr17	4965817	4969817	SPAG7	3	Housekeeping	4.0	4	9	0	13	False
chr17	7010417	7014417	RNASEK	2	Housekeeping	4.0	4	8	0	12	False
chr17	7010635	7014635	RNASEK-C17orf49	2	Housekeeping	4.0	5	8	0	13	False
chr17	7232517	7236517	DVL2	2	Housekeeping	4.0	2	8	0	10	False
chr17	7240449	7244449	GABARAP	0	Housekeeping	4.0	4	10	0	14	True
chr17	7250491	7254491	CTDNEP1	1	Housekeeping	4.0	3	8	0	11	False
chr17	7402097	7406097	TMEM256	2	Housekeeping	4.0	2	8	0	10	False
chr17	7402097	7406097	TMEM256-PLSCR3	2	Housekeeping	4.0	2	8	0	10	False
chr17	7561287	7565287	SENP3-EIF4A1	0	Housekeeping	4.0	3	7	0	10	True
chr17	7570824	7574824	EIF4A1	0	Housekeeping	4.0	2	7	0	9	True
chr17	7612897	7616897	FXR2	6	Housekeeping	4.0	3	8	0	11	False
chr17	7930123	7934123	TRAPPC1	0	Housekeeping	4.0	3	8	0	11	True
chr17	8381213	8385213	RPL26	5	Housekeeping	4.0	3	10	0	13	False
chr17	9574591	9578591	STX8	3	Housekeeping	4.0	2	7	0	9	False
chr17	16378798	16382798	UBB	5	Housekeeping	4.0	2	9	0	11	False
chr17	17040457	17044457	MPRIP	1	Housekeeping	4.0	3	9	0	12	False
chr17	17474994	17478994	MED9	3	Housekeeping	4.0	1	4	0	5	False
chr17	17970422	17974422	TOM1L2	2	Housekeeping	4.0	2	6	0	8	False
chr17	18181078	18185078	ALKBH5	2	Housekeeping	4.0	3	6	0	9	False
chr17	19976343	19980343	AKAP10	3	Housekeeping	4.0	2	8	0	10	False
chr17	21041760	21045760	USP22	2	Housekeeping	4.0	2	10	0	12	False
chr17	27292076	27296076	WSB1	4	Housekeeping	4.0	1	9	0	10	False
chr17	28333602	28337602	TNFAIP1	2	Housekeeping	4.0	2	8	0	11	False
chr17	28660198	28664198	SUPT6H	1	Housekeeping	4.0	2	9	0	11	False
chr17	28717985	28721985	RPL23A	4	Housekeeping	4.0	6	7	0	13	False
chr17	28853010	28857010	ERAL1	5	Housekeeping	4.0	1	6	0	9	False
chr17	28895733	28899733	FLOT2	2	Housekeeping	4.0	1	10	0	11	False
chr17	29292148	29296148	NUFIP2	1	Housekeeping	4.0	1	8	0	10	False
chr17	31857291	31861291	COPRS	2	Housekeeping	4.0	2	6	0	8	False
chr17	38866644	38870644	RPL23	3	Housekeeping	4.0	3	10	0	14	False
chr17	38867859	38871859	LASP1	0	Housekeeping	4.0	3	10	0	13	True
chr17	39198283	39202283	RPL19	4	Housekeeping	4.0	2	8	0	11	False
chr17	39728532	39732532	MIEN1	6	Housekeeping	4.0	1	10	0	11	False
chr17	39978807	39982807	PSMD3	1	Housekeeping	4.0	1	10	0	11	False
chr17	40119971	40123971	MSL1	2	Housekeeping	4.0	2	9	0	11	False
chr17	40138318	40142318	CASC3	3	Housekeeping	4.0	1	8	0	9	False
chr17	41686885	41690885	EIF1	2	Housekeeping	4.0	1	10	0	11	False
chr17	41964763	41968763	CNP	1	Housekeeping	4.0	1	9	0	10	False
chr17	42019376	42023376	DNAJC7	3	Housekeeping	4.0	1	3	0	4	False
chr17	42286633	42290633	STAT5B	0	Housekeeping	4.0	7	7	0	14	True
chr17	42608623	42612623	RETREG3	2	Housekeeping	4.0	2	5	0	7	False
chr17	42771449	42775449	VPS25	6	Housekeeping	4.0	1	7	0	9	False
chr17	42796704	42800704	COA3	2	Housekeeping	4.0	1	5	0	7	False
chr17	42822385	42826385	PSME3	8	Housekeeping	4.0	2	3	0	8	False
chr17	42962498	42966498	AARSD1	8	Housekeeping	4.0	1	4	0	5	False
chr17	42978528	42982528	PTGES3L-AARSD1	3	Housekeeping	4.0	2	7	0	9	False
chr17	42996273	43000273	RPL27	5	Housekeeping	4.0	1	6	0	8	False
chr17	43023123	43027123	VAT1	5	Housekeeping	4.0	1	9	0	10	False
chr17	44021946	44025946	TMEM101	0	Housekeeping	4.0	1	8	0	9	True
chr17	44065619	44069619	LSM12	4	Housekeeping	4.0	2	6	0	9	False
chr17	44068620	44072620	G6PC3	4	Housekeeping	4.0	1	7	0	8	False
chr17	44955992	44959992	NMT1	3	Housekeeping	4.0	0	6	0	6	False
chr17	45146475	45150475	HEXIM1	0	Housekeeping	4.0	1	10	0	11	True
chr17	47187422	47191422	CDC27	1	Housekeeping	4.0	2	8	0	10	False
chr17	47520942	47524942	NPEPPS	7	Housekeeping	4.0	0	3	0	3	False
chr17	47647476	47651476	KPNB1	5	Housekeeping	4.0	3	8	0	12	False
chr17	47894150	47898150	SP2	1	Housekeeping	4.0	2	8	0	11	False
chr17	48099478	48103478	CBX1	3	Housekeeping	4.0	2	8	0	10	False
chr17	48829018	48833018	CALCOCO2	5	Housekeeping	4.0	1	6	0	7	False
chr17	48890765	48894765	ATP5MC1	4	Housekeeping	4.0	1	7	0	8	False
chr17	48906407	48910407	UBE2Z	4	Housekeeping	4.0	2	7	0	9	False
chr17	50395523	50399523	LRRC59	2	Housekeeping	4.0	2	7	0	10	False
chr17	50476860	50480860	RSAD1	4	Housekeeping	4.0	1	10	0	11	False
chr17	50705914	50709914	ANKRD40	5	Housekeeping	4.0	1	9	0	11	False
chr17	50717565	50721565	LUC7L3	4	Housekeeping	4.0	1	11	0	12	False
chr17	51118868	51122868	SPAG9	2	Housekeeping	4.0	2	9	0	11	False
chr17	51151590	51155590	NME1-NME2	6	Housekeeping	4.0	2	7	0	9	False
chr17	51163435	51167435	NME2	4	Housekeeping	4.0	4	5	0	9	False
chr17	51258546	51262546	UTP18	2	Housekeeping	4.0	2	9	0	11	False
chr17	58005346	58009346	SRSF1	2	Housekeeping	4.0	2	9	0	11	False
chr17	58081419	58085419	DYNLL2	0	Housekeeping	4.0	1	10	0	11	True
chr17	58351093	58355093	SUPT4H1	1	Housekeeping	4.0	3	8	0	11	False
chr17	59563558	59567558	DHX40	1	Housekeeping	4.0	1	3	0	5	False
chr17	63620415	63624415	MAP3K3	1	Housekeeping	4.0	2	7	0	9	False
chr17	63825152	63829152	PSMC5	0	Housekeeping	4.0	3	7	0	11	True
chr17	63828012	63832012	FTSJ3	0	Housekeeping	4.0	1	8	0	10	True
chr17	63841065	63845065	SMARCD2	2	Housekeeping	4.0	1	9	0	10	False
chr17	74201582	74205582	RPL38	3	Housekeeping	4.0	1	9	0	10	False
chr17	75010670	75014670	MRPL58	3	Housekeeping	4.0	1	8	0	9	False
chr17	75044985	75048985	ATP5PD	1	Housekeeping	4.0	1	9	0	10	False
chr17	75180959	75184959	SUMO2	2	Housekeeping	4.0	2	5	0	8	False
chr17	75259674	75263674	MRPS7	2	Housekeeping	4.0	3	7	0	10	False
chr17	75403709	75407709	GRB2	4	Housekeeping	4.0	3	6	0	9	False
chr17	75854507	75858507	WBP2	7	Housekeeping	4.0	2	6	0	8	False
chr17	75903093	75907093	MRPL38	5	Housekeeping	4.0	2	7	0	9	False
chr17	76382521	76386521	PRPSAP1	0	Housekeeping	4.0	2	11	0	13	True
chr17	76451152	76455152	UBE2O	4	Housekeeping	4.0	2	6	0	8	False
chr17	76735333	76739333	SRSF2	0	Housekeeping	4.0	7	6	0	13	True
chr17	80145151	80149151	EIF4A3	5	Housekeeping	4.0	1	11	0	12	False
chr17	80989598	80993598	CHMP6	3	Housekeeping	4.0	1	9	0	11	False
chr17	81646465	81650465	NPLOC4	7	Housekeeping	4.0	0	5	0	7	False
chr17	81681326	81685326	HGS	2	Housekeeping	4.0	2	7	0	9	False
chr17	81831302	81835302	MCRIP1	2	Housekeeping	4.0	3	8	0	11	False
chr17	81858856	81862856	P4HB	3	Housekeeping	4.0	2	8	0	10	False
chr17	81888790	81892790	ANAPC11	2	Housekeeping	4.0	3	10	0	13	False
chr17	81974807	81978807	ASPSCR1	7	Housekeeping	4.0	1	7	0	9	False
chr17	82063887	82067887	DUS1L	3	Housekeeping	4.0	2	6	0	8	False
chr17	82271700	82275700	CSNK1D	1	Housekeeping	4.0	3	9	0	12	False
chr17	82714706	82718706	FN3KRP	4	Housekeeping	4.0	2	6	0	9	False
chr18	156383	160383	USP14	5	Housekeeping	4.0	1	5	0	8	False
chr18	3245481	3249481	MYL12A	0	Housekeeping	4.0	3	8	0	11	True
chr18	3259479	3263479	MYL12B	2	Housekeeping	4.0	6	5	0	11	False
chr18	8607437	8611437	RAB12	1	Housekeeping	4.0	1	8	0	9	False
chr18	9473009	9477009	RALBP1	1	Housekeeping	4.0	3	8	0	11	False
chr18	9912016	9916016	VAPA	1	Housekeeping	4.0	2	7	0	9	False
chr18	10523905	10527905	NAPG	2	Housekeeping	4.0	1	7	0	8	False
chr18	12656043	12660043	PSMG2	2	Housekeeping	4.0	3	7	0	10	False
chr18	26089217	26093217	SS18	1	Housekeeping	4.0	3	7	0	10	False
chr18	35579117	35583117	GALNT1	0	Housekeeping	4.0	1	11	0	12	True
chr18	36127385	36131385	SLC39A6	3	Housekeeping	4.0	2	10	0	13	False
chr18	54222669	54226669	MBD2	2	Housekeeping	4.0	1	9	0	10	False
chr18	56649600	56653600	TXNL1	1	Housekeeping	4.0	1	6	0	7	False
chr18	59357265	59361265	LMAN1	0	Housekeeping	4.0	3	8	0	11	True
chr18	68713108	68717108	TMX3	3	Housekeeping	4.0	1	7	0	8	False
chr19	529760	533760	CDC34	2	Housekeeping	4.0	2	11	0	13	False
chr19	569277	573277	BSG	5	Housekeeping	4.0	4	5	0	9	False
chr19	661233	665233	RNF126	3	Housekeeping	4.0	2	8	0	10	False
chr19	911245	915245	R3HDM4	5	Housekeeping	4.0	1	9	0	10	False
chr19	1019179	1023179	TMEM259	4	Housekeeping	4.0	2	9	0	11	False
chr19	1101982	1105982	GPX4	3	Housekeeping	4.0	1	11	0	12	False
chr19	1175558	1179558	STK11	8	Housekeeping	4.0	0	11	0	11	False
chr19	1257384	1261384	CIRBP	0	Housekeeping	4.0	1	12	0	13	True
chr19	1436358	1440358	RPS15	6	Housekeeping	4.0	1	8	0	10	False
chr19	1603473	1607473	UQCR11	6	Housekeeping	4.0	1	8	0	9	False
chr19	1846483	1850483	REXO1	5	Housekeeping	4.0	1	9	0	10	False
chr19	1883496	1887496	ABHD17A	6	Housekeeping	4.0	1	8	0	9	False
chr19	1939172	1943172	CSNK1G2	3	Housekeeping	4.0	1	11	0	12	False
chr19	2032881	2036881	BTBD2	7	Housekeeping	4.0	0	9	0	9	False
chr19	2094673	2098673	MOB3A	2	Housekeeping	4.0	4	9	0	13	False
chr19	2234824	2238824	SF3A2	5	Housekeeping	4.0	4	9	0	13	False
chr19	2425586	2429586	TIMM13	0	Housekeeping	4.0	1	9	0	10	True
chr19	2781362	2785362	SGTA	3	Housekeeping	4.0	2	9	0	11	False
chr19	3183563	3187563	NCLN	3	Housekeeping	4.0	2	9	0	11	False
chr19	3312403	3316403	NFIC	2	Housekeeping	4.0	0	0	1	5	False
chr19	3624815	3628815	CACTIN	5	Housekeeping	4.0	1	7	0	8	False
chr19	3698468	3702468	PIP5K1C	3	Housekeeping	4.0	1	8	0	10	False
chr19	3760682	3764682	MRPL54	7	Housekeeping	4.0	2	7	0	11	False
chr19	3969123	3973123	DAPK3	7	Housekeeping	4.0	1	11	0	12	False
chr19	4005736	4009736	PIAS4	5	Housekeeping	4.0	1	9	0	11	False
chr19	4245080	4249080	YJU2	6	Housekeeping	4.0	2	5	0	8	False
chr19	4398547	4402547	SH3GL1	4	Housekeeping	4.0	2	9	0	11	False
chr19	4455794	4459794	UBXN6	5	Housekeeping	4.0	3	7	0	10	False
chr19	4668362	4672362	MYDGF	5	Housekeeping	4.0	1	7	0	8	False
chr19	5621035	5625035	SAFB	0	Housekeeping	4.0	2	10	0	12	True
chr19	5622046	5626046	SAFB2	0	Housekeeping	4.0	2	8	0	10	True
chr19	5672947	5676947	RPL36	3	Housekeeping	4.0	0	7	0	9	False
chr19	6370794	6374794	ALKBH7	5	Housekeeping	4.0	3	6	0	9	False
chr19	6391981	6395981	GTF2F1	4	Housekeeping	4.0	2	5	0	7	False
chr19	6422811	6426811	KHSRP	2	Housekeeping	4.0	1	10	0	11	False
chr19	8003659	8007659	ELAVL1	6	Housekeeping	4.0	1	10	0	11	False
chr19	8306358	8310358	CD320	4	Housekeeping	4.0	1	12	0	13	False
chr19	8319158	8323158	RPS28	2	Housekeeping	4.0	1	9	0	10	False
chr19	8442767	8446767	HNRNPM	6	Housekeeping	4.0	4	5	0	9	False
chr19	9825892	9829892	UBL5	5	Housekeeping	4.0	1	6	0	7	False
chr19	9833257	9837257	PIN1	4	Housekeeping	4.0	2	5	0	8	False
chr19	10418121	10422121	CDC37	0	Housekeeping	4.0	1	13	0	14	True
chr19	10501558	10505558	KEAP1	7	Housekeeping	4.0	3	6	0	10	False
chr19	10652304	10656304	ILF3	3	Housekeeping	4.0	3	8	0	11	False
chr19	10834318	10838318	TMED1	4	Housekeeping	4.0	3	6	0	10	False
chr19	11344518	11348518	TMEM205	3	Housekeeping	4.0	4	5	0	9	False
chr19	11433284	11437284	PRKCSH	6	Housekeeping	4.0	3	3	0	6	False
chr19	11527172	11531172	ECSIT	8	Housekeeping	4.0	3	3	0	6	False
chr19	11557230	11561230	ELOF1	9	Housekeeping	4.0	2	7	0	10	False
chr19	12732684	12736684	TRIR	7	Housekeeping	4.0	1	10	0	11	False
chr19	12799800	12803800	PRDX2	3	Housekeeping	4.0	3	8	0	11	False
chr19	12879595	12883595	DNASE2	9	Housekeeping	4.0	2	6	0	8	False
chr19	12932037	12936037	FARSA	5	Housekeeping	4.0	2	5	0	8	False
chr19	12936578	12940578	CALR	2	Housekeeping	4.0	3	8	0	11	False
chr19	12943855	12947855	RAD23A	4	Housekeeping	4.0	1	11	0	12	False
chr19	12955223	12959223	GADD45GIP1	8	Housekeeping	4.0	1	8	0	9	False
chr19	13772456	13776456	C19orf53	7	Housekeeping	4.0	3	4	0	7	False
chr19	13950509	13954509	DCAF15	3	Housekeeping	4.0	2	7	0	9	False
chr19	14089036	14093036	SAMD1	0	Housekeeping	4.0	2	10	0	12	True
chr19	14417383	14421383	DDX39A	8	Housekeeping	4.0	1	7	0	8	False
chr19	14570066	14574066	NDUFB7	10	Housekeeping	4.0	2	5	0	7	False
chr19	16065021	16069021	TPM4	2	Housekeeping	4.0	1	11	0	12	False
chr19	16183380	16187380	FAM32A	7	Housekeeping	4.0	3	5	0	8	False
chr19	16570415	16574415	SLC35E1	2	Housekeeping	4.0	1	6	0	7	False
chr19	17213346	17217346	USE1	5	Housekeeping	4.0	1	6	0	7	False
chr19	17243919	17247919	NR2F6	2	Housekeeping	4.0	2	10	0	12	False
chr19	17290609	17294609	MRPL34	6	Housekeeping	4.0	1	7	0	9	False
chr19	17307518	17311518	DDA1	8	Housekeeping	4.0	1	9	0	10	False
chr19	17509636	17513636	PGLS	8	Housekeeping	4.0	3	8	0	12	False
chr19	17857910	17861910	RPL18A	4	Housekeeping	4.0	3	5	0	8	False
chr19	17931015	17935015	CCDC124	6	Housekeeping	4.0	1	4	0	5	False
chr19	18321112	18325112	LSM4	3	Housekeeping	4.0	1	8	0	9	False
chr19	18520116	18524116	ELL	4	Housekeeping	4.0	1	12	0	13	False
chr19	18542077	18546077	FKBP8	5	Housekeeping	4.0	2	8	0	10	False
chr19	18555762	18559762	KXD1	6	Housekeeping	4.0	1	4	0	5	False
chr19	18569730	18573730	UBA52	6	Housekeeping	4.0	3	6	0	10	False
chr19	18917387	18921387	COPE	4	Housekeeping	4.0	2	8	0	10	False
chr19	18917705	18921705	DDX49	3	Housekeeping	4.0	2	9	0	11	False
chr19	19318829	19322829	MAU2	4	Housekeeping	4.0	2	6	0	8	False
chr19	32579190	32583190	PDCD5	3	Housekeeping	4.0	3	5	0	8	False
chr19	34170504	34174504	LSM14A	3	Housekeeping	4.0	1	10	0	11	False
chr19	35266962	35270962	USF2	0	Housekeeping	4.0	4	10	0	14	True
chr19	35627030	35631030	RBM42	6	Housekeeping	4.0	1	4	0	6	False
chr19	36113213	36117213	POLR2I	1	Housekeeping	4.0	5	6	0	11	False
chr19	36137953	36141953	CAPNS1	4	Housekeeping	4.0	3	6	0	10	False
chr19	36212602	36216602	ZNF146	5	Housekeeping	4.0	2	9	0	11	False
chr19	38372563	38376563	PSMD8	6	Housekeeping	4.0	3	5	0	8	False
chr19	38617082	38621082	EIF3K	4	Housekeeping	4.0	2	7	0	9	False
chr19	38829841	38833841	ECH1	8	Housekeeping	4.0	2	9	0	12	False
chr19	38897862	38901862	SIRT2	6	Housekeeping	4.0	2	8	0	12	False
chr19	39340421	39344421	SAMD4B	1	Housekeeping	4.0	3	6	0	9	False
chr19	39389154	39393154	PAF1	4	Housekeeping	4.0	3	7	0	10	False
chr19	39389303	39393303	MED29	4	Housekeeping	4.0	3	8	0	11	False
chr19	39433949	39437949	RPS16	4	Housekeeping	4.0	1	10	0	11	False
chr19	39538161	39542161	EID2	4	Housekeeping	4.0	1	7	0	8	False
chr19	39844379	39848379	FBL	1	Housekeeping	4.0	1	10	0	11	False
chr19	40346456	40350456	PLD3	5	Housekeeping	4.0	1	7	0	10	False
chr19	40748637	40752637	SNRPA	3	Housekeeping	4.0	2	10	0	12	False
chr19	40776242	40780242	RAB4B-EGLN2	3	Housekeeping	4.0	1	7	0	8	False
chr19	40796996	40800996	EGLN2	2	Housekeeping	4.0	2	9	0	11	False
chr19	41260496	41264496	HNRNPUL1	2	Housekeeping	4.0	3	8	0	11	False
chr19	41308172	41312172	CCDC97	6	Housekeeping	4.0	2	12	0	14	False
chr19	41957321	41961321	RABAC1	4	Housekeeping	4.0	2	9	0	11	False
chr19	42240625	42244625	GSK3A	3	Housekeeping	4.0	2	10	0	12	False
chr19	44952585	44956585	CLPTM1	5	Housekeeping	4.0	3	5	0	8	False
chr19	45089396	45093396	PPP1R37	3	Housekeeping	4.0	2	10	0	12	False
chr19	45690569	45694569	SNRPD2	6	Housekeeping	4.0	3	5	0	8	False
chr19	45884141	45888141	IRF2BP1	1	Housekeeping	4.0	1	14	0	15	False
chr19	46744994	46748994	STRN4	3	Housekeeping	4.0	4	6	0	10	False
chr19	46858997	46862997	ARHGAP35	1	Housekeeping	4.0	2	9	0	11	False
chr19	47253980	47257980	CCDC9	7	Housekeeping	4.0	1	10	0	11	False
chr19	47513091	47517091	NAPA	5	Housekeeping	4.0	0	10	0	10	False
chr19	47743546	47747546	NOP53	7	Housekeeping	4.0	1	8	0	9	False
chr19	47776677	47780677	SELENOW	7	Housekeeping	4.0	2	9	0	11	False
chr19	48389551	48393551	KDELR1	0	Housekeeping	4.0	3	8	0	11	True
chr19	48617184	48621184	RPL18	4	Housekeeping	4.0	2	8	0	10	False
chr19	49083419	49087419	SNRNP70	7	Housekeeping	4.0	1	8	0	9	False
chr19	49485510	49489510	RPL13A	6	Housekeeping	4.0	1	10	0	11	False
chr19	49494365	49498365	RPS11	5	Housekeeping	4.0	1	11	0	12	False
chr19	49588262	49592262	NOSIP	2	Housekeeping	4.0	1	10	0	11	False
chr19	49673786	49677786	PRMT1	7	Housekeeping	4.0	2	8	0	10	False
chr19	49765001	49769001	AP2A1	3	Housekeeping	4.0	2	8	0	10	False
chr19	50327653	50331653	NR1H2	1	Housekeeping	4.0	2	9	0	11	False
chr19	54157721	54161721	LENG1	4	Housekeeping	4.0	2	8	0	10	False
chr19	54198809	54202809	RPS9	5	Housekeeping	4.0	3	8	0	11	False
chr19	54447190	54451190	LENG8	3	Housekeeping	4.0	5	6	0	11	False
chr19	55115637	55119637	PPP1R12C	2	Housekeeping	4.0	2	9	0	11	False
chr19	55257017	55261017	PPP6R1	3	Housekeeping	4.0	2	10	0	12	False
chr19	55383932	55387932	RPL28	0	Housekeeping	4.0	3	9	0	12	True
chr19	55460343	55464343	ISOC2	2	Housekeeping	4.0	2	9	0	11	False
chr19	55599970	55603970	FIZ1	0	Housekeeping	4.0	3	7	0	10	True
chr19	55652146	55656146	U2AF2	1	Housekeeping	4.0	2	8	0	10	False
chr19	55673226	55677226	EPN1	0	Housekeeping	4.0	3	7	0	10	True
chr19	58303374	58307374	ERVK3-1	2	Housekeeping	4.0	1	4	0	5	False
chr19	58384400	58388400	RPS5	1	Housekeeping	4.0	3	8	0	11	False
chr19	58542064	58546064	TRIM28	3	Housekeeping	4.0	2	7	0	9	False
chr19	58553105	58557105	CHMP2A	2	Housekeeping	4.0	1	11	0	12	False
chr19	58556954	58560954	UBE2M	0	Housekeeping	4.0	3	8	0	11	True
chr2	262140	266140	ACP1	0	Housekeeping	4.0	3	9	0	12	True
chr2	3517531	3521531	ADI1	2	Housekeeping	4.0	2	7	0	9	False
chr2	3573260	3577260	RPS7	4	Housekeeping	4.0	1	9	0	11	False
chr2	9628997	9632997	YWHAQ	0	Housekeeping	4.0	3	8	0	11	True
chr2	10835977	10839977	PDIA6	2	Housekeeping	4.0	1	4	0	5	False
chr2	11346330	11350330	ROCK2	2	Housekeeping	4.0	0	6	0	6	False
chr2	15589178	15593178	DDX1	5	Housekeeping	4.0	2	4	0	7	False
chr2	18558679	18562679	RDH14	0	Housekeeping	4.0	1	5	0	7	True
chr2	18587564	18591564	NT5C1B-RDH14	0	Housekeeping	4.0	1	0	0	2	True
chr2	20049628	20053628	LAPTM4A	1	Housekeeping	4.0	2	10	0	12	False
chr2	20350234	20354234	PUM2	0	Housekeeping	4.0	1	10	0	11	True
chr2	24074373	24078373	SF3B6	4	Housekeeping	4.0	1	8	0	9	False
chr2	27069654	27073654	OST4	1	Housekeeping	4.0	2	8	0	11	False
chr2	27132666	27136666	PREB	4	Housekeeping	4.0	1	8	0	9	False
chr2	27210041	27214041	ATRAID	3	Housekeeping	4.0	4	5	0	9	False
chr2	27368496	27372496	SNX17	1	Housekeeping	4.0	4	5	0	10	False
chr2	27425790	27429790	NRBP1	3	Housekeeping	4.0	2	8	0	11	False
chr2	27661426	27665426	SLC4A1AP	2	Housekeeping	4.0	4	4	0	9	False
chr2	27769717	27773717	MRPL33	3	Housekeeping	4.0	1	7	0	9	False
chr2	30144941	30148941	YPEL5	2	Housekeeping	4.0	2	8	0	10	False
chr2	32037805	32041805	DPY30	7	Housekeeping	4.0	1	6	0	7	False
chr2	33597347	33601347	FAM98A	1	Housekeeping	4.0	2	6	0	9	False
chr2	37194488	37198488	CEBPZOS	5	Housekeeping	4.0	2	5	0	8	False
chr2	37229596	37233596	CEBPZ	2	Housekeeping	4.0	1	9	0	10	False
chr2	38375285	38379285	ATL2	1	Housekeeping	4.0	2	8	0	10	False
chr2	42423088	42427088	COX7A2L	1	Housekeeping	4.0	0	4	0	5	False
chr2	53785009	53789009	ERLEC1	2	Housekeeping	4.0	2	9	0	11	False
chr2	55229903	55233903	RPS27A	3	Housekeeping	4.0	3	3	0	7	False
chr2	55517604	55521604	CFAP36	4	Housekeeping	4.0	1	6	0	7	False
chr2	61469087	61473087	USP34	3	Housekeeping	4.0	2	10	0	12	False
chr2	64017428	64021428	VPS54	2	Housekeeping	4.0	2	9	0	12	False
chr2	65128331	65132331	RAB1A	2	Housekeeping	4.0	1	11	0	12	False
chr2	65225788	65229788	ACTR2	3	Housekeeping	4.0	1	6	0	7	False
chr2	68155888	68159888	PNO1	3	Housekeeping	4.0	3	7	0	10	False
chr2	70085477	70089477	PCBP1	0	Housekeeping	4.0	7	5	0	12	True
chr2	70255386	70259386	PCYOX1	3	Housekeeping	4.0	1	4	0	8	False
chr2	70291740	70295740	SNRPG	6	Housekeeping	4.0	4	6	0	10	False
chr2	70992873	70996873	TEX261	3	Housekeeping	4.0	3	9	0	12	False
chr2	71128310	71132310	MPHOSPH10	2	Housekeeping	4.0	3	6	0	11	False
chr2	73212222	73216222	SMYD5	4	Housekeeping	4.0	1	12	0	13	False
chr2	73231239	73235239	PRADC1	3	Housekeeping	4.0	2	6	0	8	False
chr2	73778173	73782173	DUSP11	4	Housekeeping	4.0	1	3	0	5	False
chr2	74176898	74180898	MOB1A	4	Housekeeping	4.0	2	9	0	11	False
chr2	74453087	74457087	INO80B	1	Housekeeping	4.0	2	6	0	9	False
chr2	74453088	74457088	INO80B-WBP1	1	Housekeeping	4.0	2	6	0	9	False
chr2	74470687	74474687	MRPL53	7	Housekeeping	4.0	1	8	0	9	False
chr2	84903656	84907656	TMSB10	3	Housekeeping	4.0	1	8	0	9	False
chr2	84969093	84973093	KCMF1	0	Housekeeping	4.0	2	12	0	14	True
chr2	85582431	85586431	VAMP5	3	Housekeeping	4.0	1	7	0	8	False
chr2	85593725	85597725	RNF181	2	Housekeeping	4.0	1	8	0	9	False
chr2	85600856	85604856	USP39	2	Housekeeping	4.0	2	11	0	13	False
chr2	86561479	86565479	CHMP3	1	Housekeeping	4.0	2	5	0	7	False
chr2	86718291	86722291	RMND5A	0	Housekeeping	4.0	2	5	0	7	True
chr2	86719122	86723122	RNF103-CHMP3	0	Housekeeping	4.0	2	5	0	7	True
chr2	88062252	88066252	KRCC1	4	Housekeeping	4.0	0	5	0	5	False
chr2	95120006	95124006	MRPS5	2	Housekeeping	4.0	3	3	0	7	False
chr2	96264047	96268047	TMEM127	1	Housekeeping	4.0	1	10	0	11	False
chr2	97644062	97648062	COX5B	1	Housekeeping	4.0	1	8	0	9	False
chr2	97662044	97666044	ACTR1B	3	Housekeeping	4.0	2	8	0	10	False
chr2	97993948	97997948	TMEM131	2	Housekeeping	4.0	1	10	0	11	False
chr2	98606515	98610515	COA5	0	Housekeeping	4.0	2	7	0	9	True
chr2	98606579	98610579	UNC50	0	Housekeeping	4.0	2	7	0	9	True
chr2	99335389	99339389	EIF5B	1	Housekeeping	4.0	3	8	0	11	False
chr2	99338702	99342702	TXNDC9	4	Housekeeping	4.0	0	6	0	7	False
chr2	101000229	101004229	RPL31	2	Housekeeping	4.0	3	8	0	11	False
chr2	101250886	101254886	CNOT11	3	Housekeeping	4.0	1	8	0	10	False
chr2	101306701	101310701	RNF149	3	Housekeeping	4.0	2	11	0	13	False
chr2	105036069	105040069	MRPS9	1	Housekeeping	4.0	1	6	0	9	False
chr2	113888063	113892063	ACTR3	1	Housekeeping	4.0	3	6	0	9	False
chr2	117812691	117816691	DDX18	0	Housekeeping	4.0	1	7	0	8	True
chr2	121734911	121738911	NIFK	2	Housekeeping	4.0	1	8	0	9	False
chr2	121735103	121739103	TSN	2	Housekeeping	4.0	1	8	0	9	False
chr2	127524886	127528886	IWS1	1	Housekeeping	4.0	1	12	0	13	False
chr2	130179737	130183737	MZT2B	4	Housekeeping	4.0	2	9	0	11	False
chr2	131091460	131095460	FAM168B	4	Housekeeping	4.0	1	9	0	10	False
chr2	151826492	151830492	ARL5A	1	Housekeeping	4.0	1	8	0	9	False
chr2	152716012	152720012	PRPF40A	0	Housekeeping	4.0	6	6	0	12	True
chr2	161306425	161310425	PSMD14	2	Housekeeping	4.0	2	7	0	9	False
chr2	169789933	169793933	SSB	4	Housekeeping	4.0	1	1	0	2	False
chr2	170926464	170930464	GORASP2	1	Housekeeping	4.0	1	6	0	8	False
chr2	171920448	171924448	HAT1	5	Housekeeping	4.0	1	10	0	11	False
chr2	176267395	176271395	MTX2	2	Housekeeping	4.0	2	6	0	8	False
chr2	177210694	177214694	HNRNPA3	2	Housekeeping	4.0	2	11	0	13	False
chr2	186484253	186488253	ZC3H15	0	Housekeeping	4.0	1	11	0	12	True
chr2	189439446	189443446	WDR75	1	Housekeeping	4.0	2	9	0	11	False
chr2	189659385	189663385	ASNSD1	3	Housekeeping	4.0	1	7	0	8	False
chr2	197451493	197455493	COQ10B	2	Housekeeping	4.0	2	7	0	9	False
chr2	197498140	197502140	HSPE1	2	Housekeeping	4.0	3	6	0	9	False
chr2	197498413	197502413	HSPE1-MOB4	2	Housekeeping	4.0	3	7	0	10	False
chr2	200808594	200812594	BZW1	2	Housekeeping	4.0	2	7	0	9	False
chr2	201069433	201073433	NDUFB3	1	Housekeeping	4.0	4	6	0	11	False
chr2	201449500	201453500	TRAK2	3	Housekeeping	4.0	2	9	0	11	False
chr2	202236599	202240599	SUMO1	4	Housekeeping	4.0	2	7	0	9	False
chr2	202263736	202267736	NOP58	7	Housekeeping	4.0	1	9	0	10	False
chr2	206157585	206161585	EEF1B2	2	Housekeeping	4.0	4	6	0	10	False
chr2	216105464	216109464	XRCC5	3	Housekeeping	4.0	2	3	0	5	False
chr2	216496825	216500825	RPL37A	3	Housekeeping	4.0	3	5	0	9	False
chr2	218215141	218219141	ARPC2	2	Housekeeping	4.0	2	8	0	10	False
chr2	218267651	218271651	PNKD	4	Housekeeping	4.0	2	7	0	11	False
chr2	218268178	218272178	AAMP	4	Housekeeping	4.0	2	8	0	11	False
chr2	218395136	218399136	CTDSP1	1	Housekeeping	4.0	1	9	0	10	False
chr2	219176106	219180106	CNPPD1	0	Housekeeping	4.0	3	10	0	13	True
chr2	219277342	219281342	DNAJB2	0	Housekeeping	4.0	1	11	0	12	True
chr2	223943357	223947357	WDFY1	1	Housekeeping	4.0	1	7	0	8	False
chr2	223955463	223959463	MRPL44	0	Housekeeping	4.0	2	4	0	6	True
chr2	227470152	227474152	AGFG1	1	Housekeeping	4.0	2	6	0	8	False
chr2	230710842	230714842	CAB39	3	Housekeeping	4.0	2	8	0	10	False
chr2	231054845	231058845	PSMD1	2	Housekeeping	4.0	4	6	0	10	False
chr2	231481641	231485641	NCL	3	Housekeeping	4.0	0	7	0	7	False
chr2	231704895	231708895	PTMA	2	Housekeeping	4.0	4	7	0	11	False
chr2	237964827	237968827	UBE2F	2	Housekeeping	4.0	2	9	0	11	False
chr2	237965014	237969014	UBE2F-SCLY	2	Housekeeping	4.0	2	8	0	10	False
chr2	238201708	238205708	ILKAP	2	Housekeeping	4.0	1	8	0	9	False
chr2	241147576	241151576	PPP1R7	1	Housekeeping	4.0	3	6	0	9	False
chr2	241635158	241639158	THAP4	2	Housekeeping	4.0	3	7	0	11	False
chr20	1391164	1395164	FKBP1A	1	Housekeeping	4.0	1	7	0	8	False
chr20	2662219	2666219	IDH3B	7	Housekeeping	4.0	2	2	0	5	False
chr20	3044052	3048052	MRPS26	1	Housekeeping	4.0	3	9	0	12	False
chr20	3202685	3206685	DDRGK1	6	Housekeeping	4.0	1	9	0	12	False
chr20	3469018	3473018	ATRN	2	Housekeeping	4.0	2	6	0	10	False
chr20	3784740	3788740	CENPB	1	Housekeeping	4.0	1	10	0	12	False
chr20	5111087	5115087	TMEM230	4	Housekeeping	4.0	3	6	0	9	False
chr20	5124879	5128879	CDS2	4	Housekeeping	4.0	2	7	0	9	False
chr20	8017805	8021805	TMX4	0	Housekeeping	4.0	3	8	0	11	True
chr20	18135863	18139863	PET117	2	Housekeeping	4.0	5	3	0	8	False
chr20	18565347	18569347	SMIM26	5	Housekeeping	4.0	1	3	0	4	False
chr20	18585942	18589942	DTD1	3	Housekeeping	4.0	1	7	0	8	False
chr20	25388835	25392835	ABHD12	6	Housekeeping	4.0	4	6	0	10	False
chr20	32205855	32209855	POFUT1	1	Housekeeping	4.0	1	9	0	10	False
chr20	32741467	32745467	COMMD7	6	Housekeeping	4.0	1	10	0	11	False
chr20	32817954	32821954	MAPRE1	6	Housekeeping	4.0	1	8	0	9	False
chr20	33809348	33813348	CHMP4B	3	Housekeeping	4.0	1	8	0	10	False
chr20	33991646	33995646	RALY	1	Housekeeping	4.0	5	9	0	14	False
chr20	34110243	34114243	EIF2S2	5	Housekeeping	4.0	1	9	0	12	False
chr20	34361235	34365235	ITCH	7	Housekeeping	4.0	1	9	0	11	False
chr20	34514395	34518395	DYNLRB1	2	Housekeeping	4.0	2	8	0	11	False
chr20	35090807	35094807	TRPC4AP	4	Housekeeping	4.0	1	7	0	9	False
chr20	35276131	35280131	MMP24OS	1	Housekeeping	4.0	1	9	0	10	False
chr20	35540038	35544038	ERGIC3	3	Housekeeping	4.0	1	7	0	10	False
chr20	35697272	35701272	ROMO1	1	Housekeeping	4.0	2	10	0	12	False
chr20	35957472	35961472	SCAND1	4	Housekeeping	4.0	0	0	0	0	False
chr20	36234131	36238131	AAR2	2	Housekeeping	4.0	2	5	0	7	False
chr20	36304336	36308336	DLGAP4	0	Housekeeping	4.0	1	7	0	10	True
chr20	37176410	37180410	RPN2	5	Housekeeping	4.0	3	5	0	8	False
chr20	37525931	37529931	BLCAP	0	Housekeeping	4.0	6	9	0	15	True
chr20	37692030	37696030	CTNNBL1	3	Housekeeping	4.0	1	3	0	6	False
chr20	41026822	41030822	TOP1	2	Housekeeping	4.0	1	8	0	11	False
chr20	41134960	41138960	PLCG1	0	Housekeeping	4.0	6	8	0	14	True
chr20	43455893	43459893	SRSF6	1	Housekeeping	4.0	1	8	0	9	False
chr20	44208771	44212771	OSER1	1	Housekeeping	4.0	4	7	0	11	False
chr20	44520085	44524085	SERINC3	1	Housekeeping	4.0	1	7	0	8	False
chr20	44883702	44887702	YWHAB	2	Housekeeping	4.0	1	11	0	12	False
chr20	45359937	45363937	SYS1	5	Housekeeping	4.0	3	9	0	12	False
chr20	45361200	45365200	SYS1-DBNDD2	3	Housekeeping	4.0	3	8	0	11	False
chr20	45789954	45793954	DNTTIP1	5	Housekeeping	4.0	1	7	0	8	False
chr20	45932683	45936683	PCIF1	5	Housekeeping	4.0	2	7	0	11	False
chr20	46087962	46091962	NCOA5	0	Housekeeping	4.0	1	9	0	11	True
chr20	49186367	49190367	STAU1	3	Housekeeping	4.0	2	8	0	11	False
chr20	49217347	49221347	DDX27	7	Housekeeping	4.0	1	6	0	7	False
chr20	49711878	49715878	B4GALT5	0	Housekeeping	4.0	1	9	0	11	True
chr20	49934336	49938336	RNF114	4	Housekeeping	4.0	1	9	0	11	False
chr20	50113959	50117959	UBE2V1	3	Housekeeping	4.0	1	7	0	9	False
chr20	50151637	50155637	PEDS1-UBE2V1	3	Housekeeping	4.0	2	11	0	13	False
chr20	50508321	50512321	PTPN1	2	Housekeeping	4.0	1	11	0	12	False
chr20	56466585	56470585	RTF2	2	Housekeeping	4.0	1	4	0	5	False
chr20	58649434	58653434	STX16-NPEPL1	0	Housekeeping	4.0	3	10	0	13	True
chr20	58687131	58691131	NPEPL1	2	Housekeeping	4.0	1	5	0	6	False
chr20	59006238	59010238	CTSZ	1	Housekeeping	4.0	4	6	0	10	False
chr20	59040809	59044809	PRELID3B	1	Housekeeping	4.0	1	9	0	10	False
chr20	62120461	62124461	LSM14B	2	Housekeeping	4.0	2	9	0	11	False
chr20	62141440	62145440	PSMA7	0	Housekeeping	4.0	3	11	0	14	True
chr20	62300093	62304093	ADRM1	2	Housekeeping	4.0	3	7	0	10	False
chr20	62385103	62389103	RPS21	3	Housekeeping	4.0	2	8	0	10	False
chr20	62794473	62798473	MRGBP	2	Housekeeping	4.0	1	11	0	12	False
chr20	62802835	62806835	OGFR	1	Housekeeping	4.0	2	10	0	12	False
chr20	62936147	62940147	GID8	4	Housekeeping	4.0	1	10	0	12	False
chr20	63214139	63218139	YTHDF1	0	Housekeeping	4.0	2	8	0	10	True
chr20	63518754	63522754	PPDPF	0	Housekeeping	4.0	1	12	0	13	True
chr20	63979132	63983132	PRPF6	1	Housekeeping	4.0	2	9	0	11	False
chr20	64253695	64257695	PCMTD2	0	Housekeeping	4.0	1	10	0	12	True
chr21	25733673	25737673	ATP5PF	0	Housekeeping	4.0	3	8	0	11	True
chr21	34071224	34075224	MRPS6	1	Housekeeping	4.0	1	10	0	11	False
chr21	37265919	37269919	VPS26C	2	Housekeeping	4.0	1	7	0	10	False
chr21	42877644	42881644	NDUFV3	3	Housekeeping	4.0	1	7	0	9	False
chr21	43105570	43109570	U2AF1	0	Housekeeping	4.0	1	1	0	2	True
chr21	43863223	43867223	AGPAT3	2	Housekeeping	4.0	1	11	0	12	False
chr21	44105373	44109373	PWP2	1	Housekeeping	4.0	1	0	0	2	False
chr21	44298051	44302051	PFKL	3	Housekeeping	4.0	1	10	0	11	False
chr21	44799826	44803826	UBE2G2	0	Housekeeping	4.0	2	10	0	13	True
chr21	44816779	44820779	SUMO3	2	Housekeeping	4.0	1	11	0	12	False
chr21	44871903	44875903	PTTG1IP	0	Housekeeping	4.0	2	10	0	13	True
chr22	19445711	19449711	C22orf39	4	Housekeeping	4.0	2	9	0	12	False
chr22	20113938	20117938	RANBP1	0	Housekeeping	4.0	4	8	0	12	True
chr22	20318080	20322080	DGCR6L	0	Housekeeping	4.0	3	8	0	12	True
chr22	23892383	23896383	MIF	1	Housekeeping	4.0	1	10	0	11	False
chr22	24553958	24557958	SNRPD3	1	Housekeeping	4.0	3	9	0	12	False
chr22	29765369	29769369	UQCR10	5	Housekeeping	4.0	4	7	0	12	False
chr22	32410248	32414248	RTCB	2	Housekeeping	4.0	1	8	0	9	False
chr22	36527184	36531184	EIF3D	6	Housekeeping	4.0	2	7	0	9	False
chr22	37950607	37954607	POLR2F	6	Housekeeping	4.0	1	9	0	10	False
chr22	38271010	38275010	TMEM184B	2	Housekeeping	4.0	2	7	0	9	False
chr22	38505660	38509660	DDX17	3	Housekeeping	4.0	1	9	0	10	False
chr22	38679957	38683957	TOMM22	3	Housekeeping	4.0	2	4	0	6	False
chr22	38699556	38703556	JOSD1	4	Housekeeping	4.0	2	10	0	12	False
chr22	39397778	39401778	TAB1	8	Housekeeping	4.0	1	5	0	7	False
chr22	39497432	39501432	MIEF1	6	Housekeeping	4.0	0	8	0	10	False
chr22	39517695	39521695	ATF4	1	Housekeeping	4.0	3	9	0	12	False
chr22	39530761	39534761	RPS19BP1	1	Housekeeping	4.0	2	8	0	10	False
chr22	40854639	40858639	ST13	3	Housekeeping	4.0	2	10	0	12	False
chr22	40949347	40953347	RBX1	4	Housekeeping	4.0	1	10	0	11	False
chr22	41284187	41288187	RANGAP1	7	Housekeeping	4.0	2	6	0	9	False
chr22	41444801	41448801	TOB2	0	Housekeeping	4.0	2	11	0	13	True
chr22	41466692	41470692	PHF5A	4	Housekeeping	4.0	2	5	0	9	False
chr22	41587871	41591871	PMM1	8	Housekeeping	4.0	1	8	0	10	False
chr22	41619043	41623043	DESI1	2	Housekeeping	4.0	3	7	0	10	False
chr22	41831105	41835105	SREBF2	2	Housekeeping	4.0	4	9	0	13	False
chr22	42077691	42081691	SMDT1	2	Housekeeping	4.0	1	11	0	12	False
chr22	42856106	42860106	ARFGAP3	5	Housekeeping	4.0	1	7	0	8	False
chr22	43013149	43017149	PACSIN2	3	Housekeeping	4.0	1	7	0	9	False
chr22	43953442	43957442	SAMM50	1	Housekeeping	4.0	2	9	0	11	False
chr22	46736252	46740252	CERK	2	Housekeeping	4.0	1	12	0	14	False
chr22	50341304	50345304	PPP6R2	2	Housekeeping	4.0	1	7	0	8	False
chr22	50505702	50509702	LMF2	0	Housekeeping	4.0	2	10	0	12	True
chr3	5120249	5124249	ARL8B	5	Housekeeping	4.0	1	9	0	10	False
chr3	9791011	9795011	TADA3	3	Housekeeping	4.0	3	7	0	11	False
chr3	9888574	9892574	JAGN1	4	Housekeeping	4.0	1	9	0	10	False
chr3	10009202	10013202	EMC3	1	Housekeeping	4.0	2	9	0	11	False
chr3	10113675	10117675	BRK1	7	Housekeeping	4.0	1	3	0	4	False
chr3	10246023	10250023	TATDN2	5	Housekeeping	4.0	4	4	0	8	False
chr3	10319112	10323112	SEC13	2	Housekeeping	4.0	2	8	0	10	False
chr3	12555057	12559057	MKRN2	3	Housekeeping	4.0	2	9	0	11	False
chr3	12839582	12843582	RPL32	4	Housekeeping	4.0	4	8	0	12	False
chr3	14176817	14180817	LSM3	2	Housekeeping	4.0	1	7	0	8	False
chr3	15063339	15067339	MRPS25	4	Housekeeping	4.0	1	7	0	8	False
chr3	19945097	19949097	RAB5A	0	Housekeeping	4.0	2	8	0	10	True
chr3	23914591	23918591	RPL15	0	Housekeeping	4.0	4	6	0	10	True
chr3	32568858	32572858	DYNC1LI1	1	Housekeeping	4.0	1	7	0	9	False
chr3	33439371	33443371	UBP1	5	Housekeeping	4.0	3	6	0	9	False
chr3	36991131	36995131	EPM2AIP1	2	Housekeeping	4.0	3	8	0	11	False
chr3	37241191	37245191	GOLGA4	1	Housekeeping	4.0	2	8	0	10	False
chr3	38163089	38167089	OXSR1	2	Housekeeping	4.0	1	10	0	11	False
chr3	39381370	39385370	SLC25A38	3	Housekeeping	4.0	2	5	0	7	False
chr3	39404716	39408716	RPSA	3	Housekeeping	4.0	3	7	0	10	False
chr3	40307707	40311707	EIF1B	0	Housekeeping	4.0	2	6	0	8	True
chr3	40455292	40459292	RPL14	5	Housekeeping	4.0	1	8	0	10	False
chr3	42579840	42583840	SS18L2	0	Housekeeping	4.0	3	4	0	7	True
chr3	42599080	42603080	SEC22C	3	Housekeeping	4.0	3	6	0	10	False
chr3	42802490	42806490	HIGD1A	0	Housekeeping	4.0	2	9	0	11	True
chr3	44859904	44863904	TMEM42	2	Housekeeping	4.0	1	5	0	6	False
chr3	46980010	46984010	CCDC12	2	Housekeeping	4.0	1	7	0	8	False
chr3	47780106	47784106	SMARCC1	3	Housekeeping	4.0	1	9	0	12	False
chr3	48087272	48091272	MAP4	5	Housekeeping	4.0	3	9	0	12	False
chr3	48438257	48442257	TMA7	4	Housekeeping	4.0	1	8	0	9	False
chr3	48502826	48506826	SHISA5	2	Housekeeping	4.0	2	7	0	9	False
chr3	48738353	48742353	IP6K2	4	Housekeeping	4.0	0	12	0	12	False
chr3	48845874	48849874	PRKAR2A	5	Housekeeping	4.0	1	8	0	10	False
chr3	48916821	48920821	ARIH2	9	Housekeeping	4.0	1	8	0	9	False
chr3	49005062	49009062	WDR6	1	Housekeeping	4.0	2	9	0	12	False
chr3	49338712	49342712	USP4	5	Housekeeping	4.0	1	8	0	9	False
chr3	49410212	49414212	TCTA	1	Housekeeping	4.0	2	8	0	10	False
chr3	49672014	49676014	APEH	2	Housekeeping	4.0	0	11	0	11	False
chr3	50086919	50090919	RBM5	6	Housekeeping	4.0	1	8	0	9	False
chr3	50224292	50228292	GNAI2	5	Housekeeping	4.0	2	6	0	8	False
chr3	50326251	50330251	TUSC2	4	Housekeeping	4.0	1	7	0	8	False
chr3	50338980	50342980	RASSF1	1	Housekeeping	4.0	2	9	0	11	False
chr3	50357521	50361521	TMEM115	2	Housekeeping	4.0	1	7	0	8	False
chr3	51939904	51943904	RRP9	2	Housekeeping	4.0	2	11	0	13	False
chr3	51993895	51997895	RPL29	3	Housekeeping	4.0	1	6	0	8	False
chr3	52244788	52248788	TWF2	1	Housekeeping	4.0	3	9	0	12	False
chr3	52286020	52290020	WDR82	5	Housekeeping	4.0	4	9	0	13	False
chr3	52683917	52687917	PBRM1	2	Housekeeping	4.0	2	6	0	9	False
chr3	53889885	53893885	SELENOK	0	Housekeeping	4.0	1	7	0	8	True
chr3	57225726	57229726	APPL1	3	Housekeeping	4.0	1	9	0	10	False
chr3	57596220	57600220	ARF4	3	Housekeeping	4.0	2	8	0	10	False
chr3	57691077	57695077	DENND6A	4	Housekeeping	4.0	1	7	0	8	False
chr3	63861868	63865868	THOC7	2	Housekeeping	4.0	3	9	0	12	False
chr3	69082937	69086937	ARL6IP5	1	Housekeeping	4.0	1	8	0	9	False
chr3	88147885	88151885	CGGBP1	1	Housekeeping	4.0	2	7	0	10	False
chr3	100399089	100403089	TOMM70	1	Housekeeping	4.0	2	11	0	13	False
chr3	100707295	100711295	TFG	1	Housekeeping	4.0	4	4	0	8	False
chr3	101684733	101688733	RPL24	6	Housekeeping	4.0	2	10	0	12	False
chr3	112560046	112564046	ATG3	1	Housekeeping	4.0	1	10	0	11	False
chr3	119675454	119679454	COX17	1	Housekeeping	4.0	1	9	0	10	False
chr3	120594328	120598328	NDUFB4	2	Housekeeping	4.0	2	8	0	10	False
chr3	121747966	121751966	GOLGB1	0	Housekeeping	4.0	3	5	0	8	True
chr3	122382161	122386161	FAM162A	1	Housekeeping	4.0	2	8	0	10	False
chr3	122512945	122516945	KPNA1	3	Housekeeping	4.0	1	7	0	8	False
chr3	126099561	126103561	SLC41A3	1	Housekeeping	4.0	1	10	0	11	False
chr3	128151914	128155914	RUVBL1	2	Housekeeping	4.0	3	6	0	10	False
chr3	128679075	128683075	RPN1	7	Housekeeping	4.0	1	8	0	9	False
chr3	128691669	128695669	RAB7A	10	Housekeeping	4.0	0	1	1	1	False
chr3	128877596	128881596	ACAD9	1	Housekeeping	4.0	1	9	0	10	False
chr3	129247606	129251606	COPG1	5	Housekeeping	4.0	1	7	0	8	False
chr3	129276828	129280828	HMCES	2	Housekeeping	4.0	1	10	0	11	False
chr3	131500983	131504983	MRPL3	1	Housekeeping	4.0	1	7	0	8	False
chr3	132415502	132419502	DNAJC13	0	Housekeeping	4.0	1	8	0	9	True
chr3	133571686	133575686	CDV3	2	Housekeeping	4.0	3	6	0	9	False
chr3	133782023	133786023	SRPRB	1	Housekeeping	4.0	1	0	0	3	False
chr3	134484716	134488716	ANAPC13	1	Housekeeping	4.0	4	5	0	9	False
chr3	141322213	141326213	ZBTB38	1	Housekeeping	4.0	0	7	0	7	False
chr3	141736249	141740249	RNF7	1	Housekeeping	4.0	2	9	0	11	False
chr3	150600875	150604875	SELENOT	2	Housekeeping	4.0	2	8	0	10	False
chr3	150601228	150605228	SERP1	2	Housekeeping	4.0	2	7	0	9	False
chr3	150761477	150765477	SIAH2	0	Housekeeping	4.0	3	6	0	9	True
chr3	156553149	156557149	SSR3	2	Housekeeping	4.0	4	4	0	8	False
chr3	160563571	160567571	KPNA4	0	Housekeeping	4.0	2	8	0	10	True
chr3	161102696	161106696	NMD3	2	Housekeeping	4.0	5	6	0	12	False
chr3	169964635	169968635	SEC62	1	Housekeeping	4.0	2	9	0	11	False
chr3	179602649	179606649	MRPL47	5	Housekeeping	4.0	1	5	0	6	False
chr3	184297198	184301198	PSMD2	4	Housekeeping	4.0	2	6	0	8	False
chr3	184710064	184714064	MAGEF1	1	Housekeeping	4.0	2	7	0	9	False
chr3	185497057	185501057	TMEM41A	2	Housekeeping	4.0	2	7	0	9	False
chr3	185580496	185584496	SENP2	7	Housekeeping	4.0	0	7	0	7	False
chr3	186565403	186569403	DNAJB11	4	Housekeeping	4.0	1	5	0	6	False
chr3	191327085	191331085	CCDC50	1	Housekeeping	4.0	3	8	0	11	False
chr3	194670463	194674463	LSG1	3	Housekeeping	4.0	2	6	0	8	False
chr3	196501768	196505768	RNF168	7	Housekeeping	4.0	1	6	0	7	False
chr3	196865856	196869856	SENP5	6	Housekeeping	4.0	1	9	0	10	False
chr3	196940594	196944594	NCBP2	4	Housekeeping	4.0	3	8	0	11	False
chr3	197948190	197952190	RPL35A	5	Housekeeping	4.0	1	9	0	10	False
chr4	672330	676330	ATP5ME	3	Housekeeping	4.0	4	7	0	11	False
chr4	703748	707748	PCGF3	0	Housekeeping	4.0	1	8	0	11	True
chr4	1287887	1291887	MAEA	1	Housekeeping	4.0	1	7	0	9	False
chr4	2841844	2845844	ADD1	3	Housekeeping	4.0	3	6	0	9	False
chr4	2961406	2965406	NOP14	0	Housekeeping	4.0	4	9	0	13	True
chr4	3530446	3534446	LRPAP1	1	Housekeeping	4.0	1	10	0	12	False
chr4	6638091	6642091	MRFAP1	3	Housekeeping	4.0	2	5	0	7	False
chr4	6707865	6711865	MRFAP1L1	0	Housekeeping	4.0	1	8	0	9	True
chr4	6714174	6718174	BLOC1S4	3	Housekeeping	4.0	1	7	0	9	False
chr4	7039899	7043899	TADA2B	2	Housekeeping	4.0	2	7	0	9	False
chr4	7066085	7070085	GRPEL1	2	Housekeeping	4.0	1	8	0	10	False
chr4	15679679	15683679	FBXL5	1	Housekeeping	4.0	1	11	0	12	False
chr4	16225410	16229410	TAPT1	1	Housekeeping	4.0	3	8	0	11	False
chr4	17612641	17616641	MED28	5	Housekeeping	4.0	1	6	0	8	False
chr4	24582554	24586554	DHX15	2	Housekeeping	4.0	1	9	0	10	False
chr4	39456931	39460931	RPL9	3	Housekeeping	4.0	1	10	0	12	False
chr4	39696109	39700109	UBE2K	3	Housekeeping	4.0	2	10	0	12	False
chr4	39975956	39979956	PDS5A	3	Housekeeping	4.0	1	9	0	11	False
chr4	41988502	41992502	SLC30A9	2	Housekeeping	4.0	1	8	0	9	False
chr4	68348090	68352090	YTHDC1	3	Housekeeping	4.0	2	7	0	9	False
chr4	70686532	70690532	UTP3	2	Housekeeping	4.0	1	6	0	7	False
chr4	77074309	77078309	CCNI	1	Housekeeping	4.0	1	10	0	11	False
chr4	82428462	82432462	HNRNPDL	2	Housekeeping	4.0	4	7	0	11	False
chr4	83032447	83036447	COPS4	5	Housekeeping	4.0	4	2	0	6	False
chr4	83453932	83457932	MRPS18C	2	Housekeeping	4.0	1	6	0	7	False
chr4	87420573	87424573	NUDT9	3	Housekeeping	4.0	1	10	0	11	False
chr4	88521776	88525776	PYURF	1	Housekeeping	4.0	1	7	0	8	False
chr4	102866896	102870896	UBE2D3	2	Housekeeping	4.0	2	10	0	12	False
chr4	103097870	103101870	BDH2	0	Housekeeping	4.0	1	7	0	8	True
chr4	105893986	105897986	INTS12	0	Housekeeping	4.0	1	10	0	11	True
chr4	108618569	108622569	RPL34	1	Housekeeping	4.0	2	6	0	8	False
chr4	108648585	108652585	OSTC	0	Housekeeping	4.0	2	7	0	9	True
chr4	109431772	109435772	SEC24B	0	Housekeeping	4.0	4	8	0	13	True
chr4	119302445	119306445	C4orf3	4	Housekeeping	4.0	0	3	0	3	False
chr4	128286829	128290829	PGRMC2	0	Housekeeping	4.0	4	6	0	10	True
chr4	141218887	141222887	ZNF330	0	Housekeeping	4.0	1	7	0	8	True
chr4	143511702	143515702	SMARCA5	2	Housekeeping	4.0	1	11	0	12	False
chr4	145178589	145182589	OTUD4	1	Housekeeping	4.0	2	9	0	11	False
chr4	147615386	147619386	TMEM184C	3	Housekeeping	4.0	1	4	0	5	False
chr4	151097624	151101624	RPS3A	5	Housekeeping	4.0	2	7	0	9	False
chr4	158721396	158725396	PPID	2	Housekeeping	4.0	1	9	0	10	False
chr4	169008275	169012275	CBR4	2	Housekeeping	4.0	1	7	0	10	False
chr4	169755944	169759944	HPF1	1	Housekeeping	4.0	1	5	0	7	False
chr4	173332432	173336432	HMGB2	0	Housekeeping	4.0	5	7	0	12	True
chr4	176317966	176321966	SPCS3	0	Housekeeping	4.0	2	8	0	10	True
chr4	182915936	182919936	DCTD	0	Housekeeping	4.0	1	8	0	10	True
chr4	184472558	184476558	IRF2	3	Housekeeping	4.0	7	6	0	13	False
chr5	269621	273621	PDCD6	2	Housekeeping	4.0	1	7	0	8	False
chr5	269670	273670	PDCD6-AHRR	2	Housekeeping	4.0	1	7	0	8	False
chr5	1343099	1347099	CLPTM1L	1	Housekeeping	4.0	2	8	0	10	False
chr5	1799366	1803366	MRPL36	0	Housekeeping	4.0	2	11	0	13	True
chr5	6376571	6380571	MED10	1	Housekeeping	4.0	1	7	0	8	False
chr5	6711432	6715432	TENT4A	0	Housekeeping	4.0	3	9	0	13	True
chr5	10759234	10763234	DAP	1	Housekeeping	4.0	1	11	0	12	False
chr5	16463800	16467800	ZNF622	1	Housekeeping	4.0	1	8	0	9	False
chr5	32172319	32176319	GOLPH3	5	Housekeeping	4.0	1	8	0	10	False
chr5	32529633	32533633	SUB1	7	Housekeeping	4.0	2	5	0	7	False
chr5	40796374	40800374	PRKAA1	0	Housekeeping	4.0	1	9	0	11	True
chr5	40833222	40837222	RPL37	3	Housekeeping	4.0	1	9	0	10	False
chr5	43555758	43559758	PAIP1	1	Housekeeping	4.0	3	7	0	10	False
chr5	44806947	44810947	MRPS30	0	Housekeeping	4.0	2	8	0	10	True
chr5	55305694	55309694	DHX29	0	Housekeeping	4.0	1	9	0	10	True
chr5	55305989	55309989	MTREX	0	Housekeeping	4.0	1	9	0	10	True
chr5	57171948	57175948	GPBP1	1	Housekeeping	4.0	4	9	0	13	False
chr5	62401943	62405943	DIMT1	3	Housekeeping	4.0	2	6	0	8	False
chr5	69091991	69095991	SLC30A5	5	Housekeeping	4.0	2	5	0	7	False
chr5	69368013	69372013	TAF9	1	Housekeeping	4.0	5	3	0	8	False
chr5	73496408	73500408	BTF3	2	Housekeeping	4.0	2	7	0	9	False
chr5	74764991	74768991	NSA2	3	Housekeeping	4.0	2	6	0	8	False
chr5	77866780	77870780	TBCA	1	Housekeeping	4.0	0	7	0	7	False
chr5	83075863	83079863	TMEM167A	1	Housekeeping	4.0	1	8	0	9	False
chr5	86615928	86619928	COX7C	2	Housekeeping	4.0	1	8	0	9	False
chr5	100533338	100537338	FAM174A	0	Housekeeping	4.0	2	6	0	8	True
chr5	112859188	112863188	SRP19	2	Housekeeping	4.0	2	6	0	9	False
chr5	112920289	112924289	REEP5	1	Housekeeping	4.0	2	8	0	10	False
chr5	115624161	115628161	TMED7-TICAM2	1	Housekeeping	4.0	2	11	0	13	False
chr5	115630992	115634992	TMED7	2	Housekeeping	4.0	0	4	0	4	False
chr5	133050013	133054013	HSPA4	2	Housekeeping	4.0	2	10	0	12	False
chr5	133966674	133970674	C5orf15	2	Housekeeping	4.0	2	8	0	10	False
chr5	134002975	134006975	VDAC1	3	Housekeeping	4.0	2	10	0	12	False
chr5	134174964	134178964	SKP1	1	Housekeeping	4.0	2	8	0	10	False
chr5	134369184	134373184	UBE2B	1	Housekeeping	4.0	3	9	0	12	False
chr5	134409881	134413881	CDKN2AIPNL	3	Housekeeping	4.0	1	8	0	9	False
chr5	137752363	137756363	HNRNPA0	2	Housekeeping	4.0	1	10	0	11	False
chr5	138211343	138215343	CDC23	6	Housekeeping	4.0	1	4	0	5	False
chr5	138329935	138333935	FAM53C	3	Housekeeping	4.0	2	3	0	6	False
chr5	138541236	138545236	ETF1	1	Housekeeping	4.0	2	9	0	11	False
chr5	138573675	138577675	HSPA9	4	Housekeeping	4.0	3	8	0	11	False
chr5	139339587	139343587	PAIP2	3	Housekeeping	4.0	2	6	0	8	False
chr5	139524431	139528431	UBE2D2	1	Housekeeping	4.0	1	9	0	10	False
chr5	140301113	140305113	PFDN1	2	Housekeeping	4.0	1	8	0	9	False
chr5	140399908	140403908	ANKHD1-EIF4EBP3	4	Housekeeping	4.0	2	11	0	13	False
chr5	140545662	140549662	EIF4EBP3	4	Housekeeping	4.0	1	6	0	7	False
chr5	140562819	140566819	SLC35A4	1	Housekeeping	4.0	4	6	0	10	False
chr5	140645058	140649058	IK	2	Housekeeping	4.0	2	4	0	7	False
chr5	140662868	140666868	WDR55	8	Housekeeping	4.0	2	7	0	9	False
chr5	140696680	140700680	ZMAT2	1	Housekeeping	4.0	1	3	0	4	False
chr5	141318784	141322784	TAF7	1	Housekeeping	4.0	2	5	0	8	False
chr5	141921855	141925855	DELE1	5	Housekeeping	4.0	1	4	0	5	False
chr5	149549471	149553471	CSNK1A1	2	Housekeeping	4.0	3	6	0	10	False
chr5	149998046	150002046	HMGXB3	1	Housekeeping	4.0	3	5	0	8	False
chr5	150447739	150451739	RPS14	4	Housekeeping	4.0	4	6	1	11	False
chr5	150757095	150761095	DCTN4	0	Housekeeping	4.0	3	4	0	7	True
chr5	151769045	151773045	G3BP1	2	Housekeeping	4.0	4	8	0	12	False
chr5	151770532	151774532	ATOX1	0	Housekeeping	4.0	4	8	0	12	True
chr5	154680986	154684986	LARP1	3	Housekeeping	4.0	1	7	0	8	False
chr5	154939073	154943073	MRPL22	4	Housekeeping	4.0	1	8	0	10	False
chr5	160007113	160011113	TTC1	4	Housekeeping	4.0	1	4	1	6	False
chr5	160419711	160423711	SLU7	0	Housekeeping	4.0	2	10	0	12	True
chr5	168577368	168581368	PANK3	2	Housekeeping	4.0	1	10	0	11	False
chr5	171385116	171389116	NPM1	4	Housekeeping	4.0	4	5	0	9	False
chr5	172832251	172836251	ERGIC1	1	Housekeeping	4.0	1	10	0	11	False
chr5	172981771	172985771	ATP6V0E1	4	Housekeeping	4.0	2	7	0	9	False
chr5	173614659	173618659	BOD1	1	Housekeeping	4.0	2	6	0	8	False
chr5	176386751	176390751	HIGD2A	4	Housekeeping	4.0	3	8	0	12	False
chr5	176445628	176449628	FAF2	5	Housekeeping	4.0	1	7	0	8	False
chr5	176536025	176540025	RNF44	1	Housekeeping	4.0	1	8	0	9	False
chr5	177349840	177353840	LMAN2	3	Housekeeping	4.0	1	8	0	10	False
chr5	177590203	177594203	TMED9	2	Housekeeping	4.0	1	5	0	6	False
chr5	177598132	177602132	B4GALT7	3	Housekeeping	4.0	1	10	0	11	False
chr5	178202533	178206533	HNRNPAB	4	Housekeeping	4.0	1	7	0	9	False
chr5	179730822	179734822	MAML1	2	Housekeeping	4.0	1	12	0	13	False
chr5	181246096	181250096	RACK1	4	Housekeeping	4.0	3	9	0	12	False
chr6	289630	293630	DUSP22	1	Housekeeping	4.0	2	10	0	12	False
chr6	2763393	2767393	WRNIP1	2	Housekeeping	4.0	2	11	0	13	False
chr6	10720915	10724915	TMEM14C	2	Housekeeping	4.0	1	11	0	12	False
chr6	10745759	10749759	TMEM14B	1	Housekeeping	4.0	2	8	0	10	False
chr6	13613335	13617335	NOL7	1	Housekeeping	4.0	2	10	0	12	False
chr6	13709835	13713835	RANBP9	1	Housekeeping	4.0	1	9	0	11	False
chr6	17598302	17602302	FAM8A1	3	Housekeeping	4.0	3	5	0	8	False
chr6	17704925	17708925	NUP153	3	Housekeeping	4.0	2	7	0	9	False
chr6	18262548	18266548	DEK	1	Housekeeping	4.0	2	8	0	10	False
chr6	24718825	24722825	C6orf62	2	Housekeeping	4.0	4	7	0	11	False
chr6	26536366	26540366	HMGN4	2	Housekeeping	4.0	1	10	0	11	False
chr6	30064709	30068709	PPP1R11	0	Housekeeping	4.0	3	3	0	7	True
chr6	30487509	30491509	HLA-E	4	Housekeeping	4.0	1	9	0	10	False
chr6	30616612	30620612	PPP1R10	3	Housekeeping	4.0	3	4	0	9	False
chr6	31270130	31274130	HLA-C	0	Housekeeping	4.0	1	10	0	11	True
chr6	31650705	31654705	BAG6	4	Housekeeping	4.0	2	7	0	9	False
chr6	31658778	31662778	C6orf47	1	Housekeeping	4.0	1	7	0	9	False
chr6	31804966	31808966	LSM2	9	Housekeeping	4.0	1	5	0	8	False
chr6	32126253	32130253	ATF6B	1	Housekeeping	4.0	2	7	0	9	False
chr6	32176096	32180096	AGPAT1	0	Housekeeping	4.0	9	4	0	13	True
chr6	32188202	32192202	PBX2	0	Housekeeping	4.0	1	12	0	13	True
chr6	33198305	33202305	SLC39A7	1	Housekeeping	4.0	2	9	0	11	False
chr6	33198665	33202665	RXRB	1	Housekeeping	4.0	2	8	0	10	False
chr6	33206500	33210500	RING1	1	Housekeeping	4.0	2	11	0	13	False
chr6	33270047	33274047	VPS52	4	Housekeeping	4.0	1	9	0	10	False
chr6	33270075	33274075	RPS18	4	Housekeeping	4.0	1	9	0	10	False
chr6	33287247	33291247	WDR46	0	Housekeeping	4.0	6	4	0	11	True
chr6	33312284	33316284	TAPBP	0	Housekeeping	4.0	1	11	0	12	True
chr6	33408399	33412399	PHF1	3	Housekeeping	4.0	2	8	0	10	False
chr6	33416317	33420317	CUTA	0	Housekeeping	4.0	4	7	0	11	True
chr6	33787130	33791130	LEMD2	0	Housekeeping	4.0	1	11	0	12	True
chr6	34424069	34428069	RPS10	7	Housekeeping	4.0	3	6	0	10	False
chr6	34424071	34428071	RPS10-NUDT3	7	Housekeeping	4.0	3	6	0	10	False
chr6	34755505	34759505	SNRPC	7	Housekeeping	4.0	1	9	0	10	False
chr6	34887192	34891192	TAF11	2	Housekeeping	4.0	3	10	0	13	False
chr6	34887255	34891255	ANKS1A	2	Housekeeping	4.0	3	10	0	13	False
chr6	35466401	35470401	RPL10A	2	Housekeeping	4.0	1	10	0	11	False
chr6	36440767	36444767	KCTD20	1	Housekeeping	4.0	2	10	0	12	False
chr6	36545479	36549479	STK38	3	Housekeeping	4.0	1	9	0	11	False
chr6	36592353	36596353	SRSF3	4	Housekeeping	4.0	2	8	0	10	False
chr6	36869870	36873870	C6orf89	2	Housekeeping	4.0	1	5	0	6	False
chr6	36984298	36988298	MTCH1	0	Housekeeping	4.0	4	7	0	11	True
chr6	37255772	37259772	TBC1D22B	1	Housekeeping	4.0	2	4	0	6	False
chr6	37431219	37435219	CMTR1	2	Housekeeping	4.0	1	5	0	6	False
chr6	37817727	37821727	ZFAND3	1	Housekeeping	4.0	4	6	0	10	False
chr6	41785662	41789662	TOMM6	3	Housekeeping	4.0	1	11	0	12	False
chr6	42215861	42219861	MRPS10	6	Housekeeping	4.0	1	4	0	6	False
chr6	42877616	42881616	RPL7L1	7	Housekeeping	4.0	2	10	0	12	False
chr6	43014868	43018868	MEA1	2	Housekeeping	4.0	2	6	0	8	False
chr6	43019623	43023623	RRP36	7	Housekeeping	4.0	1	9	0	10	False
chr6	43227481	43231481	DNPH1	6	Housekeeping	4.0	1	7	0	10	False
chr6	43514985	43518985	YIPF3	2	Housekeeping	4.0	2	7	0	11	False
chr6	43627540	43631540	MAD2L1BP	4	Housekeeping	4.0	2	12	0	14	False
chr6	43685791	43689791	MRPS18A	2	Housekeeping	4.0	1	4	0	5	False
chr6	44125452	44129452	MRPL14	2	Housekeeping	4.0	2	8	0	10	False
chr6	44244166	44248166	HSP90AB1	2	Housekeeping	4.0	3	6	0	11	False
chr6	44385706	44389706	CDC5L	0	Housekeeping	4.0	1	7	0	8	True
chr6	52282881	52286881	MCM3	0	Housekeeping	4.0	2	6	0	8	True
chr6	70665776	70669776	SMAP1	1	Housekeeping	4.0	2	8	0	10	False
chr6	73523587	73527587	EEF1A1	5	Housekeeping	4.0	1	4	0	5	False
chr6	75282948	75286948	TMEM30A	1	Housekeeping	4.0	3	8	0	11	False
chr6	79232689	79236689	HMGN3	0	Housekeeping	4.0	2	6	0	8	True
chr6	87700233	87704233	AKIRIN2	2	Housekeeping	4.0	1	10	0	11	False
chr6	89350722	89354722	UBE2J1	3	Housekeeping	4.0	1	10	0	11	False
chr6	96519595	96523595	UFL1	0	Housekeeping	4.0	2	10	0	12	True
chr6	99423331	99427331	PNISR	1	Housekeeping	4.0	3	7	0	11	False
chr6	105452062	105456062	PREP	1	Housekeeping	4.0	1	5	0	6	False
chr6	108259246	108263246	SNX3	5	Housekeeping	4.0	2	6	0	8	False
chr6	110956706	110960706	GTF3C6	6	Housekeeping	4.0	1	8	0	9	False
chr6	116277930	116281930	TSPYL1	1	Housekeeping	4.0	2	10	0	12	False
chr6	122469807	122473807	SERINC1	3	Housekeeping	4.0	1	6	0	7	False
chr6	125300078	125304078	HDDC2	1	Housekeeping	4.0	2	9	0	12	False
chr6	125954770	125958770	HINT3	0	Housekeeping	4.0	1	6	0	7	True
chr6	132812569	132816569	RPS12	2	Housekeeping	4.0	5	9	0	14	False
chr6	143841338	143845338	LTV1	2	Housekeeping	4.0	1	6	0	7	False
chr6	144093573	144097573	SF3B5	3	Housekeeping	4.0	2	5	0	9	False
chr6	149544043	149548043	PPIL4	4	Housekeeping	4.0	1	9	0	11	False
chr6	149564294	149568294	GINM1	4	Housekeeping	4.0	1	8	0	9	False
chr6	149747444	149751444	PCMT1	4	Housekeeping	4.0	1	5	0	7	False
chr6	157698387	157702387	SNX9	1	Housekeeping	4.0	0	3	0	3	False
chr6	158642743	158646743	DYNLT1	2	Housekeeping	4.0	1	10	0	11	False
chr6	159723585	159727585	WTAP	4	Housekeeping	4.0	2	5	0	10	False
chr6	159787812	159791812	MRPL18	2	Housekeeping	4.0	2	8	0	10	False
chr6	166340576	166344576	SFT2D1	3	Housekeeping	4.0	1	8	0	9	False
chr6	169700126	169704126	C6orf120	0	Housekeeping	4.0	4	7	0	11	True
chr6	169723566	169727566	PHF10	1	Housekeeping	4.0	4	4	0	8	False
chr7	1528702	1532702	MAFK	4	Housekeeping	4.0	1	10	0	11	False
chr7	1569005	1573005	PSMG3	5	Housekeeping	4.0	2	9	0	11	False
chr7	2352086	2356086	EIF3B	6	Housekeeping	4.0	1	10	0	11	False
chr7	5779696	5783696	RNF216	8	Housekeeping	4.0	1	5	0	6	False
chr7	5896725	5900725	CCZ1	7	Housekeeping	4.0	1	2	0	3	False
chr7	6346981	6350981	FAM220A	10	Housekeeping	4.0	2	10	0	12	False
chr7	6482190	6486190	KDELR2	9	Housekeeping	4.0	1	9	0	10	False
chr7	10938153	10942153	NDUFA4	0	Housekeeping	4.0	3	8	0	11	True
chr7	22820849	22824849	TOMM7	4	Housekeeping	4.0	2	6	0	9	False
chr7	23530041	23534041	TRA2A	5	Housekeeping	4.0	1	9	0	10	False
chr7	25123260	25127260	CYCS	1	Housekeeping	4.0	1	8	0	9	False
chr7	26199162	26203162	CBX3	0	Housekeeping	4.0	4	9	0	13	True
chr7	27737331	27741331	TAX1BP1	3	Housekeeping	4.0	3	5	0	9	False
chr7	32892131	32896131	KBTBD2	4	Housekeeping	4.0	0	7	0	7	False
chr7	33107405	33111405	RP9	3	Housekeeping	4.0	2	5	0	7	False
chr7	35695459	35699459	HERPUD2	2	Housekeeping	4.0	0	7	0	7	False
chr7	42930185	42934185	PSMA2	3	Housekeeping	4.0	2	6	0	9	False
chr7	42930376	42934376	MRPL32	3	Housekeeping	4.0	2	7	0	10	False
chr7	43867893	43871893	MRPS24	0	Housekeeping	4.0	1	7	0	9	True
chr7	43904589	43908589	URGCP-MRPS24	2	Housekeeping	4.0	1	9	0	11	False
chr7	44122358	44126358	POLD2	4	Housekeeping	4.0	2	8	0	10	False
chr7	44198959	44202959	YKT6	0	Housekeeping	4.0	1	2	0	3	True
chr7	44580287	44584287	TMED4	6	Housekeeping	4.0	1	6	0	7	False
chr7	44794680	44798680	PPIA	4	Housekeeping	4.0	4	8	0	12	False
chr7	44883530	44887530	PURB	2	Housekeeping	4.0	3	7	0	10	False
chr7	55949877	55953877	MRPS17	7	Housekeeping	4.0	1	5	0	7	False
chr7	56049685	56053685	CCT6A	6	Housekeeping	4.0	1	7	0	10	False
chr7	56104479	56108479	CHCHD2	4	Housekeeping	4.0	2	8	0	10	False
chr7	66919225	66923225	TMEM248	6	Housekeeping	4.0	2	9	0	12	False
chr7	75840602	75844602	RHBDD2	7	Housekeeping	4.0	0	5	0	6	False
chr7	77535295	77539295	PTPN12	3	Housekeeping	4.0	4	11	0	15	False
chr7	77796434	77800434	TMEM60	0	Housekeeping	4.0	2	9	0	11	True
chr7	92445482	92449482	GATAD1	1	Housekeeping	4.0	2	6	0	8	False
chr7	96707880	96711880	SEM1	1	Housekeeping	4.0	2	6	0	8	False
chr7	98250232	98254232	TECPR1	3	Housekeeping	4.0	1	7	0	8	False
chr7	98250379	98254379	BRI3	4	Housekeeping	4.0	1	6	0	7	False
chr7	99323898	99327898	ARPC1A	5	Housekeeping	4.0	2	6	0	8	False
chr7	99406597	99410597	PDAP1	1	Housekeeping	4.0	2	8	0	10	False
chr7	99406641	99410641	BUD31	1	Housekeeping	4.0	2	8	0	10	False
chr7	99464186	99468186	ATP5MF	9	Housekeeping	4.0	1	6	0	8	False
chr7	99464197	99468197	ATP5MF-PTCD1	9	Housekeeping	4.0	1	6	0	8	False
chr7	100013572	100017572	ZKSCAN1	4	Housekeeping	4.0	1	6	0	7	False
chr7	100086969	100090969	COPS6	4	Housekeeping	4.0	1	8	0	9	False
chr7	100146912	100150912	LAMTOR4	7	Housekeeping	4.0	2	3	0	7	False
chr7	100426322	100430322	MEPCE	3	Housekeeping	4.0	4	3	0	8	False
chr7	100477232	100481232	TSC22D4	7	Housekeeping	4.0	1	7	0	9	False
chr7	100584129	100588129	LRCH4	3	Housekeeping	4.0	2	7	0	9	False
chr7	100704121	100708121	POP7	6	Housekeeping	4.0	2	6	0	9	False
chr7	101216165	101220165	ZNHIT1	4	Housekeeping	4.0	2	8	0	10	False
chr7	101216420	101220420	PLOD3	4	Housekeeping	4.0	2	8	0	10	False
chr7	101250316	101254316	FIS1	7	Housekeeping	4.0	1	5	0	7	False
chr7	102476922	102480922	POLR2J	5	Housekeeping	4.0	1	1	1	2	False
chr7	106110589	106114589	SYPL1	2	Housekeeping	4.0	2	8	0	10	False
chr7	108567867	108571867	DNAJB9	1	Housekeeping	4.0	3	7	0	10	False
chr7	112420887	112424887	IFRD1	1	Housekeeping	4.0	1	7	0	8	False
chr7	123747003	123751003	WASL	0	Housekeeping	4.0	1	12	0	13	True
chr7	127586386	127590386	ARF5	1	Housekeeping	4.0	1	9	0	10	False
chr7	128860856	128864856	ATP6V1F	5	Housekeeping	4.0	2	8	0	10	False
chr7	130068534	130072534	KLHDC10	3	Housekeeping	4.0	1	10	0	11	False
chr7	134644811	134648811	BPGM	3	Housekeeping	4.0	1	11	0	12	False
chr7	135975359	135979359	MTPN	1	Housekeeping	4.0	1	8	0	11	False
chr7	140477536	140481536	MKRN1	5	Housekeeping	4.0	3	7	0	11	False
chr7	140688777	140692777	NDUFB2	4	Housekeeping	4.0	0	1	1	1	False
chr7	141736334	141740334	SSBP1	1	Housekeeping	4.0	4	2	0	9	False
chr7	143242093	143246093	GSTK1	1	Housekeeping	4.0	0	8	0	8	False
chr7	143379295	143383295	ZYX	0	Housekeeping	4.0	3	8	0	11	True
chr7	143900198	143904198	TCAF1	1	Housekeeping	4.0	1	8	0	10	False
chr7	148695914	148699914	CUL1	0	Housekeeping	4.0	5	6	0	12	True
chr7	149459062	149463062	ZNF777	1	Housekeeping	4.0	2	10	0	12	False
chr7	151083831	151087831	AGAP3	1	Housekeeping	4.0	3	8	0	11	False
chr7	151225166	151229166	ABCF2-H2BK1	2	Housekeeping	4.0	2	5	0	8	False
chr7	151225205	151229205	ABCF2	2	Housekeeping	4.0	2	5	0	8	False
chr7	151518120	151522120	RHEB	2	Housekeeping	4.0	2	7	0	9	False
chr7	152023674	152027674	GALNT11	1	Housekeeping	4.0	2	8	0	10	False
chr7	157333381	157337381	DNAJB6	7	Housekeeping	4.0	1	6	0	7	False
chr7	158828253	158832253	ESYT2	1	Housekeeping	4.0	1	10	0	12	False
chr8	9553912	9557912	TNKS	1	Housekeeping	4.0	2	6	0	8	False
chr8	11867533	11871533	CTSB	5	Housekeeping	4.0	6	3	0	9	False
chr8	17244878	17248878	CNOT7	1	Housekeeping	4.0	2	6	0	8	False
chr8	19815391	19819391	INTS10	2	Housekeeping	4.0	1	7	0	8	False
chr8	22602757	22606757	CCAR2	0	Housekeeping	4.0	2	10	0	12	True
chr8	23268120	23272120	R3HCC1	5	Housekeeping	4.0	0	4	0	4	False
chr8	23455695	23459695	ENTPD4	1	Housekeeping	4.0	2	5	0	7	False
chr8	25456476	25460476	KCTD9	0	Housekeeping	4.0	2	9	0	11	True
chr8	26381054	26385054	BNIP3L	2	Housekeeping	4.0	5	5	0	10	False
chr8	28400701	28404701	ZNF395	2	Housekeeping	4.0	0	11	0	11	False
chr8	30081208	30085208	SARAF	2	Housekeeping	4.0	2	7	0	9	False
chr8	30154319	30158319	DCTN6	3	Housekeeping	4.0	1	9	0	10	False
chr8	30812314	30816314	PPP2CB	3	Housekeeping	4.0	2	6	0	9	False
chr8	37847861	37851861	BRF2	5	Housekeeping	4.0	2	5	0	8	False
chr8	38174730	38178730	LSM1	3	Housekeeping	4.0	2	10	0	13	False
chr8	41575187	41579187	GPAT4	3	Housekeeping	4.0	2	6	0	8	False
chr8	42389624	42393624	VDAC3	3	Housekeeping	4.0	2	7	0	9	False
chr8	42539155	42543155	SMIM19	2	Housekeeping	4.0	4	8	0	13	False
chr8	54133241	54137241	MRPL15	3	Housekeeping	4.0	1	6	0	7	False
chr8	58550924	58554924	SDCBP	0	Housekeeping	4.0	1	7	0	8	True
chr8	65632217	65636217	ARMC1	7	Housekeeping	4.0	1	6	0	7	False
chr8	67081783	67085783	COPS5	4	Housekeeping	4.0	0	1	0	1	False
chr8	70606416	70610416	TRAM1	1	Housekeeping	4.0	3	9	0	12	False
chr8	73293789	73297789	RPL7	0	Housekeeping	4.0	5	6	0	11	True
chr8	80028289	80032289	MRPS28	3	Housekeeping	4.0	2	9	0	11	False
chr8	86512357	86516357	RMDN1	3	Housekeeping	4.0	1	6	0	7	False
chr8	96233546	96237546	UQCRB	2	Housekeeping	4.0	2	8	0	10	False
chr8	97642184	97646184	MTDH	3	Housekeeping	4.0	4	10	0	14	False
chr8	98044469	98048469	RPL30	4	Housekeeping	4.0	2	6	0	8	False
chr8	100148623	100152623	POLR2K	2	Housekeeping	4.0	1	4	0	5	False
chr8	100334218	100338218	RNF19A	1	Housekeeping	4.0	1	7	0	8	False
chr8	100720809	100724809	PABPC1	2	Housekeeping	4.0	5	7	0	12	False
chr8	100951388	100955388	YWHAZ	1	Housekeeping	4.0	4	4	0	9	False
chr8	101204193	101208193	ZNF706	1	Housekeeping	4.0	7	6	0	13	False
chr8	102891864	102895864	AZIN1	4	Housekeeping	4.0	0	6	0	6	False
chr8	108441496	108445496	EIF3E	0	Housekeeping	4.0	1	9	0	10	True
chr8	108441601	108445601	EMC2	0	Housekeeping	4.0	1	9	0	10	True
chr8	109537711	109541711	EBAG9	1	Housekeeping	4.0	4	7	0	11	False
chr8	116764925	116768925	EIF3H	2	Housekeeping	4.0	1	7	0	8	False
chr8	123040302	123044302	DERL1	2	Housekeeping	4.0	2	7	0	10	False
chr8	124472866	124476866	RNF139	0	Housekeeping	4.0	3	11	0	14	True
chr8	124537101	124541101	NDUFB9	1	Housekeeping	4.0	1	9	0	10	False
chr8	143015982	143019982	LY6E	0	Housekeeping	4.0	2	10	0	12	True
chr8	143539447	143543447	ZC3H3	4	Housekeeping	4.0	2	6	0	8	False
chr8	143597541	143601541	EEF1D	0	Housekeeping	4.0	1	10	0	11	True
chr8	143988056	143992056	GRINA	2	Housekeeping	4.0	1	10	0	11	False
chr8	144076648	144080648	EXOSC4	2	Housekeeping	4.0	5	6	0	12	False
chr8	144093039	144097039	CYC1	4	Housekeeping	4.0	1	9	0	10	False
chr8	144102420	144106420	MAF1	1	Housekeeping	4.0	4	7	0	11	False
chr8	144106124	144110124	SHARPIN	0	Housekeeping	4.0	1	11	0	12	True
chr8	144289591	144293591	HSF1	3	Housekeeping	4.0	1	9	0	10	False
chr8	144426563	144430563	VPS28	2	Housekeeping	4.0	2	9	0	11	False
chr8	144515992	144519992	LRRC14	0	Housekeeping	4.0	1	11	0	12	True
chr8	144754417	144758417	ZNF251	3	Housekeeping	4.0	1	9	0	10	False
chr8	144790587	144794587	RPL8	1	Housekeeping	4.0	3	7	0	10	False
chr9	4677559	4681559	CDC37L1	1	Housekeeping	4.0	1	9	0	10	False
chr9	4740043	4744043	AK3	3	Housekeeping	4.0	3	8	0	11	False
chr9	7886380	7890380	DMAC1	1	Housekeeping	4.0	0	0	0	0	False
chr9	19047427	19051427	RRAGA	2	Housekeeping	4.0	1	9	0	10	False
chr9	19378236	19382236	RPS6	3	Housekeeping	4.0	1	9	0	10	False
chr9	32571184	32575184	NDUFB6	0	Housekeeping	4.0	1	4	1	6	True
chr9	33023273	33027273	DNAJA1	3	Housekeeping	4.0	2	9	0	11	False
chr9	33074674	33078674	SMU1	7	Housekeeping	4.0	1	4	0	6	False
chr9	33262720	33266720	BAG1	1	Housekeeping	4.0	2	10	0	12	False
chr9	33262879	33266879	CHMP5	1	Housekeeping	4.0	2	10	0	12	False
chr9	33288512	33292512	NFX1	2	Housekeeping	4.0	1	9	0	10	False
chr9	33815160	33819160	UBE2R2	2	Housekeeping	4.0	1	13	0	14	False
chr9	34125399	34129399	DCAF12	5	Housekeeping	4.0	1	8	0	9	False
chr9	34618523	34622523	DCTN3	0	Housekeeping	4.0	1	3	0	5	True
chr9	35101195	35105195	STOML2	0	Housekeeping	4.0	2	5	0	7	True
chr9	35730598	35734598	CREB3	2	Housekeeping	4.0	1	8	0	9	False
chr9	35747287	35751287	RGP1	0	Housekeeping	4.0	1	10	0	12	True
chr9	35813354	35817354	HINT2	1	Housekeeping	4.0	3	6	0	10	False
chr9	36188856	36192856	CLTA	0	Housekeeping	4.0	2	7	0	9	True
chr9	37420666	37424666	GRHPR	4	Housekeeping	4.0	1	7	0	8	False
chr9	37483948	37487948	POLR1E	2	Housekeeping	4.0	1	7	0	8	False
chr9	37590604	37594604	TOMM5	5	Housekeeping	4.0	1	8	0	9	False
chr9	83705958	83709958	UBQLN1	0	Housekeeping	4.0	4	7	0	11	True
chr9	93132251	93136251	NINJ1	1	Housekeeping	4.0	2	8	0	10	False
chr9	94372569	94376569	MFSD14B	4	Housekeeping	4.0	1	4	0	5	False
chr9	96448169	96452169	HABP4	1	Housekeeping	4.0	1	9	0	10	False
chr9	97631668	97635668	NCBP1	3	Housekeeping	4.0	1	9	0	10	False
chr9	97981341	97985341	ANP32B	0	Housekeeping	4.0	1	12	0	13	True
chr9	99220064	99224064	SEC61B	2	Housekeeping	4.0	3	8	0	12	False
chr9	100097052	100101052	ERP44	0	Housekeeping	4.0	3	6	0	9	True
chr9	101531853	101535853	RNF20	2	Housekeeping	4.0	2	3	0	5	False
chr9	107281137	107285137	RAD23B	1	Housekeeping	4.0	2	7	0	9	False
chr9	109117947	109121947	TMEM245	1	Housekeeping	4.0	1	9	0	10	False
chr9	111629386	111633386	DNAJC25-GNG10	1	Housekeeping	4.0	1	9	0	10	False
chr9	111659605	111663605	GNG10	1	Housekeeping	4.0	1	9	0	10	False
chr9	113273572	113277572	CDC26	3	Housekeeping	4.0	1	6	0	7	False
chr9	113408675	113412675	POLE3	3	Housekeeping	4.0	2	7	0	9	False
chr9	114585706	114589706	ATP6V1G1	2	Housekeeping	4.0	1	8	0	9	False
chr9	120791416	120795416	FBXW2	2	Housekeeping	4.0	2	8	0	11	False
chr9	120840951	120844951	PSMD5	3	Housekeeping	4.0	3	6	0	9	False
chr9	121221014	121225014	RAB14	3	Housekeeping	4.0	0	4	1	4	False
chr9	122903359	122907359	RC3H2	2	Housekeeping	4.0	2	7	0	9	False
chr9	122938833	122942833	RABGAP1	3	Housekeeping	4.0	2	6	0	8	False
chr9	124413444	124417444	PSMB7	2	Housekeeping	4.0	1	6	0	7	False
chr9	124859981	124863981	RPL35	4	Housekeeping	4.0	1	10	0	11	False
chr9	125187939	125191939	PPP6C	7	Housekeeping	4.0	1	8	0	10	False
chr9	128126462	128130462	PTGES2	2	Housekeeping	4.0	4	6	0	11	False
chr9	128369361	128373361	URM1	4	Housekeeping	4.0	1	12	0	13	False
chr9	128770414	128774414	ZER1	8	Housekeeping	4.0	1	5	0	7	False
chr9	129606884	129610884	NTMT1	1	Housekeeping	4.0	2	11	0	13	False
chr9	129801157	129805157	TOR1B	6	Housekeeping	4.0	1	5	0	7	False
chr9	129833863	129837863	C9orf78	0	Housekeeping	4.0	1	6	0	7	True
chr9	130576965	130580965	FUBP3	2	Housekeeping	4.0	1	5	0	7	False
chr9	133346218	133350218	RPL7A	1	Housekeeping	4.0	5	8	0	13	False
chr9	133354550	133358550	SURF2	1	Housekeeping	4.0	1	9	0	10	False
chr9	133374166	133378166	SURF4	2	Housekeeping	4.0	1	10	0	11	False
chr9	133416096	133420096	REXO4	6	Housekeeping	4.0	2	7	0	9	False
chr9	134066535	134070535	BRD3	1	Housekeeping	4.0	2	10	0	12	False
chr9	135959373	135963373	UBAC1	2	Housekeeping	4.0	1	10	0	11	False
chr9	136361744	136365744	DNLZ	0	Housekeeping	4.0	1	8	0	9	True
chr9	136805943	136809943	RABL6	2	Housekeeping	4.0	3	10	0	13	False
chr9	136864308	136868308	EDF1	6	Housekeeping	4.0	1	7	0	8	False
chr9	136942738	136946738	FBXW5	0	Housekeeping	4.0	2	9	0	11	True
chr9	137116309	137120309	DPP7	5	Housekeeping	4.0	0	7	0	7	False
chr9	137186560	137190560	ANAPC2	0	Housekeeping	4.0	1	9	0	10	True
chr9	137186660	137190660	SSNA1	0	Housekeeping	4.0	1	9	0	10	True
chr9	137203648	137207648	TMEM203	1	Housekeeping	4.0	1	6	0	7	False
chr9	137253327	137257327	NELFB	0	Housekeeping	4.0	2	9	0	11	True
chr9	137549879	137553879	MRPL41	3	Housekeeping	4.0	2	8	0	11	False
chr9	137588512	137592512	ZMYND19	3	Housekeeping	4.0	1	10	0	11	False
chrX	1390113	1394113	SLC25A6	8	Housekeeping	4.0	1	8	0	9	False
chrX	2689187	2693187	CD99	2	Housekeeping	4.0	2	7	0	9	False
chrX	12973110	12977110	TMSB4X	0	Housekeeping	4.0	3	10	0	13	True
chrX	13687128	13691128	RAB9A	0	Housekeeping	4.0	2	6	0	8	True
chrX	20139838	20143838	EIF1AX	2	Housekeeping	4.0	2	8	0	10	False
chrX	37845571	37849571	DYNLT3	2	Housekeeping	4.0	2	6	0	8	False
chrX	47188861	47192861	UBA1	5	Housekeeping	4.0	1	7	0	8	False
chrX	47230866	47234866	USP11	1	Housekeeping	4.0	1	8	0	11	False
chrX	47559205	47563205	ARAF	3	Housekeeping	4.0	1	9	0	10	False
chrX	47648604	47652604	ELK1	0	Housekeeping	4.0	2	6	0	8	True
chrX	48588042	48592042	WDR13	6	Housekeeping	4.0	0	6	0	7	False
chrX	48896143	48900143	TIMM17B	6	Housekeeping	4.0	2	5	0	7	False
chrX	49121735	49125735	GPKOW	6	Housekeeping	4.0	1	4	0	6	False
chrX	54438404	54442404	TSR2	5	Housekeeping	4.0	2	2	0	4	False
chrX	54805599	54809599	MAGED2	0	Housekeeping	4.0	3	4	0	7	True
chrX	65586377	65590377	MSN	2	Housekeeping	4.0	0	8	0	8	False
chrX	68496562	68500562	YIPF6	4	Housekeeping	4.0	1	7	0	8	False
chrX	70288514	70292514	PDZD11	1	Housekeeping	4.0	3	4	0	7	False
chrX	71071426	71075426	SNX12	1	Housekeeping	4.0	0	1	0	1	False
chrX	72179353	72183353	PIN4	1	Housekeeping	4.0	2	3	0	5	False
chrX	72275248	72279248	RPS4X	2	Housekeeping	4.0	1	8	0	9	False
chrX	76171040	76175040	PBDC1	2	Housekeeping	4.0	1	5	0	6	False
chrX	78137650	78141650	TAF9B	3	Housekeeping	4.0	1	5	0	6	False
chrX	81200102	81204102	SH3BGRL	0	Housekeeping	4.0	1	8	0	9	True
chrX	101388824	101392824	RPL36A	0	Housekeeping	4.0	3	5	0	8	True
chrX	101389011	101393011	RPL36A-HNRNPH2	1	Housekeeping	4.0	3	4	0	7	False
chrX	101620797	101624797	ARMCX3	0	Housekeeping	4.0	3	5	0	8	True
chrX	103574231	103578231	TCEAL4	2	Housekeeping	4.0	0	2	0	2	False
chrX	103686158	103690158	MORF4L2	1	Housekeeping	4.0	5	4	0	9	False
chrX	108089549	108093549	PSMD10	1	Housekeeping	4.0	1	7	0	8	False
chrX	119234245	119238245	PGRMC1	1	Housekeeping	4.0	1	6	0	7	False
chrX	119466422	119470422	SLC25A5	0	Housekeeping	4.0	1	9	0	10	True
chrX	119789630	119793630	RPL39	2	Housekeeping	4.0	2	6	0	8	False
chrX	120592010	120596010	MCTS1	4	Housekeeping	4.0	0	0	1	0	False
chrX	130399987	130403987	RBMX2	3	Housekeeping	4.0	1	3	0	4	False
chrX	135030355	135034355	RTL8C	1	Housekeeping	4.0	1	5	0	7	False
chrX	135050196	135054196	RTL8A	2	Housekeeping	4.0	1	6	0	7	False
chrX	136495079	136499079	HTATSF1	0	Housekeeping	4.0	1	7	0	8	True
chrX	153792512	153796512	IDH3G	0	Housekeeping	4.0	3	6	0	9	True
chrX	154484615	154488615	UBL4A	0	Housekeeping	4.0	1	10	0	11	True
chrX	155195007	155199007	VBP1	1	Housekeeping	4.0	0	1	0	1	False
chrY	1390113	1394113	SLC25A6	8	Housekeeping	4.0	0	0	0	0	False
chrY	2689187	2693187	CD99	2	Housekeeping	4.0	0	0	0	0	False
