MT-ND1	ND1	ortholog_one2one
MT-ND2	ND2	ortholog_one2one
MT-CO1	COX1	ortholog_one2one
MT-CO2	COX2	ortholog_one2one
MT-ATP8	ATP8	ortholog_one2one
MT-ATP6	ATP6	ortholog_one2one
MT-CO3	COX3	ortholog_one2one
MT-ND3	ND3	ortholog_one2one
MT-ND4L	ND4L	ortholog_one2one
MT-ND4	ND4	ortholog_one2one
MT-ND5	ND5	ortholog_one2one
MT-ND6	ND6	ortholog_one2one
MT-CYB	CYTB	ortholog_one2one
5S_rRNA	5S_rRNA	ortholog_many2many
RNA5-8SN5	5_8S_rRNA	ortholog_one2many
		ortholog_one2many
5_8S_rRNA	5_8S_rRNA	ortholog_one2many
MAFIP		ortholog_one2many
Y_RNA	Y_RNA	ortholog_many2many
	DGCR6L	ortholog_one2many
U1	U1	ortholog_one2many
U2	U2	ortholog_one2many
		ortholog_many2many
RNA5-8SN4	5_8S_rRNA	ortholog_one2many
	SNORA20	ortholog_many2many
RN7SL702P	Metazoa_SRP	ortholog_one2many
RNU6-109P	U6	ortholog_one2many
RNU6-184P	U6	ortholog_one2many
RNU1-41P	U1	ortholog_one2many
RNU6-255P	U6	ortholog_one2many
RNU1-128P	U1	ortholog_one2many
RNU1-95P	U1	ortholog_one2many
RNU1-48P	U1	ortholog_one2many
RNU6-941P	U6	ortholog_one2many
RNU6-1334P	U6	ortholog_one2one
SNORA70	SNORA70	ortholog_one2many
RNU1-40P	U1	ortholog_one2many
RNU6-1314P	U6	ortholog_one2many
RNU1-97P	U1	ortholog_one2many
RNU2-57P	U2	ortholog_one2many
RNU1-86P	U1	ortholog_one2many
RNU1-107P	U1	ortholog_one2many
NLGN4Y		ortholog_one2many
DAZ1	DAZL	ortholog_one2many
DAZ4	DAZL	ortholog_one2many
DDX3Y		ortholog_one2one
TBL1Y		ortholog_one2many
DAZ3	DAZL	ortholog_one2many
DAZ2	DAZL	ortholog_one2many
PCDH11Y		ortholog_one2many
TMSB4Y		ortholog_one2one
POU4F1	POU4F1	ortholog_one2one
SOX1	SOX1	ortholog_one2one
NALF1	NALF1	ortholog_one2one
Metazoa_SRP	Metazoa_SRP	ortholog_many2many
RNU5A-4P	U5	ortholog_one2many
SNORD116	SNORD116	ortholog_one2one
RNY3P9	Y_RNA	ortholog_many2many
RN7SKP6	7SK	ortholog_one2one
RNU7-88P	U7	ortholog_one2one
RNY3P5	Y_RNA	ortholog_one2one
RN7SL761P	Metazoa_SRP	ortholog_one2one
	SNORA68	ortholog_one2one
RNU4-10P	U4	ortholog_one2many
RNU6-66P	U6	ortholog_one2one
RNU6-54P	U6	ortholog_one2many
RNY3P7	Y_RNA	ortholog_one2one
RNU6-67P	U6	ortholog_one2one
	SNORD38	ortholog_one2many
	SNORA25	ortholog_one2one
RNY3P4	Y_RNA	ortholog_one2one
RNU6-58P	U6	ortholog_one2many
MIR15A	MIR15A	ortholog_one2one
RN7SL288P	Metazoa_SRP	ortholog_one2one
RNU2-6P	U2	ortholog_one2many
LRTM3	CCDC168	ortholog_one2one
RN7SKP9	7SK	ortholog_one2one
SNORA31B	SNORA31	ortholog_one2many
SNORA31	SNORA31	ortholog_one2one
RNY4P28	Y_RNA	ortholog_one2one
RNU6-71P	U6	ortholog_one2many
SLITRK1	SLITRK1	ortholog_one2one
KBTBD7	KBTBD7	ortholog_one2one
RNU2-7P	U2	ortholog_one2one
RNY1P3	Y_RNA	ortholog_one2one
Metazoa_SRP	Metazoa_SRP	ortholog_one2one
KCTD12	KCTD12	ortholog_one2one
SLC10A2	SLC10A2	ortholog_one2one
RNY4P24	Y_RNA	ortholog_one2one
HNRNPA1L2		ortholog_one2many
ZIC5	ZIC5	ortholog_one2one
GSX1	GSX1	ortholog_one2one
RNU6-73P	U6	ortholog_many2many
RNU6-59P	U6	ortholog_one2one
RNU1-16P	U1	ortholog_one2one
RN7SL166P	Metazoa_SRP	ortholog_one2many
Y_RNA	Y_RNA	ortholog_one2many
	SNORA16	ortholog_one2one
RNY1P7	Y_RNA	ortholog_one2many
ATP4B	ATP4B	ortholog_one2one
RN7SL810P	Metazoa_SRP	ortholog_one2one
MIR759	MIR759	ortholog_one2one
RNU1-24P	U1	ortholog_one2one
RN7SL49P	Metazoa_SRP	ortholog_one2many
RN7SKP3	7SK	ortholog_one2many
KCTD4	KCTD4	ortholog_one2one
PABPC3	PABPC3	ortholog_one2one
AMER2	AMER2	ortholog_one2one
ACOD1	ACOD1	ortholog_one2one
RNU6-75P	U6	ortholog_one2one
GPC6	GPC6	ortholog_one2one
TMPRSS15	TMPRSS15	ortholog_one2one
SOX21	SOX21	ortholog_one2one
RNY4P27	Y_RNA	ortholog_one2one
RN7SL164P	Metazoa_SRP	ortholog_one2one
RNA5-8SN3	5_8S_rRNA	ortholog_one2many
RNA5-8SN1	5_8S_rRNA	ortholog_one2many
RNA5-8SN2	5_8S_rRNA	ortholog_one2many
Y_RNA	Y_RNA	ortholog_one2one
RN7SKP147	7SK	ortholog_one2one
RNU1-139P	U1	ortholog_one2many
RN7SKP236	7SK	ortholog_one2many
SNORA80A	SNORA42	ortholog_one2one
C13orf42	C13orf42	ortholog_one2one
MIR802	MIR802	ortholog_one2one
RNY4P14	Y_RNA	ortholog_one2one
SNORD102	SNORD102	ortholog_one2one
SNORA27	SNORA27	ortholog_one2one
RNU6-70P	U6	ortholog_one2one
RNU6-696P	U6	ortholog_one2many
RNU6-1150P	U6	ortholog_one2many
	SNORA51	ortholog_one2many
TFF2	TFF2	ortholog_one2one
H2BC12L		ortholog_one2one
KRTAP10-1		ortholog_many2many
KRTAP10-3		ortholog_many2many
KRTAP10-5		ortholog_many2many
KRTAP10-6		ortholog_one2many
KRTAP10-11		ortholog_one2many
KRTAP12-3		ortholog_many2many
KRTAP12-2		ortholog_many2many
KRTAP12-1		ortholog_many2many
OLIG1	OLIG1	ortholog_one2one
KRTAP11-1	KRTAP11-1	ortholog_one2one
KRTAP19-8	KRTAP19-8	ortholog_one2one
	SNORA81	ortholog_one2many
KRTAP10-9		ortholog_one2many
KRTAP10-4		ortholog_one2many
KRTAP13-2		ortholog_many2many
KRTAP13-1		ortholog_many2many
KRTAP19-7	KRTAP19-7	ortholog_one2one
SNORD74B	SNORD74	ortholog_one2one
MIR99A	MIR99A	ortholog_one2one
MIRLET7C	MIRLET7C	ortholog_one2one
MIR125B2	MIR125B2	ortholog_one2one
KRTAP6-2	KRTAP6-2	ortholog_one2one
KRTAP6-1	KRTAP6-1	ortholog_one2one
CTAGE1	MIA2	ortholog_one2many
MC4R	MC4R	ortholog_one2one
RNU6-916P	U6	ortholog_one2one
RN7SL97P	Metazoa_SRP	ortholog_one2one
RNU6-1242P	U6	ortholog_one2one
RN7SKP182	7SK	ortholog_many2many
RNU6-706P	U6	ortholog_one2one
RNU6-142P	U6	ortholog_one2one
RN7SL705P	Metazoa_SRP	ortholog_one2one
RN7SL795P	Metazoa_SRP	ortholog_one2one
RNU6-1131P	U6	ortholog_one2one
RNU7-87P	U7	ortholog_one2one
SNORD58C	SNORD58	ortholog_one2one
SNORD58A	SNORD58	ortholog_one2many
SNORD58B	SNORD58	ortholog_one2one
ONECUT2	ONECUT2	ortholog_one2one
MIR122		ortholog_one2many
RNU6-219P	U6	ortholog_one2many
U8	U8	ortholog_one2many
RNU6-120P	U6	ortholog_one2one
	SNORD23	ortholog_one2one
RNU6-167P	U6	ortholog_one2many
SERPINB11	SERPINB11	ortholog_one2one
RN7SL551P	Metazoa_SRP	ortholog_one2one
C18orf63	C18orf63	ortholog_one2one
SERPINB12	SERPINB12	ortholog_one2one
RNU6-340P	U6	ortholog_one2many
RN7SKP146	7SK	ortholog_one2many
RNU1-109P	U1	ortholog_one2many
SNORA37	SNORA30	ortholog_one2one
RN7SL233P	Metazoa_SRP	ortholog_one2many
MIR133A1	MIR133A1	ortholog_one2one
MIR1-2	MIR1-2	ortholog_one2one
RNU5F-3P	U5	ortholog_one2one
RNY4P37	Y_RNA	ortholog_one2one
RNU6-1278P	U6	ortholog_one2many
RN7SL310P	Metazoa_SRP	ortholog_one2one
SERPINB10	SERPINB10	ortholog_one2one
SLC35G4	SLC35G6	ortholog_one2many
RN7SL39P	Metazoa_SRP	ortholog_many2many
METTL21EP	METTL21EP	ortholog_one2one
SMIM34	SMIM34	ortholog_one2one
RNU6-1032P	U6	ortholog_one2one
MIR17	MIR17	ortholog_one2one
MIR18A	mmr-mir-18	ortholog_one2one
MIR19A	MIR19A	ortholog_one2one
MIR20A	MIR20A	ortholog_one2one
MIR19B1	MIR19B1	ortholog_one2one
MIR92A1	MIR92A1	ortholog_one2one
RNY3P2	Y_RNA	ortholog_one2many
MLNR	MLNR	ortholog_one2one
SLC25A52		ortholog_many2many
Metazoa_SRP	Metazoa_SRP	ortholog_one2many
MIR155	MIR155	ortholog_one2one
RN7SL740P	Metazoa_SRP	ortholog_one2one
RNU6-77P	U6	ortholog_one2many
EDNRB	EDNRB	ortholog_one2one
ZIC2	ZIC2	ortholog_one2one
NUFIP1	NUFIP1	ortholog_one2one
ADARB1	ADARB1	ortholog_one2one
CDK8	CDK8	ortholog_one2one
RB1	RB1	ortholog_one2one
SMAD9	SMAD9	ortholog_one2one
TIAM1	TIAM1	ortholog_one2one
RGCC	RGCC	ortholog_one2one
SLC25A30	SLC25A30	ortholog_one2one
RRP1B	RRP1B	ortholog_one2one
STOML3	STOML3	ortholog_one2one
ATP11A	ATP11A	ortholog_one2one
IL10RB	IL10RB	ortholog_one2one
NEK3	NEK3	ortholog_one2one
IFNAR2	IFNAR2	ortholog_one2one
BIVM	BIVM	ortholog_one2many
SCAF4	SCAF4	ortholog_one2one
ZDHHC20	ZDHHC20	ortholog_one2one
SERTM1	SERTM1	ortholog_one2one
ARL11	ARL11	ortholog_one2one
UFM1	UFM1	ortholog_one2one
MICU2	MICU2	ortholog_one2one
GTF2F2	GTF2F2	ortholog_one2one
RXFP2	RXFP2	ortholog_one2one
SOHLH2	SOHLH2	ortholog_one2one
C2CD2	C2CD2	ortholog_one2one
INTS6	INTS6	ortholog_one2one
AIRE	AIRE	ortholog_one2one
IFNAR1	IFNAR1	ortholog_one2one
FARP1	FARP1	ortholog_one2one
C21orf58		ortholog_one2one
B3GALT5	B3GALT5	ortholog_one2one
ATP5PF	ATP5PF	ortholog_one2one
PARP4	PARP4	ortholog_one2one
TTC3	TTC3	ortholog_one2one
TMEM255B	TMEM255B	ortholog_one2one
DNMT3L	DNMT3L	ortholog_one2one
WDFY2	WDFY2	ortholog_one2one
FTCD	FTCD	ortholog_one2one
NUDT15	NUDT15	ortholog_one2one
MEDAG	MEDAG	ortholog_one2one
SUCLA2	SUCLA2	ortholog_one2one
HS6ST3	HS6ST3	ortholog_one2one
CRYL1	CRYL1	ortholog_one2one
RNASEH2B	RNASEH2B	ortholog_one2one
PDE9A	PDE9A	ortholog_one2one
RNU6-408P	U6	ortholog_one2many
RCBTB2	RCBTB2	ortholog_one2one
RN7SL50P	Metazoa_SRP	ortholog_one2one
RN7SL342P	Metazoa_SRP	ortholog_one2one
U3	U3	ortholog_one2one
BOD1L2	BOD1	ortholog_one2many
DEFB129	DEFB129	ortholog_one2one
INSM1	INSM1	ortholog_one2one
DEFB128	DEFB128	ortholog_one2one
OLFM4	OLFM4	ortholog_one2one
COMMD6	COMMD6	ortholog_one2one
SCRT2	SCRT2	ortholog_one2one
DEFB127	DEFB127	ortholog_one2one
DSC1	DSC1	ortholog_one2one
NBEA	NBEA	ortholog_one2one
MIR187	MIR187	ortholog_one2one
	SNORA31	ortholog_one2one
RN7SKP69	7SK	ortholog_one2one
RN7SL547P	Metazoa_SRP	ortholog_one2one
RNU6-1257P	U6	ortholog_one2one
RNA5SP528	5S_rRNA	ortholog_many2many
RNU6-937P	U6	ortholog_one2one
RNA5SP532	5S_rRNA	ortholog_many2many
ATP12A	ATP12A	ortholog_one2one
MIR1-1	MIR1-1	ortholog_one2one
MIR133A2	MIR133A2	ortholog_one2one
CXXC1	CXXC1	ortholog_one2one
SERPINE3	SERPINE3	ortholog_one2one
ITGBL1	ITGBL1	ortholog_one2one
RN7SL156P	Metazoa_SRP	ortholog_many2many
RN7SL443P	Metazoa_SRP	ortholog_one2one
RNU6-743P	U6	ortholog_many2many
RNU6-1251P	U6	ortholog_one2many
GTSF1L	GTSF1L	ortholog_one2one
OTOR	OTOR	ortholog_one2one
R3HDML	R3HDML	ortholog_one2one
MIR124-3	MIR124-3	ortholog_one2one
RNU6-994P	U6	ortholog_one2one
RNU1-94P	U1	ortholog_one2one
XKR7	XKR7	ortholog_one2one
FAM83C	FAM83C	ortholog_one2one
AVP	AVP	ortholog_one2one
RN7SL555P	Metazoa_SRP	ortholog_one2many
RNU6-384P	U6	ortholog_one2one
RNU6-192P	U6	ortholog_one2one
SNORD17	SNORD17	ortholog_one2one
RNU7-137P	U7	ortholog_one2one
RN7SKP74	7SK	ortholog_one2many
RNU6-917P	U6	ortholog_one2many
RN7SL666P	Metazoa_SRP	ortholog_one2one
	SNORA26	ortholog_one2one
RN7SL615P	Metazoa_SRP	ortholog_one2many
SCEL	SCEL	ortholog_one2one
MAFB	MAFB	ortholog_one2one
MIR103A2	MIR103A2	ortholog_one2one
ZCCHC3	ZCCHC3	ortholog_one2one
SNORD12C	SNORD12	ortholog_one2one
SNORD12B	SNORD12	ortholog_one2one
SNORD12	SNORD12	ortholog_one2one
SOX12	SOX12	ortholog_one2one
WFDC13	WFDC13	ortholog_one2one
SPINT4	SPINT4	ortholog_one2one
ZNF831	ZNF831	ortholog_one2one
RN7SL636P	Metazoa_SRP	ortholog_one2many
RN7SL672P	Metazoa_SRP	ortholog_one2one
CSTL1	CSTL1	ortholog_one2one
OCSTAMP	OCSTAMP	ortholog_one2one
GCNT7	GCNT7	ortholog_one2one
SNORA71E	SNORA71	ortholog_one2one
SNORA60	SNORA71	ortholog_one2one
RN7SKP173	7SK	ortholog_one2one
TAF4	TAF4	ortholog_one2one
MIR499B	MIR499B	ortholog_one2one
RNU6-407P	U6	ortholog_one2many
HMGB1P1		ortholog_one2many
ANKRD60	ANKRD60	ortholog_one2one
BPIFB4	BPIFB4	ortholog_one2one
BPIFA2	BPIFA2	ortholog_one2one
BPIFB3	BPIFB3	ortholog_one2one
CACNA1I	CACNA1I	ortholog_one2one
RN7SL638P	Metazoa_SRP	ortholog_one2one
SETBP1	SETBP1	ortholog_one2one
DEFB121	DEFB121	ortholog_one2one
WFDC12	WFDC12	ortholog_one2one
DEFB116	DEFB116	ortholog_one2one
FAM210A	FAM210A	ortholog_one2one
DEFB118	DEFB118	ortholog_one2one
LMAN1	LMAN1	ortholog_one2one
ENTHD1	ENTHD1	ortholog_one2one
PKDREJ	PKDREJ	ortholog_one2one
RNU105B	SNORA73	ortholog_one2one
RN7SKP184	7SK	ortholog_many2many
SNORD83A	snoU83B	ortholog_one2many
SNORD43	SNORD43	ortholog_one2one
RN7SKP214	7SK	ortholog_one2many
RN7SKP100	7SK	ortholog_one2many
KLHL34	KLHL34	ortholog_one2one
MIB1	MIB1	ortholog_one2one
S100G	S100G	ortholog_one2one
PIGP		ortholog_one2many
PIGP	PIGP	ortholog_one2many
RNU6-919P	U6	ortholog_one2one
MTCL1	MTCL1	ortholog_one2one
AKAP4	AKAP4	ortholog_one2one
SNORA50B	SNORA76	ortholog_one2one
	SNORA50	ortholog_one2many
MAGEH1	MAGEH1	ortholog_one2one
RN7SKP221	7SK	ortholog_one2many
RNU6-495P	U6	ortholog_one2one
RNU6-476P	U6	ortholog_one2one
ZNF516	ZNF516	ortholog_one2one
RN7SL162P	Metazoa_SRP	ortholog_one2one
MIR185	MIR185	ortholog_one2one
MIR3618	MIR3618	ortholog_one2one
MIR1306	MIR1306	ortholog_one2one
SNORA77B	SNORA77	ortholog_one2many
GRP	GRP	ortholog_one2one
MIR33A	MIR33A	ortholog_one2one
PABPC1L2A		ortholog_one2many
CRYAA	CRYAA	ortholog_one2one
STARD6	STARD6	ortholog_one2one
MIR301B	MIR301B	ortholog_one2one
EFCAB8	EFCAB8	ortholog_one2one
RN7SL280P	Metazoa_SRP	ortholog_many2many
RNU6-225P	U6	ortholog_one2one
TRPM2	TRPM2	ortholog_one2one
RNY1P9	Y_RNA	ortholog_one2one
ZNF521	ZNF521	ortholog_one2one
RNU6-810P	U6	ortholog_one2many
RNU6-1219P	U6	ortholog_one2many
MAGEE1	MAGEE1	ortholog_one2one
CEBPB	CEBPB	ortholog_one2one
NDC80	NDC80	ortholog_one2one
SEC14L2	SEC14L2	ortholog_one2one
TEX13B	TEX13B	ortholog_one2one
POU3F4	POU3F4	ortholog_one2one
FAM236C		ortholog_many2many
DCAF8L1		ortholog_one2many
SPIN4	SPIN4	ortholog_one2one
DCAF12L2	DCAF12L2	ortholog_one2one
CLUL1	CLUL1	ortholog_one2one
MAGEC2		ortholog_one2many
RNU6-564P	U6	ortholog_one2many
RN7SL268P	Metazoa_SRP	ortholog_many2many
TSSK2	TSSK2	ortholog_one2one
GSC2	GSC2	ortholog_one2one
U7	U7	ortholog_one2one
RN7SL263P	Metazoa_SRP	ortholog_one2one
DOK6	DOK6	ortholog_one2one
AMER1	AMER1	ortholog_one2one
RSPH1	RSPH1	ortholog_one2one
SPATC1L	SPATC1L	ortholog_one2one
CELF4	CELF4	ortholog_one2one
H1-0		ortholog_one2one
GPR50	GPR50	ortholog_one2one
C22orf31	C22orf31	ortholog_one2one
IGLV4-69		ortholog_many2many
PASD1		ortholog_one2one
WDR4	WDR4	ortholog_one2one
IGLV4-60		ortholog_many2many
IGLV6-57		ortholog_one2many
IGLV5-52		ortholog_one2one
IGLV1-51		ortholog_many2many
IGLV1-50		ortholog_many2many
IGLV9-49		ortholog_one2one
IGLV5-48		ortholog_many2many
IGLV1-47		ortholog_many2many
IGLV5-45		ortholog_many2many
IGLV1-44		ortholog_many2many
IGLV1-40		ortholog_many2many
IGLV5-37		ortholog_many2many
IGLV1-36		ortholog_many2many
GLUD2		ortholog_one2many
APOL5		ortholog_one2one
NAP1L3	NAP1L3	ortholog_one2one
MIRLET7A3	mmr-let-7a-1	ortholog_one2one
RN7SKP80	7SK	ortholog_one2many
RNU6-513P	U6	ortholog_one2many
	SNORA31	ortholog_one2many
RNU6-146P	U6	ortholog_one2many
RN7SL658P	Metazoa_SRP	ortholog_one2many
IL17REL	IL17REL	ortholog_one2one
RNU6-133P	U6	ortholog_one2one
RNU6-641P	U6	ortholog_one2many
RN7SL732P	Metazoa_SRP	ortholog_one2many
RNU7-164P	U7	ortholog_many2many
MIR532	MIR532	ortholog_one2one
MIR188	MIR188	ortholog_one2one
MIR500A	MIR500A	ortholog_one2one
MIR500B	MIR500B	ortholog_one2one
MIR660	MIR660	ortholog_one2one
MIR502	MIR502	ortholog_one2one
MIR223	MIR223	ortholog_one2one
U3	U3	ortholog_one2many
MIR676	MIR676	ortholog_one2one
RNU6-562P	U6	ortholog_one2many
RNU2-26P	U2	ortholog_one2many
RNU6-332P	U6	ortholog_one2one
U6	U6	ortholog_one2one
	ACA64	ortholog_one2one
MIR361	MIR361	ortholog_one2one
RN7SKP63	7SK	ortholog_one2many
RNU6-345P	U6	ortholog_one2one
RNU6-493P	U6	ortholog_one2one
	SNORA25	ortholog_one2many
RN7SKP210	7SK	ortholog_one2one
RN7SKP194	7SK	ortholog_one2one
TMA7B		ortholog_one2one
RNU6-648P	U6	ortholog_many2many
SNORA35B	SNORA35	ortholog_one2one
	SNORA64	ortholog_one2one
RNU6-154P	U6	ortholog_one2many
RNU6-1015P	U6	ortholog_one2many
IGLV3-32		ortholog_many2many
RN7SKP31	7SK	ortholog_one2one
RNU6-3P	U6	ortholog_one2one
RNU1-115P	U1	ortholog_one2one
RN7SKP267	7SK	ortholog_one2one
RN7SKP189	7SK	ortholog_one2many
IGLV3-22		ortholog_one2many
RNU6-382P	U6	ortholog_one2many
RN7SL785P	Metazoa_SRP	ortholog_one2many
IGLV3-19		ortholog_many2many
SNORA11C	SNORA11	ortholog_many2many
MCHR1	MCHR1	ortholog_one2one
OPN1LW		ortholog_one2many
OPN1MW		ortholog_one2many
TTLL8	TTLL8	ortholog_one2one
TBX1	TBX1	ortholog_one2one
PAXBP1	PAXBP1	ortholog_one2one
RNU1-142P	U1	ortholog_one2one
RN7SKP290	7SK	ortholog_one2many
SSX7		ortholog_one2many
MN1	MN1	ortholog_one2one
GSTT2		ortholog_one2many
RNU1-57P	U1	ortholog_one2one
F8A3		ortholog_many2many
F8A3	F8A1	ortholog_many2many
PABPC1L2B		ortholog_one2many
HSFX4		ortholog_one2many
RN7SL15P	Metazoa_SRP	ortholog_one2many
RNU6-1321P	U6	ortholog_one2one
RNU6-202P	U6	ortholog_one2one
RNU6-800P	U6	ortholog_one2many
IGLV4-3		ortholog_one2one
IGLC1		ortholog_many2many
VTRNA3-1P	Vault	ortholog_one2many
IGLC2		ortholog_many2many
IGLC3		ortholog_many2many
RN7SL687P	Metazoa_SRP	ortholog_one2many
IGLC7		ortholog_many2many
MIR98	MIR98	ortholog_one2one
MIRLET7F2	MIRLET7F2	ortholog_one2one
GAGE2E		ortholog_many2many
DLGAP1	DLGAP1	ortholog_one2one
UBQLN2	UBQLN2	ortholog_one2one
RNU6-935P	U6	ortholog_one2many
	SNORA7	ortholog_one2one
	MIAT_exon5_2	ortholog_one2one
RN7SKP131	7SK	ortholog_one2many
RN7SL91P	Metazoa_SRP	ortholog_one2one
WASH6P	WASHC1	ortholog_one2many
	SNORA15	ortholog_one2one
RN7SL633P	Metazoa_SRP	ortholog_one2many
RNU6-1128P	U6	ortholog_one2one
RN7SL712P	Metazoa_SRP	ortholog_one2one
TMEM191B	TMEM191C	ortholog_one2many
GART	GART	ortholog_one2one
ESX1		ortholog_one2one
CTAG1A		ortholog_one2many
SRPX2	SRPX2	ortholog_one2one
EPG5	EPG5	ortholog_one2one
MIR505	MIR505	ortholog_one2one
MIR652	MIR652	ortholog_one2one
SNORA69	SNORA69	ortholog_one2one
RNF113A		ortholog_one2many
RNU6-245P	U6	ortholog_one2one
HSFX3		ortholog_one2many
RNU6-28P	U6	ortholog_one2many
RIOK3	RIOK3	ortholog_one2one
RN7SKP20	7SK	ortholog_one2one
RN7SL262P	Metazoa_SRP	ortholog_one2one
F8A1		ortholog_many2many
F8A1	F8A1	ortholog_many2many
UBE2L5	UBE2L3	ortholog_one2many
GUCY2F	GUCY2F	ortholog_one2one
F10	F10	ortholog_one2one
F8A2		ortholog_many2many
F8A2	F8A1	ortholog_many2many
ARSH	ARSH	ortholog_one2one
RN7SL578P	Metazoa_SRP	ortholog_one2many
RNU6-266P	U6	ortholog_one2one
MIR224	MIR224	ortholog_one2one
MIR452	MIR452	ortholog_one2one
SPACA5B		ortholog_one2many
OPN1MW2		ortholog_one2many
TEX26	TEX26	ortholog_one2one
FAM236D		ortholog_many2many
CTAG1B		ortholog_one2many
CTAG2		ortholog_one2many
IPO5	IPO5	ortholog_one2one
SNORA11E	SNORA11	ortholog_one2many
SNORA11D	SNORA11	ortholog_one2many
RNU6-203P	U6	ortholog_one2many
RNA5SP524	5S_rRNA	ortholog_one2one
GAGE1		ortholog_many2many
MIR450A2	MIR450A2	ortholog_one2one
MIR542	MIR542	ortholog_one2one
MIR424	MIR424	ortholog_one2one
TEX13D		ortholog_many2many
CNGA2	CNGA2	ortholog_one2one
RS1	RS1	ortholog_one2one
ZNF24	ZNF24	ortholog_one2one
RNU6-29P	U6	ortholog_one2many
RNU6-722P	U6	ortholog_one2many
SNORA11G	SNORA11	ortholog_one2one
SNORA36A	SNORA36	ortholog_one2one
SNORA56	SNORA56	ortholog_one2one
SMIM9	SMIM9	ortholog_one2one
	snoU2-30	ortholog_one2one
	snoU2_19	ortholog_many2many
RNU6-98P	U6	ortholog_one2one
LPIN2	LPIN2	ortholog_one2one
DGAT2L6	DGAT2L6	ortholog_one2one
POSTN	POSTN	ortholog_one2one
RNY4P23	Y_RNA	ortholog_one2many
TRPC5	TRPC5	ortholog_one2one
TEX13C		ortholog_many2many
RNU1-67P	U1	ortholog_one2one
RN7SL118P	Metazoa_SRP	ortholog_one2one
RNY3P16	Y_RNA	ortholog_many2many
SNORA35	SNORA35	ortholog_one2one
MIR1912	MIR1912	ortholog_one2one
MIR448	MIR448	ortholog_one2one
MBD2	MBD2	ortholog_one2one
OPN1MW3		ortholog_one2many
RNU7-56P	U7	ortholog_many2many
RNU4-6P	U4	ortholog_one2many
RN7SL388P	Metazoa_SRP	ortholog_many2many
ATP5F1A	ATP5F1A	ortholog_one2many
ATP5F1A		ortholog_one2many
SNORD3E	U3	ortholog_one2one
GLRA2	GLRA2	ortholog_one2one
RNU6-1044P	U6	ortholog_one2many
NPC1	NPC1	ortholog_one2one
XPO4	XPO4	ortholog_one2one
MIR374A	MIR374A	ortholog_one2one
ZCCHC13	ZCCHC13	ortholog_one2one
CPAP	CENPJ	ortholog_one2one
TKTL1	TKTL1	ortholog_one2one
UBE2NL		ortholog_one2one
MIR363	MIR363	ortholog_one2one
MIR92A2	MIR92A2	ortholog_one2one
MIR19B2	MIR19B2	ortholog_one2one
MIR20B	MIR20B	ortholog_one2one
CRLF2	CRLF2	ortholog_one2one
RNA5SP525	5S_rRNA	ortholog_one2one
MIR105-1	MIR105-1	ortholog_one2one
MIR767	MIR767	ortholog_one2one
MIR105-2	MIR105-2	ortholog_one2one
CBS	CBS	ortholog_one2one
RNU6-434P	U6	ortholog_one2one
USP27X	USP27X	ortholog_one2one
RNU6-421P	U6	ortholog_one2one
TXNL4A		ortholog_one2many
TXNL4A	TXNL4A	ortholog_one2many
ZMYM5	ZMYM5	ortholog_one2one
CDH19	CDH19	ortholog_one2one
ARGLU1	ARGLU1	ortholog_one2one
METTL21C	METTL21C	ortholog_one2one
GRTP1	GRTP1	ortholog_one2one
DIPK1C	DIPK1C	ortholog_one2one
RAX	RAX	ortholog_one2one
ANKRD12	ANKRD12	ortholog_one2one
MBNL2	MBNL2	ortholog_one2one
ZSCAN30	ZSCAN30	ortholog_one2one
ABCC4	ABCC4	ortholog_one2one
ATP9B	ATP9B	ortholog_one2one
CLN5	CLN5	ortholog_one2one
TBC1D4	TBC1D4	ortholog_one2one
UBL3	UBL3	ortholog_one2one
RN7SKP140	7SK	ortholog_one2many
NAXD	NAXD	ortholog_one2one
DYNAP	DYNAP	ortholog_one2one
CEP76	CEP76	ortholog_one2one
DNAJC3	DNAJC3	ortholog_one2one
CNDP1	CNDP1	ortholog_one2one
THSD1	THSD1	ortholog_one2one
COL18A1	COL18A1	ortholog_one2one
KCNRG	KCNRG	ortholog_one2one
KATNAL2	KATNAL2	ortholog_one2one
LRRC63	LRRC63	ortholog_one2one
FNDC3A	FNDC3A	ortholog_one2one
TUBB6	TUBB6	ortholog_one2one
SERP2	SERP2	ortholog_one2one
BRCA2	BRCA2	ortholog_one2one
SERPINB3		ortholog_many2many
FBXL3	FBXL3	ortholog_one2one
PCID2	PCID2	ortholog_one2one
SERPINB2	SERPINB2	ortholog_one2one
RN7SL170P	Metazoa_SRP	ortholog_one2many
USP14	USP14	ortholog_one2one
RN7SKP252	7SK	ortholog_one2many
RIT2	RIT2	ortholog_one2one
ARK2N	ARK2N	ortholog_one2one
ERCC5	BIVM	ortholog_one2many
HDHD2	HDHD2	ortholog_one2one
SNORA71C	SNORA71	ortholog_one2one
SNORA71D	SNORA71	ortholog_one2many
MYCBP2	MYCBP2	ortholog_one2one
LIPG	LIPG	ortholog_one2one
EFNB2	EFNB2	ortholog_one2one
ENOX1	ENOX1	ortholog_one2one
TRAPPC8	TRAPPC8	ortholog_one2one
BTG3	BTG3	ortholog_one2one
HELZ2	HELZ2	ortholog_one2one
BPIFB6	BPIFB6	ortholog_one2one
HLCS	HLCS	ortholog_one2one
GFRA4	GFRA4	ortholog_one2one
C1QTNF9B	ADIF1	ortholog_one2many
LIPI	LIPI	ortholog_one2one
HTR2A	HTR2A	ortholog_one2one
SUMO3	SUMO3	ortholog_one2one
CDX2	CDX2	ortholog_one2one
DCLK1	DCLK1	ortholog_one2one
RIPPLY3	RIPPLY3	ortholog_one2one
CST9	CST9	ortholog_one2one
PRDM15	PRDM15	ortholog_one2one
SERPINB13	SERPINB13	ortholog_one2one
LMO7	LMO7	ortholog_one2one
MOCOS	MOCOS	ortholog_one2one
KDSR	KDSR	ortholog_one2one
C20orf204	C20orf204	ortholog_one2one
WFDC9	WFDC9	ortholog_one2one
SLC19A1	SLC19A1	ortholog_one2one
WFDC11	WFDC11	ortholog_one2one
RNU12	U12	ortholog_one2one
APCDD1	APCDD1	ortholog_one2one
WDR7	WDR7	ortholog_one2one
PSKH2	PSKH2	ortholog_one2one
SIK1	SIK1	ortholog_one2one
DCAF4L2	DCAF4	ortholog_one2many
HSF2BP	HSF2BP	ortholog_one2one
SLC39A6	SLC39A6	ortholog_one2one
STARD13		ortholog_one2many
STARD13	STARD13	ortholog_one2many
KLHDC7B	KLHDC7B	ortholog_one2one
PRMT2	PRMT2	ortholog_one2one
CD93	CD93	ortholog_one2one
TFAP2C	TFAP2C	ortholog_one2one
ODF1	ODF1	ortholog_one2one
EZHIP	EZHIP	ortholog_one2one
CENPVL3		ortholog_many2many
SNAI1	SNAI1	ortholog_one2one
CENPVL2		ortholog_many2many
CENPVL1		ortholog_many2many
DEFB124	DEFB124	ortholog_one2one
CST8	CST8	ortholog_one2one
BHLHE22	BHLHE22	ortholog_one2one
ATP5MGL	ATP5MG	ortholog_one2many
VWA8	VWA8	ortholog_one2one
NEDD4L	NEDD4L	ortholog_one2one
TMC2	TMC2	ortholog_one2one
SNORD86	SNORD86	ortholog_one2one
RN7SKP159	7SK	ortholog_one2one
RNU7-153P	U7	ortholog_one2one
MIR383	MIR383	ortholog_one2one
RNA5SP531	5S_rRNA	ortholog_one2one
	SNORA7	ortholog_many2many
RNU6-895P	U6	ortholog_one2one
ADNP	ADNP	ortholog_one2one
MIR124-2	MIR124-2	ortholog_one2one
RNU6-690P	U6	ortholog_one2one
RN7SL685P	Metazoa_SRP	ortholog_one2one
RNU6-1220P	U6	ortholog_one2one
SNORD3H	U3	ortholog_one2many
SNORD77B	SNORD77	ortholog_one2one
	SNORA32	ortholog_one2many
RN7SL135P	Metazoa_SRP	ortholog_one2many
RN7SKP206	7SK	ortholog_one2many
CRNKL1	CRNKL1	ortholog_one2one
RNU1-124P	U1	ortholog_one2many
VPS36	VPS36	ortholog_one2one
POTEA	ANKRD7	ortholog_one2one
CCDC166	CCDC166	ortholog_one2one
WDR97	WDR97	ortholog_one2one
SNORD87	SNORD87	ortholog_one2one
MIR7705		ortholog_one2many
SNORD38D	SNORD38	ortholog_one2many
		ortholog_one2one
TNNC2	TNNC2	ortholog_one2one
MIR221	MIR221	ortholog_one2one
MIR222	MIR222	ortholog_one2one
MIR599	MIR599	ortholog_one2one
	SNORD77	ortholog_one2many
RN7SL74P	Metazoa_SRP	ortholog_one2one
CNGB3	CNGB3	ortholog_one2one
UBE2V1		ortholog_one2many
PACSIN2		ortholog_one2many
PACSIN2	PACSIN2	ortholog_one2many
NKX2-6	NKX2-6	ortholog_one2one
ING1	ING1	ortholog_one2one
MAFA	MAFA	ortholog_one2one
RN7SKP175	7SK	ortholog_one2many
TGDS	TGDS	ortholog_one2one
KCNU1	KCNU1	ortholog_one2one
RN7SL395P	Metazoa_SRP	ortholog_one2many
SLC35G5	SLC35G6	ortholog_one2many
RN7SL293P	Metazoa_SRP	ortholog_many2many
DEFB135	DEFB135	ortholog_one2one
IL17D	IL17D	ortholog_one2one
ATP8A2		ortholog_one2one
RN7SL303P	Metazoa_SRP	ortholog_one2many
RN7SKP153	7SK	ortholog_one2many
RNU6-1197P	U6	ortholog_one2many
SLC35H1	SLC35C2	ortholog_one2one
RNU6-628P	U6	ortholog_one2one
FABP9	FABP9	ortholog_one2one
RUBCNL	RUBCNL	ortholog_one2one
RNU6-519P	U6	ortholog_one2many
MIR151A	MIR151A	ortholog_one2one
RNU6-1209P	U6	ortholog_one2one
RNU6-665P	U6	ortholog_one2one
RNU6-144P	U6	ortholog_one2one
RNU6-607P	U6	ortholog_one2one
RN7SL709P	Metazoa_SRP	ortholog_one2many
UBAC2	UBAC2	ortholog_one2one
RNU6-323P	U6	ortholog_one2one
RNU5A-3P	U5	ortholog_one2many
RNU6-178P	U6	ortholog_one2many
RNU1-148P	U1	ortholog_one2one
RNU7-181P	U7	ortholog_one2many
RNU2-71P	U2	ortholog_one2one
RN7SL308P	Metazoa_SRP	ortholog_one2one
DEFB103B		ortholog_one2many
DEFB104B		ortholog_one2many
SPRY2	SPRY2	ortholog_one2one
DEFB106B		ortholog_one2many
DEFB107B		ortholog_one2many
DEFB107A		ortholog_one2many
TM9SF2	TM9SF2	ortholog_one2one
DEFB105A		ortholog_one2many
DEFB106A		ortholog_one2many
DEFB104A		ortholog_one2many
CRIPTO3	CRIPTO	ortholog_one2many
DEFB103A		ortholog_one2many
U2	U2	ortholog_one2one
MROH5	MROH5	ortholog_one2one
RN7SL806P	Metazoa_SRP	ortholog_many2many
RNU1-35P	U1	ortholog_one2one
RN7SL149P	Metazoa_SRP	ortholog_one2many
HCN4	HCN4	ortholog_one2one
RN7SKP97	7SK	ortholog_one2many
KL	KL	ortholog_one2one
DACH1	DACH1	ortholog_one2one
SLC25A32	SLC25A32	ortholog_one2one
GOLGA6A	GOLGA2	ortholog_one2many
SNORA11	SNORA11	ortholog_one2many
RNU105C	SNORA73	ortholog_one2many
RN7SL250P	Metazoa_SRP	ortholog_many2many
RNF6	RNF6	ortholog_one2one
ARMCX4	ARMCX4	ortholog_one2one
XKR4	XKR4	ortholog_one2one
SNORA1B	SNORA1	ortholog_one2many
GABRQ	GABRQ	ortholog_one2one
DEFB130B		ortholog_one2many
HMOX1	HMOX1	ortholog_one2one
MIR30B	MIR30B	ortholog_one2one
MIR30D	MIR30D	ortholog_one2one
ZNF157	ZNF157	ortholog_one2one
RNU6-842P	U6	ortholog_one2one
SNU13	SNU13	ortholog_one2one
DEFB105B		ortholog_one2many
IGF1R	IGF1R	ortholog_one2one
TCP11X2		ortholog_one2many
ARL13A	ARL13A	ortholog_one2one
RFC3	RFC3	ortholog_one2one
HDHD5	HDHD5	ortholog_one2one
TCP11X1		ortholog_one2many
VBP1	VBP1	ortholog_one2one
RN7SKP231	7SK	ortholog_one2one
RN7SKP101	7SK	ortholog_one2many
	SNORD11	ortholog_one2one
RN7SL568P	Metazoa_SRP	ortholog_one2one
	uc_338	ortholog_one2one
RNU6-745P	U6	ortholog_one2many
RNU6-380P	U6	ortholog_many2many
RNU6-401P	U6	ortholog_one2one
RN7SL260P	Metazoa_SRP	ortholog_one2many
RN7SKP217	7SK	ortholog_one2one
RNU6-185P	U6	ortholog_one2many
SNORD116-29	SNORD116	ortholog_one2many
RNU6-1331P	U6	ortholog_one2one
SNORD115-1	SNORD115	ortholog_one2many
SNORD115-2	SNORD115	ortholog_one2many
SNORD115-5	SNORD115	ortholog_one2many
SNORD115-7	SNORD115	ortholog_one2many
SNORD115-8	SNORD115	ortholog_one2many
GAGE12E		ortholog_many2many
SNORD115-9	SNORD115	ortholog_one2many
SNORD115-10	SNORD115	ortholog_one2many
DEFB136	DEFB136	ortholog_one2one
SNORD115-12	SNORD115	ortholog_one2many
SNORD115-13	SNORD115	ortholog_one2many
DEFB134	DEFB134	ortholog_one2one
SNORD115-17	SNORD115	ortholog_one2many
SNORD115-18	SNORD115	ortholog_one2many
SNORD115-19	SNORD115	ortholog_one2many
SNORD115-20	SNORD115	ortholog_one2many
SNORD115-21	SNORD115	ortholog_one2many
SNORD115-25	SNORD115	ortholog_one2many
SNORD115-27	SNORD115	ortholog_one2many
SNORD115-37	SNORD115	ortholog_one2many
SNORD115-40	SNORD115	ortholog_one2many
SNORD115-47	SNORD115	ortholog_one2one
SNORD109B	SNORD109A	ortholog_one2many
RNU6-90P	U6	ortholog_one2one
RNU6-610P	U6	ortholog_one2many
BCAP31	BCAP31	ortholog_one2one
RNU6-354P	U6	ortholog_one2many
GPC5	GPC5	ortholog_one2one
ELL3	ELL3	ortholog_one2one
EPSTI1	EPSTI1	ortholog_one2one
MIR1282	MIR1282	ortholog_one2one
GOLGA8O	GOLGA2	ortholog_one2many
AHCY	AHCY	ortholog_one2one
CLYBL	CLYBL	ortholog_one2one
SNORA63	SNORA63	ortholog_one2many
RN7SL563P	Metazoa_SRP	ortholog_one2many
ARFGAP3	ARFGAP3	ortholog_one2one
RN7SL329P	Metazoa_SRP	ortholog_one2many
PCDH9	PCDH9	ortholog_one2one
MIR9-3	MIR9-3	ortholog_one2one
PIGU	PIGU	ortholog_one2one
	SNORA11	ortholog_one2one
MIR147B	MIR147B	ortholog_one2one
PAN3	PAN3	ortholog_one2one
LDOC1	LDOC1	ortholog_one2one
CITED1	CITED1	ortholog_one2one
CFAP161	CFAP161	ortholog_one2one
ZMYM2	ZMYM2	ortholog_one2one
MAGT1	MAGT1	ortholog_one2one
TGM7	TGM7	ortholog_one2one
NPEPL1	NPEPL1	ortholog_one2one
TBC1D22A	TBC1D22A	ortholog_one2one
TBL1X		ortholog_one2many
SPTBN5	SPTBN5	ortholog_one2one
PFKL	PFKL	ortholog_one2one
PFKFB1	PFKFB1	ortholog_one2one
RNU6-132P	U6	ortholog_many2many
MESP2	MESP2	ortholog_one2one
B4GALT6	B4GALT6	ortholog_one2one
CDS2	CDS2	ortholog_one2one
RNU6-1111P	U6	ortholog_one2one
RNU6-741P	U6	ortholog_one2many
SKOR2	SKOR2	ortholog_one2one
MIR628	MIR628	ortholog_one2one
SERPINB4		ortholog_many2many
RNU6-415P	U6	ortholog_one2one
RNU6-322P	U6	ortholog_one2many
RNU6-231P	U6	ortholog_one2one
	SNORD74	ortholog_one2many
ALPK2	ALPK2	ortholog_one2one
AGBL1	AGBL1	ortholog_one2one
BEX1		ortholog_one2many
DCT	DCT	ortholog_one2one
MTCP1	MTCP1	ortholog_one2one
DIAPH3	DIAPH3	ortholog_one2one
RALBP1	RALBP1	ortholog_one2one
PLXNB3	PLXNB3	ortholog_one2one
BNC1	BNC1	ortholog_one2one
MIR211	MIR211	ortholog_one2one
U7	U7	ortholog_one2many
ANKRD63	ANKRD63	ortholog_one2one
SLC28A3	SLC28A3	ortholog_one2one
C22orf23	C22orf23	ortholog_one2one
	SNORA18	ortholog_one2many
RN7SL584P	Metazoa_SRP	ortholog_one2many
SNORD16	SNORD16	ortholog_one2one
FOXD4L3		ortholog_one2many
GOLGA8H	GOLGA2	ortholog_one2many
SERPINB5	SERPINB5	ortholog_one2one
ATP11C	ATP11C	ortholog_one2one
GOLGA8F	GOLGA2	ortholog_one2many
HSPH1	HSPH1	ortholog_one2one
CCBE1	CCBE1	ortholog_one2one
TLNRD1	TLNRD1	ortholog_one2one
GAS1	GAS1	ortholog_one2one
GOLGA8M	GOLGA2	ortholog_one2many
CHADL	CHADL	ortholog_one2one
GOLGA8G	GOLGA2	ortholog_one2many
RNU6-1073P	U6	ortholog_one2many
MIR101-2	MIR101-2	ortholog_one2one
RNU6-246P	U6	ortholog_one2one
RNU6-264P	U6	ortholog_one2one
RN7SL720P	Metazoa_SRP	ortholog_one2one
RNU6-14P	U6	ortholog_one2one
RNA5SP530	5S_rRNA	ortholog_many2many
RNU2-36P	U2	ortholog_one2one
RNU4-29P	U4	ortholog_one2one
RN7SKP264	7SK	ortholog_one2one
RNU6-1228P	U6	ortholog_one2one
RN7SKP87	7SK	ortholog_one2one
CCDC117		ortholog_one2many
RNU6-996P	U6	ortholog_one2many
RNU6-329P	U6	ortholog_one2one
RNU6-1064P	U6	ortholog_many2many
RNY4P18	Y_RNA	ortholog_one2one
RN7SL302P	Metazoa_SRP	ortholog_one2many
MIR455	MIR455	ortholog_one2one
MIR181A2	MIR181A2	ortholog_one2one
MIR181B2	MIR181B2	ortholog_one2one
RN7SL30P	Metazoa_SRP	ortholog_one2many
SNORA65	SNORA65	ortholog_one2many
PRRG3	PRRG3	ortholog_one2one
MIR219A2	MIR219A2	ortholog_one2one
MIR190A	MIR190A	ortholog_one2one
PLA2G4E	PLA2G4E	ortholog_one2one
SNORA84	SNORA84	ortholog_one2one
MIR7-1		ortholog_one2many
GUCD1	GUCD1	ortholog_one2one
FAM221B	FAM221B	ortholog_one2one
RNU1-77P	U1	ortholog_one2one
MIR491	MIR491	ortholog_one2one
SNORA30B	SNORA30	ortholog_one2one
RNU6-86P	U6	ortholog_one2many
RNU6-1327P	U6	ortholog_one2one
PQBP1	PQBP1	ortholog_one2one
RN7SL181P	Metazoa_SRP	ortholog_one2many
RN7SL497P	Metazoa_SRP	ortholog_one2one
GOLGA8Q	GOLGA2	ortholog_one2many
SUSD2	SUSD2	ortholog_one2one
TMEM203	TMEM203	ortholog_one2one
CIMIP2A	CIMIP2A	ortholog_one2one
GOLGA8J	GOLGA2	ortholog_one2many
NRARP	NRARP	ortholog_one2one
RN7SKP77	7SK	ortholog_one2many
GOLGA8T	GOLGA2	ortholog_one2many
MIR32	MIR32	ortholog_one2one
QRFP	QRFP	ortholog_one2one
PRDM12	PRDM12	ortholog_one2one
IER5L	IER5L	ortholog_one2one
AP1B1	AP1B1	ortholog_one2one
GOLGA8S	GOLGA2	ortholog_one2many
C2CD4A	C2CD4B	ortholog_one2many
SNORD90	SNORD90	ortholog_one2one
TPTE2	TPTE2	ortholog_one2many
GOLGA8K	GOLGA2	ortholog_one2many
MIR126	MIR126	ortholog_one2one
SNORA17B	SNORA43	ortholog_one2one
SNORA17B	SNORA17	ortholog_one2one
SNORA17A	SNORA43	ortholog_one2many
	SNORA17	ortholog_many2many
CLDN10	CLDN10	ortholog_one2one
NFATC1	NFATC1	ortholog_one2one
MTIF3	MTIF3	ortholog_one2one
OR4F6		ortholog_one2one
SNORD62A	SNORD62	ortholog_one2many
SNORD62B	SNORD62	ortholog_one2many
RNU6-844P	U6	ortholog_one2one
MIR23B	MIR23B	ortholog_one2one
MIR27B	MIR27B	ortholog_one2one
MIR3074	MIR3074	ortholog_one2one
GOLGA8R	GOLGA2	ortholog_one2many
WBP2NL	WBP2NL	ortholog_one2one
RNU7-79P	U7	ortholog_one2many
GOLGA6C	GOLGA2	ortholog_one2many
RNU6-1260P	U6	ortholog_one2one
BAIAP2L2	BAIAP2L2	ortholog_one2one
COG6	COG6	ortholog_one2one
SNORD121B	SNORD121A	ortholog_one2one
SNORD121A	SNORD121A	ortholog_one2one
RN7SL187P	Metazoa_SRP	ortholog_one2one
RN7SL726P	Metazoa_SRP	ortholog_one2many
MIR204	MIR204	ortholog_one2one
FRRS1L	FRRS1L	ortholog_one2one
RN7SL338P	Metazoa_SRP	ortholog_one2one
RRAGA	RRAGA	ortholog_one2one
CCL27	CCL27	ortholog_one2one
RAB12	RAB12	ortholog_one2one
CEL	CEL	ortholog_one2one
GALR1	GALR1	ortholog_one2one
DPM1	DPM1	ortholog_one2one
SYT4	SYT4	ortholog_one2one
EIF3D	EIF3D	ortholog_one2one
NKAP	NKAP	ortholog_one2one
SNORD24	SNORD24	ortholog_one2one
SNORD36B	SNORD36	ortholog_one2one
SNORD36A	SNORD36	ortholog_one2one
SNORD36C	SNORD36	ortholog_one2one
RNU6-1020P	U6	ortholog_one2one
TAF1L		ortholog_one2many
DCC	DCC	ortholog_one2one
RCAN1	RCAN1	ortholog_one2one
FOXD4		ortholog_one2many
KCNV2	KCNV2	ortholog_one2one
DOLK	DOLK	ortholog_one2one
RNU6-694P	U6	ortholog_one2one
RIMS4	RIMS4	ortholog_one2one
HRH4	HRH4	ortholog_one2one
RNU2-50P	U2	ortholog_one2one
ADIG	ADIG	ortholog_one2one
BCOR	BCOR	ortholog_one2one
ZBTB21	ZBTB21	ortholog_one2one
RN7SL665P	Metazoa_SRP	ortholog_one2one
ZSWIM3	ZSWIM3	ortholog_one2one
RNU2-25P	U2	ortholog_one2one
RN7SL592P	Metazoa_SRP	ortholog_many2many
TPP2	TPP2	ortholog_one2one
NDUFV2	NDUFV2	ortholog_one2one
RN7SL5P	Metazoa_SRP	ortholog_one2one
ATP5PO	ATP5PO	ortholog_one2one
OR1L3		ortholog_one2many
CCDC33	CCDC33	ortholog_one2one
NUTM2F		ortholog_one2many
NCOA3	NCOA3	ortholog_one2one
PROSER1	PROSER1	ortholog_one2one
FAM240B	FAM240B	ortholog_one2one
RN7SL75P	Metazoa_SRP	ortholog_one2one
FOXD4L5		ortholog_one2many
FOXD4L4		ortholog_one2many
GOLGA6D	GOLGA2	ortholog_one2many
MIR31	MIR31	ortholog_one2one
SNORD39	SNORD39	ortholog_many2many
RN7SL151P	Metazoa_SRP	ortholog_one2many
SNORD62	SNORD62	ortholog_one2many
RLN1		ortholog_one2many
MIR876	MIR876	ortholog_one2one
MIR873	MIR873	ortholog_one2one
RN7SKP225	7SK	ortholog_one2one
OR13D1		ortholog_one2many
CKAP2	CKAP2	ortholog_one2one
COLEC12	COLEC12	ortholog_one2one
BACH1	BACH1	ortholog_one2one
RN7SKP191	7SK	ortholog_one2many
MIRLET7A1	MIRLET7A1	ortholog_one2one
MIRLET7F1	MIRLET7F1	ortholog_one2one
MIRLET7D	MIRLET7D	ortholog_one2one
PHEX	PHEX	ortholog_one2one
SS18	SS18	ortholog_one2one
ADAMTS1	ADAMTS1	ortholog_one2one
SLC7A1	SLC7A1	ortholog_one2one
TRPM1	TRPM1	ortholog_one2one
RN7SL328P	Metazoa_SRP	ortholog_one2many
SYNJ1	SYNJ1	ortholog_one2one
CASK	CASK	ortholog_one2one
CYSRT1	CYSRT1	ortholog_one2one
IRS2	IRS2	ortholog_one2one
TNFSF11	TNFSF11	ortholog_one2one
CCDC187	CCDC187	ortholog_one2one
FREM2	FREM2	ortholog_one2one
	snoU109	ortholog_one2one
KLF12	KLF12	ortholog_one2one
CBR3	CBR3	ortholog_one2one
MIR184		ortholog_one2many
DIP2A	DIP2A	ortholog_one2one
CNTNAP3C		ortholog_one2many
LCP1	LCP1	ortholog_one2one
RN7SL570P	Metazoa_SRP	ortholog_one2one
RNU2-5P	U2	ortholog_one2one
RN7SKP47	7SK	ortholog_one2one
RNU6-445P	U6	ortholog_one2one
PCDH17	PCDH17	ortholog_one2one
SLITRK5	SLITRK5	ortholog_one2one
CHGB	CHGB	ortholog_one2one
USP12	USP12	ortholog_one2many
USP12		ortholog_one2many
VPREB1	VPREB1	ortholog_one2one
CELSR1	CELSR1	ortholog_one2one
GMEB2	GMEB2	ortholog_one2one
BCL2	BCL2	ortholog_one2one
FOXD4L6		ortholog_one2many
SKA3	SKA3	ortholog_one2one
INO80C	INO80C	ortholog_one2one
NKX2-4	NKX2-4	ortholog_one2one
SRXN1	SRXN1	ortholog_one2one
MRPS26	MRPS26	ortholog_one2one
SALL4	SALL4	ortholog_one2one
SLC14A2	SLC14A2	ortholog_one2one
RAB20	RAB20	ortholog_one2one
FLT1	FLT1	ortholog_one2one
WFDC10A	WFDC10A	ortholog_one2one
MYH9	MYH9	ortholog_one2one
LAMA5	LAMA5	ortholog_one2one
NETO1	NETO1	ortholog_one2one
GATA6	GATA6	ortholog_one2one
DSG2	DSG2	ortholog_one2one
SOX18	SOX18	ortholog_one2one
ZHX3	ZHX3	ortholog_one2one
FRY	FRY	ortholog_one2one
KCNQ2	KCNQ2	ortholog_one2one
SNORD107	SNORD107	ortholog_one2one
SNORD64	SNORD64	ortholog_one2one
SNORD109A	SNORD109A	ortholog_one2many
SNORD116-1	SNORD116	ortholog_one2many
SNORD116-2	SNORD116	ortholog_one2many
SNORD116-3	SNORD116	ortholog_one2many
SNORD116-4	SNORD116	ortholog_one2many
SNORD116-5	SNORD116	ortholog_one2many
SNORD116-6	SNORD116	ortholog_one2many
SNORD116-7	SNORD116	ortholog_one2many
SNORD116-8	SNORD116	ortholog_one2many
SNORD116-9	SNORD116	ortholog_one2many
SNORD116-10	SNORD116	ortholog_one2one
SNORD116-11	SNORD116	ortholog_many2many
SNORD116-12	SNORD116	ortholog_many2many
SNORD116-13	SNORD116	ortholog_many2many
SNORD116-14	SNORD116	ortholog_many2many
SNORD116-15	SNORD116	ortholog_many2many
SNORD116-16	SNORD116	ortholog_many2many
SNORD116-17	SNORD116	ortholog_many2many
SNORD116-18	SNORD116	ortholog_many2many
SNORD116-19	SNORD116	ortholog_many2many
SNORD116-20	SNORD116	ortholog_many2many
SNORD116-21	SNORD116	ortholog_many2many
SNORD116-22	SNORD116	ortholog_many2many
SNORD116-23	SNORD116	ortholog_many2many
SNORD116-24	SNORD116	ortholog_many2many
SNORD116-25	SNORD116	ortholog_one2many
SNORD116-28	SNORD116	ortholog_one2many
IMPACT	IMPACT	ortholog_one2one
SLC9D1	TMCO3	ortholog_one2one
MBP	MBP	ortholog_one2one
CRYBB3	CRYBB3	ortholog_one2one
DYRK1A	DYRK1A	ortholog_one2one
GTPBP1	GTPBP1	ortholog_one2one
RN7SL677P	Metazoa_SRP	ortholog_one2one
ZMAT5	ZMAT5	ortholog_one2one
RNF125	RNF125	ortholog_one2one
ZNRF3	ZNRF3	ortholog_one2one
AFG3L2	AFG3L2	ortholog_one2one
ADAMTS5	ADAMTS5	ortholog_one2one
NFS1	NFS1	ortholog_one2one
HUNK	HUNK	ortholog_one2one
HORMAD2	HORMAD2	ortholog_one2one
OLIG2	OLIG2	ortholog_one2one
NALCN	NALCN	ortholog_one2one
GTSE1	GTSE1	ortholog_one2one
ATP7A	ATP7A	ortholog_one2one
GLYATL3	GLYATL3	ortholog_one2one
CYYR1	CYYR1	ortholog_one2one
DGCR6L	DGCR6L	ortholog_one2many
GFRAL	GFRAL	ortholog_one2one
EVA1C	EVA1C	ortholog_one2one
RSPH14	RSPH14	ortholog_one2one
DZANK1	DZANK1	ortholog_one2one
MPHOSPH8	MPHOSPH8	ortholog_one2one
THAP7	THAP7	ortholog_one2one
TINAG	TINAG	ortholog_one2one
ADA2	ADA2	ortholog_one2one
CNMD	CNMD	ortholog_one2one
TRAPPC3L	TRAPPC3L	ortholog_one2one
ZIC3	ZIC3	ortholog_one2one
TAAR2	TAAR2	ortholog_one2one
HS3ST4	HS3ST4	ortholog_one2one
ADCYAP1	ADCYAP1	ortholog_one2one
SMAD4		ortholog_one2many
SMAD4	SMAD4	ortholog_one2many
CHAF1B	CHAF1B	ortholog_one2one
PNCK	PNCK	ortholog_one2one
OPRM1	OPRM1	ortholog_one2one
KATNAL1	KATNAL1	ortholog_one2one
FOXC2	FOXC2	ortholog_one2one
CYB5A	CYB5A	ortholog_one2one
AKAP11	AKAP11	ortholog_one2one
ADAMTS18	ADAMTS18	ortholog_one2one
RPN2	RPN2	ortholog_one2one
SAMSN1	SAMSN1	ortholog_one2one
PDX1	PDX1	ortholog_one2one
TSC22D1	TSC22D1	ortholog_one2one
LZTR1	LZTR1	ortholog_one2one
ZNF396	ZNF396	ortholog_one2one
RNU4-58P	U4	ortholog_one2many
RN7SKP233	7SK	ortholog_one2one
CLDN9	CLDN9	ortholog_one2one
SMCHD1	SMCHD1	ortholog_one2one
RNU1-22P	U1	ortholog_one2one
POMP	POMP	ortholog_one2one
CSTB	CSTB	ortholog_one2one
C16orf90	C16orf90	ortholog_one2one
SH3BGR	SH3BGR	ortholog_one2one
OLIG3		ortholog_one2many
OLIG3	OLIG3	ortholog_one2many
TEX29	TEX29	ortholog_one2one
SNORA30	SNORA30	ortholog_one2one
RN7SL332P	Metazoa_SRP	ortholog_one2many
	SNORD46	ortholog_one2many
5S_rRNA	5S_rRNA	ortholog_one2many
RNU6-801P	U6	ortholog_one2one
RNU6-150P	U6	ortholog_one2one
RNU6-930P	U6	ortholog_one2one
RNU6-754P	U6	ortholog_one2one
RN7SL580P	Metazoa_SRP	ortholog_one2many
FGF9	FGF9	ortholog_one2one
RNU6-261P	U6	ortholog_one2one
RNU6-84P	U6	ortholog_one2many
RNU6-130P	U6	ortholog_one2one
RN7SKP256	7SK	ortholog_one2one
	SNORA18	ortholog_one2one
RN7SL643P	Metazoa_SRP	ortholog_one2many
RN7SL415P	Metazoa_SRP	ortholog_many2many
	SNORA33	ortholog_one2many
LATS2	LATS2	ortholog_one2one
RNU4-66P	U4	ortholog_one2one
RN7SL797P	Metazoa_SRP	ortholog_one2one
RNU6-1299P	U6	ortholog_one2one
MIR2113	MIR2113	ortholog_one2one
RNU6-1106P	U6	ortholog_one2one
RNU6-214P	U6	ortholog_one2one
ELAC1	ELAC1	ortholog_one2one
RN7SKP18	7SK	ortholog_one2many
PCBP3	PCBP3	ortholog_one2one
RNU6-897P	U6	ortholog_one2one
RNU6-1226P	U6	ortholog_one2one
RN7SKP51	7SK	ortholog_one2many
RN7SKP56	7SK	ortholog_one2one
RNU6-253P	U6	ortholog_one2one
RNU4-76P	U4	ortholog_one2many
RNU6-475P	U6	ortholog_one2many
RNU1-18P	U1	ortholog_one2one
SNORD101	SNORD101	ortholog_one2one
SNORD100	SNORD100	ortholog_one2one
SNORA33	SNORA33	ortholog_one2many
RNU6-328P	U6	ortholog_one2one
RNU6-896P	U6	ortholog_one2one
RNU2-8P	U2	ortholog_one2one
RN7SL564P	Metazoa_SRP	ortholog_one2one
SNORD28B	SNORD28	ortholog_one2one
	SNORA2	ortholog_one2one
GJA10	GJA10	ortholog_one2one
IFT88	IFT88	ortholog_one2one
CASP8AP2	CASP8AP2	ortholog_one2one
CBX7	CBX7	ortholog_one2one
PIK3C3	PIK3C3	ortholog_one2one
RNU1-33P	U1	ortholog_one2one
7SK	7SK	ortholog_one2one
RN7SL244P	Metazoa_SRP	ortholog_one2many
RNU6-464P	U6	ortholog_one2one
TFAP2D	TFAP2D	ortholog_one2one
RNU6-391P	U6	ortholog_one2one
DENND6B	DENND6B	ortholog_one2one
SNORD32B	SNORD33	ortholog_many2many
GPR139	GPR139	ortholog_one2one
ADGRG2	ADGRG2	ortholog_one2one
ZNF469	ZNF469	ortholog_one2one
GCM2	GCM2	ortholog_one2one
C18orf54	C18orf54	ortholog_one2one
SNORA20	SNORA20	ortholog_one2one
SNORA29	SNORA29	ortholog_one2one
EXOSC6	EXOSC6	ortholog_one2one
KHDC1L		ortholog_many2many
SNORD111B	SNORD111	ortholog_one2one
SNORD111	SNORD111	ortholog_one2one
GUCA1B	GUCA1B	ortholog_one2one
DUXB	DUXB	ortholog_one2one
RNU6-824P	U6	ortholog_many2many
U8	U8	ortholog_one2one
NOX3	NOX3	ortholog_one2one
RN7SL493P	Metazoa_SRP	ortholog_one2many
RNU6-359P	U6	ortholog_one2one
DDX28		ortholog_one2one
CDSN	CDSN	ortholog_one2one
RNU6-1262P	U6	ortholog_one2one
PRR18	PRR18	ortholog_one2one
RNU4-36P	U4	ortholog_one2one
RN7SL221P	Metazoa_SRP	ortholog_one2one
SLC35D4	TMEM241	ortholog_one2one
HS3ST6	HS3ST6	ortholog_one2one
TEKT5	TEKT5	ortholog_one2one
H3C3	H3C3	ortholog_one2one
H1-4	H1-4	ortholog_one2one
H2BC6		ortholog_one2many
TMPRSS3	TMPRSS3	ortholog_one2one
H4C4		ortholog_many2many
SNORA75	SNORA75	ortholog_one2many
MCCD1	MCCD1	ortholog_one2one
SNORD117	SNORD83	ortholog_one2one
SNORD84	SNORD83	ortholog_one2one
SNORA38	SNORA38	ortholog_one2one
MICAL3	MICAL3	ortholog_one2one
MIR484	MIR484	ortholog_one2one
LY6G6C	LY6G6C	ortholog_one2one
SNORD68	snoMBII-202	ortholog_one2one
OBI1	OBI1	ortholog_one2one
RNU6-1153P	U6	ortholog_one2one
MED4	MED4	ortholog_one2one
RNY4P3	Y_RNA	ortholog_one2one
MIR138-2	MIR138-2	ortholog_one2one
RBP3	RBP3	ortholog_one2one
RNU1-123P	U1	ortholog_one2one
RNU6-975P	U6	ortholog_one2many
RN7SL827P	Metazoa_SRP	ortholog_one2many
ONECUT3	ONECUT3	ortholog_one2one
RNU6-283P	U6	ortholog_one2many
RN7SKP299	7SK	ortholog_one2one
	SNORA27	ortholog_one2many
RFXAP	RFXAP	ortholog_one2one
RNU6-213P	U6	ortholog_one2many
FLT3	FLT3	ortholog_one2one
SNORA80C	SNORA42	ortholog_one2one
SEPHS2		ortholog_one2one
CAPN11	CAPN11	ortholog_one2one
CYP26C1	CYP26C1	ortholog_one2one
RNU6-1043P	U6	ortholog_one2one
DNTTIP1	DNTTIP1	ortholog_one2one
TEKTL1	TEKTL1	ortholog_one2one
C16orf78	C16orf78	ortholog_one2one
CYP4F8		ortholog_one2one
ICOSLG	ICOSLG	ortholog_one2one
CSTF2T		ortholog_one2many
CSTF2T	CSTF2T	ortholog_one2many
SNORD48	SNORD48	ortholog_one2one
RNU6-730P	U6	ortholog_one2one
ATP8B1	ATP8B1	ortholog_one2one
CASP14	CASP14	ortholog_one2one
MPIG6B	MPIG6B	ortholog_one2one
RAP2A	RAP2A	ortholog_one2one
SNORA3C	SNORA3	ortholog_one2many
BTBD16	BTBD16	ortholog_one2one
SACS	SACS	ortholog_one2one
URB1	URB1	ortholog_one2one
PDILT	PDILT	ortholog_one2one
RNU6-269P	U6	ortholog_many2many
RNU6-1110P	U6	ortholog_many2many
RNU6-103P	U6	ortholog_one2many
SNORA46	SNORA46	ortholog_one2one
SNORA50A	SNORA76	ortholog_one2one
SNORA50A	SNORA50	ortholog_one2one
GPR26	GPR26	ortholog_one2one
RN7SKP204	7SK	ortholog_one2one
RNU6-208P	U6	ortholog_one2one
SNORD71	SNORD71	ortholog_one2one
PNPLA1	PNPLA1	ortholog_one2one
UPF3A		ortholog_one2one
ZNF729		ortholog_one2many
RNU6-163P	U6	ortholog_one2one
RNU6-889P	U6	ortholog_one2one
RNU6-1212P	U6	ortholog_one2one
	SNORA40	ortholog_one2many
RN7SKP219	7SK	ortholog_one2one
RN7SKP37	7SK	ortholog_one2one
RNU6-632P	U6	ortholog_one2one
ASCC2	ASCC2	ortholog_one2one
RNU6-543P	U6	ortholog_one2many
MIR1296	MIR1296	ortholog_one2one
RNU6-478P	U6	ortholog_one2many
MIR346	MIR346	ortholog_one2one
RNU6-129P	U6	ortholog_one2one
RNU5B-6P	U5	ortholog_one2one
RNU6-463P	U6	ortholog_one2many
RNU2-59P	U2	ortholog_one2one
RNU7-24P	U7	ortholog_one2many
MIR146B	MIR146B	ortholog_one2one
PTPN2	PTPN2	ortholog_one2one
RNU6-15P	U6	ortholog_one2one
RNU6-740P	U6	ortholog_one2one
SNORA74C-2	SNORA74	ortholog_one2many
RN7SL183P	Metazoa_SRP	ortholog_one2many
SPACA1	SPACA1	ortholog_one2one
SETD4	SETD4	ortholog_one2one
PKD1L3	PKD1L3	ortholog_one2one
RN7SL591P	Metazoa_SRP	ortholog_one2one
SNORA73	SNORA73	ortholog_one2one
H2AC16	H2AC11	ortholog_one2one
H1-5	H1-5	ortholog_one2one
H3C11		ortholog_one2many
H4C13		ortholog_one2one
PIGT	PIGT	ortholog_one2one
	ZNRD1-AS1_2	ortholog_one2one
SKIDA1	SKIDA1	ortholog_one2one
RNU6-306P	U6	ortholog_one2many
NPS	NPS	ortholog_one2one
RNU6-946P	U6	ortholog_one2many
RNU2-24P	U2	ortholog_one2one
RNU7-12P	U7	ortholog_one2many
RNU6-1274P	U6	ortholog_one2one
RN7SL445P	Metazoa_SRP	ortholog_one2one
RPEL1		ortholog_one2many
MIR1307	MIR1307	ortholog_one2one
RNU6-657P	U6	ortholog_one2one
RNU1-34P	U1	ortholog_one2one
SPART	SPART	ortholog_one2one
RNU6-898P	U6	ortholog_one2one
H2AC7	H2AC7	ortholog_one2one
SNORA10	SNORA64	ortholog_one2many
SNORA64	SNORA64	ortholog_one2one
SNORA78	ACA64	ortholog_one2many
H3C7		ortholog_one2many
UQCC4	UQCC4	ortholog_one2one
H2BC10		ortholog_one2many
RNU6-626P	U6	ortholog_one2one
LIPM	LIPM	ortholog_one2one
TMEM114	TMEM114	ortholog_one2one
FAM217A	FAM217A	ortholog_one2one
RN7SL63P	Metazoa_SRP	ortholog_one2one
THAP11	THAP11	ortholog_one2one
CABP5	CABP5	ortholog_one2one
RNU6-883P	U6	ortholog_one2one
CTRL	CTRL	ortholog_one2one
RNY4P20	Y_RNA	ortholog_one2many
H4C3		ortholog_one2many
CTAGE9	MIA2	ortholog_one2many
MAGEA8		ortholog_one2many
MMGT1		ortholog_one2many
SNORA74C-1	SNORA74	ortholog_one2many
DEFB114	DEFB114	ortholog_one2one
DPEP2NB	DPEP2NB	ortholog_one2one
RN7SL70P	Metazoa_SRP	ortholog_one2one
DEFB113	DEFB113	ortholog_one2one
RNF128	RNF128	ortholog_one2one
DEFB110	DEFB110	ortholog_one2one
TPGS2	TPGS2	ortholog_one2one
RNU7-125P	U7	ortholog_one2many
PTCHD3	PTCHD3	ortholog_one2one
RNY4P10	Y_RNA	ortholog_one2many
RN7SL364P	Metazoa_SRP	ortholog_one2many
PIR	PIR	ortholog_one2one
IRF2BP1	IRF2BP1	ortholog_one2one
RNU1-103P	U1	ortholog_one2one
RNY3P12	Y_RNA	ortholog_one2one
	SNORA36	ortholog_one2one
MIR320A	MIR320A	ortholog_one2one
RNU6-805P	U6	ortholog_one2one
RNU4-72P	U4	ortholog_one2one
RNU4-12P	U4	ortholog_one2one
RN7SKP241	7SK	ortholog_one2many
SNORD23	SNORD23	ortholog_one2one
RNU6-697P	U6	ortholog_many2many
MIR193B	MIR193B	ortholog_one2one
MIR365A	MIR365A	ortholog_one2one
SORCS3	SORCS3	ortholog_one2one
SNORD88B	SNORD88	ortholog_one2many
SNORD88A	SNORD88	ortholog_one2many
SNORD88C	SNORD88	ortholog_one2one
HIPK4	HIPK4	ortholog_one2one
RNU7-107P	U7	ortholog_one2one
IFNL2		ortholog_one2many
RN7SL78P	Metazoa_SRP	ortholog_one2one
KLLN	KLLN	ortholog_one2one
NMBR	NMBR	ortholog_one2one
IZUMO1	IZUMO1	ortholog_one2one
H3C10	H3C10	ortholog_one2one
RNU6-270P	U6	ortholog_one2many
RNU1-61P	U1	ortholog_one2many
PRSS53	PRSS53	ortholog_one2one
SLC18A3	SLC18A3	ortholog_one2one
EIF5AL1	EIF5A	ortholog_one2many
RNU1-19P	U1	ortholog_one2one
H3C8		ortholog_one2many
H4C5		ortholog_one2many
SNORA62	SNORA62	ortholog_one2one
H2AC12		ortholog_one2one
IQSEC2	IQSEC2	ortholog_one2one
MIR107	MIR107	ortholog_one2one
RNY3P15	Y_RNA	ortholog_one2one
RN7SKP167	7SK	ortholog_one2one
GARIN5B	GARIN5B	ortholog_one2one
RN7SL220P	Metazoa_SRP	ortholog_one2one
FAM25G	FAM25A	ortholog_one2many
RNU6-444P	U6	ortholog_one2one
LIPK	LIPK	ortholog_one2one
NLRP9	NLRP9	ortholog_one2one
CALHM1	CALHM1	ortholog_one2one
RN7SKP109	7SK	ortholog_one2one
CALHM3	CALHM3	ortholog_one2one
RFPL4AL1		ortholog_one2many
RNU6-302P	U6	ortholog_one2one
SNORD60	SNORD60	ortholog_one2one
	snoR1	ortholog_one2one
MIR940	MIR940	ortholog_one2one
RN7SL477P	Metazoa_SRP	ortholog_one2one
CCDC68	CCDC68	ortholog_one2one
ZC3H11C	ZC3H11A	ortholog_one2many
NUTM2E		ortholog_one2many
PTTG1IP	PTTG1IP	ortholog_one2one
GPR180	GPR180	ortholog_one2one
RN7SKP288	7SK	ortholog_one2one
IL13RA1	IL13RA1	ortholog_one2one
SF3B5	SF3B5	ortholog_one2one
SNORD105	SNORD105	ortholog_one2one
SNORD105B	snoU105B	ortholog_one2one
S1PR2	S1PR2	ortholog_one2one
ITM2B	ITM2B	ortholog_one2one
SNORA11F	SNORA11	ortholog_one2many
RNU6-833P	U6	ortholog_one2many
WDR87	WDR87	ortholog_one2one
LRIT2	LRIT2	ortholog_one2one
MIR206	MIR206	ortholog_one2one
MIR133B	MIR133B	ortholog_one2one
VPS4B	VPS4B	ortholog_one2one
IL17A	IL17A	ortholog_one2one
IL17F	IL17F	ortholog_one2one
MIR99B	MIR99B	ortholog_one2one
MIRLET7E	MIRLET7E	ortholog_one2one
MIR125A	MIR125A	ortholog_one2one
KCNJ15	KCNJ15	ortholog_one2one
CACNG2	CACNG2	ortholog_one2one
PCDH8	PCDH8	ortholog_one2one
	SNORA14	ortholog_one2one
LY6G5C	LY6G5C	ortholog_one2one
RNU7-165P	U7	ortholog_one2one
OTUD1	OTUD1	ortholog_one2one
ESD	ESD	ortholog_one2one
WNT7B	WNT7B	ortholog_one2one
OR2I1	OR2I1P	ortholog_one2one
RNU6-193P	U6	ortholog_one2many
JUND		ortholog_one2many
JUND	JUND	ortholog_one2many
RN7SL384P	Metazoa_SRP	ortholog_one2one
APOBEC3C		ortholog_one2many
RNU1-88P	U1	ortholog_one2one
RN7SL234P	Metazoa_SRP	ortholog_many2many
ACSM6	ACSM6	ortholog_one2one
SEC14L3	SEC14L3	ortholog_one2one
MIR140	MIR140	ortholog_one2one
H2AC1	H2AC1	ortholog_one2one
H2BC1	H2BC1	ortholog_one2one
FAM170B	FAM170B	ortholog_one2one
KASH5	KASH5	ortholog_one2one
RNU6-1266P	U6	ortholog_one2one
GATD3	GATD3	ortholog_one2one
RNU6-1090P	U6	ortholog_one2one
PNLIP	PNLIP	ortholog_one2one
TTBK1	TTBK1	ortholog_one2one
CCDC22	CCDC22	ortholog_one2one
SERPINB8	SERPINB8	ortholog_one2one
PNLIPRP2	PNLIPRP2	ortholog_one2one
SOX10	SOX10	ortholog_one2one
RNU2-72P	U2	ortholog_one2one
SNORD32A	SNORD33	ortholog_many2many
SNORD33	SNORD33	ortholog_one2one
SNORD34	SNORD34	ortholog_one2one
SNORD35A	SNORD35	ortholog_one2one
SNORD35B	SNORD35	ortholog_one2one
MIR150	MIR150	ortholog_one2one
CRYBB2	CRYBB2	ortholog_one2one
RN7SL846P	Metazoa_SRP	ortholog_one2one
PPIL2	PPIL2	ortholog_one2one
MTUS2		ortholog_one2many
MTUS2	MTUS2	ortholog_one2many
ITGB2	ITGB2	ortholog_one2one
L3MBTL4	L3MBTL4	ortholog_one2one
RN7SL317P	Metazoa_SRP	ortholog_many2many
RNU6-698P	U6	ortholog_one2many
	SNORA27	ortholog_one2one
RNU6-845P	U6	ortholog_one2one
FGF14	FGF14	ortholog_one2one
WFIKKN1	WFIKKN1	ortholog_one2one
GJB6	GJB6	ortholog_one2one
MSLNL	MSLNL	ortholog_one2one
TERB1	TERB1	ortholog_one2one
ADGB	ADGB	ortholog_one2one
	SNORD60	ortholog_one2many
SNORD41	SNORD41	ortholog_one2one
JUNB	JUNB	ortholog_one2one
RNU6-1121P	U6	ortholog_one2one
RN7SL402P	Metazoa_SRP	ortholog_one2many
MIR24-2	MIR24-2	ortholog_one2one
MIR27A	MIR27A	ortholog_one2one
MIR23A	MIR23A	ortholog_one2one
MIR181C	MIR181C	ortholog_one2one
C19orf67	C19orf67	ortholog_one2one
MTRF1	MTRF1	ortholog_one2one
SNORA12	SNORA12	ortholog_one2one
RNU6-422P	U6	ortholog_one2many
HDX	HDX	ortholog_one2one
RNU7-140P	U7	ortholog_many2many
PROSER2	PROSER2	ortholog_one2one
GSK3A	GSK3A	ortholog_one2one
RNU6-1286P	U6	ortholog_one2many
RNU6-88P	U6	ortholog_one2one
	SNORD45	ortholog_one2one
RNU4-35P	U4	ortholog_one2many
CBY1	CBY1	ortholog_one2one
RN7SL285P	Metazoa_SRP	ortholog_one2many
SNORA19	SNORA19	ortholog_one2many
	SNORA19	ortholog_one2one
RN7SL749P	Metazoa_SRP	ortholog_one2one
TSPAN6	TSPAN6	ortholog_one2one
C10orf120	C10orf120	ortholog_one2one
RN7SKP116	7SK	ortholog_one2one
IMPA2	IMPA2	ortholog_one2one
RNU6-885P	U6	ortholog_one2one
CTSZ	CTSZ	ortholog_one2one
GABRR2	GABRR2	ortholog_one2one
RN7SL836P	Metazoa_SRP	ortholog_one2one
RNU6-140P	U6	ortholog_one2one
GJD4	GJD4	ortholog_one2one
FZD8	FZD8	ortholog_one2one
RBM11	RBM11	ortholog_one2one
CABLES1	CABLES1	ortholog_one2one
IRAK1	IRAK1	ortholog_one2one
PLA2G6	PLA2G6	ortholog_one2one
PCP4	PCP4	ortholog_one2one
RAD21L1	RAD21L1	ortholog_one2one
SOD1	SOD1	ortholog_one2one
RNU6-1307P	U6	ortholog_one2many
OR10H2		ortholog_one2many
PCDH20	PCDH20	ortholog_one2one
OR10H1		ortholog_one2many
DSG3	DSG3	ortholog_one2one
LNX2	LNX2	ortholog_one2one
KIAA1755	KIAA1755	ortholog_one2one
MYL12B	MYL12B	ortholog_one2one
ZNF443		ortholog_one2many
WNT8B	WNT8B	ortholog_one2one
ERG	ERG	ortholog_one2one
RNU2-18P	U2	ortholog_one2many
MIR371A	MIR371A	ortholog_one2one
CACNG8	CACNG8	ortholog_one2one
SLAIN1	SLAIN1	ortholog_one2one
OSBPL1A	OSBPL1A	ortholog_one2one
RN7SKP293	7SK	ortholog_one2many
FKBP1C	FKBP1A	ortholog_many2many
FKBP1C		ortholog_many2many
OR1M1	OR1M1	ortholog_one2one
H4C9		ortholog_one2many
OR7D4	OR7D4	ortholog_one2one
RNU7-133P	U7	ortholog_one2many
SLC17A9	SLC17A9	ortholog_one2one
EBPL	EBPL	ortholog_one2one
RN7SL823P	Metazoa_SRP	ortholog_one2many
HUS1B	HUS1B	ortholog_one2one
TMEM50B	TMEM50B	ortholog_one2one
RNU4-46P	U4	ortholog_one2one
B3GLCT	B3GLCT	ortholog_one2one
KLK9	KLK9	ortholog_one2one
RTL3	RTL3	ortholog_one2one
GAGE12D		ortholog_many2many
RN7SL471P	Metazoa_SRP	ortholog_one2one
UCHL3	UCHL3	ortholog_one2one
HTR1B	HTR1B	ortholog_one2one
BEX2		ortholog_one2many
RNU1-64P	U1	ortholog_one2one
RN7SL381P	Metazoa_SRP	ortholog_one2many
LILRA4		ortholog_many2many
LILRA4	LILRB4	ortholog_many2many
MFNG	MFNG	ortholog_one2one
RN7SL526P	Metazoa_SRP	ortholog_many2many
CATSPERD	CATSPERD	ortholog_one2one
SHROOM2	SHROOM2	ortholog_one2one
SNORD37	SNORD37	ortholog_one2one
N4BP2L1	N4BP2L1	ortholog_one2one
WFDC3	WFDC3	ortholog_one2one
SH2D1A	SH2D1A	ortholog_one2one
AMH	AMH	ortholog_one2one
H4C2		ortholog_many2many
MBD3L5		ortholog_one2many
H3C4		ortholog_one2many
PLXNB2	PLXNB2	ortholog_one2one
MBD3L4		ortholog_one2many
MBD3L2		ortholog_one2many
ZNF99		ortholog_one2many
ARHGEF9	ARHGEF9	ortholog_one2one
MBD3L3		ortholog_one2many
TM9SF4	TM9SF4	ortholog_one2one
HCN2	HCN2	ortholog_one2one
CCDC169	CCDC169	ortholog_one2one
PSPN	PSPN	ortholog_one2one
LYPD3	LYPD3	ortholog_one2one
SIGLEC14		ortholog_one2many
KLK4	KLK4	ortholog_one2one
SGCG	SGCG	ortholog_one2one
CEP192	CEP192	ortholog_one2one
RNU6-222P	U6	ortholog_one2one
CEACAM18	CEACAM18	ortholog_one2one
MIR330	MIR330	ortholog_one2one
SNORA68	SNORA68	ortholog_one2one
IFNGR2	IFNGR2	ortholog_one2one
TMTC4	TMTC4	ortholog_one2one
FAM187B	FAM187B	ortholog_one2one
VAMP7	VAMP7	ortholog_one2one
ERFL	ERFL	ortholog_one2one
RN7SL833P	Metazoa_SRP	ortholog_one2many
SELENOV	SELENOV	ortholog_one2one
ZC3H4	ZC3H4	ortholog_one2one
CDK5RAP1	CDK5RAP1	ortholog_one2one
MIR7-3	MIR7-3	ortholog_one2one
MRPS6	MRPS6	ortholog_one2one
EFNA2	EFNA2	ortholog_one2one
SDF2L1	SDF2L1	ortholog_one2one
BRD1	BRD1	ortholog_one2one
NUP58	NUP58	ortholog_one2one
RNU6-1337P	U6	ortholog_one2many
SIGLEC16	SIGLEC10	ortholog_one2many
RBBP7	RBBP7	ortholog_one2one
ME2		ortholog_one2many
ME2	ME2	ortholog_one2many
USP18	USP18	ortholog_one2one
COG3	COG3	ortholog_one2one
CEBPA	CEBPA	ortholog_one2one
ITSN1	ITSN1	ortholog_one2one
GATA1	GATA1	ortholog_one2one
RELCH	RELCH	ortholog_one2one
RRAGB	RRAGB	ortholog_one2one
PANX2	PANX2	ortholog_one2one
SBSN	SBSN	ortholog_one2one
ANKRD10	ANKRD10	ortholog_one2one
GAPDHS	GAPDHS	ortholog_one2one
NKX2-2	NKX2-2	ortholog_one2one
CHD6	CHD6	ortholog_one2one
SNX12	SNX12	ortholog_one2one
SGSM3	SGSM3	ortholog_one2one
RPS21	RPS21	ortholog_one2one
DPRX	DPRX	ortholog_one2one
ZDHHC9	ZDHHC9	ortholog_one2one
CAB39L	CAB39L	ortholog_one2one
NINL	NINL	ortholog_one2one
RN7SL146P	Metazoa_SRP	ortholog_one2one
SLC46A3	SLC46A3	ortholog_one2one
RAB27B	RAB27B	ortholog_one2one
CPLX4	CPLX4	ortholog_one2one
UTP14C		ortholog_one2many
SPMAP2	SPMAP2	ortholog_one2one
PDS5B	PDS5B	ortholog_one2one
TGIF1	TGIF1	ortholog_one2one
TMSB15A		ortholog_many2many
ZNF441		ortholog_one2many
MTMR1	MTMR1	ortholog_one2one
NDUFAF5	NDUFAF5	ortholog_one2one
ARHGAP28	ARHGAP28	ortholog_one2one
MSX1	MSX1	ortholog_one2one
TFDP1	TFDP1	ortholog_one2one
GPR42		ortholog_one2many
CTDP1	CTDP1	ortholog_one2one
ZFP92	ZFP92	ortholog_one2one
ZNF512B	ZNF512B	ortholog_one2one
TCEANC	TCEANC	ortholog_one2one
TTPAL	TTPAL	ortholog_one2one
TAF1		ortholog_one2many
LIPE	LIPE	ortholog_one2one
CIB3	CIB3	ortholog_one2one
OR10H5		ortholog_one2many
ZNF532	ZNF532	ortholog_one2one
DSTN	DSTN	ortholog_one2one
RBM10	RBM10	ortholog_one2one
MYH7B	MYH7B	ortholog_one2one
KCNJ6	KCNJ6	ortholog_one2one
SIAH3	SIAH3	ortholog_one2one
HMGB1	HMGB1	ortholog_one2one
PDXK	PDXK	ortholog_one2one
SMARCB1	SMARCB1	ortholog_one2one
TXNL1	TXNL1	ortholog_one2one
ABHD12	ABHD12	ortholog_one2one
TRIML1	TRIML1	ortholog_one2one
MIPEP	MIPEP	ortholog_one2one
SMIM11	SMIM11	ortholog_one2one
PAPOLB		ortholog_one2one
CCDC178	CCDC178	ortholog_one2one
PHF5A	PHF5A	ortholog_one2one
HEMK2	N6AMT1	ortholog_one2one
SNORA63	SNORA63	ortholog_one2one
SNORA75B	SNORA75	ortholog_one2many
KREMEN1	KREMEN1	ortholog_one2one
U6	U6	ortholog_one2many
RN7SL16P	Metazoa_SRP	ortholog_one2many
RN7SL101P	Metazoa_SRP	ortholog_one2one
RNU7-126P	U7	ortholog_one2many
RN7SKP199	7SK	ortholog_one2many
RNU6-220P	U6	ortholog_one2many
RNU6-699P	U6	ortholog_one2one
RNU6-191P	U6	ortholog_one2many
RNU1-63P	U1	ortholog_one2one
RNA5SP527	5S_rRNA	ortholog_one2one
RN7SKP28	7SK	ortholog_one2many
RNU6-462P	U6	ortholog_one2many
RNU6-551P	U6	ortholog_one2many
RNU6-34P	U6	ortholog_one2one
RN7SKP137	7SK	ortholog_one2many
RNU1-89P	U1	ortholog_one2one
RN7SKP253	7SK	ortholog_one2one
RNU4-79P	U4	ortholog_one2one
SAT1	SAT1	ortholog_one2one
RN7SKP105	7SK	ortholog_one2many
GTF3A	GTF3A	ortholog_one2one
	SNORD65	ortholog_one2one
RBBP8	RBBP8	ortholog_one2one
RN7SKP275	7SK	ortholog_one2many
RWDD2B	RWDD2B	ortholog_one2one
RNU6-668P	U6	ortholog_one2one
RAB22A	RAB22A	ortholog_one2many
RAB22A		ortholog_one2many
FAM227A	FAM227A	ortholog_one2one
ALG5	ALG5	ortholog_one2one
ENAM	ENAM	ortholog_one2one
MX2	MX2	ortholog_one2one
RNU6-891P	U6	ortholog_one2one
SSX5		ortholog_one2many
TRIOBP	TRIOBP	ortholog_one2one
DOK5	DOK5	ortholog_one2one
PLXNA3	PLXNA3	ortholog_one2one
RNU6-336P	U6	ortholog_one2many
TTLL9	TTLL9	ortholog_one2one
GIMD1	GIMD1	ortholog_one2one
RRP1	RRP1	ortholog_one2one
RNU6-1196P	U6	ortholog_one2many
IL2	IL2	ortholog_one2one
N4BP2L2	N4BP2L2	ortholog_one2one
MAP1LC3A	MAP1LC3A	ortholog_one2one
LIMK2	LIMK2	ortholog_one2one
RNU6-1096P	U6	ortholog_one2one
IGHV3OR15-7		ortholog_many2many
RNU6-531P	U6	ortholog_one2one
RN7SL311P	Metazoa_SRP	ortholog_one2many
RNU6-506P	U6	ortholog_one2one
	ACA64	ortholog_one2many
RN7SL492P	Metazoa_SRP	ortholog_one2many
TWSG1	TWSG1	ortholog_one2one
PRELID3A	PRELID3A	ortholog_one2one
NONO	NONO	ortholog_one2one
RN7SL681P	Metazoa_SRP	ortholog_one2many
RNU1-44P	U1	ortholog_one2many
POU4F2	POU4F2	ortholog_one2one
ZNF397	ZNF397	ortholog_one2one
RNU6-351P	U6	ortholog_one2one
IL21	IL21	ortholog_one2one
PLCB4	PLCB4	ortholog_one2one
RANBP1	RANBP1	ortholog_one2one
TAS2R5	TAS2R5	ortholog_one2one
TMEM229A	TMEM229A	ortholog_one2one
NKX1-1	NKX1-1	ortholog_one2one
RNU6-112P	U6	ortholog_one2one
ZAR1L	ZAR1L	ortholog_one2one
CPEB2	CPEB2	ortholog_one2one
RNU6-534P	U6	ortholog_one2many
ZC3H7B	ZC3H7B	ortholog_one2one
	SNORD56	ortholog_one2one
SNORD65C	SNORD65	ortholog_one2one
RNU6-438P	U6	ortholog_one2many
RN7SL132P	Metazoa_SRP	ortholog_one2one
RNU6-565P	U6	ortholog_one2many
RNU7-35P	U7	ortholog_one2many
RNU6-575P	U6	ortholog_one2many
SNORA5A	SNORA5	ortholog_one2one
ABCG1	ABCG1	ortholog_one2one
SNORA5C	SNORA5	ortholog_one2one
SNORA5B	SNORA5	ortholog_one2one
SNORA9	SNORA9	ortholog_one2one
RN7SKP218	7SK	ortholog_one2many
RNU2-29P	U2	ortholog_one2one
RNU1-14P	U1	ortholog_many2many
SNORA22B	SNORA22	ortholog_one2one
RNU6-417P	U6	ortholog_one2many
SNORA22	SNORA22	ortholog_one2many
SNORA15B-2	SNORA15	ortholog_one2many
TPD52L3	TPD52L3	ortholog_one2one
RNU6-313P	U6	ortholog_one2one
RN7SKP129	7SK	ortholog_one2one
RNU6-956P	U6	ortholog_one2one
	DLX6-AS1_1	ortholog_one2one
RNU6-581P	U6	ortholog_one2many
RN7SKP277	7SK	ortholog_one2one
RNU1-29P	U1	ortholog_one2one
RNU6-911P	U6	ortholog_one2many
RNU1-58P	U1	ortholog_one2one
RN7SKP174	7SK	ortholog_one2many
KCTD1	KCTD1	ortholog_one2one
ASIC5	ASIC5	ortholog_one2one
RN7SL496P	Metazoa_SRP	ortholog_one2many
LMF2	LMF2	ortholog_one2one
RNU6-204P	U6	ortholog_one2many
MIR25	MIR25	ortholog_one2one
MIR106B	MIR106B	ortholog_one2one
ANXA10	ANXA10	ortholog_one2one
SPMIP7	SPMIP7	ortholog_one2one
NEK5	NEK5	ortholog_one2one
DRC11L	IQCA1L	ortholog_one2one
RNU6-410P	U6	ortholog_one2one
TCF4	TCF4	ortholog_one2one
RN7SL822P	Metazoa_SRP	ortholog_one2one
SNORA75	SNORA75	ortholog_one2one
CCKAR	CCKAR	ortholog_one2one
DOP1B	DOP1B	ortholog_one2one
MIR653	MIR653	ortholog_one2one
CTAGE6	MIA2	ortholog_one2many
RN7SL400P	Metazoa_SRP	ortholog_one2many
TUBGCP3	TUBGCP3	ortholog_one2one
RRH	RRH	ortholog_one2one
RN7SL184P	Metazoa_SRP	ortholog_one2one
RNU6-818P	U6	ortholog_one2many
RNU6-1298P	U6	ortholog_many2many
	ST7-OT3_2	ortholog_one2one
DSPP	DSPP	ortholog_one2one
DEFB130A		ortholog_one2many
RNU6-733P	U6	ortholog_one2many
RN7SL728P	Metazoa_SRP	ortholog_one2one
RN7SL771P	Metazoa_SRP	ortholog_one2many
MIR335	MIR335	ortholog_one2one
RN7SKP237	7SK	ortholog_one2many
RNU6-197P	U6	ortholog_one2many
MIS18A	MIS18A	ortholog_one2one
RN7SL456P	Metazoa_SRP	ortholog_one2many
RNU6-1000P	U6	ortholog_one2one
	SNORD50	ortholog_one2one
MIR367	MIR367	ortholog_one2one
MIR302D	MIR302D	ortholog_one2one
MIR302A	MIR302A	ortholog_one2one
MIR302C	MIR302C	ortholog_one2one
PARVB	PARVB	ortholog_one2one
NDUFV3	NDUFV3	ortholog_one2one
C4orf54	C4orf54	ortholog_one2one
RNU6-145P	U6	ortholog_one2one
OTOP1	OTOP1	ortholog_one2one
	SNORD75	ortholog_one2many
TFF3	TFF3	ortholog_one2one
RNU7-54P	U7	ortholog_many2many
RNU6-907P	U6	ortholog_one2one
GBA3	GBA3	ortholog_one2one
TFF1	TFF1	ortholog_one2one
S100B	S100B	ortholog_one2one
RN7SL218P	Metazoa_SRP	ortholog_one2one
CSN2	CSN2	ortholog_one2one
NEUROG2	NEUROG2	ortholog_one2one
NPTXR	NPTXR	ortholog_one2one
TST	TST	ortholog_one2one
PKNOX1	PKNOX1	ortholog_one2one
DEFB108C		ortholog_one2many
RNU7-194P	U7	ortholog_one2many
MAB21L2	MAB21L2	ortholog_one2one
MIR3184	MIR3184	ortholog_one2one
TRBV7-4		ortholog_one2many
RN7SKP14	7SK	ortholog_one2one
SNORA72	SNORA72	ortholog_one2many
RNU6-703P	U6	ortholog_one2many
RNU6-914P	U6	ortholog_one2one
TRBV7-6		ortholog_one2many
TRBV7-7		ortholog_one2many
TRBV7-9		ortholog_one2many
PES1	PES1	ortholog_one2one
CLRN2	CLRN2	ortholog_one2one
GRXCR1	GRXCR1	ortholog_one2one
SNORA38B	SNORA38	ortholog_one2many
MIR590	MIR590	ortholog_one2one
	SNORA48	ortholog_one2one
PURB	PURB	ortholog_one2one
MIR4657	MIR4657	ortholog_one2one
ADRA2C	ADRA2C	ortholog_one2one
RNU4-64P	U4	ortholog_one2many
CXXC4	CXXC4	ortholog_one2one
UGGT2	UGGT2	ortholog_one2one
PTTG2	PTTG1	ortholog_one2many
SON	SON	ortholog_one2one
TRBC1		ortholog_many2many
SNORA48	SNORA48	ortholog_one2many
SNORD10	SNORD10	ortholog_one2one
SNORA67	SNORA67	ortholog_one2one
Vault	Vault	ortholog_one2one
MIR22	MIR22	ortholog_one2one
RNU6-11P	U6	ortholog_one2one
RN7SL549P	Metazoa_SRP	ortholog_one2one
GK3		ortholog_one2many
RNU6-1178P	U6	ortholog_one2many
FREM3	FREM3	ortholog_one2one
RN7SL306P	Metazoa_SRP	ortholog_one2many
SPPL2C	SPPL2C	ortholog_one2one
RNU6-392P	U6	ortholog_one2many
MIR490	MIR490	ortholog_one2one
RNU6-1313P	U6	ortholog_one2one
SERHL2	SERHL2	ortholog_one2one
GEMIN8	GEMIN8	ortholog_one2one
C21orf91	C21orf91	ortholog_one2one
SPEM3	SPEM3	ortholog_one2one
ZAR1	ZAR1	ortholog_one2one
RNU5E-3P	U5	ortholog_one2one
GUCY2D	GUCY2D	ortholog_one2one
CTAGE15	MIA2	ortholog_one2many
TCAF2C	TCAF2	ortholog_one2many
SNORD81	SNORD81	ortholog_one2one
RNU6-583P	U6	ortholog_one2one
RNY4P17	Y_RNA	ortholog_one2one
MFSD6L	MFSD6L	ortholog_one2one
VPS26C	DSCR3	ortholog_one2one
LONRF3	LONRF3	ortholog_one2one
RNU6-388P	U6	ortholog_one2many
LHFPL3	LHFPL3	ortholog_one2one
MYH8	MYH8	ortholog_one2one
RN7SL8P	Metazoa_SRP	ortholog_one2many
NDFIP2	NDFIP2	ortholog_one2one
RN7SL552P	Metazoa_SRP	ortholog_one2one
RNU6-469P	U6	ortholog_one2one
OR2A42		ortholog_one2many
OR2A1		ortholog_one2many
MYH4	MYH4	ortholog_one2one
TMPRSS11F	TMPRSS11F	ortholog_one2one
OR2A14	OR2A14	ortholog_one2one
TMPRSS11B	TMPRSS11B	ortholog_one2one
SHH	SHH	ortholog_one2one
RNU6-1065P	U6	ortholog_one2one
BTK	BTK	ortholog_one2one
MIR744	MIR744	ortholog_one2one
SF3A1	SF3A1	ortholog_one2one
RN7SL558P	Metazoa_SRP	ortholog_one2one
CARS2	CARS2	ortholog_one2one
SNORA74	SNORA74	ortholog_one2many
RN7SKP292	7SK	ortholog_one2one
CFAP184	CFAP184	ortholog_one2one
RN7SL569P	Metazoa_SRP	ortholog_one2one
RN7SKP36	7SK	ortholog_one2many
RNY3	Y_RNA	ortholog_one2one
RN7SKP30	7SK	ortholog_one2one
EXOC1L	EXOC1L	ortholog_one2one
RNU6-652P	U6	ortholog_one2many
RN7SL625P	Metazoa_SRP	ortholog_one2many
SNORD1C	snoR38	ortholog_one2one
SNORD1B	snoR38	ortholog_one2one
SNORD1A	snoR38	ortholog_one2one
RNY4P36	Y_RNA	ortholog_one2one
RNU6-97P	U6	ortholog_one2many
UBE2G2	UBE2G2	ortholog_one2one
RN7SL178P	Metazoa_SRP	ortholog_one2many
SCARNA16	SCARNA16	ortholog_one2one
RNU4-47P	U4	ortholog_one2many
MIR196B	MIR196B	ortholog_one2one
	HOXA11-AS1_1	ortholog_one2one
CDC45	CDC45	ortholog_one2one
HOXA13	HOXA13	ortholog_one2one
RNU6-682P	U6	ortholog_one2one
DTD1	DTD1	ortholog_one2one
FAM3B	FAM3B	ortholog_one2one
FZD9	FZD9	ortholog_one2one
RNU7-149P	U7	ortholog_one2many
MIR218-1	MIR218-1	ortholog_one2one
ABCB5	ABCB5	ortholog_one2one
PPEF2	PPEF2	ortholog_one2one
PRELID3B	PRELID3B	ortholog_one2many
PRELID3B		ortholog_one2many
GET1	GET1	ortholog_one2one
SLC15A5	SLC15A5	ortholog_one2one
RN7SL33P	Metazoa_SRP	ortholog_many2many
COMMD7	COMMD7	ortholog_one2one
OR2F2		ortholog_one2many
EPX	EPX	ortholog_one2one
SPMIP11	SPMIP11	ortholog_one2one
PCCA		ortholog_one2many
PCCA	PCCA	ortholog_one2many
SNORD4A	snoZ17	ortholog_one2one
SNORD42A	SNORD42	ortholog_one2one
SNORD4B	snoZ17	ortholog_one2one
SNORA22C	SNORA22	ortholog_one2many
SNORA15B-1	SNORA15	ortholog_one2many
MID1	MID1	ortholog_one2one
ZACN	ZACN	ortholog_one2one
LCA5L		ortholog_one2many
RNU7-143P	U7	ortholog_one2many
KRT76	KRT76	ortholog_one2one
MIR301A	MIR301A	ortholog_one2one
MIR132	MIR132	ortholog_one2one
MIR212	MIR212	ortholog_one2one
RNU6-1198P	U6	ortholog_one2many
SNORD73B	SNORD73	ortholog_one2one
SNORA14A	SNORA14	ortholog_one2one
SNORD73A	SNORD73	ortholog_one2one
STK4	STK4	ortholog_one2one
MIR3064	MIR3064	ortholog_one2one
RN7SKP35	7SK	ortholog_one2one
KRT2	KRT2	ortholog_one2one
RN7SKP136	7SK	ortholog_one2one
RNA5SP172	5S_rRNA	ortholog_one2many
ARL5C	ARL5C	ortholog_one2one
PPP6R2	PPP6R2	ortholog_one2one
SDK1	SDK1	ortholog_one2one
LRRIQ1	LRRIQ1	ortholog_one2one
MORC3	MORC3	ortholog_one2one
RNU6-938P	U6	ortholog_one2one
NAP1L5	NAP1L5	ortholog_one2one
POLR2A	POLR2A	ortholog_one2one
CCDC71L	CCDC71L	ortholog_one2one
CCER1	CCER1	ortholog_one2one
RNU6-625P	U6	ortholog_one2many
HCRT	HCRT	ortholog_one2one
SPDYE2B	SPDYE3	ortholog_one2many
KRT1	KRT1	ortholog_one2one
RNU6-526P	U6	ortholog_one2one
PROKR2	PROKR2	ortholog_one2one
RNU6-467P	U6	ortholog_one2many
SPDYE5	SPDYE3	ortholog_one2many
ASIC2	ASIC2	ortholog_one2one
SPDYE9	SPDYE3	ortholog_one2many
TNFRSF6B	TNFRSF6B	ortholog_one2one
TPH2	TPH2	ortholog_one2one
SPDYE11	SPDYE3	ortholog_one2many
ATP6AP1	ATP6AP1	ortholog_one2one
GABPA	GABPA	ortholog_one2one
SPDYE13	SPDYE3	ortholog_one2many
SPDYE15	SPDYE3	ortholog_one2many
SPDYE16	SPDYE3	ortholog_one2many
SPDYE17	SPDYE3	ortholog_one2many
RNA5SP443	5S_rRNA	ortholog_one2one
KRT25	KRT25	ortholog_one2one
TBX20	TBX20	ortholog_one2one
KRT27	KRT27	ortholog_one2one
KRT77	KRT77	ortholog_one2one
KRT28	KRT28	ortholog_one2one
ATG9B	ATG9B	ortholog_one2one
SCN4A	SCN4A	ortholog_one2one
TPX2	TPX2	ortholog_one2one
MIR124-1	MIR124-1	ortholog_one2one
FOXL3	FOXL3	ortholog_one2one
SNORD104	SNORND104	ortholog_one2one
SLITRK2	SLITRK2	ortholog_one2one
SNORA50C	SNORA76	ortholog_one2one
ASZ1	ASZ1	ortholog_one2one
HCCS	HCCS	ortholog_one2one
RNU6-840P	U6	ortholog_one2one
SPDYE6	SPDYE3	ortholog_one2many
FNDC8	FNDC8	ortholog_one2one
CTAGE8	MIA2	ortholog_one2many
KRTAP17-1	KRTAP17-1	ortholog_one2one
GRIFIN	GRIFIN	ortholog_one2one
CTAGE4	MIA2	ortholog_one2many
CDC14C	CDC14B	ortholog_one2many
RN7SKP198	7SK	ortholog_one2one
KRT37		ortholog_one2many
RN7SL416P	Metazoa_SRP	ortholog_one2many
MIR598	MIR598	ortholog_one2one
OR4D2	OR4D2	ortholog_one2one
SPDYE21	SPDYE3	ortholog_one2many
OR9A1P	OR9A1P	ortholog_one2one
PLCXD1	PLCXD1	ortholog_one2one
RNU6-1328P	U6	ortholog_one2one
RN7SL43P	Metazoa_SRP	ortholog_one2many
RNU6-979P	U6	ortholog_one2one
SPDYE2	SPDYE3	ortholog_one2many
DTNA	DTNA	ortholog_one2one
SPDYE12	SPDYE3	ortholog_one2many
TRGC2		ortholog_one2many
RN7SL507P	Metazoa_SRP	ortholog_one2many
RNU6-453P	U6	ortholog_one2one
RNU6-489P	U6	ortholog_one2many
MIR451A	MIR451A	ortholog_one2one
MIR144	MIR144	ortholog_one2one
USH1G	USH1G	ortholog_one2one
OR1D2		ortholog_one2one
TRGC1		ortholog_one2many
ABTB3	ABTB3	ortholog_one2one
MIR195	MIR195	ortholog_one2one
MIR497	MIR497	ortholog_one2one
TRBV15	TRBV15	ortholog_one2one
AGPAT3	AGPAT3	ortholog_one2one
GAB3	GAB3	ortholog_one2one
RNF17	RNF17	ortholog_one2one
KRT34	KRT34	ortholog_one2one
MIR148A	MIR148A	ortholog_one2one
RN7SL521P	Metazoa_SRP	ortholog_one2one
RN7SL716P	Metazoa_SRP	ortholog_one2one
ANKRD61	ANKRD61	ortholog_one2one
RNU4-13P	U4	ortholog_one2many
CD300LD	CD300LD	ortholog_one2one
DZIP1		ortholog_one2one
MIR29A	mmr-mir-29a	ortholog_one2one
MIR29B1	MIR29B1	ortholog_one2one
RNU6-1010P	U6	ortholog_one2one
KRTAP1-5		ortholog_one2many
KRTAP1-3		ortholog_one2many
OCM2		ortholog_one2many
KRTAP1-1		ortholog_one2many
CCDC201	CCDC201	ortholog_one2one
ANHX	ANHX	ortholog_one2one
ATG4A	ATG4A	ortholog_one2one
RNU6-389P	U6	ortholog_one2many
RNU6-275P	U6	ortholog_one2one
RNU6-837P	U6	ortholog_one2one
SEPTIN14	SEPTIN14	ortholog_one2one
RNU6-318P	U6	ortholog_one2many
RNU6-472P	U6	ortholog_one2one
	SNORA22	ortholog_one2one
RNU6-333P	U6	ortholog_one2many
RNU6-871P	U6	ortholog_one2one
	SNORA19	ortholog_one2many
RNU4-20P	U4	ortholog_one2many
RNU1-83P	U1	ortholog_one2many
	SNORA4	ortholog_one2one
RN7SKP172	7SK	ortholog_one2one
MIR331	MIR331	ortholog_one2one
RNU6-808P	U6	ortholog_one2one
RN7SL88P	Metazoa_SRP	ortholog_one2many
RN7SL483P	Metazoa_SRP	ortholog_one2many
RNU4-24P	U4	ortholog_many2many
RNU6-1183P	U6	ortholog_one2one
RNU5E-5P	U5	ortholog_one2many
RNU4-41P	U4	ortholog_one2one
RNU6-247P	U6	ortholog_one2one
	SNORD74	ortholog_one2one
MIR1302-1		ortholog_one2one
	SNORA38	ortholog_one2many
RNU6-1188P	U6	ortholog_one2one
RNU6-717P	U6	ortholog_one2one
SNORD7	snoZ30	ortholog_one2one
	SNORA40	ortholog_one2one
BACE2	BACE2	ortholog_one2one
LRCH1	LRCH1	ortholog_one2one
RNU6-879P	U6	ortholog_one2many
KRT38		ortholog_one2many
KRT32	KRT32	ortholog_one2one
RNU2-32P	U2	ortholog_one2one
NME8	NME8	ortholog_one2one
EDA	EDA	ortholog_one2one
KRT36	KRT36	ortholog_one2one
KRT35	KRT35	ortholog_one2one
IL31	IL31	ortholog_one2one
SNORA53	SNORA53	ortholog_one2one
OMG	OMG	ortholog_one2one
SPATA13	SPATA13	ortholog_one2one
ADAMDEC1	ADAMDEC1	ortholog_one2one
ZMYND8	ZMYND8	ortholog_one2one
RNU4-65P	U4	ortholog_one2many
RN7SL79P	Metazoa_SRP	ortholog_one2one
RN7SL45P	Metazoa_SRP	ortholog_one2one
MIR193A	MIR193A	ortholog_one2one
MIR365B	MIR365B	ortholog_one2one
VSIG1	VSIG1	ortholog_one2one
RN7SL441P	Metazoa_SRP	ortholog_one2one
MIRLET7I	MIRLET7I	ortholog_one2one
	CNPY1	ortholog_one2many
CXADR	CXADR	ortholog_one2one
RNU6-623P	U6	ortholog_one2many
TLR7	TLR7	ortholog_one2one
EPYC	EPYC	ortholog_one2one
KCND1	KCND1	ortholog_one2one
SNORD49B	SNORD49	ortholog_one2one
SNORD49A	SNORD49	ortholog_one2one
SNORD65	SNORD65	ortholog_one2one
HGH1	HGH1	ortholog_one2one
KRTAP1-4		ortholog_one2many
MIR96	MIR96	ortholog_one2one
MIR183	MIR183	ortholog_one2one
HSPB9	HSPB9	ortholog_one2one
RNU6-638P	U6	ortholog_one2one
DDN	DDN	ortholog_one2one
MUC5B		ortholog_one2one
GSG1L2	GSG1L2	ortholog_one2one
CHMP4C	CHMP4C	ortholog_one2one
RNU6-781P	U6	ortholog_one2one
MIR200C	MIR200C	ortholog_one2one
SCARNA12	snoU89	ortholog_one2one
RN7SL734P	Metazoa_SRP	ortholog_one2one
RNU6-866P	U6	ortholog_one2one
SLURP2	SLURP2	ortholog_one2one
GDF11	GDF11	ortholog_one2one
CDADC1	CDADC1	ortholog_one2one
SLC35G6	SLC35G6	ortholog_one2many
GPR142	GPR142	ortholog_one2one
GAGE13		ortholog_many2many
SLC35G3	SLC35G6	ortholog_one2many
EFCAB5	EFCAB5	ortholog_one2one
SDR9C7	SDR9C7	ortholog_one2one
APOO		ortholog_one2many
RNU6-1203P	U6	ortholog_one2one
SNORA9B	SNORA9	ortholog_one2one
FNTA	FNTA	ortholog_one2many
FNTA		ortholog_one2many
KPNA3	KPNA3	ortholog_one2one
CSNK2A3	CSNK2A1	ortholog_one2many
RN7SKP15	7SK	ortholog_many2many
FANCF	FANCF	ortholog_one2one
RNU7-169P	U7	ortholog_one2many
RN7SKP162	7SK	ortholog_one2one
KERA	KERA	ortholog_one2one
DONSON		ortholog_one2many
DONSON	DONSON	ortholog_one2many
CCL8	CCL8	ortholog_one2one
FJX1	FJX1	ortholog_one2one
RNU4-67P	U4	ortholog_one2one
CCL1	CCL1	ortholog_one2one
OR4C13		ortholog_one2many
RNU4-32P	U4	ortholog_one2one
RN7SKP250	7SK	ortholog_one2many
	SNORA9	ortholog_one2one
RNVU1-34	U1	ortholog_one2one
CRYBA1	CRYBA1	ortholog_one2one
SEBOX	SEBOX	ortholog_one2one
OR5L2		ortholog_many2many
ANKRD33	ANKRD33	ortholog_one2one
MAB21L1	MAB21L1	ortholog_one2one
SPDYE14	SPDYE3	ortholog_one2many
DLC1	DLC1	ortholog_one2one
MIR592	MIR592	ortholog_one2one
CPB2	CPB2	ortholog_one2one
SCGB1C2	SCGB1C1	ortholog_one2many
MIR153-2	MIR153-2	ortholog_one2one
RNU6-343P	U6	ortholog_one2many
HASPIN	HASPIN	ortholog_one2one
CFAP298		ortholog_one2many
CFAP298	CFAP298	ortholog_one2many
MIR148B	MIR148B	ortholog_one2one
SCARNA10	snoU85	ortholog_one2one
SSU72L6		ortholog_one2many
RNU6-405P	U6	ortholog_one2many
MIR129-1	MIR129-1	ortholog_one2one
RPRML	RPRML	ortholog_one2one
RN7SKP197	7SK	ortholog_one2one
KRTAP4-3	KRTAP4-3	ortholog_one2one
RNU5A-7P	U5	ortholog_one2one
KRTAP4-2		ortholog_one2many
KRTAP4-1		ortholog_one2many
KRTAP9-2		ortholog_many2many
KRTAP9-3		ortholog_many2many
KRTAP9-8		ortholog_many2many
KRTAP9-4		ortholog_many2many
KRTAP29-1	KRTAP29-1	ortholog_one2one
FIBIN	FIBIN	ortholog_one2one
KRTAP9-6		ortholog_many2many
OR5L1		ortholog_many2many
KRTAP9-7		ortholog_many2many
RNU6-927P	U6	ortholog_one2many
FGF3	FGF3	ortholog_one2one
RNU6-1192P	U6	ortholog_one2many
RNU6-1017P	U6	ortholog_one2many
RTL6	RTL6	ortholog_one2one
MPO	MPO	ortholog_one2one
APOBEC3F		ortholog_one2many
RN7SKP261	7SK	ortholog_one2one
PTPRQ	PTPRQ	ortholog_one2one
DDI1	DDI1	ortholog_one2one
MIR142	MIR142	ortholog_one2one
TYR	TYR	ortholog_one2one
NRG1	NRG1	ortholog_one2one
KRT26	KRT26	ortholog_one2one
FOXRED2	FOXRED2	ortholog_one2one
PPP1R3F	PPP1R3F	ortholog_one2one
LSS	LSS	ortholog_one2one
MMP8	MMP8	ortholog_one2one
U2	U2	ortholog_many2many
STK24	STK24	ortholog_one2one
NOG	NOG	ortholog_one2one
LHX5	LHX5	ortholog_one2one
GRIA3	GRIA3	ortholog_one2one
HEPHL1	HEPHL1	ortholog_one2one
SOST	SOST	ortholog_one2one
KCTD17	KCTD17	ortholog_one2one
TVP23C		ortholog_many2many
TVP23C	TVP23C	ortholog_many2many
SNORA15	SNORA15	ortholog_one2many
RN7SL769P	Metazoa_SRP	ortholog_one2many
TENM4	TENM4	ortholog_one2one
OR6C4	OR6C4	ortholog_one2one
RN7SL35P	Metazoa_SRP	ortholog_one2one
GNAT3	GNAT3	ortholog_one2one
OR6C75	OR6C75	ortholog_one2one
CRKL	CRKL	ortholog_one2one
ALG11	ALG11	ortholog_one2one
ATP1B4	ATP1B4	ortholog_one2one
ANP32D	ANP32A	ortholog_one2many
NPVF	NPVF	ortholog_one2one
	SNORD88	ortholog_one2one
ARVCF	ARVCF	ortholog_one2one
CABYR	CABYR	ortholog_one2one
PANX3	PANX3	ortholog_one2one
RNU6-1034P	U6	ortholog_one2many
SPDYE3	SPDYE3	ortholog_one2many
	SNORA1	ortholog_one2one
RNU6-783P	U6	ortholog_one2many
SLC15A1	SLC15A1	ortholog_one2one
RNU6-544P	U6	ortholog_many2many
MIR708	MIR708	ortholog_one2one
RNU7-59P	U7	ortholog_one2one
RNU6-16P	U6	ortholog_one2one
GLOD5	GLOD5	ortholog_one2one
RN7SKP279	7SK	ortholog_one2one
MIR326	MIR326	ortholog_one2one
GPR179	GPR179	ortholog_one2one
SNORD15A	SNORD15	ortholog_one2one
SNORD15B	SNORD15	ortholog_one2many
MS4A5	MS4A5	ortholog_one2one
GNL3L	GNL3L	ortholog_one2one
KRT3	KRT3	ortholog_one2one
RNU6-1104P	U6	ortholog_one2one
KRT4	KRT4	ortholog_one2one
MYO15B	MYO15B	ortholog_one2one
MIR192	MIR192	ortholog_one2one
SNORA62	SNORA62	ortholog_one2many
OR52R1	OR52R1	ortholog_one2one
OR51G1	OR51G1	ortholog_one2one
H2AJ	H2AJ	ortholog_one2one
OR52E2	OR52E2	ortholog_one2one
RNF148	RNF148	ortholog_one2one
SLC37A1	SLC37A1	ortholog_one2one
WNT1	WNT1	ortholog_one2one
NHLRC3	NHLRC3	ortholog_one2one
ACSM4	ACSM4	ortholog_one2one
H4C16		ortholog_one2one
OR52D1	OR52D1	ortholog_one2one
RNU6-1004P	U6	ortholog_one2one
TG	TG	ortholog_one2one
WBP4	WBP4	ortholog_one2one
HOXB1	HOXB1	ortholog_one2one
ALG12	ALG12	ortholog_one2one
MIR10A	MIR10A	ortholog_one2one
MIR196A1	MIR196A1	ortholog_one2one
OR52E6		ortholog_one2many
NXF2		ortholog_one2many
MIR26A2	MIR26A2	ortholog_one2one
DSC2	DSC2	ortholog_one2one
RN7SL42P	Metazoa_SRP	ortholog_one2many
RN7SL435P	Metazoa_SRP	ortholog_one2many
SNORA52	SNORA52	ortholog_one2one
RNU6-876P	U6	ortholog_one2one
RNU6-893P	U6	ortholog_one2many
PLET1	PLET1	ortholog_one2one
F7	F7	ortholog_one2one
CD69	CD69	ortholog_one2one
IGSF1	IGSF1	ortholog_one2one
RNU6-327P	U6	ortholog_one2many
RIDA	RIDA	ortholog_one2many
RIDA		ortholog_one2many
KCNA6	KCNA6	ortholog_one2one
OR4C46		ortholog_one2many
KCNA1	KCNA1	ortholog_one2one
RN7SL454P	Metazoa_SRP	ortholog_one2many
OR56B4	OR56B4	ortholog_one2one
RNU6-199P	U6	ortholog_many2many
RNU6-1306P	U6	ortholog_one2many
RNU6-45P	U6	ortholog_one2one
TPT1	TPT1	ortholog_one2one
UPB1	UPB1	ortholog_one2one
POFUT2	POFUT2	ortholog_one2one
SNORA54	SNORA54	ortholog_one2one
IDO2	IDO2	ortholog_one2one
RN7SKP50	7SK	ortholog_one2many
RN7SL756P	Metazoa_SRP	ortholog_one2many
CCDC85B	CCDC85B	ortholog_one2one
RNU2-4P	U2	ortholog_one2many
RNU6-406P	U6	ortholog_one2many
CATSPER1	CATSPER1	ortholog_one2one
RNU6-971P	U6	ortholog_one2one
ZNF407	ZNF407	ortholog_one2one
NEIL2	NEIL2	ortholog_one2one
KRT84	KRT84	ortholog_one2one
RN7SL735P	Metazoa_SRP	ortholog_one2many
MED14	MED14	ortholog_one2one
CD248	CD248	ortholog_one2one
RNU1-84P	U1	ortholog_one2many
KRT82	KRT82	ortholog_one2one
RNU6-1249P	U6	ortholog_one2one
RNU6-1243P	U6	ortholog_one2one
NOL4	NOL4	ortholog_one2one
KRT6C		ortholog_many2many
PRG3	PRG3	ortholog_one2one
KRT5	KRT5	ortholog_one2one
KRTAP9-1		ortholog_one2many
FZD2	FZD2	ortholog_one2one
DEFB108B		ortholog_one2many
KRT71	KRT71	ortholog_one2one
KRT73	KRT73	ortholog_one2one
SOX7	SOX7	ortholog_one2one
RIPK4	RIPK4	ortholog_one2one
	snoMBII-202	ortholog_one2many
PIGN	PIGN	ortholog_one2one
CYC1	CYC1	ortholog_one2one
PCNT	PCNT	ortholog_one2one
OR5F1		ortholog_one2one
OR5J2		ortholog_one2one
KRTAP9-9		ortholog_many2many
OR10Q1	OR10Q1	ortholog_one2one
ARHGEF7	ARHGEF7	ortholog_one2one
HOXC12	HOXC12	ortholog_one2one
	HOTAIR_3	ortholog_one2one
MIR196A2	MIR196A2	ortholog_one2one
MYO1H	MYO1H	ortholog_one2one
C17orf100	C17orf100	ortholog_one2one
RNU7-103P	U7	ortholog_one2many
RNU6-1315P	U6	ortholog_one2many
C17orf114	C17orf114	ortholog_one2one
RNU6-174P	U6	ortholog_one2one
SNORA70	SNORA70	ortholog_one2one
MAGED2	MAGED2	ortholog_one2one
CABIN1	CABIN1	ortholog_one2one
RNY4P13	Y_RNA	ortholog_one2one
RNU6-943P	U6	ortholog_one2one
SPNS3	SPNS3	ortholog_one2one
NCAM2	NCAM2	ortholog_one2one
RNU6-254P	U6	ortholog_one2one
MIR130A	MIR130A	ortholog_one2one
SNORD22	SNORD22	ortholog_one2one
SNORD26	SNORD26	ortholog_one2one
RNF170	RNF170	ortholog_one2one
RNA5SP343	5S_rRNA	ortholog_one2many
SNORD3D	ACEA_U3	ortholog_many2many
SNORA49	SNORA49	ortholog_one2many
RUNX1	RUNX1	ortholog_one2one
RN7SL351P	Metazoa_SRP	ortholog_one2many
SNORD97	SNORD97	ortholog_one2one
RNU2-53P	U2	ortholog_one2one
PMCH	PMCH	ortholog_one2one
COL6A2	COL6A2	ortholog_one2one
RN7SKP259	7SK	ortholog_many2many
OR8G3		ortholog_many2many
SGK2	SGK2	ortholog_one2one
C11orf71	C11orf71	ortholog_one2one
MMP10	MMP10	ortholog_one2one
RNU6-148P	U6	ortholog_one2one
LHFPL6	LHFPL6	ortholog_one2one
TANGO2	TANGO2	ortholog_one2one
MTNR1B	MTNR1B	ortholog_one2one
MATN2	MATN2	ortholog_one2one
SUGT1	SUGT1	ortholog_one2one
PATE3	PATE3	ortholog_one2one
RNU1-146P	U1	ortholog_one2many
SLC2A10	SLC2A10	ortholog_one2one
POF1B	POF1B	ortholog_one2one
SCGB1C1	SCGB1C1	ortholog_one2many
RN7SL838P	Metazoa_SRP	ortholog_one2many
IMPG2	IMPG2	ortholog_one2one
PSMF1	PSMF1	ortholog_one2one
DIS3	DIS3	ortholog_one2one
RNU7-170P	U7	ortholog_one2many
RPS4X		ortholog_one2one
U4	U4	ortholog_many2many
SNORA23	SNORA23	ortholog_one2one
DNAH17	DNAH17	ortholog_one2one
GPR27	GPR27	ortholog_one2one
LRRC10B	LRRC10B	ortholog_one2one
RNU6-1329P	U6	ortholog_one2one
RN7SL259P	Metazoa_SRP	ortholog_one2one
OR5AN1		ortholog_one2many
SOX14	SOX14	ortholog_one2one
TRPC4	TRPC4	ortholog_one2one
OR8J1		ortholog_many2many
GGT7	GGT7	ortholog_one2one
SNORA21	SNORA21	ortholog_one2one
HSF5	HSF5	ortholog_one2one
OR4C6		ortholog_one2many
OR56A4	OR56A4	ortholog_one2one
GRHL2	GRHL2	ortholog_one2one
SI	SI	ortholog_one2one
RN7SKP65	7SK	ortholog_many2many
OR5M3	OR5M3	ortholog_one2one
RNU6-977P	U6	ortholog_one2one
	SNORA3	ortholog_one2one
RNU1-117P	U1	ortholog_one2one
RNU6-262P	U6	ortholog_one2one
MSC	MSC	ortholog_one2one
SLC25A15	SLC25A15	ortholog_one2one
TGS1	TGS1	ortholog_one2one
ACE2	ACE2	ortholog_one2one
SAXO3		ortholog_one2one
OTOG	OTOG	ortholog_one2one
RN7SKP262	7SK	ortholog_one2one
FER1L6	FER1L6	ortholog_one2one
MZT1		ortholog_one2one
RNY4P6	Y_RNA	ortholog_one2one
GPR149	GPR149	ortholog_one2one
BAG4	BAG4	ortholog_one2one
CCDC122	CCDC122	ortholog_one2one
ZNF41	ZNF41	ortholog_one2one
OR52K2	OR52K2	ortholog_one2one
EEF1AKMT1	EEF1AKMT1	ortholog_one2one
TTC28	TTC28	ortholog_one2one
CLSTN2	CLSTN2	ortholog_one2one
SNORA2C	SNORA2	ortholog_one2one
SNORA2A	SNORA2	ortholog_one2one
SNORA2B	SNORA2	ortholog_one2one
OR5M1		ortholog_one2many
OR8B3		ortholog_one2many
ZNF343	ZNF343	ortholog_one2one
OR8B2		ortholog_one2many
UPK3A	UPK3A	ortholog_one2one
OR10A3	OR10A3	ortholog_one2one
TRIM42	TRIM42	ortholog_one2one
C1QTNF9	ADIF1	ortholog_one2many
OR5T1		ortholog_one2many
JAM2	JAM2	ortholog_one2one
PWWP3B	PWWP3B	ortholog_one2one
OR6A2		ortholog_one2many
RFLNB	RFLNB	ortholog_one2one
BORA	BORA	ortholog_one2one
SLC25A18	SLC25A18	ortholog_one2one
SNORA68B	SNORA68	ortholog_one2one
RN7SL789P	Metazoa_SRP	ortholog_one2one
RNU6-1194P	U6	ortholog_one2one
OR8J3		ortholog_many2many
RN7SL147P	Metazoa_SRP	ortholog_one2many
RNU1-42P	U1	ortholog_many2many
	SNORA43	ortholog_one2many
	ACEA_U3	ortholog_many2many
GIP	GIP	ortholog_one2one
RNU4-85P	U4	ortholog_many2many
TM2D2	TM2D2	ortholog_one2one
RNU6-815P	U6	ortholog_one2one
RNU6-243P	U6	ortholog_one2one
MIR128-2	MIR128-2	ortholog_one2one
RNU6-235P	U6	ortholog_one2many
RN7SKP22	7SK	ortholog_many2many
RNU7-119P	U7	ortholog_one2many
APP	APP	ortholog_one2one
RNU6-739P	U6	ortholog_one2one
RN7SL271P	Metazoa_SRP	ortholog_one2many
RNU6-873P	U6	ortholog_one2many
RNU6-826P	U6	ortholog_one2one
RNU2-28P	U2	ortholog_one2one
MIR152	MIR152	ortholog_one2one
RNU6-461P	U6	ortholog_one2one
RNU1-43P	U1	ortholog_one2one
PRPS2	PRPS2	ortholog_one2one
TYMS	TYMS	ortholog_one2one
RNU6-823P	U6	ortholog_one2one
RNU6-1284P	U6	ortholog_one2many
PDRG1	PDRG1	ortholog_one2one
RNU6-425P	U6	ortholog_one2many
RNU6-1294P	U6	ortholog_one2many
RNU1-100P	U1	ortholog_one2one
ACCSL	ACCSL	ortholog_one2one
RNU6-547P	U6	ortholog_one2one
SNORA63D	SNORA63	ortholog_one2one
RN7SKP40	7SK	ortholog_one2many
GJA3	GJA3	ortholog_one2one
RNU6-486P	U6	ortholog_one2one
RHOBTB2	RHOBTB2	ortholog_one2one
SNORA63E	SNORA63	ortholog_one2one
DNAJC15	DNAJC15	ortholog_one2one
ALX4	ALX4	ortholog_one2one
RNU6-865P	U6	ortholog_one2one
SNORA3A	SNORA3	ortholog_one2one
SNORA3B	SNORA3	ortholog_one2many
OSBPL2	OSBPL2	ortholog_one2one
FOXO4	FOXO4	ortholog_one2one
RNY1P12	Y_RNA	ortholog_one2many
ARK2C	ARK2C	ortholog_one2one
OVCH2	OVCH2	ortholog_one2one
SSX4		ortholog_one2many
COL4A2	COL4A2	ortholog_one2one
OR5D18		ortholog_one2one
EIF2S3B	EIF2S3B	ortholog_one2many
MIR425	MIR425	ortholog_one2one
MIR191	MIR191	ortholog_one2one
OR4A16		ortholog_one2one
OR2AG1		ortholog_one2one
PTGR3	PTGR3	ortholog_one2one
MRPL13	MRPL13	ortholog_one2one
DNASE1L1	DNASE1L1	ortholog_one2one
OR51T1	OR51T1	ortholog_one2one
OR8D2	OR8D2	ortholog_one2one
ATXN7L3B	ATXN7L3B	ortholog_one2one
OR5M10		ortholog_one2many
SOCS6	SOCS6	ortholog_one2one
	SNORD5	ortholog_one2one
OR5M11		ortholog_one2one
MIR1224	MIR1224	ortholog_one2one
OR5B21	OR5B21	ortholog_one2one
OR52H1		ortholog_one2many
USP50	USP50	ortholog_one2one
PMM1	PMM1	ortholog_one2one
	SNORD77	ortholog_one2one
IMP3	IMP3	ortholog_one2one
LEPROTL1	LEPROTL1	ortholog_one2one
SNORD14A	SNORD14	ortholog_one2one
SNORD14B	SNORD14	ortholog_one2many
CBR1		ortholog_one2many
OR5P2		ortholog_one2many
RNU6-855P	U6	ortholog_one2one
RN7SL57P	Metazoa_SRP	ortholog_one2many
RNU6-1175P	U6	ortholog_one2one
FAM43A	FAM43A	ortholog_one2one
COL4A1	COL4A1	ortholog_one2one
CFAP53	CFAP53	ortholog_one2one
AGBL2	AGBL2	ortholog_one2one
GRIK1	GRIK1	ortholog_one2one
DSG1	DSG1	ortholog_one2one
RN7SKP212	7SK	ortholog_one2one
RNU6-726P	U6	ortholog_many2many
USP29	USP29	ortholog_one2one
YWHAZ	YWHAZ	ortholog_one2one
ENOSF1	ENOSF1	ortholog_one2one
BCLAF3	BCLAF3	ortholog_one2one
TXN2	TXN2	ortholog_one2one
DUXA	DUXA	ortholog_one2one
TSPEAR	TSPEAR	ortholog_one2one
RN7SKP120	7SK	ortholog_one2many
MYBPC3	MYBPC3	ortholog_one2one
BSN	BSN	ortholog_one2one
TRAPPC10	TRAPPC10	ortholog_one2one
RNU6-1105P	U6	ortholog_one2one
SNORD2	SNORD2	ortholog_one2one
SNORA63B	SNORA63	ortholog_one2many
SNORA81	SNORA81	ortholog_one2one
SNORA4	SNORA4	ortholog_one2one
FOXL2	FOXL2	ortholog_one2one
SNRPB		ortholog_one2many
SNRPB	SNRPB	ortholog_one2many
PRR23A		ortholog_one2many
PRR23B		ortholog_one2many
PRR23C		ortholog_one2many
C11orf91	C5H11orf91	ortholog_one2one
APLNR	APLNR	ortholog_one2one
BCL2L13	BCL2L13	ortholog_one2one
RNU6-377P	U6	ortholog_one2one
POU2AF1	POU2AF1	ortholog_one2one
MIR15B	MIR15B	ortholog_one2one
MIR16-2	MIR16-2	ortholog_one2one
ACP4	ACP4	ortholog_one2one
ARL14	ARL14	ortholog_one2one
MIR34B	MIR34B	ortholog_one2one
MIR34C	MIR34C	ortholog_one2one
RN7SL397P	Metazoa_SRP	ortholog_one2many
GPR62	GPR62	ortholog_one2one
NAA16	NAA16	ortholog_one2one
SH3BGRL		ortholog_one2many
OR5T3		ortholog_one2many
HSPA12B	HSPA12B	ortholog_one2one
HSPA13	HSPA13	ortholog_one2one
DOK2	DOK2	ortholog_one2one
RN7SL688P	Metazoa_SRP	ortholog_one2one
LAS1L	LAS1L	ortholog_one2one
NLRP10	NLRP10	ortholog_one2one
UBASH3A	UBASH3A	ortholog_one2one
DGKH	DGKH	ortholog_one2one
RNU6-311P	U6	ortholog_one2many
RNU6-1	U6	ortholog_one2one
MIR135A1	MIR135A1	ortholog_one2one
BPNT2	BPNT2	ortholog_one2one
C3orf22		ortholog_one2one
RNU6-878P	U6	ortholog_one2many
MIF	MIF	ortholog_one2one
	snoZ40	ortholog_one2one
RN7SL182P	Metazoa_SRP	ortholog_many2many
CIMIP7	C3orf84	ortholog_one2one
EPCIP	EPCIP	ortholog_one2one
MORC2	MORC2	ortholog_one2one
CLRN1	CLRN1	ortholog_one2one
YBEY	YBEY	ortholog_one2one
TRIM49C		ortholog_one2many
TRIM64		ortholog_one2many
PDCD7	PDCD7	ortholog_one2one
SNORA7A	SNORA7	ortholog_many2many
RN7SKP90	7SK	ortholog_one2many
FUT4	FUT4	ortholog_one2one
TEX30	TEX30	ortholog_one2one
ZFYVE19	ZFYVE19	ortholog_one2one
RNU6-1107P	U6	ortholog_one2one
PTK2B	PTK2B	ortholog_one2one
KRTAP5-5		ortholog_one2one
ABCA7	ABCA7	ortholog_one2one
IQCF2	IQCF2	ortholog_one2one
IQCF5	IQCF5	ortholog_one2one
MIR885	MIR885	ortholog_one2one
CLIC6	CLIC6	ortholog_one2one
SEC23B		ortholog_one2many
RN7SL110P	Metazoa_SRP	ortholog_one2one
SLC37A4	SLC37A4	ortholog_one2one
SUPT20H	SUPT20H	ortholog_one2one
METTL4	METTL4	ortholog_one2one
MAP3K7CL	MAP3K7CL	ortholog_one2one
RNU1-20P	U1	ortholog_one2one
TTLL13	TTLL13	ortholog_one2one
TMEM89	TMEM89	ortholog_one2one
CELSR3	CELSR3	ortholog_one2one
EID1	EID1	ortholog_one2one
XAGE1A		ortholog_many2many
SRP14	SRP14	ortholog_one2one
ADNP2	ADNP2	ortholog_one2one
SFI1	SFI1	ortholog_one2one
C3orf80	C3orf80	ortholog_one2one
ASXL3	ASXL3	ortholog_one2one
EDA2R	EDA2R	ortholog_one2one
TMEM207	TMEM207	ortholog_one2one
TRIM64C		ortholog_one2many
RNU6-46P	U6	ortholog_one2one
DNAH1	DNAH1	ortholog_one2one
CKMT1A	CKMT1A	ortholog_one2many
ETS2	ETS2	ortholog_one2one
OR4X2		ortholog_one2many
OR52E8		ortholog_one2many
SALL3	SALL3	ortholog_one2one
C19orf81	C19orf81	ortholog_one2one
KIAA1328	KIAA1328	ortholog_one2one
OR10S1		ortholog_one2one
MIR129-2	MIR129-2	ortholog_one2one
C11orf96	C11orf96	ortholog_one2one
RN7SKP151	7SK	ortholog_one2many
UXT	UXT	ortholog_one2one
RNU6-277P	U6	ortholog_one2one
RN7SKP287	7SK	ortholog_one2one
RN7SL321P	Metazoa_SRP	ortholog_one2one
ST8SIA5	ST8SIA5	ortholog_one2one
OR5H8		ortholog_many2many
OR8G2P		ortholog_many2many
OR5H1		ortholog_many2many
MIR125B1	MIR125B1	ortholog_one2one
OR5H14		ortholog_many2many
MIRLET7A2	mmr-let-7a-2	ortholog_one2one
MIR100	MIR100	ortholog_one2one
OR5H6		ortholog_many2many
IQCH	IQCH	ortholog_one2one
FAM240A	FAM240A	ortholog_one2one
SNORD38C	SNORD38	ortholog_one2many
SNORD63	SNORD63	ortholog_one2one
CCT8	CCT8	ortholog_one2one
POU1F1	POU1F1	ortholog_one2one
POLI	POLI	ortholog_one2one
SELENOS	SELENOS	ortholog_one2one
SERPINA7	SERPINA7	ortholog_one2one
SNORA7B	SNORA7	ortholog_many2many
H1-8	H1-8	ortholog_one2one
GPR171	GPR171	ortholog_one2one
BMF	BMF	ortholog_one2one
GPR87	GPR87	ortholog_one2one
CD226	CD226	ortholog_one2one
C11orf42	C11orf42	ortholog_one2one
TOPAZ1	TOPAZ1	ortholog_one2one
PWP2	PWP2	ortholog_one2one
MIR26A1	MIR26A1	ortholog_one2one
SNORA58	SNORA58	ortholog_one2many
MS4A10	MS4A10	ortholog_one2one
ARHGEF6	ARHGEF6	ortholog_one2one
RNU6-492P	U6	ortholog_one2one
RN7SL172P	Metazoa_SRP	ortholog_one2one
TEX54	TEX54	ortholog_one2one
OR5H15		ortholog_many2many
NAPG	NAPG	ortholog_one2one
FOXB2	FOXB2	ortholog_one2one
	SNORD67	ortholog_one2one
SNORD67	SNORD67	ortholog_one2one
GLCE	GLCE	ortholog_one2one
MBD3L2B		ortholog_one2many
RNU6-560P	U6	ortholog_one2one
SNORA6	SNORA62	ortholog_one2many
HTR3C		ortholog_one2many
HTR3C	HTR3C	ortholog_one2many
SLC5A2	SLC5A2	ortholog_one2one
MX1	MX1	ortholog_one2one
HYPK	HYPK	ortholog_one2many
HYPK		ortholog_one2many
HTR3E	HTR3E	ortholog_one2one
MS4A18	MS4A18	ortholog_one2one
MISP3	MISP3	ortholog_one2one
OR52I1		ortholog_one2many
OR56A5	OR56A5	ortholog_one2one
TRO		ortholog_one2one
SSU72L5		ortholog_one2many
C1QTNF8	C1QTNF8	ortholog_one2one
SSU72L2		ortholog_one2many
SSU72L4		ortholog_one2many
CDH2	CDH2	ortholog_one2one
SSU72L3		ortholog_one2many
TLE7	TLE7	ortholog_one2one
SSU72L1		ortholog_one2many
RNA5SP535	5S_rRNA	ortholog_one2one
SAMD7	SAMD7	ortholog_one2one
MMP20	MMP20	ortholog_one2one
RGS19	RGS19	ortholog_one2one
RNU7-187P	U7	ortholog_one2many
RNU4-38P	U4	ortholog_one2many
LRRIQ4	LRRIQ4	ortholog_one2one
RNU2-35P	U2	ortholog_one2one
NCBP2AS2	NCBP2AS2	ortholog_one2one
RYBP	RYBP	ortholog_one2one
L3MBTL1	L3MBTL1	ortholog_one2one
RN7SL217P	Metazoa_SRP	ortholog_one2one
GLT6D1	GLT6D1	ortholog_one2one
RNU6-342P	U6	ortholog_one2one
RNU1-96P	U1	ortholog_one2many
OTOL1	OTOL1	ortholog_one2one
OR52I2		ortholog_one2many
ZNF598	ZNF598	ortholog_one2one
AJM1	AJM1	ortholog_one2one
RN7SKP234	7SK	ortholog_one2one
GABRR3	GABRR3	ortholog_one2one
SPIRE1	SPIRE1	ortholog_one2one
RN7SL23P	Metazoa_SRP	ortholog_one2many
RNU6-386P	U6	ortholog_one2one
RNU6-882P	U6	ortholog_one2many
SMIM44	SMIM44	ortholog_one2one
NEFL	NEFL	ortholog_one2one
BSX	BSX	ortholog_one2one
FANCI	FANCI	ortholog_one2one
SNORD14E	SNORD14	ortholog_one2one
SNORD14D	SNORD14	ortholog_one2one
SNORD14C	SNORD14	ortholog_one2one
IDH3B		ortholog_one2many
IDH3B	IDH3B	ortholog_one2many
CSMD1	CSMD1	ortholog_one2one
RNU5B-2P	U5	ortholog_one2many
RNU4-78P	U4	ortholog_one2one
RNU6-1094P	U6	ortholog_one2many
OR5AC2	OR5AC2	ortholog_one2one
OR5H2	OR5H2	ortholog_one2one
OR5K3		ortholog_one2many
OR5K3	OR5K3	ortholog_one2many
SLC6A8		ortholog_one2many
USP16	USP16	ortholog_one2one
CBFA2T3	CBFA2T3	ortholog_one2one
RNU6-1301P	U6	ortholog_one2many
RN7SL36P	Metazoa_SRP	ortholog_one2many
RNU6-25P	U6	ortholog_one2one
LCN15	LCN15	ortholog_one2one
KCNV1	KCNV1	ortholog_one2one
ALG13	ALG13	ortholog_one2one
FBRS	FBRS	ortholog_one2one
	SNORD19	ortholog_one2one
SNORD19	SNORD19	ortholog_one2one
SNORD19C	SNORD19	ortholog_one2one
SNORD69	SNORD69	ortholog_one2one
COPS5	COPS5	ortholog_one2one
C16orf86	C16orf86	ortholog_one2one
TAL2	TAL2	ortholog_one2one
GRIN3A	GRIN3A	ortholog_one2one
RN7SL767P	Metazoa_SRP	ortholog_one2one
CMTM1		ortholog_one2one
DAB2IP	DAB2IP	ortholog_one2one
H1-10	H1-10	ortholog_one2one
MYT1	MYT1	ortholog_one2one
NLRP8	NLRP8	ortholog_one2one
PIAS2	PIAS2	ortholog_one2one
SCGB1D1		ortholog_one2many
KIF12	KIF12	ortholog_one2one
SCGB1D4		ortholog_one2many
DUSP4	DUSP4	ortholog_one2one
NLRP5	NLRP5	ortholog_one2one
PCSK2	PCSK2	ortholog_one2one
GRIN3B	GRIN3B	ortholog_one2one
SNTG1	SNTG1	ortholog_one2one
SLC6A5	SLC6A5	ortholog_one2one
GDPD3	GDPD3	ortholog_one2one
RNU6-2	U6	ortholog_one2one
TNP2	TNP2	ortholog_one2one
ZNFX1	ZNFX1	ortholog_one2one
MT3	MT3	ortholog_one2one
RNU6-1181P	U6	ortholog_one2many
RNU6-108P	U6	ortholog_one2one
CHODL	CHODL	ortholog_one2one
BCL3	BCL3	ortholog_one2one
SEL1L2	SEL1L2	ortholog_one2one
STX4	STX4	ortholog_one2one
PABIR2	PABIR2	ortholog_one2one
ACER2	ACER2	ortholog_one2one
MRPL39	MRPL39	ortholog_one2one
LURAP1L	LURAP1L	ortholog_one2one
TTC39C	TTC39C	ortholog_one2one
B4GALT5	B4GALT5	ortholog_one2one
INTS10	INTS10	ortholog_one2one
TNRC6B	TNRC6B	ortholog_one2one
TTI1	TTI1	ortholog_one2one
NEK6	NEK6	ortholog_one2one
GDF1	GDF1	ortholog_one2one
EMILIN2	EMILIN2	ortholog_one2one
CCDC54	CCDC54	ortholog_one2one
DYNLT3		ortholog_one2many
DYNLT3	DYNLT3	ortholog_one2many
RN7SKP296	7SK	ortholog_one2one
RMI2	RMI2	ortholog_one2one
RNU6-856P	U6	ortholog_one2many
ABHD3	ABHD3	ortholog_one2one
ALG1L2	ALG1	ortholog_one2many
TMSB15B		ortholog_many2many
TLE2	TLE2	ortholog_one2one
ZBTB46	ZBTB46	ortholog_one2one
RNU6-788P	U6	ortholog_one2many
RNU6-1270P	U6	ortholog_one2one
RNU7-73P	U7	ortholog_one2many
TREX2	TREX2	ortholog_one2one
CPT1B	CPT1B	ortholog_one2one
MIR28	MIR28	ortholog_one2one
UBE2I	UBE2I	ortholog_one2one
UTP23	UTP23	ortholog_one2one
SRPX	SRPX	ortholog_one2one
HSBP1L1	HSBP1L1	ortholog_one2one
CRYZL1	CRYZL1	ortholog_one2many
CRYZL1		ortholog_one2many
SNRPB2	SNRPB2	ortholog_one2one
FBXW2	FBXW2	ortholog_one2one
PLPP5	PLPP5	ortholog_one2one
DYM	DYM	ortholog_one2one
GPR15	GPR15	ortholog_one2one
RCBTB1	RCBTB1	ortholog_one2one
EDN3	EDN3	ortholog_one2one
FAM199X	FAM199X	ortholog_one2one
F9	F9	ortholog_one2one
SAMHD1	SAMHD1	ortholog_one2one
SAXO1	SAXO1	ortholog_one2one
RNU6-507P	U6	ortholog_one2one
VCPIP1	VCPIP1	ortholog_one2one
ELF1	ELF1	ortholog_one2one
PTDSS1	PTDSS1	ortholog_one2one
VPS13A	VPS13A	ortholog_one2one
SLX9	SLX9	ortholog_one2one
MINDY4B	MINDY4B	ortholog_one2one
NOVA2	NOVA2	ortholog_one2one
MOSMO	MOSMO	ortholog_one2one
ZNF575	ZNF575	ortholog_one2one
HEPH	HEPH	ortholog_one2one
RNU6-1120P	U6	ortholog_one2one
SOX2	SOX2	ortholog_one2one
	SOX2OT_exon4	ortholog_one2one
RNA5SP150	5S_rRNA	ortholog_one2many
AADACL2	AADACL2	ortholog_one2one
P2RY1	P2RY1	ortholog_one2one
EPB41L3	EPB41L3	ortholog_one2one
SIM2	SIM2	ortholog_one2one
EXOC3L1	EXOC3L1	ortholog_one2one
CCNA1	CCNA1	ortholog_one2one
RN7SL215P	Metazoa_SRP	ortholog_one2many
TPTE	TPTE2	ortholog_one2many
SMIM47	SMIM47	ortholog_one2one
SHISA7	SHISA7	ortholog_one2one
RMDN1	RMDN1	ortholog_one2one
ABHD13	ABHD13	ortholog_one2one
SPESP1	SPESP1	ortholog_one2one
RN7SL815P	Metazoa_SRP	ortholog_many2many
RNU6-1200P	U6	ortholog_one2one
PTGIR	PTGIR	ortholog_one2one
ASB7	ASB7	ortholog_one2one
RASA3	RASA3	ortholog_one2one
IFT52		ortholog_one2many
IFT52	IFT52	ortholog_one2many
RAP2B	RAP2B	ortholog_one2one
RN7SL300P	Metazoa_SRP	ortholog_one2many
RN7SL296P	Metazoa_SRP	ortholog_one2many
MAMDC4	MAMDC4	ortholog_one2one
GARIN5A	GARIN5A	ortholog_one2one
RN7SL738P	Metazoa_SRP	ortholog_one2many
MCM3AP	MCM3AP	ortholog_one2one
MMP2	MMP2	ortholog_one2one
ATP7B	ATP7B	ortholog_one2one
ZNF226	ZNF226	ortholog_one2one
CYLC2	CYLC2	ortholog_one2one
FES	FES	ortholog_one2one
C20orf141	C20orf141	ortholog_one2one
SPMIP6	SPMIP6	ortholog_one2one
HMGN1		ortholog_one2many
KIZ	KIZ	ortholog_one2one
C22orf15	CUNH22orf15	ortholog_one2one
RSPO2	RSPO2	ortholog_one2one
NDOR1	NDOR1	ortholog_one2one
PRSS36	PRSS36	ortholog_one2one
GRK3	GRK3	ortholog_one2one
RBM12B	RBM12B	ortholog_one2one
PRR35	PRR35	ortholog_one2one
CSGALNACT1	CSGALNACT1	ortholog_one2one
NDE1	NDE1	ortholog_one2one
DDTL		ortholog_one2many
BCAT2	BCAT2	ortholog_one2one
HIRA	HIRA	ortholog_one2one
C10orf62	C10orf62	ortholog_one2one
ID1	ID1	ortholog_one2one
FOCAD	FOCAD	ortholog_one2one
TGM2	TGM2	ortholog_one2one
GAS6	GAS6	ortholog_one2one
KCNK18	KCNK18	ortholog_one2one
CFAP410	CFAP410	ortholog_one2one
GDF5	GDF5	ortholog_one2one
ZNRF1	ZNRF1	ortholog_one2one
EDEM2	EDEM2	ortholog_one2one
TMPRSS2	TMPRSS2	ortholog_one2one
RNU2-42P	U2	ortholog_one2many
UCN3	UCN3	ortholog_one2one
ZNF668	ZNF668	ortholog_one2one
SMIM22	SMIM22	ortholog_one2one
DMTN	DMTN	ortholog_one2one
TSR2	TSR2	ortholog_one2one
GALNT1	GALNT1	ortholog_one2one
PLP2	PLP2	ortholog_one2one
WDR18	WDR18	ortholog_one2one
POGLUT2	POGLUT2	ortholog_one2one
LRRC74B	LRRC74B	ortholog_one2one
ZNF711	ZNF711	ortholog_one2many
ZNF711		ortholog_one2many
H4C1		ortholog_one2many
ARFGEF2	ARFGEF2	ortholog_one2one
MICALL1	MICALL1	ortholog_one2one
TK2	TK2	ortholog_one2one
BRWD1	BRWD1	ortholog_one2one
CCN4	CCN4	ortholog_one2one
PDIA3	PDIA3	ortholog_one2one
SPACA7	SPACA7	ortholog_one2one
PSMA8	PSMA8	ortholog_one2one
HAS2	HAS2	ortholog_one2one
HEY1	HEY1	ortholog_one2one
RNF215	RNF215	ortholog_one2one
ACAA2	ACAA2	ortholog_one2one
RNU2-61P	U2	ortholog_one2many
RN7SL336P	Metazoa_SRP	ortholog_one2many
CACNA1B		ortholog_one2one
KLF5	KLF5	ortholog_one2one
F8	F8	ortholog_one2one
SAP18	SAP18	ortholog_one2one
GNAZ	GNAZ	ortholog_one2one
ABCC2	ABCC2	ortholog_one2one
WFDC2	WFDC2	ortholog_one2one
RAC2	RAC2	ortholog_one2one
FOXO1	FOXO1	ortholog_one2one
HOMER2	HOMER2	ortholog_one2one
CCAR2	CCAR2	ortholog_one2one
SMIM10L2A		ortholog_many2many
COX4I1	COX4I1	ortholog_one2one
USPL1	USPL1	ortholog_one2one
ZNF133	ZNF133	ortholog_one2one
USP9X	USP9X	ortholog_one2one
TMEM26	TMEM26	ortholog_one2one
PPP1R3C	PPP1R3C	ortholog_one2one
FKBP8		ortholog_one2one
SEZ6L	SEZ6L	ortholog_one2one
LIPN	LIPN	ortholog_one2one
RNMT	RNMT	ortholog_one2one
LYZL1		ortholog_one2many
FAM124A	FAM124A	ortholog_one2one
BBS4	BBS4	ortholog_one2one
FAM24A		ortholog_one2many
LTN1	LTN1	ortholog_one2one
MTMR6	MTMR6	ortholog_one2one
FXN	FXN	ortholog_one2one
RNU6-413P	U6	ortholog_one2one
PKD2L1	PKD2L1	ortholog_one2one
DIPK1B	DIPK1B	ortholog_one2one
CENPN	CENPN	ortholog_one2one
RAB9A		ortholog_one2many
GPR12	GPR12	ortholog_one2one
ZC3H13	ZC3H13	ortholog_one2one
MBD1	MBD1	ortholog_one2one
PSMG1	PSMG1	ortholog_one2one
CHM	CHM	ortholog_one2one
ASPHD2	ASPHD2	ortholog_one2one
TMEM236	TMEM236	ortholog_one2one
XBP1	XBP1	ortholog_one2one
TLE3	TLE3	ortholog_one2one
SYT17	SYT17	ortholog_one2one
AKAP17A	AKAP17A	ortholog_one2one
CCDC116	CCDC116	ortholog_one2one
CFAP77	CFAP77	ortholog_one2one
CDCA2	CDCA2	ortholog_one2one
EMID1	EMID1	ortholog_one2one
ASB6	ASB6	ortholog_one2one
DNMT3B	DNMT3B	ortholog_one2one
NXT2		ortholog_one2many
PIBF1	PIBF1	ortholog_one2one
HK1	HK1	ortholog_one2one
UMODL1	UMODL1	ortholog_one2one
TSTD2	TSTD2	ortholog_one2one
TPPP3	TPPP3	ortholog_one2one
CNKSR2	CNKSR2	ortholog_one2one
DPY19L4	DPY19L4	ortholog_one2one
ZP2	ZP2	ortholog_one2one
MEGF9	MEGF9	ortholog_one2one
ATP13A1	ATP13A1	ortholog_one2one
ABL1	ABL1	ortholog_one2one
USP25	USP25	ortholog_one2one
TMEM185B		ortholog_one2one
PLEKHG4	PLEKHG4	ortholog_one2one
MYBL2	MYBL2	ortholog_one2one
MLLT3	MLLT3	ortholog_one2one
FAM216B	FAM216B	ortholog_one2one
MCF2L	MCF2L	ortholog_one2one
SOWAHC	SOWAHC	ortholog_one2one
LY6E	LY6E	ortholog_one2one
TFIP11	TFIP11	ortholog_one2one
ORM2		ortholog_one2many
WASHC1	WASHC1	ortholog_one2many
HYDIN	HYDIN	ortholog_one2one
TMEM65	TMEM65	ortholog_one2one
ATP2B3	ATP2B3	ortholog_one2one
BPIFA3	BPIFA3	ortholog_one2one
SULF2	SULF2	ortholog_one2one
CDPF1	CDPF1	ortholog_one2one
TNFRSF10A		ortholog_one2many
ZNF841	ZNF841	ortholog_one2one
NDUFAB1	NDUFAB1	ortholog_one2one
CERS3	CERS3	ortholog_one2one
SPRYD7	SPRYD7	ortholog_one2one
CCN3	CCN3	ortholog_one2one
KLK6	KLK6	ortholog_one2one
DSCAM	DSCAM	ortholog_one2one
GSG1L	GSG1L	ortholog_one2one
SFRP5	SFRP5	ortholog_one2one
FAM236A		ortholog_many2many
ZNF710	ZNF710	ortholog_one2one
PPP2CB	PPP2CB	ortholog_one2one
LYZL2		ortholog_one2many
SYN1	SYN1	ortholog_one2one
IGLL5		ortholog_many2many
DLEU7	DLEU7	ortholog_one2one
IZUMO4	IZUMO4	ortholog_one2one
COMT	COMT	ortholog_one2one
MIR21	MIR21	ortholog_one2one
RNU6-450P	U6	ortholog_one2many
IFIT5	IFIT5	ortholog_one2one
CDC16	CDC16	ortholog_one2many
CDC16		ortholog_one2many
DRC4	GAS8	ortholog_one2one
RMDN3	RMDN3	ortholog_one2one
ZNF33B		ortholog_one2many
GABRE	GABRE	ortholog_one2one
BMP1	BMP1	ortholog_one2one
BRD3	BRD3	ortholog_one2one
PLK5	PLK5	ortholog_one2one
TFE3	TFE3	ortholog_one2one
RN7SKP27	7SK	ortholog_one2one
RNU6-843P	U6	ortholog_one2many
RNU6-1117P	U6	ortholog_one2many
MIR33B	MIR33B	ortholog_one2one
RNU4-49P	U4	ortholog_one2one
	SNORA12	ortholog_one2one
RNU1-32P	U1	ortholog_one2many
RNU6-221P	U6	ortholog_one2many
RN7SKP224	7SK	ortholog_one2one
RN7SKP164	7SK	ortholog_one2many
SNORD124	SNORD124	ortholog_one2one
RNU6-1312P	U6	ortholog_one2many
RNU6-775P	U6	ortholog_one2many
SNORD89	SNORD89	ortholog_one2one
RNU6-675P	U6	ortholog_one2one
VTRNA2-2P	Vault	ortholog_many2many
RN7SKP102	7SK	ortholog_one2one
RN7SKP141	7SK	ortholog_one2one
RN7SKP286	7SK	ortholog_one2many
RNU6-579P	U6	ortholog_one2one
	SNORA17	ortholog_one2one
RNU6-766P	U6	ortholog_one2many
RN7SL807P	Metazoa_SRP	ortholog_one2many
RNU6-169P	U6	ortholog_one2one
TM9SF3	TM9SF3	ortholog_one2one
SMG1	SMG1	ortholog_one2one
CERK	CERK	ortholog_one2one
RNU6-959P	U6	ortholog_one2one
U6	U6	ortholog_many2many
RN7SL817P	Metazoa_SRP	ortholog_one2many
WDR73	WDR73	ortholog_one2one
SPAG4	SPAG4	ortholog_one2one
PPP2R3B	PPP2R3B	ortholog_one2one
ZBTB34	ZBTB34	ortholog_one2one
RNU6-1116P	U6	ortholog_one2one
DCAF12	DCAF12	ortholog_one2one
ZNF383		ortholog_one2one
ZNF804A	ZNF804A	ortholog_one2one
SNORD94	SNORD94	ortholog_one2one
RNU6-1333P	U6	ortholog_one2one
ATP5F1E	ATP5F1E	ortholog_one2one
U4	U4	ortholog_one2one
ALPP		ortholog_one2many
KCNS1	KCNS1	ortholog_one2one
MAGEC3		ortholog_one2many
DOCK9	DOCK9	ortholog_one2one
ALPI		ortholog_one2many
DDT		ortholog_one2many
MAVS	MAVS	ortholog_one2one
ASTN2	ASTN2	ortholog_one2one
CHRDL1	CHRDL1	ortholog_one2one
LPL	LPL	ortholog_one2one
PRSS56	PRSS56	ortholog_one2one
MINDY2	MINDY2	ortholog_one2one
CHRNG	CHRNG	ortholog_one2one
TPST2	TPST2	ortholog_one2one
RNU6-175P	U6	ortholog_one2one
RIPOR3	RIPOR3	ortholog_one2one
CA2	CA2	ortholog_one2one
CASKIN1	CASKIN1	ortholog_one2one
RNU1-93P	U1	ortholog_one2one
SNORD20	SNORD20	ortholog_one2one
SNORD82	SNORD82	ortholog_one2one
ADAD2	ADAD2	ortholog_one2one
DEFA4		ortholog_one2many
RN7SKP152	7SK	ortholog_one2one
CDK5R2	CDK5R2	ortholog_one2one
MIR375	MIR375	ortholog_one2one
HPRT1	HPRT1	ortholog_one2one
MIR153-1	MIR153-1	ortholog_one2one
TRIQK	TRIQK	ortholog_one2one
ZNF782	ZNF782	ortholog_one2one
RNU6-964P	U6	ortholog_one2one
	ZEB2_AS1_4	ortholog_one2one
DYTN	DYTN	ortholog_one2one
PDPK1	PDPK1	ortholog_one2one
POLR1D		ortholog_one2many
RNU6-1275P	U6	ortholog_one2one
CXorf66	CXorf66	ortholog_one2one
CSPG4	CSPG4	ortholog_one2one
ZSWIM4	ZSWIM4	ortholog_one2one
KDM6A	KDM6A	ortholog_one2one
RASL11A	RASL11A	ortholog_one2one
C2orf66	C2orf66	ortholog_one2one
LACC1	LACC1	ortholog_one2one
ACSS2	ACSS2	ortholog_one2one
NUP188	NUP188	ortholog_one2one
ZNF555	ZNF555	ortholog_one2one
RNU6-1029P	U6	ortholog_many2many
VPS39	VPS39	ortholog_one2one
RHBDD3	RHBDD3	ortholog_one2one
TMEM160	TMEM160	ortholog_one2one
RNU6-1006P	U6	ortholog_one2one
ZNF146	ZNF146	ortholog_one2one
IFT70B		ortholog_many2many
IFT70A		ortholog_many2many
DLGAP2	DLGAP2	ortholog_one2one
RN7SL499P	Metazoa_SRP	ortholog_one2many
GPALPP1	GPALPP1	ortholog_one2one
SNORA80B	SNORA42	ortholog_one2one
RN7SKP213	7SK	ortholog_one2many
FOXP3	FOXP3	ortholog_one2one
ATXN1L	ATXN1L	ortholog_one2one
RHOB	RHOB	ortholog_one2one
FAM91A1	FAM91A1	ortholog_one2one
RN7SL65P	Metazoa_SRP	ortholog_one2one
CCDC157	CCDC157	ortholog_one2one
TERF2	TERF2	ortholog_one2one
BRME1	BRME1	ortholog_one2one
RNU6-851P	U6	ortholog_one2many
RNU6-136P	U6	ortholog_one2one
GRK1	GRK1	ortholog_one2one
TAB1	TAB1	ortholog_one2one
KLHL1	KLHL1	ortholog_one2one
MRPL54	MRPL54	ortholog_one2one
RNU6-561P	U6	ortholog_one2one
DCUN1D2	DCUN1D2	ortholog_one2one
VEGFD	VEGFD	ortholog_one2one
RNU6-1122P	U6	ortholog_one2one
TMEM204	TMEM204	ortholog_one2one
SBNO2	SBNO2	ortholog_one2one
FER1L5	FER1L5	ortholog_one2one
NCF4	NCF4	ortholog_one2one
KDM5C	KDM5C	ortholog_one2one
SH2B1	SH2B1	ortholog_one2one
ALOX5AP	ALOX5AP	ortholog_one2one
NIPAL2	NIPAL2	ortholog_one2one
PHF11	PHF11	ortholog_one2one
RNU6-651P	U6	ortholog_one2one
PRR5	PRR5	ortholog_one2one
SNORD14	SNORD14	ortholog_one2many
IGKV1OR2-108		ortholog_one2one
MTBP	MTBP	ortholog_one2one
RNU2-9P	U2	ortholog_one2one
RNU6-601P	U6	ortholog_one2one
FZD7	FZD7	ortholog_one2one
RNU6-31P	U6	ortholog_one2one
MUCL3		ortholog_one2one
H3C1		ortholog_one2many
CACNG3	CACNG3	ortholog_one2one
RPL21		ortholog_one2one
RN7SKP66	7SK	ortholog_one2one
	SNORA1	ortholog_one2many
RNU6-431P	U6	ortholog_one2many
RPL30	RPL30	ortholog_one2one
STPG3	STPG3	ortholog_one2one
RNU6-1007P	U6	ortholog_one2one
NAA60	NAA60	ortholog_one2one
RABL2B	RABL2B	ortholog_one2many
RN7SL502P	Metazoa_SRP	ortholog_many2many
IGKV4-1		ortholog_one2one
PCBP1	PCBP1	ortholog_one2one
SNAP23		ortholog_one2many
SNAP23	SNAP23	ortholog_one2many
HOXD12	HOXD12	ortholog_one2one
DMRT1	DMRT1	ortholog_one2one
MIR10B	MIR10B	ortholog_one2one
MIR128-1	MIR128-1	ortholog_one2one
SETDB2	SETDB2	ortholog_one2one
GOLGA1	GOLGA1	ortholog_one2one
RTP5	RTP5	ortholog_one2one
CEACAM7		ortholog_many2many
RNU4-48P	U4	ortholog_one2many
IGKV1-6		ortholog_many2many
IGKV1-8		ortholog_many2many
IGKV1-9		ortholog_many2many
IGKV1-12		ortholog_many2many
IGKV1-16		ortholog_many2many
IGKV1-17		ortholog_many2many
NKX3-1	NKX3-1	ortholog_one2one
LGALS7B		ortholog_many2many
IGKV2-28		ortholog_many2many
DKK4	DKK4	ortholog_one2one
IGKV2-30		ortholog_many2many
TNFRSF19		ortholog_one2one
IGKV1-37		ortholog_many2many
IGKV1-39		ortholog_many2many
RAB9B	RAB9B	ortholog_one2one
GMIP	GMIP	ortholog_one2one
ATP6V1B2		ortholog_one2many
ATP6V1B2	ATP6V1B2	ortholog_one2many
IGKV1D-39		ortholog_many2many
FGF16	FGF16	ortholog_one2one
IGKV1D-37		ortholog_many2many
TNMD	TNMD	ortholog_one2one
IGKV2D-30		ortholog_many2many
IGKV2D-28		ortholog_many2many
MCTS1		ortholog_one2many
IGKV1D-17		ortholog_many2many
IGKV1D-16		ortholog_many2many
IGKV1D-13		ortholog_many2many
IGKV1D-12		ortholog_many2many
DPP7	DPP7	ortholog_one2one
IGKV1D-42		ortholog_many2many
CENPT	CENPT	ortholog_one2one
IGKV1D-43		ortholog_many2many
IGKV1D-8		ortholog_many2many
ASPRV1	ASPRV1	ortholog_one2one
THOC2	THOC2	ortholog_one2one
KCNE4	KCNE4	ortholog_one2one
EXOSC8	EXOSC8	ortholog_one2one
SAG	SAG	ortholog_one2one
CRB3	CRB3	ortholog_one2one
CEP152	CEP152	ortholog_one2one
SGCZ	SGCZ	ortholog_one2one
SNORD70	SNORD70	ortholog_one2one
SNORD70B	SNORD70	ortholog_one2one
SNORD11B	SNORD11B	ortholog_one2one
SNORD11	SNORD11	ortholog_one2one
RNU7-81P	U7	ortholog_one2many
ERLIN2	ERLIN2	ortholog_one2one
ACTN4	ACTN4	ortholog_one2one
RN7SL210P	Metazoa_SRP	ortholog_one2many
ADRA2B	ADRA2B	ortholog_one2one
TCFL5	TCFL5	ortholog_one2one
	SNORA67	ortholog_one2many
AQP12A		ortholog_one2many
THSD7B	THSD7B	ortholog_one2one
LANCL3	LANCL3	ortholog_one2one
NT5DC4	NT5DC4	ortholog_one2one
NEIL1	NEIL1	ortholog_one2one
JMJD8	JMJD8	ortholog_one2one
TMEM268	TMEM268	ortholog_one2one
MAGIX	MAGIX	ortholog_one2one
RNU7-104P	U7	ortholog_one2one
EVX2	EVX2	ortholog_one2one
ASIC4	ASIC4	ortholog_one2one
RIN2	RIN2	ortholog_one2one
LAMP1	LAMP1	ortholog_one2one
LHFPL1	LHFPL1	ortholog_one2one
PRR30	PRR30	ortholog_one2one
GAGE12J		ortholog_many2many
NCBP1	NCBP1	ortholog_one2one
snoZ196	snoZ196	ortholog_one2one
SNORD51	SNORD51	ortholog_one2one
SNORA41	SNORA41	ortholog_one2one
RN7SKP200	7SK	ortholog_one2many
RN7SKP180	7SK	ortholog_one2one
PRDM13	PRDM13	ortholog_one2one
MIR26B	MIR26B	ortholog_one2one
MYO16	MYO16	ortholog_one2one
RNU6-629P	U6	ortholog_one2one
RN7SL160P	Metazoa_SRP	ortholog_one2many
NELFCD	NELFCD	ortholog_one2one
CIMIP3	CIMIP3	ortholog_one2one
PSPC1	PSPC1	ortholog_one2one
PVALEF	PVALEF	ortholog_one2one
PLEC	PLEC	ortholog_one2one
ZDHHC7	ZDHHC7	ortholog_one2one
ZNF547	ZNF547	ortholog_one2one
SMIM28	SMIM28	ortholog_one2one
RNU6-100P	U6	ortholog_one2one
CCPG1	CCPG1	ortholog_one2one
ZNF227	ZNF227	ortholog_one2one
TRIM43B		ortholog_many2many
TRIM14	TRIM14	ortholog_one2one
GJB2	GJB2	ortholog_one2one
SORBS1	SORBS1	ortholog_one2one
RNU6-715P	U6	ortholog_one2many
CFAP97D2	CFAP97D2	ortholog_one2one
C16orf46	C16orf46	ortholog_one2one
RNU6-542P	U6	ortholog_one2one
CUL4A	CUL4A	ortholog_one2many
CUL4A		ortholog_one2many
PSG6		ortholog_many2many
PAM16	PAM16	ortholog_one2one
IL1F10	IL1F10	ortholog_one2one
CHRNA5	CHRNA5	ortholog_one2one
RNU6-1180P	U6	ortholog_one2one
CA9	CA9	ortholog_one2one
DDX3X	DDX3X	ortholog_one2one
TMEM244	TMEM244	ortholog_one2one
RNA5SP526	5S_rRNA	ortholog_one2many
GPR176	GPR176	ortholog_one2one
RNU6-344P	U6	ortholog_one2one
RNU4-18P	U4	ortholog_one2many
RN7SL297P	Metazoa_SRP	ortholog_one2one
ENTREP2	ENTREP2	ortholog_one2one
RNU6-44P	U6	ortholog_one2many
SNORD92	SNORD53_SNORD92	ortholog_one2one
SNORD53	SNORD53_SNORD92	ortholog_one2one
SNORD53B	SNORD53_SNORD92	ortholog_one2one
LGALS1	LGALS1	ortholog_one2one
CBY2	CBY2	ortholog_one2one
CREBZF	CREBZF	ortholog_one2one
RBM26	RBM26	ortholog_one2one
USB1	USB1	ortholog_one2one
RNU6-187P	U6	ortholog_one2one
RNU7-96P	U7	ortholog_one2many
OPRL1	OPRL1	ortholog_one2one
RNU4-51P	U4	ortholog_many2many
SLC35E4	SLC35E4	ortholog_one2one
CGNL1	CGNL1	ortholog_one2one
MEIS3P2	MEIS3	ortholog_one2many
RNU7-127P	U7	ortholog_one2one
RFXANK	RFXANK	ortholog_one2one
IARS1	IARS1	ortholog_one2one
ESF1	ESF1	ortholog_one2one
CHD9	CHD9	ortholog_one2one
RNU6-293P	U6	ortholog_one2many
ESS2	ESS2	ortholog_one2one
C2orf78	C2orf78	ortholog_one2one
TDRD3	TDRD3	ortholog_one2one
PARVG	PARVG	ortholog_one2one
PABPC1L	PABPC1L	ortholog_one2one
FIGLA	FIGLA	ortholog_one2one
	SNORA77	ortholog_one2one
RN7SL341P	Metazoa_SRP	ortholog_one2one
RN7SL211P	Metazoa_SRP	ortholog_one2one
SNORA74	SNORA74	ortholog_one2one
RNU6-1147P	U6	ortholog_one2one
FSIP1	FSIP1	ortholog_one2one
WASF3	WASF3	ortholog_one2one
MIR30C2	MIR30C2	ortholog_one2one
MIR30A	MIR30A	ortholog_one2one
CLUAP1	CLUAP1	ortholog_one2one
VPS33B	VPS33B	ortholog_one2one
HTRA4		ortholog_one2one
TNFSF13B	TNFSF13B	ortholog_one2one
AARD	AARD	ortholog_one2one
LSR	LSR	ortholog_one2one
RNU6-763P	U6	ortholog_one2many
ITPA	ITPA	ortholog_one2one
OR6B2		ortholog_many2many
MRPS31	MRPS31	ortholog_one2one
PRM2	PRM2	ortholog_one2one
ALLC	ALLC	ortholog_one2one
ZFAND1	ZFAND1	ortholog_one2one
RNU6-932P	U6	ortholog_one2one
DCDC2C	DCDC2C	ortholog_one2one
SHISA2	SHISA2	ortholog_one2one
RNU6-649P	U6	ortholog_many2many
SOX11	SOX11	ortholog_one2one
H2BC14		ortholog_one2one
LTA	LTA	ortholog_one2one
GGT1	GGT1	ortholog_one2many
ZNF821	ZNF821	ortholog_one2one
Vault	Vault	ortholog_many2many
GPR39	GPR39	ortholog_one2one
TDRD15	TDRD15	ortholog_one2one
CCL3		ortholog_one2many
CCL3L3		ortholog_one2many
RAMACL	RAMAC	ortholog_one2many
CPXCR1	CPXCR1	ortholog_one2one
TUBA4B	TUBA1C	ortholog_one2one
SUN5	SUN5	ortholog_one2one
EFHC2	EFHC2	ortholog_one2one
RHCG	RHCG	ortholog_one2one
RN7SL820P	Metazoa_SRP	ortholog_one2many
ASIP	ASIP	ortholog_one2one
C8orf88	C8orf88	ortholog_one2one
NYX	NYX	ortholog_one2one
TXLNB	TXLNB	ortholog_one2one
PRKD2	PRKD2	ortholog_one2one
TGM6	TGM6	ortholog_one2one
ALAS2	ALAS2	ortholog_one2one
FAM217B	FAM217B	ortholog_one2one
DNAJC5B	DNAJC5B	ortholog_one2one
EPPIN		ortholog_one2one
FABP4	FABP4	ortholog_one2one
POLG	POLG	ortholog_one2one
ARHGAP6	ARHGAP6	ortholog_one2one
RBBP8NL	RBBP8NL	ortholog_one2one
FERMT1	FERMT1	ortholog_one2one
UNCX	UNCX	ortholog_one2one
FLYWCH2	FLYWCH2	ortholog_one2one
IL36B	IL36B	ortholog_one2one
RN7SL352P	Metazoa_SRP	ortholog_one2many
ST18	ST18	ortholog_one2one
PLAUR	PLAUR	ortholog_one2one
PCDH19	PCDH19	ortholog_one2one
RN7SKP281	7SK	ortholog_one2many
DPEP3	DPEP3	ortholog_one2one
RPRM	RPRM	ortholog_one2one
TAF9B	TAF9B	ortholog_one2one
FOXA2	FOXA2	ortholog_one2one
NRSN2	NRSN2	ortholog_one2one
CHST6		ortholog_one2many
RPS6		ortholog_one2many
DRC7	DRC7	ortholog_one2one
IGKV5-2	IGKV5-2	ortholog_one2one
PLS3		ortholog_one2many
IGKV1-5		ortholog_many2many
PLPPR3	PLPPR3	ortholog_one2one
TMEM247	TMEM247	ortholog_one2one
OTUD6B	OTUD6B	ortholog_one2many
OTUD6B		ortholog_one2many
ZNF823		ortholog_one2many
MPHOSPH6	MPHOSPH6	ortholog_one2one
PALM	PALM	ortholog_one2one
SPAG1	SPAG1	ortholog_one2one
SNORA72	SNORA72	ortholog_one2one
RPL4		ortholog_one2many
RPL4	RPL4	ortholog_one2many
POU3F3	POU3F3	ortholog_one2one
FBXW10B	FBXW10B	ortholog_one2many
LYRM1	LYRM1	ortholog_one2one
ZGPAT	ZGPAT	ortholog_one2one
MIR217	MIR217	ortholog_one2one
MIR216A	MIR216A	ortholog_one2one
MIR216B	MIR216B	ortholog_one2one
ZMAT4	ZMAT4	ortholog_one2one
SIRT2	SIRT2	ortholog_one2one
CSPP1	CSPP1	ortholog_one2one
DLX4	DLX4	ortholog_one2one
RNU5A-2P	U5	ortholog_one2many
RNU1-82P	U1	ortholog_one2many
TMEM151B	TMEM151B	ortholog_one2one
LPIN3	LPIN3	ortholog_one2one
NFX1	NFX1	ortholog_one2one
GLP1R	GLP1R	ortholog_one2one
CLEC16A	CLEC16A	ortholog_one2one
CRYBG1	CRYBG1	ortholog_one2one
NMS	NMS	ortholog_one2one
PREX1	PREX1	ortholog_one2one
PPP1R14A	PPP1R14A	ortholog_one2one
H2AC6	H2AC6	ortholog_one2one
ZNF580	ZNF580	ortholog_one2one
ARHGAP4	ARHGAP4	ortholog_one2one
IREB2	IREB2	ortholog_one2one
H3C2		ortholog_one2one
OR1P1		ortholog_one2one
TAT	TAT	ortholog_one2one
TMPRSS11D	TMPRSS11D	ortholog_one2one
DNAAF3	DNAAF3	ortholog_one2one
TSPYL1	TSPYL1	ortholog_one2one
SMLR1	SMLR1	ortholog_one2one
RNF39	RNF39	ortholog_one2one
OVOL2	OVOL2	ortholog_one2one
PSMB8	PSMB8	ortholog_one2one
RSPO4	RSPO4	ortholog_one2one
RNU6-1267P	U6	ortholog_one2one
RNU6-990P	U6	ortholog_one2one
PSMG4	PSMG4	ortholog_one2many
PSMG4		ortholog_one2many
TBC1D20	TBC1D20	ortholog_one2one
CHTF18	CHTF18	ortholog_one2one
SLC35D2	SLC35D2	ortholog_one2one
DSC3	DSC3	ortholog_one2one
MROH6	MROH6	ortholog_one2one
EPB42	EPB42	ortholog_one2one
RFX2	RFX2	ortholog_one2one
VGLL2	VGLL2	ortholog_one2one
SNRPD1	SNRPD1	ortholog_one2one
MAPK12	MAPK12	ortholog_one2one
H2BC11		ortholog_one2one
HTR2C	HTR2C	ortholog_one2one
RN7SKP13	7SK	ortholog_one2one
KLHL14	KLHL14	ortholog_one2one
LRP12	LRP12	ortholog_one2one
GZF1	GZF1	ortholog_one2one
P2RY8	P2RY8	ortholog_one2one
CDH7	CDH7	ortholog_one2one
CDAN1	CDAN1	ortholog_one2one
SLCO5A1	SLCO5A1	ortholog_one2one
SERINC3		ortholog_one2many
SERINC3	SERINC3	ortholog_one2many
SMARCA1	SMARCA1	ortholog_one2one
YES1	YES1	ortholog_one2one
ZMYND19	ZMYND19	ortholog_one2one
MTFR1	MTFR1	ortholog_one2one
C4A		ortholog_one2many
PRSS22	PRSS22	ortholog_one2one
GOLGA2	GOLGA2	ortholog_one2many
RHOV	RHOV	ortholog_one2one
RORA	RORA	ortholog_one2one
ZNF414	ZNF414	ortholog_one2one
MAPRE2	MAPRE2	ortholog_one2one
CSTF1	CSTF1	ortholog_one2one
NFATC3	NFATC3	ortholog_one2one
TLR4	TLR4	ortholog_one2one
SLC51B	SLC51B	ortholog_one2one
ST8SIA3	ST8SIA3	ortholog_one2one
SEC11A	SEC11A	ortholog_one2one
PTCH1	PTCH1	ortholog_one2one
ZBTB14	ZBTB14	ortholog_one2one
PLAG1	PLAG1	ortholog_one2one
RN7SL426P	Metazoa_SRP	ortholog_one2one
RRBP1	RRBP1	ortholog_one2one
NR1D1	NR1D1	ortholog_one2one
SLC5A4	SLC5A4	ortholog_one2one
ATP6V1C1	ATP6V1C1	ortholog_one2one
ZNF236	ZNF236	ortholog_one2one
PPM1E	PPM1E	ortholog_one2one
MPST	MPST	ortholog_one2one
ZNF567	ZNF567	ortholog_one2one
SLC2A11		ortholog_one2one
SPACA6	SPACA6	ortholog_one2one
SLC25A37	SLC25A37	ortholog_one2one
HMG20A	HMG20A	ortholog_one2one
CNDP2	CNDP2	ortholog_one2one
PYCR1	PYCR1	ortholog_one2one
ZSCAN18	ZSCAN18	ortholog_one2one
RNF139	RNF139	ortholog_one2one
EGR3	EGR3	ortholog_one2one
SLA2	SLA2	ortholog_one2one
SPTLC3	SPTLC3	ortholog_one2one
DEXI	DEXI	ortholog_one2one
EGFL6	EGFL6	ortholog_one2one
SDCBP	SDCBP	ortholog_one2many
SDCBP		ortholog_one2many
KDM4C	KDM4C	ortholog_one2one
SNORA24	SNORA24	ortholog_one2one
ANKS4B	ANKS4B	ortholog_one2one
GHRH	GHRH	ortholog_one2one
PCYT1B	PCYT1B	ortholog_one2one
CELF6	CELF6	ortholog_one2one
JAG1	JAG1	ortholog_one2one
ZNF473	ZNF473	ortholog_one2one
RNU1-51P	U1	ortholog_one2many
TMSB15C		ortholog_many2many
ZNF19	ZNF19	ortholog_one2one
MAGEA10		ortholog_one2one
RPL36A		ortholog_one2many
ABR	ABR	ortholog_one2one
VAV1	VAV1	ortholog_one2one
SPINT1	SPINT1	ortholog_one2one
BTN2A2	BTN2A2	ortholog_one2one
POLR2F	POLR2F	ortholog_one2one
EDC4	EDC4	ortholog_one2one
RBCK1	RBCK1	ortholog_one2one
RXRA	RXRA	ortholog_one2one
FKBP15	FKBP15	ortholog_one2one
WDR45	WDR45	ortholog_one2one
IL11	IL11	ortholog_one2one
TRMU	TRMU	ortholog_one2one
IL7	IL7	ortholog_one2one
NWD1	NWD1	ortholog_one2one
COPRS	COPRS	ortholog_one2one
MYLIP	MYLIP	ortholog_one2one
ENTPD4	ENTPD4	ortholog_one2one
GANC	GANC	ortholog_one2one
THAP9	THAP9	ortholog_one2one
SRSF12	SRSF12	ortholog_one2one
SLC2A9	SLC2A9	ortholog_one2one
NFIC	NFIC	ortholog_one2one
APOBEC1	APOBEC1	ortholog_one2one
BCL2L10	BCL2L10	ortholog_one2one
NANOGNB	NANOGNB	ortholog_one2one
SS18L1	SS18L1	ortholog_one2one
ORAI1	ORAI1	ortholog_one2one
TMOD1	TMOD1	ortholog_one2one
USP3	USP3	ortholog_one2one
CST3	CST3	ortholog_one2one
CFAP418	CFAP418	ortholog_one2one
ERICH1	ERICH1	ortholog_one2one
PSMA7	PSMA7	ortholog_one2one
MT1F		ortholog_one2many
SETD7	SETD7	ortholog_one2one
NUDT7	NUDT7	ortholog_one2one
KISS1R	KISS1R	ortholog_one2one
CDH22	CDH22	ortholog_one2one
ZBTB7A	ZBTB7A	ortholog_one2one
CXCL3		ortholog_one2one
TDRP	TDRP	ortholog_one2one
RAB33B	RAB33B	ortholog_one2many
RAB33B		ortholog_one2many
MYLK2	MYLK2	ortholog_one2one
ACADVL	ACADVL	ortholog_one2one
ARSJ	ARSJ	ortholog_one2one
CER1	CER1	ortholog_one2one
MAF1		ortholog_one2many
MAF1	MAF1	ortholog_one2many
PPP6C	PPP6C	ortholog_one2one
ELOVL6	ELOVL6	ortholog_one2one
ELP2	ELP2	ortholog_one2one
MIR1251	MIR1251	ortholog_one2one
	RMST_9	ortholog_one2one
MIR135A2	MIR135A2	ortholog_one2one
ITCH	ITCH	ortholog_one2one
RARS2	RARS2	ortholog_one2one
KCTD15	KCTD15	ortholog_one2one
SLC71A2	MFSD14B	ortholog_one2one
TSPO	TSPO	ortholog_one2one
NOP10		ortholog_one2many
NOP10	NOP10	ortholog_one2many
THSD4	THSD4	ortholog_one2one
PRR14	PRR14	ortholog_one2one
GAK	GAK	ortholog_one2one
DNAJC17	DNAJC17	ortholog_one2one
LARGE1	LARGE1	ortholog_one2one
DEPTOR	DEPTOR	ortholog_one2one
FTL		ortholog_one2many
FTL	FTL	ortholog_one2many
ZNF213	ZNF213	ortholog_one2one
ZNF778		ortholog_one2many
HNF4G	HNF4G	ortholog_one2one
VPS16	VPS16	ortholog_one2one
SRL	SRL	ortholog_one2one
SEMA4B	SEMA4B	ortholog_one2one
EGFL7	EGFL7	ortholog_one2one
SAMD1	SAMD1	ortholog_one2one
UBD	UBD	ortholog_one2one
ADAM32	ADAM32	ortholog_one2one
VWA7	VWA7	ortholog_one2one
TLCD3B	TLCD3B	ortholog_one2one
THOC6	THOC6	ortholog_one2one
KLHL22	KLHL22	ortholog_one2one
DEDD2	DEDD2	ortholog_one2one
RN7SKP289	7SK	ortholog_one2many
SENP6	SENP6	ortholog_one2one
LGALS7		ortholog_many2many
GARIN6	GARIN6	ortholog_one2one
IGFLR1	IGFLR1	ortholog_one2one
CCDC188	CCDC188	ortholog_one2one
IMPA1		ortholog_one2many
RNU6-1093P	U6	ortholog_one2many
SMDT1	SMDT1	ortholog_one2one
PEAK1	PEAK1	ortholog_one2one
DACT3	DACT3	ortholog_one2one
CPAMD8		ortholog_one2one
ABAT	ABAT	ortholog_one2one
MRPL46	MRPL46	ortholog_one2one
BID	BID	ortholog_one2one
CBLIF	CBLIF	ortholog_one2one
TCN1	TCN1	ortholog_one2one
RNU7-120P	U7	ortholog_one2one
PPDPF	PPDPF	ortholog_one2one
ADAMTSL3	ADAMTSL3	ortholog_one2one
CBLN4	CBLN4	ortholog_one2one
EBF4	EBF4	ortholog_one2one
SFRP1	SFRP1	ortholog_one2one
SYMPK	SYMPK	ortholog_one2one
EPB41L1	EPB41L1	ortholog_one2one
SLC52A2	SLC52A2	ortholog_one2one
OR9K2		ortholog_one2one
EIF4ENIF1	EIF4ENIF1	ortholog_one2one
MGRN1	MGRN1	ortholog_one2one
ADAM10	ADAM10	ortholog_one2one
CENPV	CENPV	ortholog_one2one
GNB3	GNB3	ortholog_one2one
KRT16	KRT16	ortholog_one2one
ADH1C		ortholog_many2many
MYL4	MYL4	ortholog_one2one
TCF19	TCF19	ortholog_one2one
ZSCAN29	ZSCAN29	ortholog_one2one
RNU1-104P	U1	ortholog_one2one
VAV2	VAV2	ortholog_one2one
ATP10A	ATP10A	ortholog_one2one
ASCC3	ASCC3	ortholog_one2one
GGTLC2	GGT1	ortholog_one2many
FGFR1	FGFR1	ortholog_one2one
CASTOR1	CASTOR1	ortholog_one2one
PPARGC1A	PPARGC1A	ortholog_one2one
NDUFAF8	NDUFAF8	ortholog_one2one
MIR671	MIR671	ortholog_one2one
MRPS11	MRPS11	ortholog_one2one
NXPH3	NXPH3	ortholog_one2one
RNU6-365P	U6	ortholog_one2many
C1QBP	C1QBP	ortholog_one2one
MIP	MIP	ortholog_one2one
ACSM5	ACSM5	ortholog_one2one
CFAP54	CFAP54	ortholog_one2one
EWSR1		ortholog_one2many
RPL19	RPL19	ortholog_one2one
C7orf78	C7orf78	ortholog_one2one
AVIL	AVIL	ortholog_one2one
SIRT6	SIRT6	ortholog_one2one
SVOP	SVOP	ortholog_one2one
TRBC2		ortholog_many2many
MAEA	MAEA	ortholog_one2one
ATOSA	ATOSA	ortholog_one2one
ASF1A	ASF1A	ortholog_one2one
C12orf76	C12orf76	ortholog_one2one
PNISR	PNISR	ortholog_one2one
SH3GLB2	SH3GLB2	ortholog_one2one
PHLPP2	PHLPP2	ortholog_one2one
GTSF1	GTSF1	ortholog_one2many
GTSF1		ortholog_one2many
LAMA3	LAMA3	ortholog_one2one
MIR139	MIR139	ortholog_one2one
CLEC9A	CLEC9A	ortholog_one2one
KAT2A	KAT2A	ortholog_one2one
HBQ1	HBQ1	ortholog_one2one
SNORA1	SNORA1	ortholog_one2many
SNORA8	SNORA8	ortholog_one2one
SNORD5	SNORD5	ortholog_one2one
ATG5	ATG5	ortholog_one2one
TANGO6	TANGO6	ortholog_one2one
OR2D3		ortholog_one2many
CYBB	CYBB	ortholog_one2one
PTGIS	PTGIS	ortholog_one2one
ZNF330	ZNF330	ortholog_one2one
TPM1	TPM1	ortholog_one2one
TMEM164	TMEM164	ortholog_one2one
DACH2	DACH2	ortholog_one2one
SLCO4A1	SLCO4A1	ortholog_one2one
NFKBID	NFKBID	ortholog_one2one
CDKL5	CDKL5	ortholog_one2one
ZNF570	ZNF570	ortholog_one2one
EIF3C	EIF3C	ortholog_one2many
ZNF431		ortholog_one2many
ASS1	ASS1	ortholog_one2one
APOLD1	APOLD1	ortholog_one2one
CELA1	CELA1	ortholog_one2one
UNC119	UNC119	ortholog_one2one
EBP	EBP	ortholog_one2one
PHLPP1	PHLPP1	ortholog_one2one
RAE1	RAE1	ortholog_one2one
SPATA32	SPATA32	ortholog_one2one
SPDYE4	SPDYE3	ortholog_one2many
OCEL1	OCEL1	ortholog_one2one
OTUD4	OTUD4	ortholog_one2one
MAPK4	MAPK4	ortholog_one2one
BGN	BGN	ortholog_one2one
VPS52	VPS52	ortholog_one2one
FAM180B	FAM180B	ortholog_one2one
CASP12	CASP12	ortholog_one2one
TMX3	TMX3	ortholog_one2one
CD209		ortholog_one2one
OR4A8		ortholog_many2many
OR4A5		ortholog_many2many
PPHLN1	PPHLN1	ortholog_one2one
H2AX	H2AX	ortholog_one2one
INS	INS	ortholog_one2one
PMEPA1	PMEPA1	ortholog_one2one
MAGED1	MAGED1	ortholog_one2one
SNORD31	SNORD31	ortholog_one2many
TOMM34	TOMM34	ortholog_one2one
CENPC	CENPC	ortholog_one2one
DRD4	DRD4	ortholog_one2one
YJU2B	YJU2B	ortholog_one2one
SMAD2	SMAD2	ortholog_one2one
QSER1	QSER1	ortholog_one2one
NRIP3	NRIP3	ortholog_one2one
OR5M8		ortholog_one2one
RRAS2	RRAS2	ortholog_one2one
RBBP9	RBBP9	ortholog_one2one
KCNK6	KCNK6	ortholog_one2one
EIF2S2		ortholog_one2many
EIF2S2	EIF2S2	ortholog_one2many
RNU6-789P	U6	ortholog_one2one
PSG2		ortholog_many2many
DMP1		ortholog_one2one
GTF3C6		ortholog_one2many
GTF3C6	GTF3C6	ortholog_one2many
MYH16	MYH16	ortholog_one2one
HSPB6	HSPB6	ortholog_one2one
BYSL	BYSL	ortholog_one2one
TLE1	TLE1	ortholog_one2one
TRBV4-1		ortholog_many2many
TRBV7-1		ortholog_one2many
TRBV4-2		ortholog_many2many
TRBV7-2		ortholog_one2many
TMEM30A	TMEM30A	ortholog_one2one
TRBV7-3		ortholog_one2many
RBL1	RBL1	ortholog_one2one
VRK3	VRK3	ortholog_one2one
TRAPPC9	TRAPPC9	ortholog_one2one
CFAP144P1	CFAP144	ortholog_one2many
LDHA	LDHA	ortholog_one2one
NTHL1	NTHL1	ortholog_one2one
ELMO2	ELMO2	ortholog_one2one
HPF1	HPF1	ortholog_one2one
AHI1	AHI1	ortholog_one2one
PITX2	PITX2	ortholog_one2one
ANKRD29	ANKRD29	ortholog_one2one
GINS4	GINS4	ortholog_one2one
SPATA4	SPATA4	ortholog_one2one
FHIP2B	FHIP2B	ortholog_one2one
CYLD	CYLD	ortholog_one2one
RAPGEF2	RAPGEF2	ortholog_one2one
CBLN2	CBLN2	ortholog_one2one
DHH	DHH	ortholog_one2one
RAB31	RAB31	ortholog_one2one
METTL25	METTL25	ortholog_one2one
DNAAF4		ortholog_one2many
DNAAF4	DNAAF4	ortholog_one2many
LGI3	LGI3	ortholog_one2one
PDGFC	PDGFC	ortholog_one2one
STIP1	STIP1	ortholog_one2many
STIP1		ortholog_one2many
NR2F2	NR2F2	ortholog_one2one
BCL2L14	BCL2L14	ortholog_one2one
FABP12	FABP12	ortholog_one2one
WHAMM	WHAMM	ortholog_one2one
MEX3C	MEX3C	ortholog_one2one
THAP6	THAP6	ortholog_one2one
MBOAT4	MBOAT4	ortholog_one2one
RTTN	RTTN	ortholog_one2one
SCARA5	SCARA5	ortholog_one2one
MAP7D3	MAP7D3	ortholog_one2one
BSG	BSG	ortholog_one2one
CIB1	CIB1	ortholog_one2one
DGAT1	DGAT1	ortholog_one2one
CDK2AP1	CDK2AP1	ortholog_one2one
SPDYE8	SPDYE3	ortholog_one2many
CACNA1G	CACNA1G	ortholog_one2one
PRR14L	PRR14L	ortholog_one2one
GFI1B	GFI1B	ortholog_one2one
G3BP2	G3BP2	ortholog_one2one
B2M	B2M	ortholog_one2one
SPDYE10	SPDYE3	ortholog_one2many
ALX1	ALX1	ortholog_one2one
BIK	BIK	ortholog_one2one
CD274	CD274	ortholog_one2one
PFDN4	PFDN4	ortholog_one2one
DDX51	DDX51	ortholog_one2one
PIGB	PIGB	ortholog_one2one
FAM236B		ortholog_many2many
DUS3L	DUS3L	ortholog_one2one
FAM3A	FAM3A	ortholog_one2one
KIAA1671	KIAA1671	ortholog_one2one
CADM1	CADM1	ortholog_one2one
DDX27	DDX27	ortholog_one2one
JAK2	JAK2	ortholog_one2one
NOBOX	NOBOX	ortholog_one2one
FBXO15	FBXO15	ortholog_one2one
SNAP29	SNAP29	ortholog_one2one
LYPD2	LYPD2	ortholog_one2one
CLIC1	CLIC1	ortholog_one2one
TMEM191C	TMEM191C	ortholog_one2many
FECH	FECH	ortholog_one2one
CPEB1	CPEB1	ortholog_one2one
NHLRC2	NHLRC2	ortholog_one2one
EBAG9	EBAG9	ortholog_one2one
RTN3	RTN3	ortholog_one2one
ISYNA1	ISYNA1	ortholog_one2one
MMP11	MMP11	ortholog_one2one
MIR339	MIR339	ortholog_one2one
GLRX3	GLRX3	ortholog_one2many
GLRX3		ortholog_one2many
NRN1L	NRN1L	ortholog_one2one
ZNF212		ortholog_one2many
NR1H4	NR1H4	ortholog_one2one
CARD10	CARD10	ortholog_one2one
AVEN		ortholog_one2one
THOC1	THOC1	ortholog_one2one
GALNT17	GALNT17	ortholog_one2one
RPUSD2	RPUSD2	ortholog_one2one
ASB10	ASB10	ortholog_one2one
TBL3	TBL3	ortholog_one2one
GPC3	GPC3	ortholog_one2one
CALB1	CALB1	ortholog_one2one
NPY5R	NPY5R	ortholog_one2one
XPA	XPA	ortholog_one2one
BTBD1	BTBD1	ortholog_one2one
ZSCAN26	ZSCAN26	ortholog_one2one
RNU6-218P	U6	ortholog_one2one
TMEM225	TMEM225	ortholog_one2one
NDNF	NDNF	ortholog_one2one
C11orf24	C11orf24	ortholog_one2one
LACTB2	LACTB2	ortholog_one2one
TEF	TEF	ortholog_one2many
TEF		ortholog_one2many
KCNK16	KCNK16	ortholog_one2one
C19orf85	C19orf85	ortholog_one2one
PGCKA1	C4H4orf19	ortholog_one2one
IL3RA	IL3RA	ortholog_one2one
SPOUT1	SPOUT1	ortholog_one2one
ZNF780A	ZNF780A	ortholog_one2one
MAPK8IP2	MAPK8IP2	ortholog_one2one
PANK2	PANK2	ortholog_one2one
RNASEH2C	RNASEH2C	ortholog_one2one
CHST9	CHST9	ortholog_one2one
ZNF862	ZNF862	ortholog_one2one
CYP4V2	CYP4V2	ortholog_one2one
THAP10	THAP10	ortholog_one2one
ITGB1	ITGB1	ortholog_one2one
PPP1R16B	PPP1R16B	ortholog_one2one
DSG4	DSG4	ortholog_one2one
TARS3	TARS3	ortholog_one2one
ACY3	ACY3	ortholog_one2one
TATDN1	TATDN1	ortholog_one2one
LILRA6		ortholog_many2many
LILRA6	LILRB4	ortholog_many2many
MEP1B	MEP1B	ortholog_one2one
ZNF335	ZNF335	ortholog_one2one
TAF6	TAF6	ortholog_one2one
DDX39B	BAT1	ortholog_one2one
ZNF280C	ZNF280C	ortholog_one2one
PARD6G	PARD6G	ortholog_one2one
RPS19BP1	RPS19BP1	ortholog_one2one
SIGLEC15	SIGLEC15	ortholog_one2one
SSH3	SSH3	ortholog_one2one
CDH20	CDH20	ortholog_one2one
HIC2	HIC2	ortholog_one2one
L3MBTL2	L3MBTL2	ortholog_one2one
TIMM21	TIMM21	ortholog_one2one
PRMT1	PRMT1	ortholog_one2one
TPD52L2	TPD52L2	ortholog_one2one
PHF2	PHF2	ortholog_one2one
ZCCHC2	ZCCHC2	ortholog_one2one
CCNQ	CCNQ	ortholog_one2one
LRRK2	LRRK2	ortholog_one2one
ACSL1	ACSL1	ortholog_one2one
OIT3	OIT3	ortholog_one2one
FCN1	FCN1	ortholog_one2one
HSDL1	HSDL1	ortholog_one2one
AIFM1		ortholog_one2many
TMEM87A	TMEM87A	ortholog_one2one
KCNG2	KCNG2	ortholog_one2one
SEC11C	SEC11C	ortholog_one2one
RNU6-637P	U6	ortholog_one2one
IL18BP	IL18BP	ortholog_one2one
RGP1	RGP1	ortholog_one2one
PDIA2	PDIA2	ortholog_one2one
PFKP	PFKP	ortholog_one2one
ZNF658	ZNF658	ortholog_one2one
ZNF740	ZNF740	ortholog_one2one
XRCC6	XRCC6	ortholog_one2one
CTIF	CTIF	ortholog_one2one
CCL19	CCL19	ortholog_one2one
SRRM2	SRRM2	ortholog_one2one
MED13L	MED13L	ortholog_one2one
ABTB2	ABTB2	ortholog_one2one
PTBP3		ortholog_one2many
PTBP3	PTBP3	ortholog_one2many
CASS4	CASS4	ortholog_one2one
TP53TG5	TP53TG5	ortholog_one2one
POP1	POP1	ortholog_one2one
DUSP15	DUSP15	ortholog_one2one
MED17	MED17	ortholog_one2many
MED17		ortholog_one2many
IGFALS	IGFALS	ortholog_one2one
CALML4	CALML4	ortholog_one2one
ZNF774	ZNF774	ortholog_one2one
SIX5	SIX5	ortholog_one2one
STMN3	STMN3	ortholog_one2one
GARIN1B	GARIN1B	ortholog_one2one
DNASE2		ortholog_one2one
SEMA7A	SEMA7A	ortholog_one2one
ANKRD11	ANKRD11	ortholog_one2one
PLCB1	PLCB1	ortholog_one2one
PINLYP	PINLYP	ortholog_one2one
CNPY4	CNPY4	ortholog_one2one
RNU6-1127P	U6	ortholog_one2many
TRAM1	TRAM1	ortholog_one2one
DLL4	DLL4	ortholog_one2one
SLC39A3	SLC39A3	ortholog_one2one
MED27	MED27	ortholog_one2one
FERRY3	FERRY3	ortholog_one2one
RPS27L		ortholog_one2one
PSMC2		ortholog_one2many
PSMC2	PSMC2	ortholog_one2many
WTIP	WTIP	ortholog_one2one
FHOD3	FHOD3	ortholog_one2one
CIAO2A		ortholog_one2many
CIAO2A	CIAO2A	ortholog_one2many
WNT2	WNT2	ortholog_one2one
MTMR8	MTMR8	ortholog_one2one
OBP2A		ortholog_one2many
MAP3K11	MAP3K11	ortholog_one2one
NFIX	NFIX	ortholog_one2one
MCM10		ortholog_one2many
MAGEA4		ortholog_one2many
EXD1	EXD1	ortholog_one2one
SPAG8	SPAG8	ortholog_one2one
FBXL18	FBXL18	ortholog_one2one
TMEM70	TMEM70	ortholog_one2one
HIGD2B	HIGD2A	ortholog_one2many
MGA	MGA	ortholog_one2one
CCR6	CCR6	ortholog_one2one
BPI	BPI	ortholog_one2one
RINT1	RINT1	ortholog_one2one
SASH1	SASH1	ortholog_one2one
IQANK1	IQANK1	ortholog_one2one
OPRK1	OPRK1	ortholog_one2one
AR	AR	ortholog_one2one
RPL35		ortholog_one2many
RPL35	RPL35	ortholog_one2many
PTPRB	PTPRB	ortholog_one2one
KCNQ3	KCNQ3	ortholog_one2one
OPCML	OPCML	ortholog_one2one
SNUPN	SNUPN	ortholog_one2one
ZNF599	ZNF599	ortholog_one2one
SEC61B		ortholog_one2many
SEC61B	SEC61B	ortholog_one2many
PAK5	PAK5	ortholog_one2one
SSNA1	SSNA1	ortholog_one2one
ME1	ME1	ortholog_one2one
EIF2S3	EIF2S3B	ortholog_one2many
CRISPLD1	CRISPLD1	ortholog_one2one
SPIRE2	SPIRE2	ortholog_one2one
C9orf43	C9orf43	ortholog_one2one
MATN4	MATN4	ortholog_one2one
PRPF31	PRPF31	ortholog_one2one
MUC12		ortholog_one2one
LAMTOR1	LAMTOR1	ortholog_one2one
SMO	SMO	ortholog_one2one
PCSK5	PCSK5	ortholog_one2one
FGF8	FGF8	ortholog_one2one
MMP9	MMP9	ortholog_one2one
INTS6L	INTS6L	ortholog_one2one
RNF24	RNF24	ortholog_one2one
MBL2	MBL2	ortholog_one2one
TSC22D4	TSC22D4	ortholog_one2one
BICC1	BICC1	ortholog_one2one
MVP	MVP	ortholog_one2one
POLD4	POLD4	ortholog_one2one
LY96	LY96	ortholog_one2one
C1GALT1C1	C1GALT1C1	ortholog_one2one
EIF4H	EIF4H	ortholog_one2one
CETN2		ortholog_one2many
CETN2	CETN2	ortholog_one2many
ASXL1	ASXL1	ortholog_one2one
SV2B	SV2B	ortholog_one2one
TRIM64B		ortholog_one2many
MAGED4B		ortholog_one2many
KIRREL3	KIRREL3	ortholog_one2one
STN1	STN1	ortholog_one2one
SHARPIN	SHARPIN	ortholog_one2one
EHMT2	EHMT2	ortholog_one2one
LGALS12	LGALS12	ortholog_one2one
NRG4	NRG4	ortholog_one2one
LDLRAD4	LDLRAD4	ortholog_one2one
KCNK15	KCNK15	ortholog_one2one
HAO1	HAO1	ortholog_one2one
KIF27	KIF27	ortholog_one2one
DGAT2	DGAT2	ortholog_one2one
JPH2	JPH2	ortholog_one2one
RSPRY1	RSPRY1	ortholog_one2one
MBOAT7	MBOAT7	ortholog_one2one
CD40LG	CD40LG	ortholog_one2one
HDAC9	HDAC9	ortholog_one2one
PRRX2	PRRX2	ortholog_one2one
ANP32A	ANP32A	ortholog_one2many
RAB11FIP1	RAB11FIP1	ortholog_one2one
TAF4B	TAF4B	ortholog_one2one
RN7SL863P	Metazoa_SRP	ortholog_one2many
M6PR	M6PR	ortholog_one2one
PIN4		ortholog_one2many
ANKEF1	ANKEF1	ortholog_one2one
DOLPP1	DOLPP1	ortholog_one2one
FBH1	FBH1	ortholog_one2one
ASB12	ASB12	ortholog_one2one
ACTN3	ACTN3	ortholog_one2one
PDHA1	PDHA1	ortholog_one2one
MROH8	MROH8	ortholog_one2one
CDH26	CDH26	ortholog_one2one
WDR5B	WDR5B	ortholog_one2one
SLC7A13	SLC7A13	ortholog_one2one
LRRC14	LRRC14	ortholog_one2one
RN7SL715P	Metazoa_SRP	ortholog_one2one
SLC7A4	SLC7A4	ortholog_one2one
CNBD2	CNBD2	ortholog_one2one
RDH5	RDH5	ortholog_one2one
RPL3	RPL3	ortholog_one2one
INSL6	INSL6	ortholog_one2one
MSR1	MSR1	ortholog_one2one
JOSD2	JOSD2	ortholog_one2one
PPP4R1	PPP4R1	ortholog_one2one
ZDHHC1	ZDHHC1	ortholog_one2one
PKIG	PKIG	ortholog_one2one
TMEM8B	TMEM8B	ortholog_one2one
C12orf56	C12orf56	ortholog_one2one
KCNK4	KCNK4	ortholog_one2one
TCEAL7	TCEAL7	ortholog_one2one
DUSP9	DUSP9	ortholog_one2one
ATP1A3	ATP1A3	ortholog_one2one
SH2B3	SH2B3	ortholog_one2one
LRRC26	LRRC26	ortholog_one2one
WNK3	WNK3	ortholog_one2one
ZFPM2	ZFPM2	ortholog_one2one
POLR2L	POLR2L	ortholog_one2one
SLC25A25	SLC25A25	ortholog_one2one
DUSP8	DUSP8	ortholog_one2one
TSPAN3		ortholog_one2many
TSPAN3	TSPAN3	ortholog_one2many
CWC15	CWC15	ortholog_one2one
TEAD4	TEAD4	ortholog_one2one
RNU7-19P	U7	ortholog_one2many
RNU6-557P	U6	ortholog_one2many
RNU2-64P	U2	ortholog_one2many
RN7SL141P	Metazoa_SRP	ortholog_one2many
HP		ortholog_one2many
PPP3CC	PPP3CC	ortholog_one2one
BFSP2	BFSP2	ortholog_one2one
NR4A3	NR4A3	ortholog_one2one
ACSBG1	ACSBG1	ortholog_one2one
KLHL35	KLHL35	ortholog_one2one
BRWD3	BRWD3	ortholog_one2one
SMPD1	SMPD1	ortholog_one2one
POMT1	POMT1	ortholog_one2one
SASH3	SASH3	ortholog_one2one
MAP1A	MAP1A	ortholog_one2one
FAM174B	FAM174B	ortholog_one2one
CLDN11	CLDN11	ortholog_one2one
ANKRD49	ANKRD49	ortholog_one2one
TXLNG	TXLNG	ortholog_one2one
CRYBG3	CRYBG3	ortholog_one2one
IQGAP1	IQGAP1	ortholog_one2one
ZDHHC19	ZDHHC19	ortholog_one2one
TMBIM6	TMBIM6	ortholog_one2many
TMBIM6		ortholog_one2many
CCDC9	CCDC9	ortholog_one2one
NAALAD2	NAALAD2	ortholog_one2one
UVSSA	UVSSA	ortholog_one2one
NAALADL2	NAALADL2	ortholog_one2one
MSL3	MSL3	ortholog_one2one
IGFBP1	IGFBP1	ortholog_one2one
SIX6	SIX6	ortholog_one2one
MACROD2	MACROD2	ortholog_one2one
GPHB5	GPB5	ortholog_one2one
RPL29		ortholog_one2many
RPL29	RPL29	ortholog_one2many
TMEM74B	TMEM74B	ortholog_one2one
CLEC14A	CLEC14A	ortholog_one2one
MPV17L2	MPV17L2	ortholog_one2one
ETV1	ETV1	ortholog_one2one
PTPRA	PTPRA	ortholog_one2one
SLC25A42	SLC25A42	ortholog_one2one
TRAPPC11	TRAPPC11	ortholog_one2one
FXYD2	FXYD2	ortholog_one2one
IGHV3-15		ortholog_many2many
MYO5B	MYO5B	ortholog_one2one
IGHV3-20		ortholog_many2many
IGHV1-24		ortholog_many2many
IGHV3-33		ortholog_many2many
IGHV3-30		ortholog_many2many
SEC61A1	SEC61A1	ortholog_one2one
ELOVL5	ELOVL5	ortholog_one2one
ZNF525		ortholog_one2many
RN7SL660P	Metazoa_SRP	ortholog_one2one
RN7SL598P	Metazoa_SRP	ortholog_one2one
RN7SKP99	7SK	ortholog_one2one
RNU6-552P	U6	ortholog_one2one
SNORA11B	SNORA11	ortholog_one2one
RN7SL714P	Metazoa_SRP	ortholog_one2one
RNU2-33P	U2	ortholog_one2one
RNU6-91P	U6	ortholog_one2one
THOC5	THOC5	ortholog_one2one
ONECUT1	ONECUT1	ortholog_one2one
CIBAR2	CIBAR2	ortholog_one2one
RASGRF1	RASGRF1	ortholog_one2one
FBXO31	FBXO31	ortholog_one2one
CD6	CD6	ortholog_one2one
MSL2	MSL2	ortholog_one2one
PAF1	PAF1	ortholog_one2one
OR11H6	OR11H6	ortholog_one2one
SNORA79B	SNORA79	ortholog_one2many
SNORD126	SNORD126	ortholog_one2one
CDH5	CDH5	ortholog_one2one
AMOTL2	AMOTL2	ortholog_one2one
TFB1M	TFB1M	ortholog_one2one
PPIF	PPIF	ortholog_one2one
ZBTB7C	ZBTB7C	ortholog_one2one
MCM7	MCM7	ortholog_one2one
OR5AU1	OR5AU1	ortholog_one2one
GDF10	GDF10	ortholog_one2one
SNORD9	snoU6-53	ortholog_one2one
TBC1D2B	TBC1D2B	ortholog_one2one
SNORA28	SNORA28	ortholog_one2one
CDKN2AIP	CDKN2AIP	ortholog_one2one
NDP	NDP	ortholog_one2one
RNU6-1162P	U6	ortholog_one2many
MIR337	MIR337	ortholog_one2one
PABPC5	PABPC5	ortholog_one2one
MIR665	MIR665	ortholog_one2one
MIR431	MIR431	ortholog_one2one
MIR433	MIR433	ortholog_one2one
MIR127	MIR127	ortholog_one2one
MIR432	MIR432	ortholog_one2one
MIR136	MIR136	ortholog_one2one
SNORD112	SNORD112	ortholog_one2one
MIR370	MIR370	ortholog_one2one
SNORD113-1	SNORD113	ortholog_one2one
SNORD113-3	SNORD113	ortholog_one2one
SNORD113-5	SNORD113	ortholog_one2one
SNORD113-6	SNORD113	ortholog_one2one
SNORD113-7	SNORD113	ortholog_one2one
SNORD113-8	SNORD113	ortholog_one2one
SNORD113-9	SNORD113	ortholog_one2one
ARHGAP36	ARHGAP36	ortholog_one2one
SNORD114-1	SNORD113	ortholog_one2one
SNORD114-3	SNORD113	ortholog_one2many
COL14A1	COL14A1	ortholog_one2one
SNORD114-11	SNORD113	ortholog_one2many
SNORD114-12	SNORD113	ortholog_one2one
SNORD114-13	SNORD113	ortholog_one2many
SNORD114-16	SNORD113	ortholog_one2one
SNORD114-17	SNORD113	ortholog_one2one
SNORD114-19	SNORD113	ortholog_one2one
SNORD114-22	SNORD113	ortholog_one2many
SNORD114-26	SNORD113	ortholog_one2one
SNORD114-28	SNORD113	ortholog_one2one
SHB	SHB	ortholog_one2one
	SNORD113	ortholog_one2one
LIAS	LIAS	ortholog_one2one
MIR411	MIR411	ortholog_one2one
L3MBTL3	L3MBTL3	ortholog_one2one
MIR299	MIR299	ortholog_one2one
PLEKHA4	PLEKHA4	ortholog_one2one
MIR323A	MIR323A	ortholog_one2one
MIR494	MIR494	ortholog_one2one
MIR495	MIR495	ortholog_one2one
MIR1185-1		ortholog_one2many
MIR1185-2		ortholog_one2many
MIR381	MIR381	ortholog_one2one
MIR487B	MIR487B	ortholog_one2one
RPRD1A	RPRD1A	ortholog_one2one
MIR544A	MIR544A	ortholog_one2one
MIR487A	MIR487A	ortholog_one2one
MIR382	MIR382	ortholog_one2one
MIR134	MIR134	ortholog_one2one
MIR668	MIR668	ortholog_one2one
MIR485	MIR485	ortholog_one2one
MIR323B	MIR323B	ortholog_one2one
MIR154	MIR154	ortholog_one2one
COQ9	COQ9	ortholog_one2one
MIR496	MIR496	ortholog_one2one
MIR377	MIR377	ortholog_one2one
MIR541	MIR541	ortholog_one2one
MIR409	MIR409	ortholog_one2one
MIR412	MIR412	ortholog_one2one
MIR369	MIR369	ortholog_one2one
MIR410	MIR410	ortholog_one2one
MIR656	MIR656	ortholog_one2one
RETNLB	RETNLB	ortholog_one2one
ZNF182	ZNF182	ortholog_one2one
KLHL15	KLHL15	ortholog_one2one
PIM2	PIM2	ortholog_one2one
TMUB1	TMUB1	ortholog_one2one
TEX13A	TEX13A	ortholog_one2one
SARDH		ortholog_one2many
NCAM1	NCAM1	ortholog_one2one
MAOA	MAOA	ortholog_one2one
ABHD2	ABHD2	ortholog_one2one
SLC14A1	SLC14A1	ortholog_one2one
RBAK	RBAK	ortholog_one2one
SNORD8	snoU6-53	ortholog_one2one
RN7SL650P	Metazoa_SRP	ortholog_one2many
TRAV3	TRAV3	ortholog_one2one
SNORA79	SNORA79	ortholog_one2many
SRI	SRI	ortholog_one2one
PTH1R	PTH1R	ortholog_one2one
RN7SL369P	Metazoa_SRP	ortholog_one2one
NKX2-8	NKX2-8	ortholog_one2one
RN7SKP257	7SK	ortholog_one2many
NAGPA	NAGPA	ortholog_one2one
IGHV3-43		ortholog_many2many
NRAP	NRAP	ortholog_one2one
IGHV3-49		ortholog_many2many
CIMAP1B	CIMAP1B	ortholog_one2one
MARCHF1	MARCH1	ortholog_one2one
CHERP	CHERP	ortholog_one2one
GPR143	GPR143	ortholog_one2one
GDPD4	GDPD4	ortholog_one2one
NDST4	NDST4	ortholog_one2one
RPGRIP1	RPGRIP1	ortholog_one2one
LAMA1	LAMA1	ortholog_one2one
ATF7IP	ATF7IP	ortholog_one2one
KLHL4	KLHL4	ortholog_one2one
EIF1AD	EIF1AD	ortholog_one2one
SPCS3	SPCS3	ortholog_one2one
ATP6V1E1	ATP6V1E1	ortholog_one2one
HLA-E		ortholog_one2many
ZNF517	ZNF517	ortholog_one2one
ZDHHC2	ZDHHC2	ortholog_one2one
ARHGAP10	ARHGAP10	ortholog_one2one
PRKX	PRKX	ortholog_one2one
SCG5	SCG5	ortholog_one2one
ASB4	ASB4	ortholog_one2one
KCTD5	KCTD5	ortholog_one2one
RN7SKP108	7SK	ortholog_one2many
ZNF316	ZNF316	ortholog_one2one
BCO1	BCO1	ortholog_one2one
RN7SL706P	Metazoa_SRP	ortholog_one2one
TRIM21	TRIM21	ortholog_one2one
FZD6	FZD6	ortholog_one2one
FITM1	FITM1	ortholog_one2one
OR4K2	OR4K2	ortholog_one2one
XAGE2		ortholog_many2many
OR10G3	OR10G3	ortholog_one2one
TXNL4B	TXNL4B	ortholog_one2one
RIC3	RIC3	ortholog_one2one
INPP5J	INPP5J	ortholog_one2one
LOXHD1	LOXHD1	ortholog_one2one
AGPAT5		ortholog_one2many
AGPAT5	AGPAT5	ortholog_one2many
RNU6-541P	U6	ortholog_one2many
MLXIPL	MLXIPL	ortholog_one2one
CDH8	CDH8	ortholog_one2one
LMTK3	LMTK3	ortholog_one2one
IKBKG	IKBKG	ortholog_one2one
TRAV8-1		ortholog_one2many
TRAV9-1	TRAV9-2	ortholog_one2many
MAP2K5	MAP2K5	ortholog_one2one
CCND1	CCND1	ortholog_one2one
MVK	MVK	ortholog_one2one
TRAV13-2	TRAV13-2	ortholog_one2one
TRAV9-2	TRAV9-2	ortholog_one2many
DEFA3		ortholog_one2many
ZNF493		ortholog_one2many
TRAV21	TRAV21	ortholog_one2one
TRAV8-7	TRAV8-7	ortholog_one2one
TRAV34	TRAV34	ortholog_one2one
TRAV38-1		ortholog_one2many
KBTBD11	KBTBD11	ortholog_one2one
TRAV38-2DV8		ortholog_one2many
NDUFC2	NDUFC2	ortholog_one2one
ADCK5	ADCK5	ortholog_one2one
SLC7A6OS	SLC7A6OS	ortholog_one2one
FXYD7	FXYD7	ortholog_one2one
RMC1	RMC1	ortholog_one2one
PABPN1L	PABPN1L	ortholog_one2one
TAGLN	TAGLN	ortholog_one2one
TM6SF2	TM6SF2	ortholog_one2one
ZNF462	ZNF462	ortholog_one2one
IGHV6-1		ortholog_one2one
COL8A1	COL8A1	ortholog_one2one
IGHV1-69-2		ortholog_many2many
IGHV3-72		ortholog_many2many
IGHV3-73		ortholog_many2many
ZNF510	ZNF510	ortholog_one2one
ZNF404	ZNF404	ortholog_one2one
RN7SL461P	Metazoa_SRP	ortholog_one2one
OGN	OGN	ortholog_one2one
KIT	KIT	ortholog_one2one
MLST8	MLST8	ortholog_one2one
ZNF667		ortholog_one2one
TGM3	TGM3	ortholog_one2one
IGHE		ortholog_one2one
BIRC7	BIRC7	ortholog_one2one
TIMM17B	TIMM17B	ortholog_one2one
C1R	C1R	ortholog_one2one
RN7SKP17	7SK	ortholog_one2one
GPX2	GPX2	ortholog_one2one
SLC9A8	SLC9A8	ortholog_one2one
BAG6		ortholog_one2many
BAG6	BAG6	ortholog_one2many
GPR135	GPR135	ortholog_one2one
RN7SL530P	Metazoa_SRP	ortholog_one2many
VSX2	VSX2	ortholog_one2one
STXBP1	STXBP1	ortholog_one2one
RN7SL3	Metazoa_SRP	ortholog_one2many
OXNAD1	OXNAD1	ortholog_one2one
RNU6-189P	U6	ortholog_one2one
SPEF1	SPEF1	ortholog_one2one
OR4Q2	OR4Q2	ortholog_one2one
	SNORA46	ortholog_one2many
RN7SL587P	Metazoa_SRP	ortholog_one2one
NARS1	NARS1	ortholog_one2one
RNASEH2A	RNASEH2A	ortholog_one2one
ACOT6	ACOT6	ortholog_one2one
CCN5	CCN5	ortholog_one2one
NMU	NMU	ortholog_one2one
RNU6-240P	U6	ortholog_one2many
PNMA1	PNMA1	ortholog_one2one
NOXRED1	NOXRED1	ortholog_one2one
ZC4H2	ZC4H2	ortholog_one2one
RNU6-790P	U6	ortholog_one2many
FKBP1A	FKBP1A	ortholog_many2many
FKBP1A		ortholog_many2many
RP1		ortholog_one2one
RNU6-273P	U6	ortholog_one2many
RNU6-886P	U6	ortholog_one2one
STK11	STK11	ortholog_one2one
RNU6-1258P	U6	ortholog_one2one
TBPL2	TBPL2	ortholog_one2one
IGBP1		ortholog_one2many
IGF2	IGF2	ortholog_one2one
RNU6-1138P	U6	ortholog_one2one
RNU6-1046P	U6	ortholog_one2one
MIR208B	MIR208B	ortholog_one2one
SNORD127	SNORD127	ortholog_one2one
RNASE12	RNASE12	ortholog_one2one
RD3L	RD3L	ortholog_one2one
MIR203B	MIR203B	ortholog_one2one
GFUS	GFUS	ortholog_one2one
RNU6-419P	U6	ortholog_one2many
ZNF626		ortholog_one2many
COX6A1	COX6A1	ortholog_one2one
GPKOW	GPKOW	ortholog_one2one
BANF2	BANF2	ortholog_one2one
RN7SL1	Metazoa_SRP	ortholog_one2one
IKZF4	IKZF4	ortholog_one2one
PTOV1	PTOV1	ortholog_one2one
FRAS1	FRAS1	ortholog_one2one
ZFP64	ZFP64	ortholog_one2one
RNU6-835P	U6	ortholog_one2one
UNC45A	UNC45A	ortholog_one2one
CALD1	CALD1	ortholog_one2one
KRABD4		ortholog_one2many
MIR342	MIR342	ortholog_one2one
PLBD2	PLBD2	ortholog_one2one
	SNORA11	ortholog_many2many
GAL3ST1	GAL3ST1	ortholog_one2one
TSHZ1	TSHZ1	ortholog_one2one
IL25	IL25	ortholog_one2one
GNAL	GNAL	ortholog_one2one
ZFP82	ZFP82	ortholog_one2one
LRRC2	LRRC2	ortholog_one2one
RALGAPA2	RALGAPA2	ortholog_one2one
TIRAP	TIRAP	ortholog_one2one
PIAS4	PIAS4	ortholog_one2one
XKR6	XKR6	ortholog_one2one
MAP7D2	MAP7D2	ortholog_one2one
SNCA	SNCA	ortholog_one2many
SNCA		ortholog_one2many
MYL12A	MYL12A	ortholog_one2one
PDGFD	PDGFD	ortholog_one2one
SLA	SLA	ortholog_one2one
TOP1	TOP1	ortholog_one2one
ASPDH	ASPDH	ortholog_one2one
FAM168A	FAM168A	ortholog_one2one
CCDC134	CCDC134	ortholog_one2one
RARB	RARB	ortholog_one2one
MAPK11	MAPK11	ortholog_one2one
NDUFA11	NDUFA11	ortholog_one2one
RNU6-602P	U6	ortholog_one2many
DSN1	DSN1	ortholog_one2one
RPL6		ortholog_one2many
RPL6	RPL6	ortholog_one2many
RNU6-684P	U6	ortholog_one2one
C18orf32	C18orf32	ortholog_one2one
ZBTB44	ZBTB44	ortholog_one2one
MECP2	MECP2	ortholog_one2one
KLF10	KLF10	ortholog_one2one
TTLL1	TTLL1	ortholog_one2one
EPN1	EPN1	ortholog_one2one
RNU7-51P	U7	ortholog_one2one
SLC66A2	SLC66A2	ortholog_one2one
ATP6V0D2	ATP6V0D2	ortholog_one2one
NR0B1	NR0B1	ortholog_one2one
RBMX2	RBMX2	ortholog_one2one
BATF2	BATF2	ortholog_one2one
DUOX1	DUOX1	ortholog_one2one
CCDC107	CCDC107	ortholog_one2one
MUC20	MUC20	ortholog_one2one
CCDC86	CCDC86	ortholog_one2one
STAP1	STAP1	ortholog_one2one
NDRG1	NDRG1	ortholog_one2one
TMEM138	TMEM138	ortholog_one2one
HDAC8	HDAC8	ortholog_one2one
FGF5	FGF5	ortholog_one2one
UBA5	UBA5	ortholog_one2one
DDX60	DDX60	ortholog_one2one
GPRC5B	GPRC5B	ortholog_one2one
CNTFR	CNTFR	ortholog_one2one
P2RY14	P2RY14	ortholog_one2one
ANGPT4	ANGPT4	ortholog_one2one
NFATC2	NFATC2	ortholog_one2one
SUN2	SUN2	ortholog_one2one
TXNDC2	TXNDC2	ortholog_one2one
GAREM1	GAREM1	ortholog_one2one
DEF8	DEF8	ortholog_one2one
CWH43	CWH43	ortholog_one2one
AKAIN1	AKAIN1	ortholog_one2one
PTPRM	PTPRM	ortholog_one2one
NKTR	NKTR	ortholog_one2one
SLC25A22	SLC25A22	ortholog_one2one
NECAB3	NECAB3	ortholog_one2one
LRRC28	LRRC28	ortholog_one2one
SURF1	SURF1	ortholog_one2one
RMP24	C18orf21	ortholog_one2one
RAPGEFL1	RAPGEFL1	ortholog_one2one
POLR2K	POLR2K	ortholog_one2one
PIEZO2	PIEZO2	ortholog_one2one
PTGES2	PTGES2	ortholog_one2one
BDH2		ortholog_one2many
MYL7	MYL7	ortholog_one2one
UBOX5	UBOX5	ortholog_one2one
LAPTM4B	LAPTM4B	ortholog_one2one
RAC3	RAC3	ortholog_one2one
OSER1	OSER1	ortholog_one2one
GLTP	GLTP	ortholog_one2one
POLB	POLB	ortholog_one2one
PEPD	PEPD	ortholog_one2one
PLAGL2	PLAGL2	ortholog_one2one
VSIG4	VSIG4	ortholog_one2one
PYGB	PYGB	ortholog_one2one
HAUS1	HAUS1	ortholog_one2one
CARD9	CARD9	ortholog_one2one
CD96	CD96	ortholog_one2one
UGT2A3		ortholog_one2one
NICOL1	NICOL1	ortholog_one2one
TRAPPC2L	TRAPPC2L	ortholog_one2one
CAPN3	CAPN3	ortholog_one2one
RC3H2	RC3H2	ortholog_one2one
APBB2	APBB2	ortholog_one2one
DCTN6	DCTN6	ortholog_one2one
NUP107	NUP107	ortholog_one2one
OTUD5	OTUD5	ortholog_one2one
NEURL1	NEURL1	ortholog_one2one
SYT7	SYT7	ortholog_one2one
TP53	TP53	ortholog_one2one
PRKCI	PRKCI	ortholog_one2one
ASCC1	ASCC1	ortholog_one2one
ITFG1	ITFG1	ortholog_one2one
GCAT	GCAT	ortholog_one2one
VAPA	VAPA	ortholog_one2one
UQCR11	UQCR11	ortholog_one2one
GAGE12G		ortholog_many2many
PLTP	PLTP	ortholog_one2one
RP2	RP2	ortholog_one2one
TSC22D3	TSC22D3	ortholog_one2one
TMEM238	TMEM238	ortholog_one2one
ZBTB5	ZBTB5	ortholog_one2one
HBP1	HBP1	ortholog_one2one
ADGRD2	ADGRD2	ortholog_one2one
COL5A3	COL5A3	ortholog_one2one
SMAD7	SMAD7	ortholog_one2one
IDNK	IDNK	ortholog_one2one
ELOVL2	ELOVL2	ortholog_one2one
GRAP2	GRAP2	ortholog_one2one
TMEM200C	TMEM200C	ortholog_one2one
MALT1	MALT1	ortholog_one2one
RPS3	RPS3	ortholog_one2one
GRIPAP1	GRIPAP1	ortholog_one2one
ALDH18A1	ALDH18A1	ortholog_one2one
CCK	CCK	ortholog_one2one
LMBRD1	LMBRD1	ortholog_one2one
SMC1B	SMC1B	ortholog_one2one
NPAS1	NPAS1	ortholog_one2one
PPAT		ortholog_one2one
CLTA	CLTA	ortholog_one2one
RBM38	RBM38	ortholog_one2one
DNAL4	DNAL4	ortholog_one2one
CNBP	CNBP	ortholog_one2one
SLC23A2	SLC23A2	ortholog_one2one
MXD4	MXD4	ortholog_one2one
SAMM50	SAMM50	ortholog_one2one
ASPH	ASPH	ortholog_one2one
CDH1	CDH1	ortholog_one2one
UBE2R2	UBE2R2	ortholog_one2one
CHMP2A	CHMP2A	ortholog_one2one
NOL6	NOL6	ortholog_one2one
CCDC3	CCDC3	ortholog_one2one
TAPT1	TAPT1	ortholog_one2one
AZGP1	AZGP1	ortholog_one2one
TTR	TTR	ortholog_one2one
CIMIP2B	CIMIP2B	ortholog_one2one
ULBP2		ortholog_one2many
TEX52	TEX52	ortholog_one2one
KCNK17	KCNK17	ortholog_one2one
RAB14	RAB14	ortholog_one2one
GABRA5	GABRA5	ortholog_one2one
PLCXD2	PLCXD2	ortholog_one2one
CABLES2	CABLES2	ortholog_one2many
CABLES2		ortholog_one2many
IL17C	IL17C	ortholog_one2one
MRO	MRO	ortholog_one2one
A4GALT	A4GALT	ortholog_one2one
GOPC	GOPC	ortholog_one2one
RASSF2	RASSF2	ortholog_one2one
TIMMDC1	TIMMDC1	ortholog_one2one
ATP8B3	ATP8B3	ortholog_one2one
DHX38	DHX38	ortholog_one2one
EGFR	EGFR	ortholog_one2one
OTOP2	OTOP2	ortholog_one2one
PDE8A	PDE8A	ortholog_one2one
SCARF2	SCARF2	ortholog_one2one
WASHC4	WASHC4	ortholog_one2one
NFKB1	NFKB1	ortholog_one2one
ZNF287	ZNF287	ortholog_one2one
TBC1D2	TBC1D2	ortholog_one2one
PSTPIP2	PSTPIP2	ortholog_one2one
TMEM239	TMEM239	ortholog_one2one
RTF2	RTF2	ortholog_one2one
LPAR2	LPAR2	ortholog_one2one
BRPF3	BRPF3	ortholog_one2one
ADD3	ADD3	ortholog_one2one
RPL35A		ortholog_one2one
TXNRD2	TXNRD2	ortholog_one2one
MPPE1	MPPE1	ortholog_one2one
TRPT1	TRPT1	ortholog_one2one
SNORA10B	SNORA64	ortholog_one2many
GNA14	GNA14	ortholog_one2one
FBXO10	FBXO10	ortholog_one2one
ZNF568	ZNF568	ortholog_one2one
SPMIP10	SPMIP10	ortholog_one2one
DDX19B	DDX19B	ortholog_one2one
TRIM32	TRIM32	ortholog_one2one
SIRPB2	SIRPB2	ortholog_one2one
IL9	IL9	ortholog_one2one
DLL1	DLL1	ortholog_one2one
STOM	STOM	ortholog_one2one
MATK	MATK	ortholog_one2one
SDCBP2	SDCBP2	ortholog_one2one
RIOX2	RIOX2	ortholog_one2one
HTT	HTT	ortholog_one2one
GSTT2B		ortholog_one2many
LRFN4	LRFN4	ortholog_one2one
SPAM1	SPAM1	ortholog_one2one
AMD1		ortholog_one2many
AMD1	AMD1	ortholog_one2many
FOXD4L1		ortholog_one2many
MINAR2	MINAR2	ortholog_one2one
DRAP1	DRAP1	ortholog_one2one
PRSS37	PRSS37	ortholog_one2one
MGME1		ortholog_one2many
ZER1	ZER1	ortholog_one2one
RAB8B	RAB8B	ortholog_one2one
SYN3	SYN3	ortholog_one2one
EFCAB9	EFCAB9	ortholog_one2one
ENDOU	ENDOU	ortholog_one2one
KCNJ4	KCNJ4	ortholog_one2one
TUBA8	TUBA8	ortholog_one2one
STAT3	STAT3	ortholog_one2one
AMDHD1	AMDHD1	ortholog_one2one
BUD23	BUD23	ortholog_one2one
HSPBAP1	HSPBAP1	ortholog_one2one
CKMT1B	CKMT1A	ortholog_one2many
GRM5	GRM5	ortholog_one2one
NDRG3	NDRG3	ortholog_one2one
PEX26	PEX26	ortholog_one2one
REELD1	REELD1	ortholog_one2one
NDUFAF4	NDUFAF4	ortholog_one2one
PRSS12	PRSS12	ortholog_one2one
RND1	RND1	ortholog_one2one
WNT7A	WNT7A	ortholog_one2one
MATCAP1	MATCAP1	ortholog_one2one
ALDH3B1	ALDH3B1	ortholog_one2one
TTLL12	TTLL12	ortholog_one2one
MBOAT1	MBOAT1	ortholog_one2one
DNAJC14	DNAJC14	ortholog_one2one
HDDC3	HDDC3	ortholog_one2one
SOWAHA	SOWAHA	ortholog_one2one
GCSAM	GCSAM	ortholog_one2one
EDNRA	EDNRA	ortholog_one2one
NRM	NRM	ortholog_one2one
ELK1	ELK1	ortholog_one2one
TMEM174	TMEM174	ortholog_one2one
ARL2BP		ortholog_one2many
ALDH1A3	ALDH1A3	ortholog_one2one
RN7SKP73	7SK	ortholog_one2one
RNU1-76P	U1	ortholog_one2one
RN7SL58P	Metazoa_SRP	ortholog_one2one
ACRBP	ACRBP	ortholog_one2one
RNU4-43P	U4	ortholog_one2one
RN7SKP207	7SK	ortholog_one2one
SNORD29	SNORD29	ortholog_one2one
RNU6-909P	U6	ortholog_one2one
RNU1-150P	U1	ortholog_one2many
RNU6-480P	U6	ortholog_one2many
SHFL	SHFL	ortholog_one2one
RNU6-299P	U6	ortholog_one2one
RN7SL169P	Metazoa_SRP	ortholog_one2one
RNU6-294P	U6	ortholog_one2one
RNU6-913P	U6	ortholog_one2one
RNU4-11P	U4	ortholog_one2many
RN7SL378P	Metazoa_SRP	ortholog_one2many
RN7SKP34	7SK	ortholog_one2many
RN7SL802P	Metazoa_SRP	ortholog_one2many
RNU6-1119P	U6	ortholog_one2one
RN7SKP62	7SK	ortholog_one2many
RN7SKP68	7SK	ortholog_one2many
RNU6-47P	U6	ortholog_one2many
RN7SKP230	7SK	ortholog_one2one
RN7SKP57	7SK	ortholog_one2one
RN7SL174P	Metazoa_SRP	ortholog_one2many
SNORA13	SNORA13	ortholog_one2one
	SNORA51	ortholog_one2one
GDA	GDA	ortholog_one2one
RNU6-718P	U6	ortholog_one2one
RNU4-69P	U4	ortholog_many2many
RNU7-34P	U7	ortholog_one2one
RN7SL87P	Metazoa_SRP	ortholog_one2one
BST1	BST1	ortholog_one2one
PRSS16	PRSS16	ortholog_one2one
RNU6-390P	U6	ortholog_one2one
MIR378A	MIR378A	ortholog_one2one
RNU6-164P	U6	ortholog_one2one
ZC3H12B	ZC3H12B	ortholog_one2one
RN7SL868P	Metazoa_SRP	ortholog_one2many
	SNORA57	ortholog_one2one
RNU1-17P	U1	ortholog_one2one
MIR340	MIR340	ortholog_one2one
SERPIND1	SERPIND1	ortholog_one2one
TSNAXIP1	TSNAXIP1	ortholog_one2one
RLBP1	RLBP1	ortholog_one2one
ZNF605	ZNF605	ortholog_one2one
RNU6-572P	U6	ortholog_one2one
PIGA	PIGA	ortholog_one2one
RIBC2	RIBC2	ortholog_one2one
TSGA13	TSGA13	ortholog_one2one
SNORA74A	SNORA74	ortholog_one2one
SAA2	SAA4	ortholog_many2many
SAA2		ortholog_many2many
SETD5	SETD5	ortholog_one2one
SAXO2	SAXO2	ortholog_one2one
ATF4		ortholog_one2many
ATF4	ATF4	ortholog_one2many
KCND2	KCND2	ortholog_one2one
CDC37L1	CDC37L1	ortholog_one2one
TRPC7	TRPC7	ortholog_one2one
MRPS10	MRPS10	ortholog_one2one
TNFAIP8L3		ortholog_one2many
CALCR	CALCR	ortholog_one2one
WAS	WAS	ortholog_one2one
CIDEA	CIDEA	ortholog_one2one
SMAD6	SMAD6	ortholog_one2one
ICAM3	ICAM3	ortholog_one2one
SHISAL1	SHISAL1	ortholog_one2one
UBE2J1	UBE2J1	ortholog_one2one
RNF150	RNF150	ortholog_one2one
ATXN10	ATXN10	ortholog_one2one
SPINK4	SPINK4	ortholog_one2one
FBP2	FBP2	ortholog_one2one
HIP1R	HIP1R	ortholog_one2one
IER3IP1	IER3IP1	ortholog_one2one
CILP	CILP	ortholog_one2one
SERPINB7	SERPINB7	ortholog_one2one
MTAP	MTAP	ortholog_one2one
MMUT	MMUT	ortholog_one2one
ABHD17C	ABHD17C	ortholog_one2one
SPIN2B		ortholog_one2many
BMP2	BMP2	ortholog_one2one
PLEKHO2	PLEKHO2	ortholog_one2one
RBM39		ortholog_one2many
RBM39	RBM39	ortholog_one2many
MCF2	MCF2	ortholog_one2one
NKG7	NKG7	ortholog_one2one
DND1	DND1	ortholog_one2one
RNF138	RNF138	ortholog_one2one
MANBA	MANBA	ortholog_one2one
LMAN1L	LMAN1L	ortholog_one2one
ZNF699	ZNF699	ortholog_one2one
ARHGAP1	ARHGAP1	ortholog_one2one
IGIP	IGIP	ortholog_one2one
HUS1	HUS1	ortholog_one2one
RNU7-75P	U7	ortholog_one2one
RNU6-661P	U6	ortholog_one2one
ZNF225	ZNF225	ortholog_one2many
LRRC70		ortholog_one2one
TNFRSF11A	TNFRSF11A	ortholog_one2one
RNU6-757P	U6	ortholog_one2many
SBK2	SBK2	ortholog_one2one
RNU6-923P	U6	ortholog_one2one
TBC1D10B	TBC1D10B	ortholog_one2one
RNU6-1305P	U6	ortholog_many2many
ADRB2	ADRB2	ortholog_one2one
RAB3A	RAB3A	ortholog_one2one
RNU6-456P	U6	ortholog_one2one
RN7SL541P	Metazoa_SRP	ortholog_one2many
SLC25A17	SLC25A17	ortholog_one2one
UBE3D	UBE3D	ortholog_one2one
RN7SKP70	7SK	ortholog_one2one
RBFA	RBFA	ortholog_one2one
SNRPA	SNRPA	ortholog_one2one
PPP1R2B	PPP1R2	ortholog_one2many
CRPPA	CRPPA	ortholog_one2one
RN7SL782P	Metazoa_SRP	ortholog_one2many
RN7SKP122	7SK	ortholog_one2one
MYLK3	MYLK3	ortholog_one2one
BTG1	BTG1	ortholog_one2one
FGD3	FGD3	ortholog_one2one
TMEM31	TMEM31	ortholog_one2one
ROCK1	ROCK1	ortholog_one2one
OFD1	OFD1	ortholog_one2one
TRIM68		ortholog_one2one
ARHGAP11A	ARHGAP11A	ortholog_one2one
SLC9C1	SLC9C1	ortholog_one2one
RNU7-175P	U7	ortholog_one2many
DNAH5	DNAH5	ortholog_one2one
COL19A1	COL19A1	ortholog_one2one
UPF1	UPF1	ortholog_one2one
CRELD2	CRELD2	ortholog_one2one
USP2	USP2	ortholog_one2one
KIF22	KIF22	ortholog_one2one
KRABD3	KRBA1	ortholog_one2one
PDHB	PDHB	ortholog_one2one
GREB1L	GREB1L	ortholog_one2one
VEZT	VEZT	ortholog_one2one
RN7SL68P	Metazoa_SRP	ortholog_one2many
RNF146	RNF146	ortholog_one2one
TLN2	TLN2	ortholog_one2one
SNORD96A	SNORD96	ortholog_one2one
SNORD95	SNORD95	ortholog_one2one
IL13	IL13	ortholog_one2one
JADE1	JADE1	ortholog_one2one
SKA1	SKA1	ortholog_one2one
LVRN	LVRN	ortholog_one2one
ZNF565	ZNF565	ortholog_one2one
CRYAB	CRYAB	ortholog_one2one
MYOM1	MYOM1	ortholog_one2one
PMPCA	PMPCA	ortholog_one2one
MAOB	MAOB	ortholog_one2one
ZFP14	ZFP14	ortholog_one2one
TCERG1L	TCERG1L	ortholog_one2one
PCDHB3	PCDHB3	ortholog_one2one
PCDHB4	PCDHB4	ortholog_one2one
DBNDD1	DBNDD1	ortholog_one2one
ENTPD1	ENTPD1	ortholog_one2one
HSP90AB1	HSP90AB1	ortholog_one2one
PCDHB9		ortholog_one2many
MYL3	MYL3	ortholog_one2one
PCDHB10		ortholog_one2many
CNOT4	CNOT4	ortholog_one2one
HACL2	ILVBL	ortholog_one2one
CWF19L2	CWF19L2	ortholog_one2one
RNU6-1148P	U6	ortholog_one2one
RNU6-888P	U6	ortholog_one2one
SPSB3	SPSB3	ortholog_one2one
FSD2	FSD2	ortholog_one2one
SPINK14	SPINK14	ortholog_one2one
RNU6-477P	U6	ortholog_one2many
SNORD72	SNORD72	ortholog_one2one
CNPY1	CNPY1	ortholog_one2many
RN7SKP251	7SK	ortholog_one2many
	SNORA50	ortholog_one2one
SNORA50D	SNORA76	ortholog_one2one
GARIN3	GARIN3	ortholog_one2one
SEH1L	SEH1L	ortholog_one2one
TMEM184A	TMEM184A	ortholog_one2one
PROP1	PROP1	ortholog_one2one
PHKA1	PHKA1	ortholog_one2one
GMCL2	GMCL1	ortholog_one2many
MTG1	MTG1	ortholog_one2one
SNORA47	SNORA47	ortholog_one2one
OTP	OTP	ortholog_one2one
FAM81B	FAM81B	ortholog_one2one
GALK2	GALK2	ortholog_one2one
P2RX6	P2RX6	ortholog_one2one
RNU6-308P	U6	ortholog_one2many
	snoU13	ortholog_one2one
CATSPER3	CATSPER3	ortholog_one2one
NEUROG1	NEUROG1	ortholog_one2one
AQP4	AQP4	ortholog_one2one
CALU	CALU	ortholog_one2one
GRM6	GRM6	ortholog_one2one
SCAF11	SCAF11	ortholog_one2one
U4	U4	ortholog_one2many
	SNORA76	ortholog_one2one
AP1G1	AP1G1	ortholog_one2one
RN7SKP157	7SK	ortholog_one2one
BCCIP	BCCIP	ortholog_one2one
RNU1-39P	U1	ortholog_one2one
OGT	OGT	ortholog_one2one
PSMG2	PSMG2	ortholog_one2one
EIF4E3	EIF4E3	ortholog_one2one
TUBB4B	TUBB4B	ortholog_one2one
SLC6A19	SLC6A19	ortholog_one2one
INPP4B	INPP4B	ortholog_one2one
SLC6A18	SLC6A18	ortholog_one2one
PIWIL3	PIWIL3	ortholog_one2one
TOR1B	TOR1B	ortholog_one2one
ZNF592	ZNF592	ortholog_one2one
PDXP	PDXP	ortholog_one2one
RNH1	RNH1	ortholog_one2one
DMC1	DMC1	ortholog_one2one
MYO1F	MYO1F	ortholog_one2one
GAP43	GAP43	ortholog_one2one
ATF7	ATF7	ortholog_one2one
KNL1	KNL1	ortholog_one2one
SMPX	SMPX	ortholog_one2one
ESCO1	ESCO1	ortholog_one2one
CTC1	CTC1	ortholog_one2one
CNNM1	CNNM1	ortholog_one2one
RN7SL313P	Metazoa_SRP	ortholog_one2many
GRIN1	GRIN1	ortholog_one2one
OCRL	OCRL	ortholog_one2one
NPY1R	NPY1R	ortholog_one2one
KPNA4	KPNA4	ortholog_one2one
SCRN1	SCRN1	ortholog_one2one
PGPEP1L		ortholog_one2one
KLC4	KLC4	ortholog_one2one
CFAP70	CFAP70	ortholog_one2one
SULT1E1	SULT1E1	ortholog_one2one
AEN	AEN	ortholog_one2one
RNU6-429P	U6	ortholog_one2one
RN7SL177P	Metazoa_SRP	ortholog_one2one
MIR9-2	MIR9-2	ortholog_one2one
SLC16A9	SLC16A9	ortholog_one2one
MIR874	MIR874	ortholog_one2one
MIR218-2	MIR218-2	ortholog_one2one
STARD5	STARD5	ortholog_one2one
RN7SL623P	Metazoa_SRP	ortholog_one2one
RNU7-180P	U7	ortholog_one2one
PRMT8	PRMT8	ortholog_one2one
MYEF2	MYEF2	ortholog_one2one
MIR143	MIR143	ortholog_one2one
MIR145	MIR145	ortholog_one2one
KDELR3	KDELR3	ortholog_one2one
PRDM9	PRDM9	ortholog_one2one
GAS2L1	GAS2L1	ortholog_one2one
MIR103A1	MIR103A1	ortholog_one2one
MIR582	MIR582	ortholog_one2one
SIRT1	SIRT1	ortholog_one2one
VTRNA1-1	Vault	ortholog_many2many
VTRNA1-2	Vault	ortholog_many2many
VTRNA1-3	Vault	ortholog_many2many
MAP9	MAP9	ortholog_one2one
NUB1	NUB1	ortholog_one2one
CEACAM8		ortholog_many2many
SMIM32	SMIM32	ortholog_one2one
CDIN1	CDIN1	ortholog_one2one
RNU6-606P	U6	ortholog_one2one
SLC25A14		ortholog_one2many
PGM5	PGM5	ortholog_one2one
MARCHF2	MARCHF2	ortholog_one2one
ABCC9	ABCC9	ortholog_one2one
NUPR1	NUPR1	ortholog_one2one
MIEF1	MIEF1	ortholog_one2one
FUT7	FUT7	ortholog_one2one
RPL3L	RPL3L	ortholog_one2one
TGIF2	TGIF2	ortholog_one2one
FIBCD1	FIBCD1	ortholog_one2one
BMI1		ortholog_one2many
BMI1	BMI1	ortholog_one2many
MYO18B	MYO18B	ortholog_one2one
CLTC	CLTC	ortholog_one2one
TMIGD2	TMIGD2	ortholog_one2one
LIPC	LIPC	ortholog_one2one
IZUMO3	IZUMO3	ortholog_one2one
SRMS	SRMS	ortholog_one2one
ZNF217	ZNF217	ortholog_one2one
RNU2-49P	U2	ortholog_one2many
RADX	RADX	ortholog_one2one
MANBAL	MANBAL	ortholog_one2one
RFX1	RFX1	ortholog_one2one
PCDH12	PCDH12	ortholog_one2one
SLC25A6	SLC25A6	ortholog_one2one
RNU6-484P	U6	ortholog_one2one
FCSK	FCSK	ortholog_one2one
ADGRF4	ADGRF4	ortholog_one2one
RNU6-1003P	U6	ortholog_one2one
GATA5	GATA5	ortholog_one2one
MIA	MIA	ortholog_one2one
SCARNA18	snoU109	ortholog_one2one
TPRA1	TPRA1	ortholog_one2one
CDK5RAP2	CDK5RAP2	ortholog_one2one
RN7SL255P	Metazoa_SRP	ortholog_one2one
ACO2	ACO2	ortholog_one2one
RNU6-334P	U6	ortholog_one2one
GRID1	GRID1	ortholog_one2one
RN7SKP117	7SK	ortholog_one2many
CRLS1	CRLS1	ortholog_one2one
PRRG1	PRRG1	ortholog_one2one
CLIC5	CLIC5	ortholog_one2one
CD37	CD37	ortholog_one2one
FAT2	FAT2	ortholog_one2one
GTPBP4	GTPBP4	ortholog_one2one
PCLAF	PCLAF	ortholog_one2one
RBM3		ortholog_one2one
ACTBL2	ACTBL2	ortholog_one2one
IL20RA	IL20RA	ortholog_one2one
JAK3	JAK3	ortholog_one2one
PGAM5	PGAM5	ortholog_one2one
PIWIL4	PIWIL4	ortholog_one2one
KCNB1	KCNB1	ortholog_one2one
PSTPIP1	PSTPIP1	ortholog_one2one
LAMB4	LAMB4	ortholog_one2one
ADRM1	ADRM1	ortholog_one2one
PALB2	PALB2	ortholog_one2one
CT55	CT55	ortholog_one2one
PSMB1		ortholog_one2many
PSMB1	PSMB1	ortholog_one2many
NALF2	NALF2	ortholog_one2one
LLGL1	LLGL1	ortholog_one2one
HSD17B6	HSD17B6	ortholog_one2one
WNT11	WNT11	ortholog_one2one
APEX2	APEX2	ortholog_one2one
SPTBN4	SPTBN4	ortholog_one2one
HOXA1	HOXA1	ortholog_one2one
BCORL1	BCORL1	ortholog_one2one
SECISBP2L	SECISBP2L	ortholog_one2one
CGAS	CGAS	ortholog_one2one
SPINDOC	SPINDOC	ortholog_one2one
BEND3	BEND3	ortholog_one2one
ARMH3	ARMH3	ortholog_one2one
IDS	IDS	ortholog_one2one
MAPK3	MAPK3	ortholog_one2one
ARPC1B	ARPC1B	ortholog_one2one
SCAF8	SCAF8	ortholog_one2one
SLC28A2	SLC28A2	ortholog_one2one
PRKAB1	PRKAB1	ortholog_one2one
PECAM1	PECAM1	ortholog_one2one
NR1H2	NR1H2	ortholog_one2one
TDP2	TDP2	ortholog_one2one
ZNF143	ZNF143	ortholog_one2one
VSIG10	VSIG10	ortholog_one2one
CDH15	CDH15	ortholog_one2one
KIF3B	KIF3B	ortholog_one2one
ULK3	ULK3	ortholog_one2one
SEC31A	SEC31A	ortholog_one2one
BPIFB1	BPIFB1	ortholog_one2one
ZBTB2	ZBTB2	ortholog_one2one
GINS2	GINS2	ortholog_one2one
SLC16A8	SLC16A8	ortholog_one2one
CERS5	CERS5	ortholog_one2one
DDO	DDO	ortholog_one2one
PARD6A	PARD6A	ortholog_one2one
GGTLC3	GGT1	ortholog_one2many
RIPPLY1	RIPPLY1	ortholog_one2one
KIAA0930	KIAA0930	ortholog_one2one
PKD1L2		ortholog_one2one
TMEM35A	TMEM35A	ortholog_one2one
OGFRL1	OGFRL1	ortholog_one2one
XAGE5		ortholog_many2many
ARHGAP12	ARHGAP12	ortholog_one2one
PNRC1	PNRC1	ortholog_one2one
VWDE	VWDE	ortholog_one2one
H2BC15	H2BC15	ortholog_one2one
CTPS2	CTPS2	ortholog_one2one
TMEM230		ortholog_one2many
TMEM230	TMEM230	ortholog_one2many
RING1	RING1	ortholog_one2one
DGCR2	DGCR2	ortholog_one2one
HEXD	HEXD	ortholog_one2one
RRN3	RRN3	ortholog_one2one
POP7	POP7	ortholog_one2one
MLIP	MLIP	ortholog_one2one
ZNF84	ZNF84	ortholog_one2one
CTSV	CTSV	ortholog_one2one
MCPH1	MCPH1	ortholog_one2one
ZNF621	ZNF621	ortholog_one2one
AP5Z1	AP5Z1	ortholog_one2one
HDGFL2	HDGFL2	ortholog_one2one
KCNK7	KCNK7	ortholog_one2one
GNMT	GNMT	ortholog_one2one
AXIN1	AXIN1	ortholog_one2one
KBTBD4	KBTBD4	ortholog_one2one
HIGD1A	HIGD1A	ortholog_one2one
TADA2A	TADA2A	ortholog_one2one
HSD17B12	HSD17B12	ortholog_one2one
DDX55	DDX55	ortholog_one2one
TASP1	TASP1	ortholog_one2one
MAN2A2	MAN2A2	ortholog_one2one
NFIB	NFIB	ortholog_one2one
JPH1	JPH1	ortholog_one2one
CDK19	CDK19	ortholog_one2one
INO80E	INO80E	ortholog_one2one
SHPK	SHPK	ortholog_one2one
ZNF706	ZNF706	ortholog_one2many
ZNF706		ortholog_one2many
CSNK1E	CSNK1E	ortholog_one2one
GAGE10		ortholog_many2many
PHF10	PHF10	ortholog_one2many
PHF10		ortholog_one2many
ACTR8	ACTR8	ortholog_one2many
ACTR8		ortholog_one2many
TRMT112		ortholog_one2many
TRMT112	TRMT112	ortholog_one2many
XPNPEP2	XPNPEP2	ortholog_one2one
KLK12	KLK12	ortholog_one2one
PEMT	PEMT	ortholog_one2one
NAA20		ortholog_one2many
NAA20	NAA20	ortholog_one2many
FKBP6	FKBP6	ortholog_one2one
SCAMP5	SCAMP5	ortholog_one2one
DLG5	DLG5	ortholog_one2one
NUP62CL	NUP62CL	ortholog_one2one
SCYGR2	SCYGR2	ortholog_one2one
SCYGR4	SCYGR4	ortholog_one2one
YIF1A	YIF1A	ortholog_one2one
FBXL12	FBXL12	ortholog_one2one
NAPB	NAPB	ortholog_one2one
ACTL6B	ACTL6B	ortholog_one2one
MAGEC1		ortholog_one2many
NUP37	NUP37	ortholog_one2one
HBA1		ortholog_many2many
ZFX	ZFX	ortholog_one2one
CDKN1A	CDKN1A	ortholog_one2one
RFT1	RFT1	ortholog_one2one
MROH1	MROH1	ortholog_one2one
EN1	EN1	ortholog_one2one
UHRF1	UHRF1	ortholog_one2one
CPA2	CPA2	ortholog_one2one
RN7SL468P	Metazoa_SRP	ortholog_one2one
GFER	GFER	ortholog_one2one
KCTD10	KCTD10	ortholog_one2one
SLC13A4	SLC13A4	ortholog_one2one
NPAS4	NPAS4	ortholog_one2one
POPDC3	POPDC3	ortholog_one2one
SYS1	SYS1	ortholog_one2one
WDR5	WDR5	ortholog_one2one
SNX22	SNX22	ortholog_one2one
MRPL34	MRPL34	ortholog_one2one
POLD3	POLD3	ortholog_one2one
CPN1	CPN1	ortholog_one2one
PMP22	PMP22	ortholog_one2one
IST1	IST1	ortholog_one2one
MLN	MLN	ortholog_one2one
ZBP1	ZBP1	ortholog_one2one
SLC30A4	SLC30A4	ortholog_one2one
CEACAM1		ortholog_many2many
NT5E	NT5E	ortholog_one2one
FGF7	FGF7	ortholog_one2one
SLC25A40	SLC25A40	ortholog_one2one
DBNDD2	DBNDD2	ortholog_one2one
SLC18A2	SLC18A2	ortholog_one2one
CHCHD10		ortholog_one2many
CHCHD10	CHCHD10	ortholog_one2many
GNG10	GNG10	ortholog_one2many
GNG10		ortholog_one2many
EFNB1	EFNB1	ortholog_one2one
STRC	STRC	ortholog_one2one
GPD1L	GPD1L	ortholog_one2many
GPD1L		ortholog_one2many
NFKBIL1	NFKBIL1	ortholog_one2one
CBX6	CBX6	ortholog_one2one
DIAPH2	DIAPH2	ortholog_one2one
NEU2	NEU2	ortholog_one2one
GLIPR2	GLIPR2	ortholog_one2one
PPARA	PPARA	ortholog_one2one
PLA2G7	PLA2G7	ortholog_one2one
CAPN6	CAPN6	ortholog_one2one
RFK		ortholog_one2many
RFK	RFK	ortholog_one2many
RN7SKP107	7SK	ortholog_one2one
RN7SKP255	7SK	ortholog_one2many
CAVIN4	CAVIN4	ortholog_one2one
LRRC15	LRRC15	ortholog_one2one
SPIN3		ortholog_one2one
RNU6-7	U6	ortholog_one2many
RNU6-8	U6	ortholog_one2many
CDC25B	CDC25B	ortholog_one2one
STMND1	STMND1	ortholog_one2one
UPK1A	UPK1A	ortholog_one2one
PGAM1	PGAM4	ortholog_one2one
REXO4	REXO4	ortholog_one2one
CLDN16	CLDN16	ortholog_one2one
LARP4		ortholog_one2many
LARP4	LARP4	ortholog_one2many
SLC35F1	SLC35F1	ortholog_one2one
RASIP1	RASIP1	ortholog_one2one
PCSK6	PCSK6	ortholog_one2one
RNU2-14P	U2	ortholog_one2one
HLA-DPB1	HLA-DPB1	ortholog_one2one
DLG2	DLG2	ortholog_one2many
DLG2		ortholog_one2many
CRCP	CRCP	ortholog_one2one
HTR7	HTR7	ortholog_one2one
CCDC172	CCDC172	ortholog_one2one
METRNL	METRNL	ortholog_one2one
KIF26A	KIF26A	ortholog_one2one
EXOSC7	EXOSC7	ortholog_one2one
PIP	PIP	ortholog_one2one
SLC52A1	SLC52A1	ortholog_one2one
SMNDC1	SMNDC1	ortholog_one2many
SMNDC1		ortholog_one2many
LAMP2	LAMP2	ortholog_one2one
APOL6		ortholog_one2one
TOMM20L	TOMM20L	ortholog_one2one
RBX1	RBX1	ortholog_one2one
PDK4	PDK4	ortholog_one2one
CCDC175	CCDC175	ortholog_one2one
SAXO5	SAXO5	ortholog_one2one
FHL5	FHL5	ortholog_one2one
GLE1		ortholog_one2many
GLE1	GLE1	ortholog_one2many
SREBF1	SREBF1	ortholog_one2one
PSG11		ortholog_many2many
NUTM2D		ortholog_one2many
GATAD1	GATAD1	ortholog_one2one
YWHAH	YWHAH	ortholog_one2one
ECHDC3	ECHDC3	ortholog_one2one
PTN	PTN	ortholog_one2one
PDYN	PDYN	ortholog_one2one
CRLF1	CRLF1	ortholog_one2one
AGPAT1	AGPAT1	ortholog_one2one
BCR	BCR	ortholog_one2one
SIRPG		ortholog_many2many
DCBLD2	DCBLD2	ortholog_one2one
REC114	REC114	ortholog_one2one
GET4	GET4	ortholog_one2one
ATG14	ATG14	ortholog_one2one
GDI2	GDI2	ortholog_one2many
GDI2		ortholog_one2many
SLC39A4	SLC39A4	ortholog_one2one
LYSMD2	LYSMD2	ortholog_one2one
SLC24A3	SLC24A3	ortholog_one2one
MGAT2		ortholog_one2one
TOMM40	TOMM40	ortholog_one2one
ANGEL1	ANGEL1	ortholog_one2one
NNAT	NNAT	ortholog_one2one
PSCA	PSCA	ortholog_one2one
RNF114	RNF114	ortholog_one2one
DHODH	DHODH	ortholog_one2one
CLVS1	CLVS1	ortholog_one2one
HOMEZ	HOMEZ	ortholog_one2one
WDR86	WDR86	ortholog_one2one
RPS29	RPS29	ortholog_one2one
MYZAP	MYZAP	ortholog_one2one
B4GAT1	B4GAT1	ortholog_one2one
FOXA3	FOXA3	ortholog_one2one
ASAH1	ASAH1	ortholog_one2one
KCNH2	KCNH2	ortholog_one2one
BFSP1	BFSP1	ortholog_one2one
RLN2		ortholog_one2many
POMT2	POMT2	ortholog_one2one
TSR3	TSR3	ortholog_one2one
FAM219A	FAM219A	ortholog_one2one
UQCC1	UQCC1	ortholog_one2one
SOBP	SOBP	ortholog_one2one
TOM1	TOM1	ortholog_one2one
CD109	CD109	ortholog_one2one
SUPV3L1	SUPV3L1	ortholog_one2one
ADAMTSL5	ADAMTSL5	ortholog_one2one
ECM2	ECM2	ortholog_one2one
TMEM213	TMEM213	ortholog_one2one
CIAO3	CIAO3	ortholog_one2one
YIPF6	YIPF6	ortholog_one2one
LMOD2	LMOD2	ortholog_one2one
MAD2L1BP	MAD2L1BP	ortholog_one2one
RNF216	RNF216	ortholog_one2one
DYNLT2	DYNLT2	ortholog_one2one
MED24	MED24	ortholog_one2one
TUBE1	TUBE1	ortholog_one2one
HSPA8		ortholog_one2one
TYK2	TYK2	ortholog_one2one
STARD8	STARD8	ortholog_one2one
CNTNAP3		ortholog_one2many
TMEM255A	TMEM255A	ortholog_one2one
PRLH	PRLH	ortholog_one2one
CLEC3A	CLEC3A	ortholog_one2one
ZMIZ2	ZMIZ2	ortholog_one2one
DCTN5	DCTN5	ortholog_one2many
DCTN5		ortholog_one2many
OTC	OTC	ortholog_one2one
GALNT16	GALNT16	ortholog_one2one
BOLL	BOLL	ortholog_one2one
ITGA7	ITGA7	ortholog_one2one
PLG	PLG	ortholog_one2many
ZSWIM8	ZSWIM8	ortholog_one2one
MEIS2	MEIS2	ortholog_one2one
PGK1	PGK1	ortholog_one2one
APOBEC3G		ortholog_one2many
FAM163B	FAM163B	ortholog_one2one
NTSR1	NTSR1	ortholog_one2one
GGTLC1	GGT1	ortholog_one2many
PCBP4	PCBP4	ortholog_one2one
BPIFB2	BPIFB2	ortholog_one2one
CHEK2		ortholog_one2many
TMEM141	TMEM141	ortholog_one2one
SLX4IP	SLX4IP	ortholog_one2one
SCFD1	SCFD1	ortholog_one2one
NEXMIF	NEXMIF	ortholog_one2one
BAX	BAX	ortholog_one2one
AMELX	AMELX	ortholog_one2one
NFATC2IP	NFATC2IP	ortholog_one2one
GLI4	GLI4	ortholog_one2one
BRINP1	BRINP1	ortholog_one2one
ZNF674		ortholog_one2many
SLC35G1	SLC35G1	ortholog_one2one
CCM2L	CCM2L	ortholog_one2one
ESPNL	ESPNL	ortholog_one2one
EMD	EMD	ortholog_one2one
CTSW	CTSW	ortholog_one2one
NRG3	NRG3	ortholog_one2one
POLR3F	POLR3F	ortholog_one2one
TCP1		ortholog_one2many
TCP1	TCP1	ortholog_one2many
LRRC8E	LRRC8E	ortholog_one2one
CFDP1	CFDP1	ortholog_one2one
ZCWPW1	ZCWPW1	ortholog_one2one
TRMT10B	TRMT10B	ortholog_one2one
GPAT4	GPAT4	ortholog_one2one
SCAPER	SCAPER	ortholog_one2one
RSPH6A	RSPH6A	ortholog_one2one
PGRMC1	PGRMC1	ortholog_one2one
TLL2	TLL2	ortholog_one2one
MAGEA12		ortholog_one2many
NOL4L	NOL4L	ortholog_one2one
GPM6B	GPM6B	ortholog_one2one
PCNX3	PCNX3	ortholog_one2one
TUBB3	TUBB3	ortholog_one2one
PIP5K1C	PIP5K1C	ortholog_one2one
PCIF1	PCIF1	ortholog_one2one
GSTO2	GSTO2	ortholog_one2one
SLC25A29	SLC25A29	ortholog_one2one
CACNA1F	CACNA1F	ortholog_one2one
PTPDC1	PTPDC1	ortholog_one2one
CAMK1D	CAMK1D	ortholog_one2one
PKMYT1	PKMYT1	ortholog_one2one
TMEM178B	TMEM178B	ortholog_one2one
ACOT1		ortholog_many2many
CDHR1	CDHR1	ortholog_one2one
MAN1B1	MAN1B1	ortholog_one2one
TIMM9		ortholog_one2many
STAT5A	STAT5A	ortholog_one2one
CCDC195	CCDC195	ortholog_one2one
ABCF2	ABCF2	ortholog_one2one
TOP6BL	TOP6BL	ortholog_one2one
AARS2	AARS2	ortholog_one2one
DUSP26	DUSP26	ortholog_one2one
KLHL13	KLHL13	ortholog_one2one
ENTPD7	ENTPD7	ortholog_one2one
RNU2-21P	U2	ortholog_one2one
FAM86B1	EEF2KMT	ortholog_one2many
UCKL1	UCKL1	ortholog_one2one
PTGDR	PTGDR	ortholog_one2one
CDK9	CDK9	ortholog_one2one
ZFAND4	ZFAND4	ortholog_one2one
ARX	ARX	ortholog_one2one
PYGO1	PYGO1	ortholog_one2one
KCNF1	KCNF1	ortholog_one2one
SYTL4	SYTL4	ortholog_one2one
CAPNS1	CAPNS1	ortholog_one2one
MESD	MESD	ortholog_one2one
URM1	URM1	ortholog_one2one
CDC40	CDC40	ortholog_one2one
ERC1	ERC1	ortholog_one2one
PSME3IP1		ortholog_one2many
PSME3IP1	PSME3IP1	ortholog_one2many
ZKSCAN5	ZKSCAN5	ortholog_one2one
ADCY4	ADCY4	ortholog_one2one
RNU6-1215P	U6	ortholog_one2one
SVEP1	SVEP1	ortholog_one2one
INTS14	INTS14	ortholog_one2one
PISD	PISD	ortholog_one2one
GCM1	GCM1	ortholog_one2one
ZNHIT3	ZNHIT3	ortholog_one2one
IRAK1BP1	IRAK1BP1	ortholog_one2one
USP11	USP11	ortholog_one2one
STK3	STK3	ortholog_one2one
GPR4	GPR4	ortholog_one2one
YAE1	YAE1	ortholog_one2one
KIFC1	KIFC1	ortholog_one2one
FBXW10	FBXW10B	ortholog_one2many
DAZAP1	DAZAP1	ortholog_one2one
ZNF652	ZNF652	ortholog_one2one
SEMA3C	SEMA3C	ortholog_one2one
SIRT3	SIRT3	ortholog_one2one
MARCHF4	MARCHF4	ortholog_one2one
SSR1	SSR1	ortholog_one2one
RNU6-360P	U6	ortholog_one2one
TCF15	TCF15	ortholog_one2one
CRYGC	CRYGC	ortholog_one2one
SNX5		ortholog_one2many
GGA1	GGA1	ortholog_one2one
CRYGA	CRYGA	ortholog_one2one
CPA6	CPA6	ortholog_one2one
SEZ6	SEZ6	ortholog_one2one
SMC1A	SMC1A	ortholog_one2one
CHRNB3	CHRNB3	ortholog_one2one
THBS1	THBS1	ortholog_one2one
CACFD1	CACFD1	ortholog_one2one
PRKG1	PRKG1	ortholog_one2one
EXT1	EXT1	ortholog_one2one
KMT5A	KMT5A	ortholog_one2one
TIMM22	TIMM22	ortholog_one2one
PPP4R3A	PPP4R3A	ortholog_one2one
ADRA1A	ADRA1A	ortholog_one2one
C17orf58	C16H17orf58	ortholog_one2many
C17orf58		ortholog_one2many
MNS1	MNS1	ortholog_one2one
SMS		ortholog_one2many
NRN1	NRN1	ortholog_one2one
PRDX3	PRDX3	ortholog_one2one
POU5F1B		ortholog_many2many
POU5F1B	POU5F1	ortholog_many2many
PIK3C2G	PIK3C2G	ortholog_one2one
PIGO	PIGO	ortholog_one2one
MAK16	MAK16	ortholog_one2one
YWHAB	YWHAB	ortholog_one2one
YKT6	YKT6	ortholog_one2one
FURIN	FURIN	ortholog_one2one
PDZD11	PDZD11	ortholog_one2one
NDUFB10	NDUFB10	ortholog_one2one
VPS37A	VPS37A	ortholog_one2one
POU5F1		ortholog_many2many
POU5F1	POU5F1	ortholog_many2many
LILRA5		ortholog_many2many
LILRA5	LILRB4	ortholog_many2many
ANAPC11	ANAPC11	ortholog_one2one
PLCL1	PLCL1	ortholog_one2one
BBS1	BBS1	ortholog_one2one
COG8	COG8	ortholog_one2one
CASD1	CASD1	ortholog_one2one
EHD2	EHD2	ortholog_one2one
MOGAT1	MOGAT1	ortholog_one2one
ART4	ART4	ortholog_one2one
GINS3	GINS3	ortholog_one2one
CIMIP1	CIMIP1	ortholog_one2one
SRC	SRC	ortholog_one2one
RPGRIP1L	RPGRIP1L	ortholog_one2one
ZNF468		ortholog_one2many
SPMIP5	SPMIP5	ortholog_one2one
SLC19A3	SLC19A3	ortholog_one2one
BRF1	BRF1	ortholog_one2one
DRP2	DRP2	ortholog_one2one
SPRN	SPRN	ortholog_one2one
NOXA1	NOXA1	ortholog_one2one
KLK8	KLK8	ortholog_one2one
TIAL1	TIAL1	ortholog_one2one
LCTL	LCTL	ortholog_one2one
DDX54	DDX54	ortholog_one2one
FBXO41	FBXO41	ortholog_one2one
AAR2	AAR2	ortholog_one2one
SH3BP1	SH3BP1	ortholog_one2one
PNMA6F		ortholog_one2many
EOLA1		ortholog_many2many
CYP2A13	CYP2A13P	ortholog_one2many
FAM117B	FAM117B	ortholog_one2one
ABHD17A	ABHD17A	ortholog_one2one
SQOR		ortholog_one2many
SQOR	SQOR	ortholog_one2many
PROKR1	PROKR1	ortholog_one2one
BMPER	BMPER	ortholog_one2one
CPSF1	CPSF1	ortholog_one2one
BCAS1	BCAS1	ortholog_one2one
RGS11	RGS11	ortholog_one2one
PPM1F	PPM1F	ortholog_one2one
PCCB	PCCB	ortholog_one2one
TMEM145	TMEM145	ortholog_one2one
DMWD		ortholog_one2many
DMWD	DMWD	ortholog_one2many
SREBF2	SREBF2	ortholog_one2one
TRPM3	TRPM3	ortholog_one2one
LGALS14		ortholog_one2many
ZEB2	ZEB2	ortholog_one2one
ZNF549	ZNF549	ortholog_one2one
HPS1	HPS1	ortholog_one2one
FHL1		ortholog_one2one
ZNF219	ZNF219	ortholog_one2one
VASP	VASP	ortholog_one2one
NQO1	NQO1	ortholog_one2one
CD300C		ortholog_one2one
RPRD1B	RPRD1B	ortholog_one2one
ZNF10	ZNF10	ortholog_one2one
MAP3K7	MAP3K7	ortholog_one2one
JMJD6	JMJD6	ortholog_one2one
SLC13A3	SLC13A3	ortholog_one2one
SRRT	SRRT	ortholog_one2one
KATNIP	KATNIP	ortholog_one2one
GOLGA5	GOLGA5	ortholog_one2one
KRT23	KRT23	ortholog_one2one
PIANP	PIANP	ortholog_one2one
TIMM13	TIMM13	ortholog_one2one
WDR38	WDR38	ortholog_one2one
TNP1	Tnp1	ortholog_one2one
SAPCD2	SAPCD2	ortholog_one2one
SPATA31H1	SPATA31H1	ortholog_one2one
ZNF700		ortholog_one2many
FOSB	FOSB	ortholog_one2one
PNPLA7	PNPLA7	ortholog_one2one
TRIB3	TRIB3	ortholog_one2one
PKD1	PKD1	ortholog_one2one
LIMA1	LIMA1	ortholog_one2one
TMEM98	TMEM98	ortholog_one2one
SLC7A9	SLC7A9	ortholog_one2one
FAM227B	FAM227B	ortholog_one2one
ZNRD2	ZNRD2	ortholog_one2one
N4BP2	N4BP2	ortholog_one2one
HM13	HM13	ortholog_one2one
ADAM20	ADAM20	ortholog_one2one
XKRX	XKRX	ortholog_one2one
LGALS2	LGALS2	ortholog_one2one
HNRNPUL2	HNRNPUL2	ortholog_one2one
GP1BB	GP1BB	ortholog_one2one
NFATC4	NFATC4	ortholog_one2one
COPS4	COPS4	ortholog_one2one
ITPKA	ITPKA	ortholog_one2one
FNDC1	FNDC1	ortholog_one2one
TRIM3	TRIM3	ortholog_one2one
YARS2	YARS2	ortholog_one2one
SRRD	SRRD	ortholog_one2one
PLCG2	PLCG2	ortholog_one2one
KCNK9	KCNK9	ortholog_one2one
SUMO2		ortholog_one2one
PRKCSH	PRKCSH	ortholog_one2one
TYMP	TYMP	ortholog_one2one
EIF3H	EIF3H	ortholog_one2many
EIF3H		ortholog_one2many
CYFIP1	CYFIP1	ortholog_one2one
LIPF	LIPF	ortholog_one2one
ARHGEF15	ARHGEF15	ortholog_one2one
LIPJ	LIPJ	ortholog_one2one
KLHDC3	KLHDC3	ortholog_one2one
TRMT44		ortholog_one2one
AACS	AACS	ortholog_one2one
HEATR9	HEATR9	ortholog_one2one
NPHP3	NPHP3	ortholog_one2one
OAT	OAT	ortholog_one2one
GDPD5	GDPD5	ortholog_one2one
DNPEP	DNPEP	ortholog_one2one
GOLGA7		ortholog_one2many
RNPS1	RNPS1	ortholog_one2one
ZBTB43	ZBTB43	ortholog_one2one
LRPAP1	LRPAP1	ortholog_one2one
DCX	DCX	ortholog_one2one
ATPAF2	ATPAF2	ortholog_one2one
MCTS2		ortholog_one2one
CIDEC	CIDEC	ortholog_one2one
TRRAP	TRRAP	ortholog_one2one
ISX	ISX	ortholog_one2one
XRN2	XRN2	ortholog_one2one
UBE2L3	UBE2L3	ortholog_one2many
ADAMTS13	ADAMTS13	ortholog_one2one
TMEM254	TMEM254	ortholog_one2one
CECR2	CECR2	ortholog_one2one
FUNDC1	FUNDC1	ortholog_one2one
CRBN	CRBN	ortholog_one2one
PCTP	PCTP	ortholog_one2one
MPP1	MPP1	ortholog_one2one
EFCAB6	EFCAB6	ortholog_one2one
POLE2	POLE2	ortholog_one2one
NRSN1	NRSN1	ortholog_one2one
DGKQ	DGKQ	ortholog_one2one
CTXN1	CTXN1	ortholog_one2one
CSMD3	CSMD3	ortholog_one2one
ARHGEF18	ARHGEF18	ortholog_one2one
TRAF3IP2	TRAF3IP2	ortholog_one2many
TRAF3IP2		ortholog_one2many
RPSA2		ortholog_many2many
PDCD4	PDCD4	ortholog_one2one
POLR2G	POLR2G	ortholog_one2one
DHX8	DHX8	ortholog_one2one
SLC27A1	SLC27A1	ortholog_one2one
TINF2	TINF2	ortholog_one2one
DDX17	DDX17	ortholog_one2one
HBG2		ortholog_one2many
RRP36	RRP36	ortholog_one2one
RAB5B	RAB5B	ortholog_one2one
SHISA8	SHISA8	ortholog_one2one
KCNT1	KCNT1	ortholog_one2one
IL2RG	IL2RG	ortholog_one2one
YDJC	YDJC	ortholog_one2one
TTI2	TTI2	ortholog_one2one
RPL34		ortholog_one2one
THUMPD1		ortholog_one2many
THUMPD1	THUMPD1	ortholog_one2many
VMA21	VMA21	ortholog_one2one
VMA22	CCDC115	ortholog_one2one
GASK1A	GASK1A	ortholog_one2one
TRMT2A	TRMT2A	ortholog_one2one
STMN2	STMN2	ortholog_one2one
PCSK1N	PCSK1N	ortholog_one2one
PARP6	PARP6	ortholog_one2one
PSMA2	PSMA2	ortholog_one2one
GLOD4		ortholog_one2many
GLOD4	GLOD4	ortholog_one2many
PCGF5		ortholog_one2many
PCGF5	PCGF5	ortholog_one2many
SNX14	SNX14	ortholog_one2one
MYC	MYC	ortholog_one2one
ZNF619	ZNF619	ortholog_one2one
GOT2	GOT2	ortholog_one2many
GOT2		ortholog_one2many
SF3B2	SF3B2	ortholog_one2many
SF3B2		ortholog_one2many
RALY	RALY	ortholog_one2one
EYA1	EYA1	ortholog_one2one
LAMTOR3	LAMTOR3	ortholog_one2one
VSIR	VSIR	ortholog_one2one
IGLL1		ortholog_many2many
MRPL4	MRPL4	ortholog_one2one
TBC1D10A	TBC1D10A	ortholog_one2one
TFDP2	TFDP2	ortholog_one2one
SLC9A6	SLC9A6	ortholog_one2one
PIP4K2B	PIP4K2B	ortholog_one2one
CYP51A1	CYP51A1	ortholog_one2one
DCK	DCK	ortholog_one2one
CNOT2	CNOT2	ortholog_one2one
TUBAL3	TUBAL3	ortholog_one2one
ADIRF	ADIRF	ortholog_one2one
PTMA		ortholog_one2one
HNRNPC	HNRNPC	ortholog_one2one
CACNG5	CACNG5	ortholog_one2one
FFAR4	FFAR4	ortholog_one2one
TRIM60	TRIM60	ortholog_one2one
SLC10A7	SLC10A7	ortholog_one2one
R3HCC1L	R3HCC1L	ortholog_one2one
EPHB6	EPHB6	ortholog_one2one
RORB	RORB	ortholog_one2one
ANKS3	ANKS3	ortholog_one2one
C9orf153	C9orf153	ortholog_one2one
ENHO	ENHO	ortholog_one2one
BICD2	BICD2	ortholog_one2one
DENND6A	DENND6A	ortholog_one2one
IL17RA	IL17RA	ortholog_one2one
USP53	USP53	ortholog_one2many
USP53		ortholog_one2many
ZFP28	ZFP28	ortholog_one2one
GABRA3	GABRA3	ortholog_one2one
WHRN	WHRN	ortholog_one2one
RAB33A	RAB33A	ortholog_one2one
RAB34	RAB34	ortholog_one2one
PTCHD1	PTCHD1	ortholog_one2one
KALRN	KALRN	ortholog_one2many
TLR8	TLR8	ortholog_one2one
WDR13	WDR13	ortholog_one2one
RAB36	RAB36	ortholog_one2one
ZNF578		ortholog_one2many
UBA6	UBA6	ortholog_one2one
LIF	LIF	ortholog_one2one
GBGT1	GBGT1	ortholog_one2one
SGTA	SGTA	ortholog_one2one
HYCC1		ortholog_one2many
HYCC1	HYCC1	ortholog_one2many
UBE2V2		ortholog_one2one
MRPL23		ortholog_one2many
BLOC1S2	BLOC1S2	ortholog_one2one
MB	MB	ortholog_one2one
TMEM37	TMEM37	ortholog_one2one
DPYSL2	DPYSL2	ortholog_one2one
BMX	BMX	ortholog_one2one
KCNK3	KCNK3	ortholog_one2one
BRI3		ortholog_one2many
BRI3	BRI3	ortholog_one2many
IFFO1	IFFO1	ortholog_one2one
GPR158	GPR158	ortholog_one2one
SH2D4A	SH2D4A	ortholog_one2one
RBM28	RBM28	ortholog_one2one
SELENOO	SELENOO	ortholog_one2one
NHSL2	NHSL2	ortholog_one2one
KLHL36	KLHL36	ortholog_one2one
COMMD8		ortholog_one2many
COMMD8	COMMD8	ortholog_one2many
IL15RA		ortholog_one2one
PTGS1	PTGS1	ortholog_one2one
CRYBB1	CRYBB1	ortholog_one2one
NOX4	NOX4	ortholog_one2one
MMAA	MMAA	ortholog_one2one
IFT27	IFT27	ortholog_one2one
GATA4	GATA4	ortholog_one2one
GDI1	GDI1	ortholog_one2one
ZNF200	ZNF200	ortholog_one2one
ZNF816		ortholog_one2many
NOC4L	NOC4L	ortholog_one2one
MAD2L1		ortholog_one2many
MAD2L1	MAD2L1	ortholog_one2many
TNIK	TNIK	ortholog_one2one
KIF7	KIF7	ortholog_one2one
MTG2	MTG2	ortholog_one2one
ELF2	ELF2	ortholog_one2one
THAP8	THAP8	ortholog_one2one
AIFM3	AIFM3	ortholog_one2one
KLF9	KLF9	ortholog_one2one
MLANA	MLANA	ortholog_one2one
ITGA3	ITGA3	ortholog_one2one
GRB10	GRB10	ortholog_one2one
TMED1	TMED1	ortholog_one2one
CIITA	CIITA	ortholog_one2one
ACSS1	ACSS1	ortholog_one2one
TMEM68	TMEM68	ortholog_one2one
RPL7A		ortholog_one2one
MAGEA11		ortholog_one2many
KCNN1	KCNN1	ortholog_one2one
ODAD2	ODAD2	ortholog_one2one
ABCB7		ortholog_one2many
PLCZ1	PLCZ1	ortholog_one2one
AKAP7	AKAP7	ortholog_one2one
C8orf76	C8orf76	ortholog_one2one
OSTC	OSTC	ortholog_one2one
RAB3D	RAB3D	ortholog_one2one
SAV1		ortholog_one2many
SAV1	SAV1	ortholog_one2many
CA10	CA10	ortholog_one2one
HSF2	HSF2	ortholog_one2one
TUBGCP4	TUBGCP4	ortholog_one2one
DHRS2	DHRS2	ortholog_one2one
MKI67	MKI67	ortholog_one2one
MND1		ortholog_one2one
PAG1	PAG1	ortholog_one2one
STAT2	STAT2	ortholog_one2one
CTCFL		ortholog_one2one
GPR108	GPR108	ortholog_one2one
C1QL3	C1QL3	ortholog_one2one
ELOB	ELOB	ortholog_one2one
EMSY	EMSY	ortholog_one2one
VLDLR	VLDLR	ortholog_one2one
ZNF394	ZNF394	ortholog_one2one
BLOC1S5	BLOC1S5	ortholog_one2one
EXD2	EXD2	ortholog_one2one
PRXL2A		ortholog_one2many
PRXL2A	PRXL2A	ortholog_one2many
KIFC2	KIFC2	ortholog_one2one
SLC49A3	SLC49A3	ortholog_one2one
CYP3A7	CYP3A211	ortholog_many2many
CYP3A7	CYP3A205	ortholog_many2many
SNRNP25	SNRNP25	ortholog_one2one
SRSF3		ortholog_one2many
SRSF3	SRSF3	ortholog_one2many
KCTD19	KCTD19	ortholog_one2one
DLG4	DLG4	ortholog_one2one
SLURP1	SLURP1	ortholog_one2one
GSAP	GSAP	ortholog_one2one
MMP15	MMP15	ortholog_one2one
SARAF	SARAF	ortholog_one2many
SARAF		ortholog_one2many
PHPT1	PHPT1	ortholog_one2many
PHPT1		ortholog_one2many
AAGAB	AAGAB	ortholog_one2one
RTRAF		ortholog_one2one
PPIL6	PPIL6	ortholog_one2one
MSANTD1	MSANTD1	ortholog_one2one
KDR	KDR	ortholog_one2one
IFIT1		ortholog_one2many
ACOT8	ACOT8	ortholog_one2one
CPNE2	CPNE2	ortholog_one2one
SHOC1	SHOC1	ortholog_one2one
B3GNT5	B3GNT5	ortholog_one2one
FRMD4A	FRMD4A	ortholog_one2one
RAD54B	RAD54B	ortholog_one2one
RIMKLB		ortholog_one2many
RIMKLB	RIMKLB	ortholog_one2many
PORCN	PORCN	ortholog_one2one
CMA1	CMA1	ortholog_one2one
LSG1	LSG1	ortholog_one2one
PRXL2C	PRXL2C	ortholog_one2one
STRA6	STRA6	ortholog_one2one
SLC25A1	SLC25A1	ortholog_one2one
YIPF7	YIPF7	ortholog_one2one
DHRS4		ortholog_one2many
ZNF613	ZNF613	ortholog_one2one
SS18L2	SS18L2	ortholog_one2one
PPP1R18	PPP1R18	ortholog_one2one
GRK4	GRK4	ortholog_one2one
CSE1L	CSE1L	ortholog_one2one
LY6L	LY6L	ortholog_one2one
ANXA1	ANXA1	ortholog_one2one
MEA1	MEA1	ortholog_one2one
ELP3	ELP3	ortholog_one2one
MTRES1	MTRES1	ortholog_one2many
MTRES1		ortholog_one2many
BRICD5	BRICD5	ortholog_one2one
TMEM220	TMEM220	ortholog_one2one
GNA11	GNA11	ortholog_one2one
TAFA5	TAFA5	ortholog_one2one
TMEM47	TMEM47	ortholog_one2one
TUFM	TUFM	ortholog_one2one
PGF	PGF	ortholog_one2one
PITPNB	PITPNB	ortholog_one2one
ZFP36	ZFP36	ortholog_one2one
FGFR3	FGFR3	ortholog_one2one
APOC4	APOC4	ortholog_one2one
ZNF22	ZNF22	ortholog_one2one
CYP39A1	CYP39A1	ortholog_one2one
NUTM2A		ortholog_one2many
TPGS1	TPGS1	ortholog_one2one
SCAP	SCAP	ortholog_one2one
ASMT	ASMT	ortholog_one2one
SLC39A12	SLC39A12	ortholog_one2one
RNF126	RNF126	ortholog_one2one
PNN		ortholog_one2one
ST14	ST14	ortholog_one2one
ASMTL	ASMTL	ortholog_one2one
SERPINF1	SERPINF1	ortholog_one2one
CSF2RB	CSF2RB	ortholog_one2one
HMX2	HMX2	ortholog_one2one
SYBU	SYBU	ortholog_one2one
CUEDC2	CUEDC2	ortholog_one2one
BBS9	BBS9	ortholog_one2one
SLAIN2	SLAIN2	ortholog_one2one
KHDC1		ortholog_many2many
SLC17A8	SLC17A8	ortholog_one2one
NPAS3	NPAS3	ortholog_one2one
DESI1	DESI1	ortholog_one2one
SEPTIN2	SEPTIN2	ortholog_one2one
C4orf51	C4orf51	ortholog_one2one
LHFPL5	LHFPL5	ortholog_one2one
PRM1	PRM1	ortholog_one2one
RABL6	RABL6	ortholog_one2one
COPS2	COPS2	ortholog_one2many
COPS2		ortholog_one2many
TRABD	TRABD	ortholog_one2one
ZFP30	ZFP30	ortholog_one2one
MT1X		ortholog_one2many
ERO1A	ERO1A	ortholog_one2one
RENBP	RENBP	ortholog_one2one
KATNB1	KATNB1	ortholog_one2one
RAP1GDS1	RAP1GDS1	ortholog_one2one
TSPAN14	TSPAN14	ortholog_one2one
CEP250	CEP250	ortholog_one2one
FYN	FYN	ortholog_one2one
LCN6	LCN6	ortholog_one2one
UBA2	UBA2	ortholog_one2one
ZMYM3	ZMYM3	ortholog_one2one
CA3	CA3	ortholog_one2one
SLC4A1	SLC4A1	ortholog_one2one
MSRA	MSRA	ortholog_one2one
ANO1	ANO1	ortholog_one2one
NOP2	NOP2	ortholog_one2one
CCNB2	CCNB2	ortholog_one2one
SECISBP2	SECISBP2	ortholog_one2one
EHHADH	EHHADH	ortholog_one2one
AGO2	AGO2	ortholog_one2one
PAPOLA	PAPOLA	ortholog_one2one
CASR	CASR	ortholog_one2one
LIMD2		ortholog_one2many
LIMD2	LIMD2	ortholog_one2many
C20orf96	C20orf96	ortholog_one2one
SIRPB1		ortholog_many2many
CTR9	CTR9	ortholog_one2one
C15orf39	C15orf39	ortholog_one2one
TP53INP1	TP53INP1	ortholog_one2one
LSM14B	LSM14B	ortholog_one2one
CHL1	CHL1	ortholog_one2one
SPATC1	SPATC1	ortholog_one2one
MYO5A	MYO5A	ortholog_one2one
ZC3H7A	ZC3H7A	ortholog_one2one
PURG	PURG	ortholog_one2one
FAM167A	FAM167A	ortholog_one2one
LGALS9C	LGALS9	ortholog_one2many
GGT5	GGT5	ortholog_one2one
AP5S1	AP5S1	ortholog_one2one
LRP4	LRP4	ortholog_one2one
BRF2	BRF2	ortholog_one2one
BMP7	BMP7	ortholog_one2one
ATF5	ATF5	ortholog_one2many
ATF5		ortholog_one2many
VIRMA	VIRMA	ortholog_one2one
HCK	HCK	ortholog_one2one
DNASE1L2	DNASE1L2	ortholog_one2one
YPEL2	YPEL2	ortholog_one2one
MAJIN	MAJIN	ortholog_one2one
CDR2	CDR2	ortholog_one2one
SNX13	SNX13	ortholog_one2one
GRM2	GRM2	ortholog_one2one
ATOSB	ATOSB	ortholog_one2one
KRT17	KRT17	ortholog_one2one
ETFA	ETFA	ortholog_one2one
ORC6	ORC6	ortholog_one2one
SOX15	SOX15	ortholog_one2one
FRMPD3	FRMPD3	ortholog_one2one
TSGA10IP	TSGA10IP	ortholog_one2one
SLITRK3	SLITRK3	ortholog_one2one
ALYREF	ALYREF	ortholog_one2one
GOT1L1		ortholog_one2one
CYP24A1		ortholog_one2many
CYP24A1	CYP24A1	ortholog_one2many
ARMCX5	ARMCX5	ortholog_one2one
SEC22A	SEC22A	ortholog_one2one
CSF2RA	CSF2RA	ortholog_one2one
RNF157	RNF157	ortholog_one2one
ATP5MK	ATP5MK	ortholog_one2one
LDAF1	LDAF1	ortholog_one2one
CSTPP1	CSTPP1	ortholog_one2one
FAM210B	FAM210B	ortholog_one2one
SLC32A1	SLC32A1	ortholog_one2one
TCEA2	TCEA2	ortholog_one2one
CLU	CLU	ortholog_one2one
ALDH1A1		ortholog_one2many
ALDH1A1	ALDH1A1	ortholog_one2many
NATD1	NATD1	ortholog_one2one
ASB11	ASB11	ortholog_one2one
TSR1	TSR1	ortholog_one2one
NAAA	NAAA	ortholog_one2one
GTPBP3	GTPBP3	ortholog_one2one
AFF2	AFF2	ortholog_one2one
CCL22	CCL22	ortholog_one2one
IRX3	IRX3	ortholog_one2one
DNMBP	DNMBP	ortholog_one2one
RUVBL1		ortholog_one2one
MAPRE1	MAPRE1	ortholog_one2one
ZFP1	ZFP1	ortholog_one2one
TUNAR	TUNAR	ortholog_one2one
PPP1R3E	PPP1R3E	ortholog_one2one
CALHM2	CALHM2	ortholog_one2one
KMT5B	KMT5B	ortholog_one2one
FTO	FTO	ortholog_one2one
PCDH11X		ortholog_one2many
PPID		ortholog_one2one
YLPM1	YLPM1	ortholog_one2one
XAGE3		ortholog_many2many
CRISP1	CRISP1	ortholog_one2one
ITGB8	ITGB8	ortholog_one2one
SPIN1	SPIN1	ortholog_one2many
SPIN1		ortholog_one2many
POLR1H	POLR1H	ortholog_one2one
FXYD4	FXYD4	ortholog_one2one
ASPSCR1	ASPSCR1	ortholog_one2one
CDH4	CDH4	ortholog_one2one
HSCB	HSCB	ortholog_one2one
NLGN3	NLGN3	ortholog_one2one
SLC10A1	SLC10A1	ortholog_one2one
ABRAXAS1	ABRAXAS1	ortholog_one2one
CPXM2	CPXM2	ortholog_one2one
IMPG1	IMPG1	ortholog_one2one
NCR1	NCR1	ortholog_one2one
MTCL2	MTCL2	ortholog_one2one
FLRT1	FLRT1	ortholog_one2one
CYREN	CYREN	ortholog_one2one
MLC1	MLC1	ortholog_one2one
IL9R		ortholog_one2one
EEF1A2	EEF1A2	ortholog_one2one
HNRNPA1	HNRNPA1	ortholog_one2one
CUTC	CUTC	ortholog_one2one
MAPK14	MAPK14	ortholog_one2many
MAPK14		ortholog_one2many
REPS2	REPS2	ortholog_one2one
RBM23	RBM23	ortholog_one2one
CBLL1	CBLL1	ortholog_one2one
SEPTIN1	SEPTIN1	ortholog_one2one
CNOT3	CNOT3	ortholog_one2one
PIDD1	PIDD1	ortholog_one2one
SDC4	SDC4	ortholog_one2one
TMEM139	TMEM139	ortholog_one2one
UBA3		ortholog_one2many
UBA3	UBA3	ortholog_one2many
PXMP4		ortholog_one2many
PXMP4	PXMP4	ortholog_one2many
EXOC1	EXOC1	ortholog_one2one
COXFA4		ortholog_one2one
ARHGDIG	ARHGDIG	ortholog_one2one
ARHGAP8	ARHGAP8	ortholog_one2one
COX5A	COX5A	ortholog_one2one
GPCPD1	GPCPD1	ortholog_one2one
LRRC8A	LRRC8A	ortholog_one2one
TSNARE1	TSNARE1	ortholog_one2one
NEUROD2	NEUROD2	ortholog_one2one
RBM17	RBM17	ortholog_one2many
RBM17		ortholog_one2many
PRPS1	PRPS1	ortholog_one2one
SSH2	SSH2	ortholog_one2one
SP4	SP4	ortholog_one2one
FBXL19	FBXL19	ortholog_one2one
ATRX	ATRX	ortholog_one2one
PDCL	PDCL	ortholog_one2one
BET1	BET1	ortholog_one2one
PML	PML	ortholog_one2one
KCNG4	KCNG4	ortholog_one2one
IFT74		ortholog_one2many
IFT74	IFT74	ortholog_one2many
PRMT7	PRMT7	ortholog_one2one
AOC1	AOC1	ortholog_one2one
SNTA1	SNTA1	ortholog_one2one
GRM1	GRM1	ortholog_one2one
DPYSL4	DPYSL4	ortholog_one2one
SCX	SCX	ortholog_one2one
KIF13B	KIF13B	ortholog_one2one
SLC26A11	SLC26A11	ortholog_one2one
SLC24A4	SLC24A4	ortholog_one2one
ARMC12	ARMC12	ortholog_one2one
RAB38	RAB38	ortholog_one2one
RBM18	RBM18	ortholog_one2one
RAB11FIP2	RAB11FIP2	ortholog_one2one
COQ3	COQ3	ortholog_one2one
PLAAT4	PLAAT4	ortholog_one2one
ABCB1	ABCB1	ortholog_one2one
GSS	GSS	ortholog_one2one
NOP9	NOP9	ortholog_one2one
AGTR2	AGTR2	ortholog_one2one
GOT1	GOT1	ortholog_one2one
DNAAF6	DNAAF6	ortholog_one2one
APBA1	APBA1	ortholog_one2one
PRR22	PRR22	ortholog_one2one
SAYSD1	SAYSD1	ortholog_one2one
VASH1	VASH1	ortholog_one2one
NCAN	NCAN	ortholog_one2one
RECQL4	RECQL4	ortholog_one2one
TBXT	TBXT	ortholog_one2one
AP1S2		ortholog_one2many
SLC43A1	SLC43A1	ortholog_one2one
CEP78	CEP78	ortholog_one2many
CEP78		ortholog_one2many
FBXO5	FBXO5	ortholog_one2one
TAGLN3	TAGLN3	ortholog_one2one
JOSD1	JOSD1	ortholog_one2one
BZW1	BZW1	ortholog_one2one
ASAH2	ASAH2	ortholog_one2many
SETD3	SETD3	ortholog_one2one
ZNF14	ZNF490	ortholog_one2one
MC1R	MC1R	ortholog_one2one
AGAP2	AGAP2	ortholog_one2one
SEPTIN3	SEPTIN3	ortholog_one2one
IGSF11	IGSF11	ortholog_one2one
POLR3K		ortholog_one2many
POLR3K	POLR3K	ortholog_one2many
MTMR10	MTMR10	ortholog_one2one
SLX1B	SLX1A	ortholog_one2many
ALDH16A1	ALDH16A1	ortholog_one2one
PABIR3		ortholog_one2one
C2	C2	ortholog_one2one
BBIP1	BBIP1	ortholog_one2one
ZNF703	ZNF703	ortholog_one2one
RDH16		ortholog_one2many
NDUFA6	NDUFA6	ortholog_one2one
CEP15	CEP15	ortholog_one2one
AREG	AREG	ortholog_one2one
CTSB	CTSB	ortholog_one2one
SBF1	SBF1	ortholog_one2one
KSR2	KSR2	ortholog_one2one
RIPOR1	RIPOR1	ortholog_one2one
OXTR	OXTR	ortholog_one2one
MSANTD7		ortholog_one2one
TAPBPL	TAPBPL	ortholog_one2one
ZP3		ortholog_one2many
TCEAL4	TCEAL4	ortholog_one2one
JAKMIP3	JAKMIP3	ortholog_one2one
SUCLG2		ortholog_one2one
LRRD1	LRRD1	ortholog_one2one
CFAP61	CFAP61	ortholog_one2one
ZBTB6	ZBTB6	ortholog_one2one
AGR2	AGR2	ortholog_one2one
ZNF106	ZNF106	ortholog_one2one
RECK	RECK	ortholog_one2one
ZNF384	ZNF384	ortholog_one2one
CUL4B	CUL4B	ortholog_one2one
SORBS2	SORBS2	ortholog_one2one
PARP16	PARP16	ortholog_one2one
CRHR2	CRHR2	ortholog_one2one
DIRAS1	DIRAS1	ortholog_one2one
ZNF385B	ZNF385B	ortholog_one2one
BTBD18	BTBD18	ortholog_one2one
SLC16A12	SLC16A12	ortholog_one2one
CCL18		ortholog_one2many
SLC2A13	SLC2A13	ortholog_one2one
RABGGTA	RABGGTA	ortholog_one2one
ARHGEF5	ARHGEF5	ortholog_one2one
LINGO1	LINGO1	ortholog_one2one
ARHGAP40	ARHGAP40	ortholog_one2one
STAC2	STAC2	ortholog_one2one
IGHMBP2	IGHMBP2	ortholog_one2one
SIGLEC1	SIGLEC1	ortholog_one2one
SMC2	SMC2	ortholog_one2one
MEGF11	MEGF11	ortholog_one2one
LIG1	LIG1	ortholog_one2one
GOLT1B	GOLT1B	ortholog_one2one
ALDOA	ALDOA	ortholog_one2one
LIPA	LIPA	ortholog_one2one
CHRNA4	CHRNA4	ortholog_one2one
CAPZA2	CAPZA2	ortholog_one2one
C15orf61	C15orf61	ortholog_one2one
PDE6H	PDE6H	ortholog_one2one
LRRN4	LRRN4	ortholog_one2one
RBM6	RBM6	ortholog_one2one
HAUS7	HAUS7	ortholog_one2one
DIS3L	DIS3L	ortholog_one2one
NSFL1C	NSFL1C	ortholog_one2one
TWF1	TWF1	ortholog_one2one
SPATA20	SPATA20	ortholog_one2one
VTA1	VTA1	ortholog_one2one
MPZL2	MPZL2	ortholog_one2one
TEP1	TEP1	ortholog_one2one
MPV17L	MPV17L	ortholog_one2one
PI4KA	PI4KA	ortholog_one2one
ZNF276	ZNF276	ortholog_one2one
MRPS24	MRPS24	ortholog_one2one
USP49	USP49	ortholog_one2one
DYRK4	DYRK4	ortholog_one2one
HDAC6	HDAC6	ortholog_one2one
ARHGAP39	ARHGAP39	ortholog_one2one
ATP6V0A4	ATP6V0A4	ortholog_one2one
DPM2	DPM2	ortholog_one2one
CFAP43	CFAP43	ortholog_one2one
SNX33	SNX33	ortholog_one2one
ACVR1B	ACVR1B	ortholog_one2one
VPS4A	VPS4A	ortholog_one2one
LEO1	LEO1	ortholog_one2one
FNDC11	FNDC11	ortholog_one2one
PDCD1LG2	PDCD1LG2	ortholog_one2one
SDR16C5	SDR16C5	ortholog_one2one
DDRGK1	DDRGK1	ortholog_one2one
DYDC2	DYDC2	ortholog_one2one
CX3CL1	CX3CL1	ortholog_one2one
ABI2	ABI2	ortholog_one2one
MICAL2	MICAL2	ortholog_one2one
SPIC	SPIC	ortholog_one2one
CMTM4	CMTM4	ortholog_one2one
CPNE3	CPNE3	ortholog_one2one
DICER1	DICER1	ortholog_one2one
AGTPBP1	AGTPBP1	ortholog_one2one
PGAP6	PGAP6	ortholog_one2one
TMPO		ortholog_one2one
GABRB3	GABRB3	ortholog_one2one
TSPAN15	TSPAN15	ortholog_one2one
SPMIP4	SPMIP4	ortholog_one2one
COX4I2	COX4I2	ortholog_one2one
PTK7	PTK7	ortholog_one2one
SMIM30	SMIM30	ortholog_one2one
BCL2L1	BCL2L1	ortholog_one2one
RASSF9	RASSF9	ortholog_one2one
COQ5	COQ5	ortholog_one2many
COQ5		ortholog_one2many
NOS3	NOS3	ortholog_one2one
XYLT1	XYLT1	ortholog_one2one
DUOXA1	DUOXA1	ortholog_one2one
GFOD2	GFOD2	ortholog_one2one
NLGN1	NLGN1	ortholog_one2one
KCNG1	KCNG1	ortholog_one2one
AP4S1	AP4S1	ortholog_one2one
CABP1	CABP1	ortholog_one2one
LMF1	LMF1	ortholog_one2many
LMF1		ortholog_one2many
MICU1	MICU1	ortholog_one2one
CA1	CA1	ortholog_one2one
PRRT4	PRRT4	ortholog_one2one
RASSF3	RASSF3	ortholog_one2one
BCKDHA	BCKDHA	ortholog_one2one
POLDIP3	POLDIP3	ortholog_one2one
EPHA1	EPHA1	ortholog_one2one
ASCL1	ASCL1	ortholog_one2one
GDAP1L1	GDAP1L1	ortholog_one2one
OASL	OASL	ortholog_one2one
LGMN	LGMN	ortholog_one2one
GBX1	GBX1	ortholog_one2one
CHST5		ortholog_one2many
SMTNL2	SMTNL2	ortholog_one2one
SPTLC1	SPTLC1	ortholog_one2one
CFAP251	CFAP251	ortholog_one2one
SLC9A5	SLC9A5	ortholog_one2one
TMEM242	TMEM242	ortholog_one2one
MISP	MISP	ortholog_one2one
SNX21	SNX21	ortholog_one2one
MTMR7	MTMR7	ortholog_one2one
SLC26A3	SLC26A3	ortholog_one2one
TAFA2	TAFA2	ortholog_one2one
LHFPL7	LHFPL7	ortholog_one2one
TOMM22	TOMM22	ortholog_one2one
ARG1	ARG1	ortholog_one2one
FLRT3	FLRT3	ortholog_one2one
SPAG11A	SPAG11B	ortholog_one2many
SBK1	SBK1	ortholog_one2one
CDC42EP1	CDC42EP1	ortholog_one2one
HNF4A	HNF4A	ortholog_one2one
IGSF6	IGSF6	ortholog_one2one
NUDT19	NUDT19	ortholog_one2one
TECTB	TECTB	ortholog_one2one
THAP1	THAP1	ortholog_one2one
ASGR2	ASGR2	ortholog_one2one
MGAT3	MGAT3	ortholog_one2one
ANKRD22	ANKRD22	ortholog_one2one
PLLP	PLLP	ortholog_one2one
ADAM2	ADAM2	ortholog_one2one
EGR2	EGR2	ortholog_one2one
APOBEC3D		ortholog_one2many
MLF1	MLF1	ortholog_one2one
NLRC3	NLRC3	ortholog_one2one
NFAM1	NFAM1	ortholog_one2one
ALDH2	ALDH2	ortholog_one2one
SAMD10	SAMD10	ortholog_one2one
RSPH4A	RSPH4A	ortholog_one2one
ZNF546	ZNF546	ortholog_one2one
PIK3IP1	PIK3IP1	ortholog_one2one
NUDT18	NUDT18	ortholog_one2one
METTL24	METTL24	ortholog_one2one
POLL	POLL	ortholog_one2one
RALGAPB	RALGAPB	ortholog_one2one
ATP6V0C	ATP6V0C	ortholog_one2one
POMK	POMK	ortholog_one2one
ADSL	ADSL	ortholog_one2one
CSTF2	CSTF2	ortholog_one2one
FPR1	FPR1	ortholog_one2one
ADAT1	ADAT1	ortholog_one2one
SHANK2	SHANK2	ortholog_one2one
TUSC3	TUSC3	ortholog_one2one
SIGMAR1		ortholog_one2many
SIGMAR1	SIGMAR1	ortholog_one2many
ZNF677	ZNF677	ortholog_one2one
BCLAF1	BCLAF1	ortholog_one2one
RPL22L1	RPL22L1	ortholog_one2one
APOBR	APOBR	ortholog_one2one
IL34	IL34	ortholog_one2one
EML1	EML1	ortholog_one2one
LRRC4	LRRC4	ortholog_one2one
ANAPC1	ANAPC1	ortholog_one2one
KPTN	KPTN	ortholog_one2one
HOXA11	HOXA11	ortholog_one2one
UNKL	UNKL	ortholog_one2one
ATP6AP2	ATP6AP2	ortholog_one2one
ILDR1	ILDR1	ortholog_one2one
ACO1	ACO1	ortholog_one2one
PNPLA8	PNPLA8	ortholog_one2one
C5AR1	C5AR1	ortholog_one2one
GRIN2A	GRIN2A	ortholog_one2one
SNAPC2	SNAPC2	ortholog_one2one
ADAM33	ADAM33	ortholog_one2one
PLCB2	PLCB2	ortholog_one2one
PSG1		ortholog_many2many
RUNX1T1	RUNX1T1	ortholog_one2one
VWA5A		ortholog_one2many
TNK1	TNK1	ortholog_one2one
NMRAL1	NMRAL1	ortholog_one2one
ANGPTL6	ANGPTL6	ortholog_one2one
C14orf132	C14orf132	ortholog_one2one
C1QTNF6	C1QTNF6	ortholog_one2one
RSAD1	RSAD1	ortholog_one2one
MTMR3	MTMR3	ortholog_one2one
ZNF160	ZNF160	ortholog_one2one
KIAA0586	KIAA0586	ortholog_one2one
ADH5	ADH5	ortholog_one2one
AQP5	AQP5	ortholog_one2one
PDCD10		ortholog_one2many
UTP14A		ortholog_one2many
HDC	HDC	ortholog_one2one
WDR83OS	WDR83OS	ortholog_one2one
TMEM217		ortholog_one2one
CDK17	CDK17	ortholog_one2one
ORAI3	ORAI3	ortholog_one2one
DLL3	DLL3	ortholog_one2one
HINT3	HINT3	ortholog_one2one
DIDO1	DIDO1	ortholog_one2one
PSMB10	PSMB10	ortholog_one2one
RAD21	RAD21	ortholog_one2one
AKIRIN2	AKIRIN2	ortholog_one2one
FOXB1	FOXB1	ortholog_one2one
PHGR1	PHGR1	ortholog_one2one
MAP4K1	MAP4K1	ortholog_one2one
P2RX3	P2RX3	ortholog_one2one
RCN2	RCN2	ortholog_one2one
COL9A1	COL9A1	ortholog_one2one
DNAJC7	DNAJC7	ortholog_one2one
BCL7C	BCL7C	ortholog_one2one
MGARP	MGARP	ortholog_one2one
ADAM28	ADAM28	ortholog_one2one
PDE1C	PDE1C	ortholog_one2one
C11orf68	C11orf68	ortholog_one2one
MAGEA2		ortholog_one2many
SHROOM3	SHROOM3	ortholog_one2one
SFTPA1		ortholog_one2many
VPS18	VPS18	ortholog_one2one
CSRP3	CSRP3	ortholog_one2one
ANKRD37	ANKRD37	ortholog_one2one
SLC28A1		ortholog_one2many
TLR6	TLR6	ortholog_one2one
MORC4	MORC4	ortholog_one2one
NEK1	NEK1	ortholog_one2one
GLDC	GLDC	ortholog_one2one
VTI1B	VTI1B	ortholog_one2one
BCAS4	BCAS4	ortholog_one2one
ZNF16	ZNF16	ortholog_one2one
CLCN4	CLCN4	ortholog_one2one
SCNN1G	SCNN1G	ortholog_one2one
NUDCD1	NUDCD1	ortholog_one2one
TSHZ2	TSHZ2	ortholog_one2one
MOV10L1	MOV10L1	ortholog_one2one
ZFPM1	ZFPM1	ortholog_one2one
CSNK2A1	CSNK2A1	ortholog_one2many
APPL2	APPL2	ortholog_one2one
CACNG7	CACNG7	ortholog_one2one
MTO1	MTO1	ortholog_one2one
ADH7	ADH7	ortholog_one2one
ZNF607	ZNF607	ortholog_one2one
CYB5R3	CYB5R3	ortholog_one2one
DPEP1	DPEP1	ortholog_one2one
RNF19A	RNF19A	ortholog_one2one
ZNF185	ZNF185	ortholog_one2one
TTC17	TTC17	ortholog_one2one
BMP3	BMP3	ortholog_one2one
BCAM	BCAM	ortholog_one2one
COQ6	COQ6	ortholog_one2one
PLK4	PLK4	ortholog_one2one
DHRS13	DHRS13	ortholog_one2one
ANXA13	ANXA13	ortholog_one2one
SLC7A5	SLC7A5	ortholog_one2one
ITGAE	ITGAE	ortholog_one2one
RNU1-140P	U1	ortholog_one2many
TCEA1	TCEA1	ortholog_one2one
ASPHD1	ASPHD1	ortholog_one2one
ATP10D		ortholog_one2one
KNOP1	KNOP1	ortholog_one2one
DENND1A	DENND1A	ortholog_one2one
DGKE	DGKE	ortholog_one2one
PDF	PDF	ortholog_one2one
ANKRD54	ANKRD54	ortholog_one2one
UBALD1	UBALD1	ortholog_one2one
CHLSN	C7orf50	ortholog_one2one
SHCBP1	SHCBP1	ortholog_one2one
TRHR	TRHR	ortholog_one2one
TMEM64	TMEM64	ortholog_one2one
FBLN2	FBLN2	ortholog_one2one
DISP2	DISP2	ortholog_one2one
MIR449A	MIR449A	ortholog_one2one
MIR449B	MIR449B	ortholog_one2one
CALB2	CALB2	ortholog_one2one
CACNB1	CACNB1	ortholog_one2one
PKM	PKM	ortholog_one2one
POU4F3	POU4F3	ortholog_one2one
HABP4	HABP4	ortholog_one2one
CRYBA4	CRYBA4	ortholog_one2one
GSTT4	GSTT4	ortholog_one2one
LMBR1	LMBR1	ortholog_one2one
NAA15	NAA15	ortholog_one2one
ARL6IP1		ortholog_one2many
ARL6IP1	ARL6IP1	ortholog_one2many
SGSM1	SGSM1	ortholog_one2one
ARF6	ARF6	ortholog_one2one
CARD16		ortholog_one2many
CERT1	CERT1	ortholog_one2one
GSKIP	GSKIP	ortholog_one2one
SNX30	SNX30	ortholog_one2one
PGA4		ortholog_one2many
GRPR	GRPR	ortholog_one2one
POLA1	POLA1	ortholog_one2one
NYNRIN	NYNRIN	ortholog_one2one
C16orf87	C16orf87	ortholog_one2one
NSMF	NSMF	ortholog_one2one
CCNE2	CCNE2	ortholog_one2one
CHKA	CHKA	ortholog_one2one
MYDGF	MYDGF	ortholog_one2one
INHBE	INHBE	ortholog_one2one
ISCA2	ISCA2	ortholog_one2one
DRG1	DRG1	ortholog_one2one
PEX3	PEX3	ortholog_one2one
HOXB8	HOXB8	ortholog_one2one
NLRP2	NLRP2	ortholog_one2one
MIPOL1	MIPOL1	ortholog_one2one
SPACA3	SPACA3	ortholog_one2one
RHBDF1	RHBDF1	ortholog_one2one
SCLT1	SCLT1	ortholog_one2one
TRAFD1	TRAFD1	ortholog_one2one
DYSF	DYSF	ortholog_one2one
UBALD2	UBALD2	ortholog_one2one
FAM162B	FAM162B	ortholog_one2one
DENND3	DENND3	ortholog_one2one
KPNA1	KPNA1	ortholog_one2one
DAXX	DAXX	ortholog_one2one
ASRGL1	ASRGL1	ortholog_one2one
CTNNBL1	CTNNBL1	ortholog_one2one
RASL10A	RASL10A	ortholog_one2one
IL2RB	IL2RB	ortholog_one2one
TAF7L	TAF7L	ortholog_one2one
DCXR	DCXR	ortholog_one2one
FUZ	FUZ	ortholog_one2one
CPA5	CPA5	ortholog_one2one
CENPI	CENPI	ortholog_one2one
HR	HR	ortholog_one2one
TOB2	TOB2	ortholog_one2one
ADAMTS3	ADAMTS3	ortholog_one2one
YPEL1	YPEL1	ortholog_one2one
HEATR4	HEATR4	ortholog_one2one
RN7SKP133	7SK	ortholog_one2one
ELFN2	ELFN2	ortholog_one2one
NACAD	NACAD	ortholog_one2one
IL13RA2	IL13RA2	ortholog_one2one
CHKB	CHKB	ortholog_one2one
SEPTIN11	SEPTIN11	ortholog_one2one
COG5		ortholog_one2many
COG5	COG5	ortholog_one2many
FLVCR2	FLVCR2	ortholog_one2one
MASTL	MASTL	ortholog_one2one
ACAD8	ACAD8	ortholog_one2one
RTL9	RTL9	ortholog_one2one
FAM50A	FAM50A	ortholog_one2one
SLC18A1	SLC18A1	ortholog_one2one
ZSCAN23	ZSCAN23	ortholog_one2one
ANAPC7	ANAPC7	ortholog_one2many
ANAPC7		ortholog_one2many
TSC1	TSC1	ortholog_one2one
WFDC8	WFDC8	ortholog_one2one
GPSM3	GPSM3	ortholog_one2one
TRPC4AP	TRPC4AP	ortholog_one2one
TMEM219		ortholog_one2many
TMEM219	TMEM219	ortholog_one2many
DENND2A	DENND2A	ortholog_one2one
HEY2	HEY2	ortholog_one2one
TET1	TET1	ortholog_one2one
LRRC66	LRRC66	ortholog_one2one
PHF3	PHF3	ortholog_one2one
CHRD	CHRD	ortholog_one2one
TMPRSS11E	TMPRSS11E	ortholog_one2one
CUBN	CUBN	ortholog_one2one
ADSS1	ADSS1	ortholog_one2one
HSPA4L	HSPA4L	ortholog_one2one
SSC5D	SSC5D	ortholog_one2one
KAT6A	KAT6A	ortholog_one2one
BPIFC	BPIFC	ortholog_one2one
SATL1		ortholog_one2one
EIF3K	EIF3K	ortholog_one2one
ADORA2A	ADORA2A	ortholog_one2one
SPATA31G1	SPATA31G1	ortholog_one2one
ZNF174	ZNF174	ortholog_one2one
BRS3	BRS3	ortholog_one2one
SPON2	SPON2	ortholog_one2one
SHOX	SHOX	ortholog_one2one
PTPN3	PTPN3	ortholog_one2one
GPC2	GPC2	ortholog_one2one
FBXL4	FBXL4	ortholog_one2one
CFAP20	CFAP20	ortholog_one2one
SSX1		ortholog_one2many
SSR4	SSR4	ortholog_one2one
CLDN15	CLDN15	ortholog_one2one
GSTO1	GSTO1	ortholog_one2one
SGF29	SGF29	ortholog_one2one
SMIM31	SMIM31	ortholog_one2one
LRIT3	LRIT3	ortholog_one2one
RPS6KL1	RPS6KL1	ortholog_one2one
MAFF	MAFF	ortholog_one2one
SPATA18	SPATA18	ortholog_one2one
DSCC1	DSCC1	ortholog_one2one
ABHD14B	ABHD14B	ortholog_one2one
MIOX	MIOX	ortholog_one2one
UCP2	UCP2	ortholog_one2one
NEBL	NEBL	ortholog_one2one
AQR	AQR	ortholog_one2one
KREMEN2	KREMEN2	ortholog_one2one
SH3KBP1	SH3KBP1	ortholog_one2one
UBXN8	UBXN8	ortholog_one2one
CBR4	CBR4	ortholog_one2one
TBC1D13	TBC1D13	ortholog_one2one
PICK1	PICK1	ortholog_one2one
CCDC167	CCDC167	ortholog_one2one
MAP3K14	MAP3K14	ortholog_one2one
ANKRD31	ANKRD31	ortholog_one2one
SERAC1	SERAC1	ortholog_one2one
USP19	USP19	ortholog_one2one
TSHR	TSHR	ortholog_one2one
PLAC8L1	PLAC8L1	ortholog_one2one
NDUFB7	NDUFB7	ortholog_one2one
MARVELD3	MARVELD3	ortholog_one2one
NTN4	NTN4	ortholog_one2one
TACR3	TACR3	ortholog_one2one
SETD1A	SETD1A	ortholog_one2one
DTHD1	DTHD1	ortholog_one2one
CCDC42	CCDC42	ortholog_one2one
DDB2	DDB2	ortholog_one2one
BDP1	BDP1	ortholog_one2one
RASAL3	RASAL3	ortholog_one2one
HAP1	HAP1	ortholog_one2one
FZD3	FZD3	ortholog_one2one
C9orf78	C10H9orf78	ortholog_one2many
C9orf78		ortholog_one2many
IDUA	IDUA	ortholog_one2one
TMEM229B	TMEM229B	ortholog_one2one
NLRC5	NLRC5	ortholog_one2one
SYNGR2	SYNGR2	ortholog_one2one
ZNF248	ZNF248	ortholog_one2one
ZNF701		ortholog_one2many
EIF3E	EIF3E	ortholog_one2many
EPB41L4A	EPB41L4A	ortholog_one2one
SUPT16H	SUPT16H	ortholog_one2one
PHF1	PHF1	ortholog_one2one
CCL21	CCL21	ortholog_one2one
NAPA	NAPA	ortholog_one2one
CYP1A1	CYP1A1	ortholog_one2one
GZMK	GZMK	ortholog_one2one
CYB561	CYB561	ortholog_one2one
NIPAL1	NIPAL1	ortholog_one2one
RPUSD3	RPUSD3	ortholog_one2one
MZB1	MZB1	ortholog_one2one
C9orf72	C9orf72	ortholog_one2one
FAM216A	FAM216A	ortholog_one2one
HTR4	HTR4	ortholog_one2one
PPA1		ortholog_one2many
PPA1	PPA1	ortholog_one2many
MYO9A	MYO9A	ortholog_one2one
MCM8	MCM8	ortholog_one2one
CIMIP4	CIMIP4	ortholog_one2one
NFXL1	NFXL1	ortholog_one2one
NTF3	NTF3	ortholog_one2one
FIGNL2	FIGNL2	ortholog_one2one
NAGA	NAGA	ortholog_one2one
ZNF576	ZNF576	ortholog_one2one
IK	IK	ortholog_one2one
SEL1L	SEL1L	ortholog_one2one
CPNE8	CPNE8	ortholog_one2one
SKA2	SKA2	ortholog_one2one
E2F4	E2F4	ortholog_one2one
SPC24	SPC24	ortholog_one2one
SLC1A2	SLC1A2	ortholog_one2one
TUBB1	TUBB1	ortholog_one2one
EMILIN3	EMILIN3	ortholog_one2one
GTPBP8	GTPBP8	ortholog_one2one
NANP	NANP	ortholog_one2one
PHF23	PHF23	ortholog_one2many
PHF23		ortholog_one2many
RBM12	CPNE1	ortholog_one2many
RBM12		ortholog_one2many
UBQLN1	UBQLN1	ortholog_one2one
EDRF1	EDRF1	ortholog_one2one
LONP1	LONP1	ortholog_one2one
RAB5IF	RAB5IF	ortholog_one2one
MYRFL	MYRFL	ortholog_one2one
NTN1	NTN1	ortholog_one2one
STK11IP	STK11IP	ortholog_one2one
RAB11A	RAB11A	ortholog_one2one
BCDIN3D	BCDIN3D	ortholog_one2one
CYB5D1	CYB5D1	ortholog_one2one
PRSS33	PRSS33	ortholog_one2one
LBP	LBP	ortholog_one2one
DERL3	DERL3	ortholog_one2one
CBX1		ortholog_one2one
KNSTRN	KNSTRN	ortholog_one2one
NBDY	NBDY	ortholog_one2one
SIL1	SIL1	ortholog_one2one
STUB1	STUB1	ortholog_one2one
IRAK4	IRAK4	ortholog_one2one
HMCES	HMCES	ortholog_one2one
MSN	MSN	ortholog_one2one
FGF17	FGF17	ortholog_one2one
STOML2	STOML2	ortholog_one2one
RBFOX2	RBFOX2	ortholog_one2one
STX8	STX8	ortholog_one2one
LETM1	LETM1	ortholog_one2one
DMAC2L		ortholog_one2many
DMAC2L	DMAC2L	ortholog_one2many
CYP11B1	CYP11B1	ortholog_many2many
CYP11B1		ortholog_many2many
APBA2	APBA2	ortholog_one2one
SLC38A5	SLC38A5	ortholog_one2one
ZNF554	ZNF554	ortholog_one2one
NOP56	NOP56	ortholog_one2one
BOLA2B	BOLA2B	ortholog_one2many
MFAP4	MFAP4	ortholog_one2one
TMEM169	TMEM169	ortholog_one2one
HAPSTR1	HAPSTR1	ortholog_one2one
DNAJB12	DNAJB12	ortholog_one2one
CLEC17A	CLEC17A	ortholog_one2one
ERMN	ERMN	ortholog_one2one
LRP3	LRP3	ortholog_one2one
WNT9B	WNT9B	ortholog_one2many
WNT9B		ortholog_one2many
CD180	CD180	ortholog_one2one
SNX25	SNX25	ortholog_one2one
PARN	PARN	ortholog_one2one
CCNO	CCNO	ortholog_one2one
ARRDC3	ARRDC3	ortholog_one2one
ZNF81	ZNF81	ortholog_one2one
SFXN3	SFXN3	ortholog_one2one
ENTPD5	ENTPD5	ortholog_one2one
CDC26	CDC26	ortholog_one2one
KDM1B	KDM1B	ortholog_one2one
ZNF446	ZNF446	ortholog_one2one
G6PD	G6PD	ortholog_one2one
MIER3	MIER3	ortholog_one2one
TNS2	TNS2	ortholog_one2one
CCDC83	CCDC83	ortholog_one2one
WDR35	WDR35	ortholog_one2one
ZNF79	ZNF79	ortholog_one2one
NBR1	NBR1	ortholog_one2one
ZNF564	ZNF564	ortholog_one2one
B4GALNT4	B4GALNT4	ortholog_one2one
NUDT5	NUDT5	ortholog_one2one
IGFBPL1	IGFBPL1	ortholog_one2one
CAMSAP3	CAMSAP3	ortholog_one2one
CSF2	CSF2	ortholog_one2one
PITX1	PITX1	ortholog_one2one
ZNF165	ZNF165	ortholog_one2one
DHX30	DHX30	ortholog_one2one
TMEM245	TMEM245	ortholog_one2one
IGSF9B	IGSF9B	ortholog_one2one
TGM5	TGM5	ortholog_one2one
SEPTIN5	SEPTIN5	ortholog_one2one
ASAH2B	ASAH2	ortholog_one2many
DCTN4	DCTN4	ortholog_one2one
INO80	INO80	ortholog_one2one
SCN4B	SCN4B	ortholog_one2one
ADARB2	ADARB2	ortholog_one2one
MTSS1	MTSS1	ortholog_one2one
FAM24B		ortholog_one2many
WDR62	WDR62	ortholog_one2one
PPP2R5B	PPP2R5B	ortholog_one2one
COX7B		ortholog_one2many
FBXO7	FBXO7	ortholog_one2one
PTPN1	PTPN1	ortholog_one2one
ELN	ELN	ortholog_one2one
SNAP91	SNAP91	ortholog_one2one
TSPYL2	TSPYL2	ortholog_one2one
SFTPA2		ortholog_one2many
CCDC112	CCDC112	ortholog_one2one
ADH4	ADH4	ortholog_one2one
DEFB123	DEFB123	ortholog_one2one
LZTS3	LZTS3	ortholog_one2one
NUP50		ortholog_one2many
NUP50	NUP50	ortholog_one2many
THOC3	THOC3	ortholog_one2many
THOC3		ortholog_one2many
ZNF585B	ZNF585A	ortholog_one2many
CLSTN3	CLSTN3	ortholog_one2one
ANAPC10	ANAPC10	ortholog_one2one
SLC10A3	SLC10A3	ortholog_one2one
NBN	NBN	ortholog_one2one
SCG3	SCG3	ortholog_one2one
P2RY11	P2RY11	ortholog_one2one
FAM83D	FAM83D	ortholog_one2one
ZIK1	ZIK1	ortholog_one2one
RELA	RELA	ortholog_one2one
NKD1	NKD1	ortholog_one2one
MBNL3	MBNL3	ortholog_one2one
SPO11	SPO11	ortholog_one2one
LRFN1	LRFN1	ortholog_one2one
CYP2D6		ortholog_one2many
CYP2D6	CYP2D93	ortholog_one2many
CYP2D6	CYP2D8	ortholog_one2many
FAM169A	FAM169A	ortholog_one2one
HSBP1	HSBP1	ortholog_one2many
HSBP1		ortholog_one2many
AMBP	AMBP	ortholog_one2one
MRM3	MRM3	ortholog_one2one
OGFR	OGFR	ortholog_one2one
NOL3	NOL3	ortholog_one2one
HECTD2	HECTD2	ortholog_one2one
AKAP13	AKAP13	ortholog_one2one
PRORP	PRORP	ortholog_one2one
SLC25A11	SLC25A11	ortholog_one2one
CBLB	CBLB	ortholog_one2one
PHACTR3	PHACTR3	ortholog_one2one
CPLANE1	CPLANE1	ortholog_one2one
RPH3A	RPH3A	ortholog_one2one
TGFB1I1	TGFB1I1	ortholog_one2one
FATE1	FATE1	ortholog_one2one
SCML2	SCML2	ortholog_one2one
TNFAIP2	TNFAIP2	ortholog_one2one
EIF3A	EIF3A	ortholog_one2one
MCRIP1	MCRIP1	ortholog_one2one
LARP7	LARP7	ortholog_one2one
TIMM10	TIMM10	ortholog_one2one
NFKBIA	NFKBIA	ortholog_one2one
BHMT2	BHMT2	ortholog_one2one
PGR	PGR	ortholog_one2one
SIX1	SIX1	ortholog_one2one
NDUFA1		ortholog_one2many
LIME1	LIME1	ortholog_one2one
EPS15L1	EPS15L1	ortholog_one2one
PROX2		ortholog_one2one
ATP6V1D	ATP6V1D	ortholog_one2one
UBA1	UBA1	ortholog_one2one
SLC6A4	SLC6A4	ortholog_one2one
POLE3	POLE3	ortholog_one2one
PLIN1	PLIN1	ortholog_one2one
SCN3B	SCN3B	ortholog_one2one
C5orf34	C5orf34	ortholog_one2one
SLC4A11	SLC4A11	ortholog_one2one
STYX	STYX	ortholog_one2one
SURF2	SURF2	ortholog_one2one
CLEC7A	CLEC7A	ortholog_one2one
HBA2		ortholog_many2many
SGK3	SGK3	ortholog_one2one
CLTB	CLTB	ortholog_one2one
MAPK6		ortholog_one2one
LSM6	LSM6	ortholog_one2one
ZFPL1	ZFPL1	ortholog_one2one
TRIM41	TRIM41	ortholog_one2one
COX6A2	COX6A2	ortholog_one2one
TGFBR1	TGFBR1	ortholog_one2one
PNPLA3	PNPLA3	ortholog_one2one
LRRC27	LRRC27	ortholog_one2one
ABCC1	ABCC1	ortholog_one2one
SH2D7	SH2D7	ortholog_one2one
NUDT6	NUDT6	ortholog_one2one
SLC7A7	SLC7A7	ortholog_one2one
WNT5B	WNT5B	ortholog_one2one
CSNK1G1	CSNK1G1	ortholog_one2one
PCNA	PCNA	ortholog_one2one
PELO	PELO	ortholog_one2one
PCDHA8		ortholog_one2many
CFAP97D1	CFAP97D1	ortholog_one2one
CNGA1	CNGA1	ortholog_one2one
NDUFS3	NDUFS3	ortholog_one2one
SELENOM	SELENOM	ortholog_one2one
UBAC1	UBAC1	ortholog_one2one
C22orf39	C22orf39	ortholog_one2one
STAG1		ortholog_one2many
STAG1	STAG1	ortholog_one2many
SCUBE1	SCUBE1	ortholog_one2one
PROCR	PROCR	ortholog_one2one
FRMPD2	FRMPD2	ortholog_one2one
ADGRA3	ADGRA3	ortholog_one2one
MRPS34	MRPS34	ortholog_one2one
RBPJL	RBPJL	ortholog_one2one
P3H3	P3H3	ortholog_one2one
HTR3B	HTR3B	ortholog_one2one
CMTM3	CMTM3	ortholog_one2many
CMTM3		ortholog_one2many
VAPB	VAPB	ortholog_one2one
DCPH1	ARMT1	ortholog_one2one
PHF19	PHF19	ortholog_one2one
ST13		ortholog_one2many
ST13	ST13	ortholog_one2many
RBM7	RBM7	ortholog_one2one
C6orf89	C6orf89	ortholog_one2one
ADA	ADA	ortholog_one2one
SPOP	SPOP	ortholog_one2one
COMMD3	COMMD3	ortholog_one2one
ARHGEF17	ARHGEF17	ortholog_one2one
SSBP2	SSBP2	ortholog_one2one
PLA2G10	PLA2G10	ortholog_one2one
RAB1B	RAB1B	ortholog_one2one
KAT8	KAT8	ortholog_one2one
DRC2	CCDC65	ortholog_one2one
NUTM2G		ortholog_one2many
PRSS3	PRSS2	ortholog_one2many
NTM	NTM	ortholog_one2one
CDK2	CDK2	ortholog_one2one
HAUS3	HAUS3	ortholog_one2one
NOTCH1	NOTCH1	ortholog_one2one
BAHD1	BAHD1	ortholog_one2one
VENTX	VENTX	ortholog_one2one
IDE	IDE	ortholog_one2one
CLIC3	CLIC3	ortholog_one2one
BCL9L	BCL9L	ortholog_one2one
IGF2R	IGF2R	ortholog_one2one
FAM149A	FAM149A	ortholog_one2one
PDE1B	PDE1B	ortholog_one2one
ZNG1B		ortholog_one2many
ENTREP1	ENTREP1	ortholog_one2one
DUS2	DUS2	ortholog_one2one
DBX1	DBX1	ortholog_one2one
GNB5	GNB5	ortholog_one2one
LBHD1	LBHD1	ortholog_one2one
PHOX2A	PHOX2A	ortholog_one2one
LY6D	LY6D	ortholog_one2one
MON1A	MON1A	ortholog_one2one
LOXL1	LOXL1	ortholog_one2one
OLFML1	OLFML1	ortholog_one2one
KAT14	KAT14	ortholog_one2one
ST3GAL1	ST3GAL1	ortholog_one2one
PSMB7	PSMB7	ortholog_one2one
GOLGA8B	GOLGA2	ortholog_one2many
UNG	UNG	ortholog_one2one
PIP4K2A	PIP4K2A	ortholog_one2one
SERPINB6	SERPINB6	ortholog_one2one
SLC35A5	SLC35A5	ortholog_one2one
GC	GC	ortholog_one2one
ROMO1	ROMO1	ortholog_one2one
CHUK	CHUK	ortholog_one2many
CHUK		ortholog_one2many
NXT1	NXT1	ortholog_one2one
AMIGO2	AMIGO2	ortholog_one2one
ISLR	ISLR	ortholog_one2one
DNAAF9	DNAAF9	ortholog_one2one
ABCC8	ABCC8	ortholog_one2one
CCR3	CCR3	ortholog_one2one
KRT78	KRT78	ortholog_one2one
UCK1	UCK1	ortholog_one2one
ARPIN	ARPIN	ortholog_one2one
JMJD7	JMJD7	ortholog_one2one
SHQ1	SHQ1	ortholog_one2one
KNTC1	KNTC1	ortholog_one2one
SNX31	SNX31	ortholog_one2one
FAN1	FAN1	ortholog_one2one
STAR	STAR	ortholog_one2one
CCDC171	CCDC171	ortholog_one2one
RNLS	RNLS	ortholog_one2one
PAX1	PAX1	ortholog_one2one
HRH3	HRH3	ortholog_one2one
KTN1	KTN1	ortholog_one2one
GNAS	GNAS	ortholog_one2one
ZNF696	ZNF696	ortholog_one2one
UCP1	UCP1	ortholog_one2one
ITIH2	ITIH2	ortholog_one2one
CTSO	CTSO	ortholog_one2one
ATN1	ATN1	ortholog_one2one
NAPRT	NAPRT	ortholog_one2one
UQCRC1	UQCRC1	ortholog_one2one
GNB1L	GNB1L	ortholog_one2one
COL15A1	COL15A1	ortholog_one2one
POLR2B	POLR2B	ortholog_one2one
RUNDC1	RUNDC1	ortholog_one2one
FAIM2	FAIM2	ortholog_one2one
UTP18	UTP18	ortholog_one2one
FHIP1A	FHIP1A	ortholog_one2one
METTL1	METTL1	ortholog_one2one
TUBGCP6	TUBGCP6	ortholog_one2one
DUOX2	DUOX2	ortholog_one2one
TSPAN17	TSPAN17	ortholog_one2one
BOD1L1	BOD1L1	ortholog_one2one
HRK	HRK	ortholog_one2one
MINAR1	MINAR1	ortholog_one2one
IRX5	IRX5	ortholog_one2one
CACNA1C	CACNA1C	ortholog_one2one
EMC7	EMC7	ortholog_one2one
DNAJA2	DNAJA2	ortholog_one2one
LYZL6	LYZL6	ortholog_one2one
ZNF45	ZNF45	ortholog_one2one
SCOC	SCOC	ortholog_one2one
MCM5	MCM5	ortholog_one2one
RNFT1	RNFT1	ortholog_one2many
RNFT1		ortholog_one2many
DET1	DET1	ortholog_one2one
ABCC12	ABCC12	ortholog_one2one
RELL2	RELL2	ortholog_one2one
RIC1	RIC1	ortholog_one2one
AIG1	AIG1	ortholog_one2one
MON1B	MON1B	ortholog_one2one
ADAMTS7	ADAMTS7	ortholog_one2one
KCNB2	KCNB2	ortholog_one2one
SERF1A		ortholog_one2one
REEP4	REEP4	ortholog_one2one
MUC7		ortholog_one2one
STK32B	STK32B	ortholog_one2one
PDCD11	PDCD11	ortholog_one2one
ZNF646	ZNF646	ortholog_one2one
HEXB	HEXB	ortholog_one2one
ACE	ACE	ortholog_one2one
IFT140	IFT140	ortholog_one2one
DYNLL1	DYNLL1	ortholog_one2one
PI15	PI15	ortholog_one2one
NAA80	NAA80	ortholog_one2one
PPP1R14C	PPP1R14C	ortholog_one2one
TMEM165	TMEM165	ortholog_one2one
RDH8	RDH8	ortholog_one2one
SLC26A7	SLC26A7	ortholog_one2one
NR6A1	NR6A1	ortholog_one2one
RINL	RINL	ortholog_one2one
XPNPEP3	XPNPEP3	ortholog_one2one
TMCO5A	TMCO5A	ortholog_one2one
CFB	CFB	ortholog_one2one
ODAD3	ODAD3	ortholog_one2one
POLR2M	POLR2M	ortholog_one2one
CCDC14	CCDC14	ortholog_one2one
FAM151B	FAM151B	ortholog_one2one
BANF1	BANF1	ortholog_one2one
RTN4R	RTN4R	ortholog_one2one
RFPL4A		ortholog_one2many
MRTFA	MRTFA	ortholog_one2one
SPHK2	SPHK2	ortholog_one2one
DHFR		ortholog_many2many
DHFR	DHFR	ortholog_many2many
KIF23	KIF23	ortholog_one2one
STIM2	STIM2	ortholog_one2one
SERPINE2	SERPINE2	ortholog_one2one
SEC14L5	SEC14L5	ortholog_one2one
FOSL1	FOSL1	ortholog_one2one
LKAAEAR1	LKAAEAR1	ortholog_one2one
KANK1	KANK1	ortholog_one2one
COL4A6	COL4A6	ortholog_one2one
ERGIC3	ERGIC3	ortholog_one2one
CPOX	CPOX	ortholog_one2one
ZNF799		ortholog_one2many
IPO7	IPO7	ortholog_one2one
SULT4A1	SULT4A1	ortholog_one2one
FRA10AC1	FRA10AC1	ortholog_one2one
DOCK5	DOCK5	ortholog_one2one
GABRA4	GABRA4	ortholog_one2one
JAKMIP2	JAKMIP2	ortholog_one2one
SF3B3	SF3B3	ortholog_one2one
LMCD1	LMCD1	ortholog_one2one
HPN	HPN	ortholog_one2one
MEI1	MEI1	ortholog_one2one
CST6	CST6	ortholog_one2one
PTPRJ	PTPRJ	ortholog_one2one
PLAGL1	PLAGL1	ortholog_one2one
MYH10	MYH10	ortholog_one2one
SYCE3	SYCE3	ortholog_one2one
ATXN2	ATXN2	ortholog_one2one
PRAME	PRAME	ortholog_one2one
ARMC1	ARMC1	ortholog_one2one
UFD1	UFD1	ortholog_one2one
LRP5	LRP5	ortholog_one2one
NCR2	NCR2	ortholog_one2one
STK10	STK10	ortholog_one2one
MYBL1	MYBL1	ortholog_one2one
TRMT11	TRMT11	ortholog_one2one
PSTK	PSTK	ortholog_one2one
NKX1-2	NKX1-2	ortholog_one2one
HTRA3	HTRA3	ortholog_one2one
GAL	GAL	ortholog_one2one
REM1	REM1	ortholog_one2one
KIF3A	KIF3A	ortholog_one2one
MTUS1	MTUS1	ortholog_one2one
ADGRG4	ADGRG4	ortholog_one2one
PLD1	PLD1	ortholog_one2one
FGG	FGG	ortholog_one2one
CBFA2T2	CBFA2T2	ortholog_one2many
CBFA2T2		ortholog_one2many
CDCA5	CDCA5	ortholog_one2one
PHF6	PHF6	ortholog_one2one
SPTY2D1	SPTY2D1	ortholog_one2one
ARSA	ARSA	ortholog_one2one
COL21A1	COL21A1	ortholog_one2one
CRY2	CRY2	ortholog_one2one
SUGP2	SUGP2	ortholog_one2one
ECI1	ECI1	ortholog_one2one
EIF3J		ortholog_one2many
EIF3J	EIF3J	ortholog_one2many
PNLIPRP1	PNLIPRP1	ortholog_one2one
GPX8	GPX8	ortholog_one2one
SUV39H1	SUV39H1	ortholog_one2one
ATP5ME	ATP5ME	ortholog_one2one
GDF9	GDF9	ortholog_one2one
SPINK7	SPINK7	ortholog_one2one
NOX1	NOX1	ortholog_one2one
ABLIM2	ABLIM2	ortholog_one2one
C20orf173	C20orf173	ortholog_one2one
NEURL2	NEURL2	ortholog_one2one
PLA2G4B	PLA2G4B	ortholog_one2one
ADISSP	ADISSP	ortholog_one2one
MCTP2		ortholog_one2one
USP10	USP10	ortholog_one2many
USP10		ortholog_one2many
SSR3	SSR3	ortholog_one2one
SCD	SCD	ortholog_one2one
COA4		ortholog_one2one
RNF185	RNF185	ortholog_one2one
ZNF322	ZNF322	ortholog_one2one
RBM41	RBM41	ortholog_one2one
AASDH	AASDH	ortholog_one2one
NDUFS8		ortholog_one2many
NDUFS8	NDUFS8	ortholog_one2many
STC2	STC2	ortholog_one2one
ADAM18	ADAM18	ortholog_one2one
DRGX	DRGX	ortholog_one2one
HDAC2	HDAC2	ortholog_one2one
STAMBPL1	STAMBPL1	ortholog_one2one
RAD1	RAD1	ortholog_one2one
ATRN	ATRN	ortholog_one2one
ARAF	ARAF	ortholog_one2one
SMAD3	SMAD3	ortholog_one2one
VPREB3	VPREB3	ortholog_one2one
RNF122	RNF122	ortholog_one2one
COLEC10	COLEC10	ortholog_one2one
LARS2	LARS2	ortholog_one2one
RPS17		ortholog_one2many
RPS17	RPS17	ortholog_one2many
GDF6	GDF6	ortholog_one2one
GRAMD4	GRAMD4	ortholog_one2one
ZNF791	ZNF791	ortholog_one2one
GPR137	GPR137	ortholog_one2one
SLC25A28	SLC25A28	ortholog_one2one
ADHFE1	ADHFE1	ortholog_one2one
TNFSF9	TNFSF9	ortholog_one2one
MALRD1	MALRD1	ortholog_one2one
NCAPH2	NCAPH2	ortholog_one2one
MYL9		ortholog_one2many
MYL9	MYL9	ortholog_one2many
SLC7A6	SLC7A6	ortholog_one2one
PBLD	PBLD	ortholog_one2one
STX10	STX10	ortholog_one2one
FGF4	FGF4	ortholog_one2one
CGA	CGA	ortholog_one2one
GAGE2A		ortholog_many2many
AURKA	AURKA	ortholog_one2one
TIPIN	TIPIN	ortholog_one2one
MARVELD2	MARVELD2	ortholog_one2one
TBCEL	TBCEL	ortholog_one2one
PDE7B	PDE7B	ortholog_one2one
EVC2	EVC2	ortholog_one2one
SHROOM4	SHROOM4	ortholog_one2one
CTNNAL1	CTNNAL1	ortholog_one2one
APOOL		ortholog_one2many
TAP2	TAP2	ortholog_one2one
ARRDC2	ARRDC2	ortholog_one2one
ADAMTS2	ADAMTS2	ortholog_one2one
CDH13	CDH13	ortholog_one2one
UBL4A	UBL4A	ortholog_one2one
SSX4B		ortholog_one2many
HES7	HES7	ortholog_one2one
TIMP2	TIMP2	ortholog_one2one
CPPED1	CPPED1	ortholog_one2one
RGS7BP	RGS7BP	ortholog_one2one
NME5	NME5	ortholog_one2one
TTBK2	TTBK2	ortholog_one2one
CCDC154	CCDC154	ortholog_one2one
B3GAT1	B3GAT1	ortholog_one2one
LGSN	LGSN	ortholog_one2one
RPS5	RPS5	ortholog_one2one
DYNLRB2	DYNLRB2	ortholog_one2one
SULF1	SULF1	ortholog_one2one
SLC35B1	SLC35B1	ortholog_one2one
RNF145	RNF145	ortholog_one2one
ITPR3	ITPR3	ortholog_one2one
RNF169	RNF169	ortholog_one2one
SLC24A1	SLC24A1	ortholog_one2one
MMS19	MMS19	ortholog_one2one
HPSE	HPSE	ortholog_one2one
ASB9	ASB9	ortholog_one2one
HSPB2	HSPB2	ortholog_one2one
CLEC6A	CLEC6A	ortholog_one2one
MED22	MED22	ortholog_one2one
HAVCR2	HAVCR2	ortholog_one2one
TNK2	TNK2	ortholog_one2one
RPS6KA6	RPS6KA6	ortholog_one2one
SARNP		ortholog_one2many
SARNP	SARNP	ortholog_one2many
MROH2B	MROH2B	ortholog_one2one
CCDC9B	CCDC9B	ortholog_one2one
HCST	HCST	ortholog_one2one
TRIP4	TRIP4	ortholog_one2one
KLHL9	KLHL9	ortholog_one2one
LINGO2	LINGO2	ortholog_one2one
CNTLN	CNTLN	ortholog_one2one
CD14	CD14	ortholog_one2one
AWAT2	AWAT2	ortholog_one2one
USP28	USP28	ortholog_one2one
TBC1D16	TBC1D16	ortholog_one2one
FOXP4	FOXP4	ortholog_one2one
CXCL10	CXCL10	ortholog_one2one
MXD3	MXD3	ortholog_one2one
AMMECR1	AMMECR1	ortholog_one2one
GRPEL1	GRPEL1	ortholog_one2one
PPP5C	PPP5C	ortholog_one2one
AVPR2	AVPR2	ortholog_one2one
RNF208	RNF208	ortholog_one2one
ZBTB26	ZBTB26	ortholog_one2one
AK3		ortholog_one2many
AK3	AK3	ortholog_one2many
AMACR	AMACR	ortholog_one2one
DUOXA2	DUOXA2	ortholog_one2one
TREM2	TREM2	ortholog_one2one
KLHDC4	KLHDC4	ortholog_one2one
CLCN5	CLCN5	ortholog_one2one
FAM219B	FAM219B	ortholog_one2one
DMRT3	DMRT3	ortholog_one2one
SSPN	SSPN	ortholog_one2one
GABRA6	GABRA6	ortholog_one2one
LCN10	LCN10	ortholog_one2one
DUSP22	DUSP22	ortholog_one2one
IRAK3	IRAK3	ortholog_one2one
EP300	EP300	ortholog_one2one
LCN12	LCN12	ortholog_one2one
HYAL2	HYAL2	ortholog_one2one
ORMDL3	ORMDL3	ortholog_one2one
BPIFA1	BPIFA1	ortholog_one2one
RAD23B	RAD23B	ortholog_one2many
RAD23B		ortholog_one2many
STAG2	STAG2	ortholog_one2one
DYRK2	DYRK2	ortholog_one2one
PPCDC	PPCDC	ortholog_one2one
MAL2	MAL2	ortholog_one2one
PPP1R37	PPP1R37	ortholog_one2one
ACSL6	ACSL6	ortholog_one2one
BTN3A3	BTN3A3	ortholog_one2many
CATSPERQ	TMEM249	ortholog_one2one
AGPAT2	AGPAT2	ortholog_one2one
NMB	NMB	ortholog_one2one
ANKRD40	ANKRD40	ortholog_one2one
NF2	NF2	ortholog_one2one
TMEM71	TMEM71	ortholog_one2one
BUB1B	BUB1B	ortholog_one2one
STX2	STX2	ortholog_one2one
TULP2	TULP2	ortholog_one2one
SLC38A12	TMEM104	ortholog_one2one
DHX35	DHX35	ortholog_one2one
BLK	BLK	ortholog_one2one
ICAM1	ICAM1	ortholog_one2one
EEIG1	EEIG1	ortholog_one2one
EXTL3	EXTL3	ortholog_one2one
WDR24	WDR24	ortholog_one2one
ANK2	ANK2	ortholog_one2one
SPEM1	SPEM1	ortholog_one2one
CNN1	CNN1	ortholog_one2one
SLFN11	SLFN13	ortholog_one2many
STX1B	STX1B	ortholog_one2one
TMC1		ortholog_one2many
HSD11B2	HSD11B2	ortholog_one2one
LGALS4	LGALS4	ortholog_one2one
FN1	FN1	ortholog_one2one
PINX1	PINX1	ortholog_one2one
SMIM29	SMIM29	ortholog_one2one
TTC16	TTC16	ortholog_one2one
ACY1	ACY1	ortholog_one2one
E4F1	E4F1	ortholog_one2one
ALOX15B	ALOX15B	ortholog_one2one
B4GALNT1	B4GALNT1	ortholog_one2one
GCHFR	GCHFR	ortholog_one2one
NPDC1	NPDC1	ortholog_one2one
RBPMS2	RBPMS2	ortholog_one2one
NR2E1	NR2E1	ortholog_one2one
EEF1D	EEF1D	ortholog_one2one
MAG	MAG	ortholog_one2one
DNAAF19	CCDC103	ortholog_one2one
MAPKBP1	MAPKBP1	ortholog_one2one
PGAP3	PGAP3	ortholog_one2one
RGL2	RGL2	ortholog_one2one
UBAP1	UBAP1	ortholog_one2one
DLGAP4	DLGAP4	ortholog_one2one
CHD1	CHD1	ortholog_one2one
SYT1	SYT1	ortholog_one2one
NUDT16L1	NUDT16L1	ortholog_one2one
TTC19	TTC19	ortholog_one2one
CBLN1	CBLN1	ortholog_one2one
ANAPC15		ortholog_one2many
ANAPC15	ANAPC15	ortholog_one2many
ZNF689	ZNF689	ortholog_one2one
CHMP4B	CHMP4B	ortholog_many2many
CHMP4B		ortholog_many2many
RAB3C	RAB3C	ortholog_one2one
VSTM2L	VSTM2L	ortholog_one2one
MTSS2	MTSS2	ortholog_one2one
PI3	PI3	ortholog_one2one
CARD6	CARD6	ortholog_one2one
TPSG1	TPSG1	ortholog_one2one
GID8	GID8	ortholog_one2one
IRX2	IRX2	ortholog_one2one
MED29	MED29	ortholog_one2one
RBBP6	RBBP6	ortholog_one2one
SV2C	SV2C	ortholog_one2one
TUBGCP5	TUBGCP5	ortholog_one2one
NAT14	NAT14	ortholog_one2one
EDDM13	EDDM13	ortholog_one2one
CTSA	CTSA	ortholog_one2one
CCDC200	CCDC200	ortholog_one2one
KLK3		ortholog_one2many
EXOC3	EXOC3	ortholog_one2one
MGAT5B	MGAT5B	ortholog_one2one
IFNL3		ortholog_one2many
GNPTG	GNPTG	ortholog_one2one
SMC5	SMC5	ortholog_one2one
PDCD5	PDCD5	ortholog_one2one
C5orf63	C5orf63	ortholog_one2one
ENPP7	ENPP7	ortholog_one2one
CARD14	CARD14	ortholog_one2one
ADM2	ADM2	ortholog_one2one
RPS23	RPS23	ortholog_one2many
RPS23		ortholog_one2many
DGCR6	DGCR6L	ortholog_one2many
NRP1	NRP1	ortholog_one2one
CD276	CD276	ortholog_one2one
RTBDN	RTBDN	ortholog_one2one
IRAG2	IRAG2	ortholog_one2one
TTC33		ortholog_one2one
ACSF3		ortholog_one2many
ACSF3	ACSF3	ortholog_one2many
RTCB	RTCB	ortholog_one2many
RTCB		ortholog_one2many
ALOX12B	ALOX12B	ortholog_one2one
ANKRD55	ANKRD55	ortholog_one2many
ANKRD55		ortholog_one2many
ADM5		ortholog_one2one
ARHGDIA	ARHGDIA	ortholog_one2one
PLEKHJ1	PLEKHJ1	ortholog_one2one
NIPBL	NIPBL	ortholog_one2one
P2RY12	P2RY12	ortholog_one2one
PSMA1		ortholog_one2many
PSMA1	PSMA1	ortholog_one2many
RREB1	RREB1	ortholog_one2one
LEKR1		ortholog_one2one
UBE2Q2	UBE2Q2	ortholog_one2one
ABO	ABO	ortholog_one2one
BOLA2	BOLA2B	ortholog_one2many
TTC38	TTC38	ortholog_one2one
EIF6	EIF6	ortholog_one2one
PFN1		ortholog_one2one
APC2	APC2	ortholog_one2one
BSPRY	BSPRY	ortholog_one2one
TSPAN31	TSPAN31	ortholog_one2one
NHERF2	NHERF2	ortholog_one2one
LRCH2	LRCH2	ortholog_one2one
GALNT15	GALNT15	ortholog_one2one
TSLP	TSLP	ortholog_one2one
NSDHL	NSDHL	ortholog_one2one
FAM20A	FAM20A	ortholog_one2one
TIMM50	TIMM50	ortholog_one2one
SLCO6A1	SLCO6A1	ortholog_one2one
CMAS	CMAS	ortholog_one2one
DAAM1		ortholog_one2many
DAAM1	DAAM1	ortholog_one2many
TPBG	TPBG	ortholog_one2one
CIZ1	CIZ1	ortholog_one2one
ERMARD	ERMARD	ortholog_one2one
SLCO4C1	SLCO4C1	ortholog_one2one
ZNF543		ortholog_one2many
AQP8		ortholog_one2many
GET3	GET3	ortholog_one2one
SERF1B	SERF1B	ortholog_one2one
OSBP2	OSBP2	ortholog_one2one
SNX6	SNX6	ortholog_one2one
AMHR2	AMHR2	ortholog_one2one
CD99L2	CD99L2	ortholog_one2one
TRMT6	TRMT6	ortholog_one2one
CMTM6	CMTM6	ortholog_one2one
RUSF1	RUSF1	ortholog_one2one
ZCCHC10	ZCCHC10	ortholog_one2many
ZCCHC10		ortholog_one2many
SCAF1	SCAF1	ortholog_one2one
TIMM23B	TIMM23	ortholog_one2many
GABARAP	GABARAP	ortholog_one2one
LIPH	LIPH	ortholog_one2one
PCDHGA4	PCDHGA4	ortholog_one2one
OXT	OXT	ortholog_one2one
SF3A2	SF3A2	ortholog_one2one
SPATA2	SPATA2	ortholog_one2one
SLCO3A1	SLCO3A1	ortholog_one2one
ZEB1	ZEB1	ortholog_one2one
PIPOX	PIPOX	ortholog_one2one
NCOA6	NCOA6	ortholog_one2one
PIEZO1	PIEZO1	ortholog_one2one
IQGAP2	IQGAP2	ortholog_one2one
ACTC1	ACTC1	ortholog_one2one
ARPC3	ARPC3	ortholog_one2one
SYVN1	SYVN1	ortholog_one2one
DHRS7B	DHRS7B	ortholog_one2one
XK	XK	ortholog_one2one
PPP2R5E	PPP2R5E	ortholog_one2one
CFP	CFP	ortholog_one2one
DIP2C	DIP2C	ortholog_one2one
C2CD4B	C2CD4B	ortholog_one2many
SLC16A13	SLC16A13	ortholog_one2one
UBL7	UBL7	ortholog_one2one
SLC35A2	SLC35A2	ortholog_one2one
FAM83F	FAM83F	ortholog_one2one
ACSM2B		ortholog_one2many
SMIM45	SMIM45	ortholog_one2one
ZNF331	ZNF331	ortholog_one2one
XYLB	XYLB	ortholog_one2one
GHITM	GHITM	ortholog_one2one
FBLN1	FBLN1	ortholog_one2one
AKAP10	AKAP10	ortholog_one2one
LY6G6F	LY6G6F	ortholog_one2one
SAMD5	SAMD5	ortholog_one2one
KIF16B		ortholog_one2one
ETV7	ETV7	ortholog_one2one
ANKRD26	ANKRD26	ortholog_one2one
RAB32	RAB32	ortholog_one2one
GPR6	GPR6	ortholog_one2one
PACSIN1	PACSIN1	ortholog_one2one
AKAP3	AKAP3	ortholog_one2one
HMGB3		ortholog_one2many
ABT1	ABT1	ortholog_one2one
DEF6	DEF6	ortholog_one2one
SYNDIG1	SYNDIG1	ortholog_one2one
LRP1	LRP1	ortholog_one2one
LTC4S	LTC4S	ortholog_one2one
ACTR1A	ACTR1A	ortholog_one2one
LY86	LY86	ortholog_one2one
MMP24	MMP24	ortholog_one2one
LRRC75A	LRRC75A	ortholog_one2one
C5orf52	C5orf52	ortholog_one2one
KHDRBS2	KHDRBS2	ortholog_one2one
FAM120C	FAM120C	ortholog_one2one
GRPEL2	GRPEL2	ortholog_one2one
STK35	STK35	ortholog_one2one
FAM83G	FAM83G	ortholog_one2one
ISM1	ISM1	ortholog_one2one
NDUFB11	NDUFB11	ortholog_one2one
MTCH1	MTCH1	ortholog_one2one
STAU1	STAU1	ortholog_one2one
ANKRA2	ANKRA2	ortholog_one2one
UCP3	UCP3	ortholog_one2one
CASKIN2	CASKIN2	ortholog_one2one
OPHN1	OPHN1	ortholog_one2one
JMJD1C	JMJD1C	ortholog_one2one
TMEM135	TMEM135	ortholog_one2one
DAZAP2	DAZAP2	ortholog_one2one
DLK2	DLK2	ortholog_one2one
AREL1	AREL1	ortholog_one2one
SPEF2	SPEF2	ortholog_one2one
CT83	CT83	ortholog_one2one
CYLC1	CYLC1	ortholog_one2one
OSTM1	OSTM1	ortholog_one2one
AMOT	AMOT	ortholog_one2one
ECD	ECD	ortholog_one2one
FRMD7	FRMD7	ortholog_one2one
TOP3B	TOP3B	ortholog_one2one
ACOX1		ortholog_one2one
YBX3		ortholog_one2many
YBX3	YBX3	ortholog_one2many
DNPH1	DNPH1	ortholog_one2one
ALG1	ALG1	ortholog_one2many
SSX2B		ortholog_one2many
STS	STS	ortholog_one2one
ZNF449	ZNF449	ortholog_one2one
ATP5MJ	ATP5MJ	ortholog_one2one
STX3	STX3	ortholog_one2one
ABCF1	ABCF1	ortholog_one2one
GNPDA1	GNPDA1	ortholog_one2one
PCK1	PCK1	ortholog_one2one
AKAP14		ortholog_one2one
ITGAD	ITGAD	ortholog_one2one
CXorf58	CXorf58	ortholog_one2one
QTGAL	B3GNTL1	ortholog_one2one
PNPLA4	PNPLA4	ortholog_one2one
DYNLRB1	DYNLRB1	ortholog_one2one
ZNF764	ZNF764	ortholog_one2many
ERH		ortholog_one2one
NDUFAF1	NDUFAF1	ortholog_one2one
ZNF180	ZNF180	ortholog_one2one
PCMTD2	PCMTD2	ortholog_one2one
SCN11A	SCN11A	ortholog_one2one
RASEF	RASEF	ortholog_one2one
EXOC3L4	EXOC3L4	ortholog_one2one
TRAP1	TRAP1	ortholog_one2one
SYAP1	SYAP1	ortholog_one2one
LARP6	LARP6	ortholog_one2one
GRHPR	GRHPR	ortholog_one2one
UBXN6	UBXN6	ortholog_one2one
DTWD1	DTWD1	ortholog_one2one
ADAMTS15	ADAMTS15	ortholog_one2one
CHIC1	CHIC1	ortholog_one2one
PABPN1	PABPN1	ortholog_one2one
SHLD1	SHLD1	ortholog_one2one
KCNC2	KCNC2	ortholog_one2one
VDAC2	VDAC2	ortholog_one2one
CDK16	CDK16	ortholog_one2one
HLTF	HLTF	ortholog_one2one
CST11	CST11	ortholog_one2one
TNFRSF21	TNFRSF21	ortholog_one2one
TAF15	TAF15	ortholog_one2one
ARFGAP1	ARFGAP1	ortholog_one2one
LGALS3	LGALS3	ortholog_one2one
FAM83B	FAM83B	ortholog_one2one
PPIP5K2	PPIP5K2	ortholog_one2one
SPX	SPX	ortholog_one2one
SNRPD3	SNRPD3	ortholog_one2one
EEF1AKMT3	EEF1AKMT3	ortholog_one2one
REV3L	REV3L	ortholog_one2one
CKAP4	CKAP4	ortholog_one2one
TMC3	TMC3	ortholog_one2one
EIF3L	EIF3L	ortholog_one2many
RASGRP2	RASGRP2	ortholog_one2one
SLCO1B1	SLCO1B3	ortholog_one2many
ARPP19		ortholog_one2one
SKAP1	SKAP1	ortholog_one2one
TGFB1	TGFB1	ortholog_one2one
ZNF234	ZNF234	ortholog_one2one
PRRC2B	PRRC2B	ortholog_one2one
BLOC1S6	BLOC1S6	ortholog_one2one
WRNIP1	WRNIP1	ortholog_one2one
ROPN1	ROPN1	ortholog_one2many
ENGASE	ENGASE	ortholog_one2one
BRK1	BRK1	ortholog_one2one
HSPA5	HSPA5	ortholog_one2one
GINM1	GINM1	ortholog_one2one
DPH6	DPH6	ortholog_one2one
NUDT16	NUDT16	ortholog_one2one
PAK4	PAK4	ortholog_one2one
KLHDC2	KLHDC2	ortholog_one2one
PRDM1	PRDM1	ortholog_one2one
ZDHHC3		ortholog_one2one
GLP2R	GLP2R	ortholog_one2one
PHF20L1	PHF20L1	ortholog_one2one
HSD17B3	HSD17B3	ortholog_one2one
CAND1	CAND1	ortholog_one2one
RCAN2	RCAN2	ortholog_one2one
SPPL2A	SPPL2A	ortholog_one2one
ADGRB3	ADGRB3	ortholog_one2one
ST6GALNAC2	ST6GALNAC2	ortholog_one2one
TLN1	TLN1	ortholog_one2one
SEZ6L2	SEZ6L2	ortholog_one2one
GFOD1	GFOD1	ortholog_one2one
PLGLB2	PLG	ortholog_one2many
GMDS	GMDS	ortholog_one2one
CYP27B1	CYP27B1	ortholog_one2one
TULP3	TULP3	ortholog_one2one
HOXB2	HOXB2	ortholog_one2one
VAMP2	VAMP2	ortholog_one2one
GPATCH11	GPATCH11	ortholog_one2one
TTF1	TTF1	ortholog_one2one
PTRH2		ortholog_one2many
NUBPL	NUBPL	ortholog_one2one
RAET1L		ortholog_one2many
RANGAP1	RANGAP1	ortholog_one2one
CD302	CD302	ortholog_one2one
CCNL1	CCNL1	ortholog_one2one
WDR93	WDR93	ortholog_one2one
SLC2A6	SLC2A6	ortholog_one2one
ZNF688	ZNF688	ortholog_one2one
SFXN4	SFXN4	ortholog_one2one
SYCP2	SYCP2	ortholog_one2one
MAP7	MAP7	ortholog_one2one
SLC5A8	SLC5A8	ortholog_one2one
FBXO39	FBXO39	ortholog_one2one
NUDT21	NUDT21	ortholog_one2one
PPARGC1B	PPARGC1B	ortholog_one2one
RASGRP1	RASGRP1	ortholog_one2one
EID2	EID2	ortholog_one2one
CTDSP2	CTDSP2	ortholog_one2one
MNAT1	MNAT1	ortholog_one2one
ZFP90	ZFP90	ortholog_one2one
PARD6B	PARD6B	ortholog_one2one
MAMLD1	MAMLD1	ortholog_one2one
PCED1A	PCED1A	ortholog_one2one
ALG10B		ortholog_one2many
CMSS1	CMSS1	ortholog_one2one
PBDC1	PBDC1	ortholog_one2one
DNAJC4	DNAJC4	ortholog_one2one
EPOR	EPOR	ortholog_one2one
DHX37	DHX37	ortholog_one2one
ENKUR	ENKUR	ortholog_one2one
ZNF704	ZNF704	ortholog_one2one
COX17	COX17	ortholog_one2one
MYOZ1	MYOZ1	ortholog_one2one
SNX16	SNX16	ortholog_one2one
STEEP1	STEEP1	ortholog_one2one
CDIPT	CDIPT	ortholog_one2one
DOK3	DOK3	ortholog_one2one
GPATCH2L	GPATCH2L	ortholog_one2one
RHOT1	RHOT1	ortholog_one2one
PNMA6E		ortholog_one2many
RASGEF1A	RASGEF1A	ortholog_one2one
MID2	MID2	ortholog_one2one
PSG9		ortholog_many2many
OCA2	OCA2	ortholog_one2one
LDLRAD3	LDLRAD3	ortholog_one2one
GPRASP1	GPRASP1	ortholog_one2one
SUSD3	SUSD3	ortholog_one2one
CES5A	CES5A	ortholog_one2one
RALYL	RALYL	ortholog_one2one
ZNF12		ortholog_one2one
CAP2	CAP2	ortholog_one2one
ITIH5	ITIH5	ortholog_one2one
MRGBP	MRGBP	ortholog_one2one
TMEM9B	TMEM9B	ortholog_one2one
SQSTM1	SQSTM1	ortholog_one2one
ZFAND2A	ZFAND2A	ortholog_one2one
RPL36AL	RPL36AL	ortholog_one2one
IL1RAPL2	IL1RAPL2	ortholog_one2one
HEMGN	HEMGN	ortholog_one2one
NCOA5	NCOA5	ortholog_one2one
CLPTM1	CLPTM1	ortholog_one2one
TIMM8A	TIMM8A	ortholog_one2one
PTK2	PTK2	ortholog_one2one
ACTL6A	ACTL6A	ortholog_one2one
PHF8	PHF8	ortholog_one2one
PHYHD1	PHYHD1	ortholog_one2one
CDT1	CDT1	ortholog_one2one
ZNF341	ZNF341	ortholog_one2one
SLC27A2	SLC27A2	ortholog_one2one
SH2B2	SH2B2	ortholog_one2one
RPLP0	RPLP0	ortholog_one2one
CES3	CES3	ortholog_one2one
PRSS2	PRSS2	ortholog_one2many
GATM	GATM	ortholog_one2one
FIS1	FIS1	ortholog_one2one
APBB1	APBB1	ortholog_one2one
RPL37		ortholog_one2many
TEC	TEC	ortholog_one2one
SAMD8	SAMD8	ortholog_one2one
GMPR2	GMPR2	ortholog_one2many
GMPR2		ortholog_one2many
CTCF	CTCF	ortholog_one2one
EYA2	EYA2	ortholog_one2one
NOC3L	NOC3L	ortholog_one2one
PUS7	PUS7	ortholog_one2one
MTHFS	MTHFS	ortholog_one2one
OCIAD2	OCIAD2	ortholog_one2one
ITGB1BP1	ITGB1BP1	ortholog_one2one
HYKK	HYKK	ortholog_one2one
DOCK2		ortholog_one2one
LYSMD4	LYSMD4	ortholog_one2one
CDKN2D	CDKN2D	ortholog_one2one
SLC68A1	MFSD13A	ortholog_one2one
GNA15	GNA15	ortholog_one2one
PMM2	PMM2	ortholog_one2one
PTPRT	PTPRT	ortholog_one2one
TMOD3	TMOD2	ortholog_one2one
MPC1	MPC1	ortholog_one2one
TBC1D25	TBC1D25	ortholog_one2one
YJU2	YJU2	ortholog_one2one
MRPS18C	MRPS18C	ortholog_one2many
MRPS18C		ortholog_one2many
SLC44A4	SLC44A4	ortholog_one2one
TOP2B	TOP2B	ortholog_one2one
NIPA1	NIPA1	ortholog_one2one
TMX4	TMX4	ortholog_one2one
LRG1	LRG1	ortholog_one2one
SGPL1	SGPL1	ortholog_one2one
GALNT11	GALNT11	ortholog_one2many
GALNT11		ortholog_one2many
LSM4	LSM4	ortholog_one2one
SRSF6	SRSF6	ortholog_one2one
IL1RAPL1	IL1RAPL1	ortholog_one2one
UPF3B	UPF3B	ortholog_one2one
VSTM4	VSTM4	ortholog_one2one
DENND4A	DENND4A	ortholog_one2one
BLCAP	BLCAP	ortholog_one2one
HSDL2	HSDL2	ortholog_one2one
ANKRD16	ANKRD16	ortholog_one2one
CLCN7	CLCN7	ortholog_one2one
GINS1	GINS1	ortholog_one2one
DPF1	DPF1	ortholog_one2one
GYG2	GYG2	ortholog_one2one
PAIP2	PAIP2	ortholog_one2one
PPP2R5D		ortholog_one2many
PPP2R5D	PPP2R5D	ortholog_one2many
GAB1	GAB1	ortholog_one2one
LHPP	LHPP	ortholog_one2one
TOX2	TOX2	ortholog_one2one
UVRAG	UVRAG	ortholog_one2one
FBN1	FBN1	ortholog_one2one
ERMP1	ERMP1	ortholog_one2one
TP53RK	TP53RK	ortholog_one2one
MKKS	MKKS	ortholog_one2one
F2RL2	F2RL2	ortholog_one2one
IBSP	IBSP	ortholog_one2one
ACOT12	ACOT12	ortholog_one2one
KCNIP4	KCNIP4	ortholog_one2one
KLRF1	KLRF1	ortholog_one2one
PTER	PTER	ortholog_one2one
TBXAS1	TBXAS1	ortholog_one2one
TLDC2	TLDC2	ortholog_one2one
POFUT1	POFUT1	ortholog_one2one
CPE	CPE	ortholog_one2one
KDELR1	KDELR1	ortholog_one2one
MLLT10	MLLT10	ortholog_one2one
NPY2R	NPY2R	ortholog_one2one
PCDHA7		ortholog_one2many
SLC36A3	SLC36A3	ortholog_one2one
TMEM190	TMEM190	ortholog_one2one
PRPF4	PRPF4	ortholog_one2one
OVOL1	OVOL1	ortholog_one2one
MEF2A	MEF2A	ortholog_one2one
ZNF790	ZNF790	ortholog_one2one
SCARB1	SCARB1	ortholog_one2one
SIRPA		ortholog_many2many
EFNA5	EFNA5	ortholog_one2one
TBCA		ortholog_one2one
LARGE2	LARGE2	ortholog_one2one
NOP14	NOP14	ortholog_one2one
GIMAP6	GIMAP6	ortholog_one2one
RPS19	RPS19	ortholog_one2one
HLA-DMA	HLA-DMA	ortholog_one2one
C16orf96	C16orf96	ortholog_one2one
FAM136A	FAM136A	ortholog_one2one
GLCCI1	GLCCI1	ortholog_one2one
SRCAP	SRCAP	ortholog_one2one
ZSWIM6	ZSWIM6	ortholog_one2one
TENM2	TENM2	ortholog_one2one
ZNF48	ZNF48	ortholog_one2one
MGAM	MGAM	ortholog_one2one
NFYA	NFYA	ortholog_one2one
ITGAM	ITGAM	ortholog_one2one
KCNN2	KCNN2	ortholog_one2one
GABRG1	GABRG1	ortholog_one2one
GADD45G	GADD45G	ortholog_one2one
GPHA2	GPA2	ortholog_one2one
DNAJC5	DNAJC5	ortholog_one2one
APLN	APLN	ortholog_one2one
USP46	USP46	ortholog_one2one
DLG3	DLG3	ortholog_one2one
ATAD2B	ATAD2B	ortholog_one2one
TREH	TREH	ortholog_one2one
RRAS	RRAS	ortholog_one2one
PTGDS	PTGDS	ortholog_one2one
APBB1IP	APBB1IP	ortholog_one2one
H2AZ2	H2AZ2	ortholog_one2one
STX16	STX16	ortholog_one2one
ADAMTS10		ortholog_one2one
IL20RB	IL20RB	ortholog_one2one
PYURF	PYURF	ortholog_one2one
SMTN	SMTN	ortholog_one2one
BEND4	BEND4	ortholog_one2one
SCGB2A1	SCGB2A1	ortholog_one2one
MED20	MED20	ortholog_one2one
LIN7C	LIN7C	ortholog_one2one
FAM13C	FAM13C	ortholog_one2one
TRIML2	TRIML2	ortholog_one2one
ACTR10	ACTR10	ortholog_one2many
ACTR10		ortholog_one2many
RHO	RHO	ortholog_one2one
BTN1A1	BTN1A1	ortholog_one2one
PTAR1	PTAR1	ortholog_one2many
PTAR1		ortholog_one2many
GPR83	GPR83	ortholog_one2one
FKBP9	FKBP9	ortholog_one2one
MXRA5	MXRA5	ortholog_one2one
TBC1D22B	TBC1D22B	ortholog_one2one
ENTPD3	ENTPD3	ortholog_one2one
BRD7	BRD7	ortholog_one2one
USE1	USE1	ortholog_one2one
SLC7A3	SLC7A3	ortholog_one2one
AGA	AGA	ortholog_one2one
ACLY	ACLY	ortholog_one2one
PPME1	PPME1	ortholog_one2one
RFX3	RFX3	ortholog_one2one
SLC38A7	SLC38A7	ortholog_one2one
SMOX	SMOX	ortholog_one2one
RHOH	RHOH	ortholog_one2one
KCNMB3	KCNMB3	ortholog_one2one
NFYB	NFYB	ortholog_one2one
MOCS1	MOCS1	ortholog_one2one
CDHR4	CDHR4	ortholog_one2one
ERCC6L	ERCC6L	ortholog_one2one
CAST	CAST	ortholog_one2one
TLX1	TLX1	ortholog_one2one
PHKA2	PHKA2	ortholog_one2one
ZNF813		ortholog_one2many
NKX2-3	NKX2-3	ortholog_one2one
EEF1AKMT2	EEF1AKMT2	ortholog_one2one
PCNP	PCNP	ortholog_one2many
PCNP		ortholog_one2many
HGFAC	HGFAC	ortholog_one2one
SLC34A3	SLC34A3	ortholog_one2one
CREB3L3	CREB3L3	ortholog_one2one
DUSP16	DUSP16	ortholog_one2one
SUSD1	SUSD1	ortholog_one2one
SNAP25	SNAP25	ortholog_one2one
FOXN3	FOXN3	ortholog_one2one
GRIK2		ortholog_one2one
TM4SF4	TM4SF4	ortholog_one2one
C16orf92	C16orf92	ortholog_one2one
ZNF784	ZNF784	ortholog_one2one
ZNF77	ZNF77	ortholog_one2one
DDX47	DDX47	ortholog_one2one
DBR1	DBR1	ortholog_one2one
ABCA3	ABCA3	ortholog_one2one
TRDMT1	TRDMT1	ortholog_one2one
MRPL40	MRPL40	ortholog_one2one
PWWP3A	PWWP3A	ortholog_one2one
HES1	HES1	ortholog_one2one
DGKK	DGKK	ortholog_one2one
GGCX	GGCX	ortholog_one2one
NIPA2	NIPA2	ortholog_one2one
TIMP3	TIMP3	ortholog_one2one
TMEM121	TMEM121	ortholog_one2one
TREML1	TREML1	ortholog_one2one
CAMK2B	CAMK2B	ortholog_one2one
AP5M1	AP5M1	ortholog_one2one
MAPKAP1	MAPKAP1	ortholog_one2one
TBC1D14	TBC1D14	ortholog_one2many
TBC1D14		ortholog_one2many
PRPF6	PRPF6	ortholog_one2one
TMEM184B	TMEM184B	ortholog_one2one
RRAGD	RRAGD	ortholog_one2many
RRAGD		ortholog_one2many
GLA	GLA	ortholog_one2one
CPNE4	CPNE4	ortholog_one2one
HACE1	HACE1	ortholog_one2one
PAPLN	PAPLN	ortholog_one2one
RILPL1	RILPL1	ortholog_one2one
VSX1	VSX1	ortholog_one2one
MBTPS2	MBTPS2	ortholog_one2one
NCLN	NCLN	ortholog_one2one
APMAP	APMAP	ortholog_one2one
GALR3	GALR3	ortholog_one2one
ZNF239	ZNF239	ortholog_one2one
FAM118A	FAM118A	ortholog_one2one
RNF41	RNF41	ortholog_one2one
E2F1	E2F1	ortholog_one2one
CCNI		ortholog_one2one
PLCG1	PLCG1	ortholog_one2one
PPL	PPL	ortholog_one2one
PIERCE1	PIERCE1	ortholog_one2one
WASHC5	WASHC5	ortholog_one2one
REEP3	REEP3	ortholog_one2one
PSENEN	PSENEN	ortholog_one2one
ECT2	ECT2	ortholog_one2one
LDB3	LDB3	ortholog_one2one
QPRT	QPRT	ortholog_one2one
PPP2R5C	PPP2R5C	ortholog_one2one
FNBP1	FNBP1	ortholog_one2one
FGD1	FGD1	ortholog_one2one
PKN1	PKN1	ortholog_one2one
PALLD	PALLD	ortholog_one2one
CABP7	CABP7	ortholog_one2one
CXCR1	CXCR1	ortholog_one2one
POLR3H	POLR3H	ortholog_one2one
MDM1	MDM1	ortholog_one2one
ADRA1D	ADRA1D	ortholog_one2one
SPATA25	SPATA25	ortholog_one2one
GALNT5	GALNT5	ortholog_one2one
SLC52A3	SLC52A3	ortholog_one2one
MTHFSD	MTHFSD	ortholog_one2one
PRSS55	PRSS55	ortholog_one2one
FMR1	FMR1	ortholog_one2one
AP3M2	AP3M2	ortholog_one2one
FITM2	FITM2	ortholog_one2one
CPXM1	CPXM1	ortholog_one2one
PDGFB	PDGFB	ortholog_one2one
SANBR	SANBR	ortholog_one2one
CTNND1	CTNND1	ortholog_one2one
RASL10B	RASL10B	ortholog_one2one
MYB	MYB	ortholog_one2one
TVP23A	TVP23A	ortholog_one2one
ETFRF1	ETFRF1	ortholog_one2one
UBE2K	UBE2K	ortholog_one2one
TRAF4	TRAF4	ortholog_one2one
DECR1	DECR1	ortholog_one2one
TP53INP2	TP53INP2	ortholog_one2one
DEPDC5	DEPDC5	ortholog_one2one
TNFRSF17	TNFRSF17	ortholog_one2one
CTDSPL2	CTDSPL2	ortholog_one2one
GSTZ1	GSTZ1	ortholog_one2one
RAB35		ortholog_one2many
WFDC5	WFDC5	ortholog_one2one
FABP2	FABP2	ortholog_one2one
CLDND2	CLDND2	ortholog_one2one
ACTR5	ACTR5	ortholog_one2one
SRGN	SRGN	ortholog_one2one
STK17B	STK17B	ortholog_one2one
ADAM11	ADAM11	ortholog_one2one
AARS1	AARS1	ortholog_one2one
LARP4B	LARP4B	ortholog_one2one
TRMT1	TRMT1	ortholog_one2one
TEX10	TEX10	ortholog_one2one
C12orf54	C12orf54	ortholog_one2one
SRGAP3	SRGAP3	ortholog_one2one
GUCY1B1	GUCY1B1	ortholog_one2one
CD40	CD40	ortholog_one2one
CSHL1		ortholog_one2many
CNOT9	CNOT9	ortholog_one2one
SYNM	SYNM	ortholog_one2one
GFRA2	GFRA2	ortholog_one2many
GFRA2		ortholog_one2many
SEC31B	SEC31B	ortholog_one2one
IGDCC3	IGDCC3	ortholog_one2one
MRAS	MRAS	ortholog_one2one
CD63	CD63	ortholog_one2one
PSEN1	PSEN1	ortholog_one2one
BTBD3		ortholog_one2many
BTBD3	BTBD3	ortholog_one2many
M1AP	M1AP	ortholog_one2one
AK6		ortholog_one2many
AK6	AK6	ortholog_one2many
OSR2	OSR2	ortholog_one2one
NXNL2	NXNL2	ortholog_one2one
DBH	DBH	ortholog_one2one
SLC12A5	SLC12A5	ortholog_one2one
ARMC7	ARMC7	ortholog_one2one
SLC23A3	SLC23A3	ortholog_one2one
INPP5E	INPP5E	ortholog_one2one
PHOSPHO1	PHOSPHO1	ortholog_one2one
SPMAP2L	SPMAP2L	ortholog_one2one
PLAT	PLAT	ortholog_one2one
CSNK1D	CSNK1D	ortholog_one2one
NR2E3	NR2E3	ortholog_one2one
CLK4	CLK4	ortholog_one2one
ODAM	ODAM	ortholog_one2one
LHX2	LHX2	ortholog_one2one
CYP26B1	CYP26B1	ortholog_one2one
APCDD1L	APCDD1L	ortholog_one2one
FAM98B	FAM98B	ortholog_one2one
SLC31A1		ortholog_one2many
SLC31A1	SLC31A1	ortholog_one2many
ZNF266	ZNF266	ortholog_one2one
YTHDF1	YTHDF1	ortholog_one2one
SLC24A5	SLC24A5	ortholog_one2one
SGMS1	SGMS1	ortholog_one2one
TMEM237	TMEM237	ortholog_one2one
PHF20	PHF20	ortholog_one2one
CEMIP2	CEMIP2	ortholog_one2one
EEF1AKMT4	EEF1AKMT4	ortholog_one2one
ITGA11	ITGA11	ortholog_one2one
ZNF75D	ZNF75D	ortholog_one2one
HERC3	HERC3	ortholog_one2one
QTRT2	QTRT2	ortholog_one2one
JADE3	JADE3	ortholog_one2one
DNAAF10	DNAAF10	ortholog_one2one
ZRSR2	ZRSR2	ortholog_one2one
RGMA	RGMA	ortholog_one2one
PDE6D	PDE6D	ortholog_one2one
ASTE1		ortholog_one2many
FAH	FAH	ortholog_one2one
NFKBIB	NFKBIB	ortholog_one2one
DTD2	DTD2	ortholog_one2one
SLC30A8	SLC30A8	ortholog_one2one
TJP2	TJP2	ortholog_one2one
TAFAZZIN	TAFAZZIN	ortholog_one2one
GPX1	GPX1	ortholog_one2one
TXNDC16	TXNDC16	ortholog_one2one
SCGB3A1	SCGB3A1	ortholog_one2one
CSNK1G2	CSNK1G2	ortholog_one2one
IRX4	IRX4	ortholog_one2one
CADM2	CADM2	ortholog_one2one
METTL22	METTL22	ortholog_one2one
SLC2A4RG	SLC2A4RG	ortholog_one2one
SESTD1	SESTD1	ortholog_one2one
WSCD2	WSCD2	ortholog_one2one
CCNY	CCNY	ortholog_one2one
APC	APC	ortholog_one2one
ALB	ALB	ortholog_one2one
MATCAP2	MATCAP2	ortholog_one2one
ABCC3	ABCC3	ortholog_one2one
LUM	LUM	ortholog_one2one
ENTPD6	ENTPD6	ortholog_one2one
C3AR1	C3AR1	ortholog_one2one
AHSA1	AHSA1	ortholog_one2one
PTP4A3	PTP4A3	ortholog_one2one
CCDC92	CCDC92	ortholog_one2one
ESYT3	ESYT3	ortholog_one2one
KDM7A	KDM7A	ortholog_one2one
FAM200C	FAM200C	ortholog_one2one
CORO7	CORO7	ortholog_one2one
KIAA0825	KIAA0825	ortholog_one2one
LANCL2		ortholog_one2many
LANCL2	LANCL2	ortholog_one2many
TDRD7	TDRD7	ortholog_one2one
NODAL	NODAL	ortholog_one2one
MAP4K5	MAP4K5	ortholog_one2one
ZNF302	ZNF181	ortholog_one2many
MEIG1	MEIG1	ortholog_one2one
MYO5C	MYO5C	ortholog_one2one
NDUFB8	NDUFB8	ortholog_one2one
PPP1R17	PPP1R17	ortholog_one2one
UBE2H	UBE2H	ortholog_one2one
DIRAS2	DIRAS2	ortholog_one2one
TMPRSS6	TMPRSS6	ortholog_one2one
PIP5KL1	PIP5KL1	ortholog_one2one
NIM1K	NIM1K	ortholog_one2one
DUSP29	DUSP29	ortholog_one2one
CHPT1	CHPT1	ortholog_one2one
ACAD11	ACAD11	ortholog_one2one
PITX3	PITX3	ortholog_one2one
USP6NL	USP6NL	ortholog_one2one
TES	TES	ortholog_one2one
XIAP	XIAP	ortholog_one2one
ESRRB	ESRRB	ortholog_one2one
ANKHD1	ANKHD1	ortholog_one2one
PKHD1L1	PKHD1L1	ortholog_one2one
FPGS	FPGS	ortholog_one2one
PRKCH	PRKCH	ortholog_one2one
CRTC3	CRTC3	ortholog_one2one
HUWE1	HUWE1	ortholog_one2one
DGKD	DGKD	ortholog_one2one
SFXN2	SFXN2	ortholog_one2one
GLI3	GLI3	ortholog_one2one
NKX2-1	NKX2-1	ortholog_one2one
ZNF71	ZNF71	ortholog_one2one
ZFYVE26	ZFYVE26	ortholog_one2one
PLEKHA2	PLEKHA2	ortholog_one2one
TMEM143	TMEM143	ortholog_one2one
PPIB	PPIB	ortholog_one2one
CACNB3	CACNB3	ortholog_one2one
DPY19L1		ortholog_one2one
EMC2	EMC2	ortholog_one2one
LINS1	LINS1	ortholog_one2one
HSD3B7	HSD3B7	ortholog_one2one
C19orf44	C19orf44	ortholog_one2one
BMPR1A	BMPR1A	ortholog_one2one
ZSCAN25	ZSCAN25	ortholog_one2one
TEX9	TEX9	ortholog_one2one
ZFHX4	ZFHX4	ortholog_one2one
ETF1	ETF1	ortholog_one2one
PTPRS	PTPRS	ortholog_one2one
SCRIB	SCRIB	ortholog_one2one
FUT8	FUT8	ortholog_one2one
LRRC57	LRRC57	ortholog_one2one
TM7SF3		ortholog_one2one
APPL1	APPL1	ortholog_one2one
DOC2A	DOC2A	ortholog_one2one
SIN3A	SIN3A	ortholog_one2one
ZNF530	ZNF530	ortholog_one2one
HIBADH		ortholog_one2one
CD177		ortholog_one2many
TTC23L	TTC23L	ortholog_one2one
OST4	OST4	ortholog_one2one
TNFRSF13C	TNFRSF13C	ortholog_one2one
MCAT	MCAT	ortholog_one2one
LCP2	LCP2	ortholog_one2one
MOSPD2	MOSPD2	ortholog_one2one
HABP2	HABP2	ortholog_one2one
RPS28	RPS28	ortholog_one2one
MED15	MED15	ortholog_one2one
UBE2A	UBE2A	ortholog_one2one
PLEKHA1	PLEKHA1	ortholog_one2one
KCNN4	KCNN4	ortholog_one2one
PDLIM2	PDLIM2	ortholog_one2one
STAC3	STAC3	ortholog_one2one
NSA2	NSA2	ortholog_one2many
NSA2		ortholog_one2many
HTR1F	HTR1F	ortholog_one2one
TRANK1	TRANK1	ortholog_one2one
TUBA1A	TUBA1A	ortholog_one2one
CMBL	CMBL	ortholog_one2one
SLC16A2	SLC16A2	ortholog_one2one
PRRT3	PRRT3	ortholog_one2one
CBX3	CBX3	ortholog_one2one
TNPO2	TNPO2	ortholog_one2one
PWP1	PWP1	ortholog_one2one
BTBD6	BTBD6	ortholog_one2one
DMD	DMD	ortholog_one2one
IQCF3	IQCF3	ortholog_one2one
PRUNE2	PRUNE2	ortholog_one2one
CALM1	CALM1	ortholog_one2many
CALM1		ortholog_one2many
NLN	NLN	ortholog_one2one
CST7	CST7	ortholog_one2one
ATP9A	ATP9A	ortholog_one2one
EFL1	EFL1	ortholog_one2one
TMC5	TMC5	ortholog_one2one
IKBKB	IKBKB	ortholog_one2one
ZFP57	ZFP57	ortholog_one2one
CCDC180	CCDC180	ortholog_one2one
BRI3BP	BRI3BP	ortholog_one2one
IRF4	IRF4	ortholog_one2one
MOAP1	MOAP1	ortholog_one2one
ARFRP1	ARFRP1	ortholog_one2one
CCND2	CCND2	ortholog_one2one
PALM2AKAP2	PALM2AKAP2	ortholog_one2one
CDH18	CDH18	ortholog_one2one
ASB2	ASB2	ortholog_one2one
HERC1	HERC1	ortholog_one2one
STARD7	STARD7	ortholog_one2one
PTMS	PTMS	ortholog_one2one
WIPI2	WIPI2	ortholog_one2one
VIPR1	VIPR1	ortholog_one2one
EXOC2	EXOC2	ortholog_one2one
EZH1	EZH1	ortholog_one2one
CAMK2G	CAMK2G	ortholog_one2one
ADAMTSL1	ADAMTSL1	ortholog_one2one
IRF1	IRF1	ortholog_one2one
SNRPN	SNRPN	ortholog_one2one
OTOS	OTOS	ortholog_one2one
PTPA	PTPA	ortholog_one2one
HPS4	HPS4	ortholog_one2one
MYBPC2	MYBPC2	ortholog_one2one
TPCN1	TPCN1	ortholog_one2one
CDYL2	CDYL2	ortholog_one2one
ARMC10		ortholog_one2many
ARMC10	ARMC10	ortholog_one2many
CTF1	CTF1	ortholog_one2one
POC5		ortholog_one2many
POC5	POC5	ortholog_one2many
CPNE6	CPNE6	ortholog_one2one
MRPL12	MRPL12	ortholog_one2one
CNOT1	CNOT1	ortholog_one2one
ZNF638	ZNF638	ortholog_one2one
NF1	NF1	ortholog_one2one
FAM161B	FAM161B	ortholog_one2one
TECPR2	TECPR2	ortholog_one2one
HTATSF1	HTATSF1	ortholog_one2one
SBSPON	SBSPON	ortholog_one2one
COL5A1	COL5A1	ortholog_one2one
CYP4F3	CYP4F167	ortholog_one2one
LAMP5	LAMP5	ortholog_one2one
POFUT3	FUT10	ortholog_one2one
FAM114A2	FAM114A2	ortholog_one2one
PKD1L1	PKD1L1	ortholog_one2one
SPTB	SPTB	ortholog_one2one
PTPRG	PTPRG	ortholog_one2one
RTEL1	RTEL1	ortholog_one2one
TRPS1	TRPS1	ortholog_one2one
NXF3	NXF3	ortholog_one2one
SAMD3	SAMD3	ortholog_one2one
PLSCR5	PLSCR5	ortholog_one2one
TMSB10	TMSB10	ortholog_one2one
GAA	GAA	ortholog_one2one
CHRNA2	CHRNA2	ortholog_one2one
DCAF8L2		ortholog_one2many
NDUFS7	NDUFS7	ortholog_one2one
TENM1	TENM1	ortholog_one2one
EXOC4	EXOC4	ortholog_one2one
TRMT61A	TRMT61A	ortholog_one2one
TEKT3	TEKT3	ortholog_one2one
RHOJ	RHOJ	ortholog_one2one
MAP3K2	MAP3K2	ortholog_one2one
PIWIL2	PIWIL2	ortholog_one2one
BRCC3	BRCC3	ortholog_one2one
ALKBH1	ALKBH1	ortholog_one2one
GRM4	GRM4	ortholog_one2one
PAX9	PAX9	ortholog_one2one
ITM2A	ITM2A	ortholog_one2one
TOM1L1	TOM1L1	ortholog_one2one
CBLN3	CBLN3	ortholog_one2one
SIT1	SIT1	ortholog_one2one
EML5	EML5	ortholog_one2one
SEC16A	SEC16A	ortholog_one2one
METTL27	METTL27	ortholog_one2one
NOL12	NOL12	ortholog_one2one
NXF2B		ortholog_one2many
DIPK2B	DIPK2B	ortholog_one2one
MTMR14	MTMR14	ortholog_one2one
SYTL5	SYTL5	ortholog_one2one
ATRAID	ATRAID	ortholog_one2one
PIM3	PIM3	ortholog_one2one
TRIM35	TRIM35	ortholog_one2one
ST7	ST7	ortholog_one2one
MAN2A1	MAN2A1	ortholog_one2one
CDC37	CDC37	ortholog_one2one
GSTCD	GSTCD	ortholog_one2one
ASPN		ortholog_one2many
ASPN	ASPN	ortholog_one2many
LRRC24	LRRC24	ortholog_one2one
TAP1	TAP1	ortholog_one2one
MAPK1	MAPK1	ortholog_one2one
SPIN2A		ortholog_one2many
ZFTRAF1	TMEM276-ZFTRAF1	ortholog_one2one
ARHGEF40	ARHGEF40	ortholog_one2one
PLPP7	PLPP7	ortholog_one2one
IL21R	IL21R	ortholog_one2one
ADGRA2	ADGRA2	ortholog_one2one
GPR107	GPR107	ortholog_one2one
MYO7B	MYO7B	ortholog_one2one
ARSD		ortholog_one2one
OSM	OSM	ortholog_one2one
RASD2	RASD2	ortholog_one2one
ZKSCAN8	ZKSCAN8	ortholog_one2one
STX5	STX5	ortholog_one2one
MPPED1	MPPED1	ortholog_one2one
PSKH1	PSKH1	ortholog_one2one
LRAT	LRAT	ortholog_one2one
PPFIA2	PPFIA2	ortholog_one2one
SLITRK4	SLITRK4	ortholog_one2one
AMDHD2	AMDHD2	ortholog_one2one
PRR32	PRR32	ortholog_one2one
CDS1		ortholog_one2many
IDH3G	IDH3G	ortholog_one2one
ZDHHC8	ZDHHC8	ortholog_one2one
ZDHHC14	ZDHHC14	ortholog_one2one
CHAC2	CHAC2	ortholog_one2one
LCN8	LCN8	ortholog_one2one
DNAJC18	DNAJC18	ortholog_one2one
C1QL2	C1QL2	ortholog_one2many
VSTM2B	VSTM2B	ortholog_one2one
RNF20	RNF20	ortholog_one2one
HS3ST3A1	HS3ST3A1	ortholog_one2one
ZNF83		ortholog_one2one
DKK2	DKK2	ortholog_one2one
TCN2	TCN2	ortholog_one2one
TMEM91	TMEM91	ortholog_one2one
TMEM156	TMEM156	ortholog_one2one
ANKS1A	ANKS1A	ortholog_one2one
CEP72	CEP72	ortholog_one2one
PRPF8	PRPF8	ortholog_one2one
SCGB1D2		ortholog_one2many
TNFSF15	TNFSF15	ortholog_one2one
YTHDC1	YTHDC1	ortholog_one2one
DEFA5		ortholog_one2many
ZDHHC5	ZDHHC5	ortholog_one2one
STX17	STX17	ortholog_one2one
PLPBP	PLPBP	ortholog_one2one
PDZD9	PDZD9	ortholog_one2one
ANKZF1	ANKZF1	ortholog_one2one
LYPD5	LYPD5	ortholog_one2one
TMEM208	TMEM208	ortholog_one2one
ACSL4	ACSL4	ortholog_one2one
PRLR	PRLR	ortholog_one2one
SIN3B	SIN3B	ortholog_one2one
UBN1	UBN1	ortholog_one2one
HMGXB4	HMGXB4	ortholog_one2one
RAB27A	RAB27A	ortholog_one2one
AKIP1	AKIP1	ortholog_one2one
DCUN1D4	DCUN1D4	ortholog_one2one
ZNF318	ZNF318	ortholog_one2one
RANBP10	RANBP10	ortholog_one2one
EIF4EBP1	EIF4EBP1	ortholog_one2one
CYTH4	CYTH4	ortholog_one2one
ZNG1A		ortholog_one2many
LYN	LYN	ortholog_one2one
SLC17A3	SLC17A3	ortholog_one2one
ESYT2	ESYT2	ortholog_one2one
AIPL1	AIPL1	ortholog_one2one
PRODH		ortholog_one2many
ACER3	ACER3	ortholog_one2one
ZBTB10	ZBTB10	ortholog_one2one
RAPGEF6	RAPGEF6	ortholog_one2one
CIMAP1D	CIMAP1D	ortholog_one2one
CA13	CA13	ortholog_one2one
TAOK2	TAOK2	ortholog_one2one
LSM14A		ortholog_one2many
ZNF385C	ZNF385C	ortholog_one2one
SCRT1	SCRT1	ortholog_one2one
ZNF250	ZNF250	ortholog_one2one
POLR3B	POLR3B	ortholog_one2one
RPS12		ortholog_one2one
DGUOK	DGUOK	ortholog_one2one
PPM1D	PPM1D	ortholog_one2one
PRC1	PRC1	ortholog_one2one
MRPL27	MRPL27	ortholog_one2one
CCDC120	CCDC120	ortholog_one2one
FGFRL1	FGFRL1	ortholog_one2one
MRPS18B	MRPS18B	ortholog_one2one
UBN2	UBN2	ortholog_one2one
MRPL10	MRPL10	ortholog_one2one
ACSM3	ACSM3	ortholog_one2one
DOK7	DOK7	ortholog_one2one
TMEM185A		ortholog_one2one
SERPINA3	SERPINA3	ortholog_one2one
CASTOR2	CASTOR2	ortholog_one2one
SPAG7	SPAG7	ortholog_one2one
CALHM5	CALHM5	ortholog_one2one
LOXL2	LOXL2	ortholog_one2one
CFAP210	CFAP210	ortholog_one2one
PACRG	PACRG	ortholog_one2one
KEL	KEL	ortholog_one2one
CARS1	CARS1	ortholog_one2one
UQCR10	UQCR10	ortholog_one2one
PAFAH1B3	PAFAH1B3	ortholog_one2one
ACAT2	ACAT2	ortholog_one2one
TCEAL2	TCEAL2	ortholog_one2one
DGCR8	DGCR8	ortholog_one2one
ETNPPL	ETNPPL	ortholog_one2many
ETNPPL		ortholog_one2many
GAL3ST4	GAL3ST4	ortholog_one2one
TAB3	TAB3	ortholog_one2one
UNC13D	UNC13D	ortholog_one2one
CENPH	CENPH	ortholog_one2one
GOLGA8N	GOLGA2	ortholog_one2many
CYP2B6	CYP2B6	ortholog_one2many
CYP2B6	CYP2B65	ortholog_one2many
CALCOCO1	CALCOCO1	ortholog_one2one
SEPTIN7	SEPTIN7	ortholog_one2one
TTLL4	TTLL4	ortholog_one2one
ZBTB33		ortholog_one2many
MRPS18A	MRPS18A	ortholog_one2one
RGMB	RGMB	ortholog_one2one
IGDCC4	IGDCC4	ortholog_one2one
RALGDS	RALGDS	ortholog_one2one
ERICH5	ERICH5	ortholog_one2one
CENPM	CENPM	ortholog_one2one
ASAP1	ASAP1	ortholog_one2one
CAGE1	CAGE1	ortholog_one2one
VEGFC	VEGFC	ortholog_one2one
YY1	YY1	ortholog_one2one
HAUS2		ortholog_one2many
HAUS2	HAUS2	ortholog_one2many
ITGB1BP2	ITGB1BP2	ortholog_one2one
JAKMIP1	JAKMIP1	ortholog_one2one
SLC39A9	SLC39A9	ortholog_one2one
TCERG1	TCERG1	ortholog_one2one
NOL7	NOL7	ortholog_one2one
ORC5	ORC5	ortholog_one2one
NIPSNAP1	NIPSNAP1	ortholog_one2one
U2AF1L4	U2AF1L4	ortholog_one2one
GDPD2	GDPD2	ortholog_one2one
CHD2	CHD2	ortholog_one2one
CDC27	CDC27	ortholog_one2one
EEF2KMT	EEF2KMT	ortholog_one2many
EIF1AX	EIF1AX	ortholog_one2one
SLC39A14	SLC39A14	ortholog_one2one
TJAP1	TJAP1	ortholog_one2one
ZNF74	ZNF74	ortholog_one2one
PSME2	PSME2	ortholog_one2one
RIBC1	RIBC1	ortholog_one2one
COL4A4	COL4A4	ortholog_one2one
PLA2G3	PLA2G3	ortholog_one2one
ZNF274	ZNF274	ortholog_one2one
PATZ1	PATZ1	ortholog_one2one
ARL9	ARL9	ortholog_one2one
MAGEA2B		ortholog_one2many
AUTS2	AUTS2	ortholog_one2one
PDLIM3	PDLIM3	ortholog_one2one
PHYHIPL	PHYHIPL	ortholog_one2one
SLC5A1	SLC5A1	ortholog_one2one
MMD	MMD	ortholog_one2one
METTL26	METTL26	ortholog_one2one
SMIM10L2B		ortholog_many2many
PVALB	PVALB	ortholog_one2one
COL13A1	COL13A1	ortholog_one2one
UPRT	UPRT	ortholog_one2one
STAT5B	STAT5B	ortholog_one2one
NPAS2	NPAS2	ortholog_one2one
TCF20	TCF20	ortholog_one2one
NGRN	NGRN	ortholog_one2one
TMEM192	TMEM192	ortholog_one2one
AHR	AHR	ortholog_one2one
LRRC75B	LRRC75B	ortholog_one2one
AFAP1	AFAP1	ortholog_one2one
BEX3	BEX3	ortholog_one2one
MAP2K1	MAP2K1	ortholog_one2one
SLC13A1	SLC13A1	ortholog_one2one
LRP2BP	LRP2BP	ortholog_one2one
DENND11	DENND11	ortholog_one2one
ANKDD1B	ANKDD1B	ortholog_one2one
ARR3	ARR3	ortholog_one2one
MARF1	MARF1	ortholog_one2one
CERS4	CERS4	ortholog_one2one
PCDH7	PCDH7	ortholog_one2one
MTFP1	MTFP1	ortholog_one2one
FLNA	FLNA	ortholog_one2one
GTF2IRD2	GTF2IRD2B	ortholog_one2many
SRR	SRR	ortholog_one2one
ANKRD52	ANKRD52	ortholog_one2one
SHANK3	SHANK3	ortholog_one2one
FARS2	FARS2	ortholog_one2one
SRP72	SRP72	ortholog_one2one
SLC8A3	SLC8A3	ortholog_one2one
TM6SF1	TM6SF1	ortholog_one2one
EBF1	EBF1	ortholog_one2one
SYNGR1	SYNGR1	ortholog_one2one
HDAC11	HDAC11	ortholog_one2one
EEF1B2	EEF1B2	ortholog_one2one
DEPDC1B	DEPDC1B	ortholog_one2one
SHBG	SHBG	ortholog_one2one
ELAPOR2	ELAPOR2	ortholog_one2one
OSBPL5	OSBPL5	ortholog_one2one
FAM83A	FAM83A	ortholog_one2one
CSDC2	CSDC2	ortholog_one2one
MYL6	MYL6	ortholog_one2one
TRAF3	TRAF3	ortholog_one2one
BNIP2	BNIP2	ortholog_one2one
NPM2	NPM2	ortholog_one2one
HDAC10	HDAC10	ortholog_one2one
ATE1	ATE1	ortholog_one2one
LEMD2	LEMD2	ortholog_one2one
SMIM3	SMIM3	ortholog_one2one
SLC5A11	SLC5A11	ortholog_one2one
SH3RF2	SH3RF2	ortholog_one2one
DOK1	DOK1	ortholog_one2one
ADCY1	ADCY1	ortholog_one2one
HOPX	HOPX	ortholog_one2one
FEZF2	FEZF2	ortholog_one2one
DRD3	DRD3	ortholog_one2one
CA12	CA12	ortholog_one2one
SLC27A6	SLC27A6	ortholog_one2one
SLC35B2	SLC35B2	ortholog_one2one
FOXN2	FOXN2	ortholog_one2one
EIF3B	EIF3B	ortholog_one2one
SHLD2	SHLD2	ortholog_one2one
JAG2	JAG2	ortholog_one2one
PAQR3		ortholog_one2one
RND2	RND2	ortholog_one2one
STIMATE	STIMATE	ortholog_one2one
CD19	CD19	ortholog_one2one
CMTR1	CMTR1	ortholog_one2one
WBP2	WBP2	ortholog_one2one
PRKAA1	PRKAA1	ortholog_one2one
COL25A1	COL25A1	ortholog_one2one
WNT8A	WNT8A	ortholog_one2one
RAB2A	RAB2A	ortholog_one2one
GTF2A2	GTF2A2	ortholog_one2one
PDXDC1	PDXDC1	ortholog_one2one
ROM1	ROM1	ortholog_one2one
CTNND2	CTNND2	ortholog_one2one
GREB1	GREB1	ortholog_one2one
PLRG1	PLRG1	ortholog_one2one
TMEM200A	TMEM200A	ortholog_one2one
CASP5		ortholog_one2many
ARID1B	ARID1B	ortholog_one2one
SORBS3	SORBS3	ortholog_one2one
ATP2A3	ATP2A3	ortholog_one2one
NTRK3	NTRK3	ortholog_one2one
TPK1	TPK1	ortholog_one2one
PACS1	PACS1	ortholog_one2one
PLS1	PLS1	ortholog_one2one
CXCL13	CXCL13	ortholog_one2one
TRMT10A	TRMT10A	ortholog_one2one
ACSL5	ACSL5	ortholog_one2one
JPH4	JPH4	ortholog_one2one
POU2F3	POU2F3	ortholog_one2one
TNNT1	TNNT1	ortholog_one2one
ACHE	ACHE	ortholog_one2one
TMEM187	TMEM187	ortholog_one2one
TECRL	TECRL	ortholog_one2one
ZFAND3	ZFAND3	ortholog_one2one
ACOT9	ACOT9	ortholog_one2one
BOP1	BOP1	ortholog_one2one
FDXACB1	FDXACB1	ortholog_one2one
ACTR1B	ACTR1B	ortholog_one2one
BCL2A1	BCL2A1	ortholog_one2one
RRP7A	RRP7A	ortholog_one2one
SLC6A12	SLC6A12	ortholog_one2one
ZNF410	ZNF410	ortholog_one2one
CHRM1	CHRM1	ortholog_one2one
ADPGK	ADPGK	ortholog_one2one
SIM1	SIM1	ortholog_one2one
HEBP2	HEBP2	ortholog_one2one
STMP1	STMP1	ortholog_one2one
PRDM6	PRDM6	ortholog_one2one
NIBAN2	FAM129B	ortholog_one2one
GNA13	GNA13	ortholog_one2one
SYNE1	SYNE1	ortholog_one2one
NPY	NPY	ortholog_one2one
TMEM92	TMEM92	ortholog_one2one
RNF32	RNF32	ortholog_one2one
WIPI1	WIPI1	ortholog_one2one
SPECC1L	SPECC1L	ortholog_one2one
TTC23	TTC23	ortholog_one2one
HSPA9	HSPA9	ortholog_one2one
BMAL1	BMAL1	ortholog_one2many
BMAL1		ortholog_one2many
AQP12B		ortholog_one2many
FAM53A	FAM53A	ortholog_one2one
DNAJC10	DNAJC10	ortholog_one2one
PGRMC2	PGRMC2	ortholog_one2one
FUBP3		ortholog_one2many
FUBP3	FUBP3	ortholog_one2many
USP22	USP22	ortholog_one2one
KLHL5	KLHL5	ortholog_one2one
SRPK3	SRPK3	ortholog_one2one
POLR2J		ortholog_one2many
HOXA10	HOXA10	ortholog_one2one
CYB5R4	CYB5R4	ortholog_one2one
CTTNBP2	CTTNBP2	ortholog_one2one
TDO2	TDO2	ortholog_one2one
ZSWIM2	ZSWIM2	ortholog_one2one
ASB18	ASB18	ortholog_one2one
HOXA7	HOXA7	ortholog_one2one
PHF21B	PHF21B	ortholog_one2one
HSPE1	HSPE1	ortholog_one2one
CYTH1	CYTH1	ortholog_one2one
ARF5	ARF5	ortholog_one2one
UACA	UACA	ortholog_one2one
DYNLT1		ortholog_one2many
DYNLT1	DYNLT1	ortholog_one2many
DEFA6		ortholog_one2many
NTAQ1	NTAQ1	ortholog_one2one
C3	C3	ortholog_one2one
FRMD3	FRMD3	ortholog_one2one
SSC4D	SSC4D	ortholog_one2one
IPMK	IPMK	ortholog_one2one
RANBP9	RANBP9	ortholog_one2one
SEPTIN6		ortholog_one2many
WNT10B	WNT10B	ortholog_one2one
C10orf90	C10orf90	ortholog_one2one
MMRN1	MMRN1	ortholog_one2one
PECR	PECR	ortholog_one2one
SDC2	SDC2	ortholog_one2one
AIMP2	AIMP2	ortholog_one2one
SYNJ2	SYNJ2	ortholog_one2one
SFMBT2	SFMBT2	ortholog_one2one
COX18	COX18	ortholog_one2one
POC1B	POC1B	ortholog_one2one
TESK1	TESK1	ortholog_one2one
CEP131	CEP131	ortholog_one2one
NSMCE2	NSMCE2	ortholog_one2one
CCDC198	CCDC198	ortholog_one2one
WDR91	WDR91	ortholog_one2one
ACAN		ortholog_one2one
ARHGEF38		ortholog_one2one
KIAA1191	KIAA1191	ortholog_one2one
SET		ortholog_one2one
DCAF17	DCAF17	ortholog_one2one
PLCL2	PLCL2	ortholog_one2one
ZFYVE27	ZFYVE27	ortholog_one2one
PIM1	PIM1	ortholog_one2one
CLOCK	CLOCK	ortholog_one2one
SYN2	SYN2	ortholog_one2one
IL11RA	IL11RA	ortholog_one2one
LPCAT2	LPCAT2	ortholog_one2one
SCAMP4	SCAMP4	ortholog_one2one
TCF12	TCF12	ortholog_one2one
NEDD9	NEDD9	ortholog_one2one
FAU	FAU	ortholog_one2one
ARL4C	ARL4C	ortholog_one2one
TSPAN12	TSPAN12	ortholog_one2one
ICOS	ICOS	ortholog_one2one
MRPL51	MRPL51	ortholog_one2one
SHPRH	SHPRH	ortholog_one2one
SOX17	SOX17	ortholog_one2one
TRAF7	TRAF7	ortholog_one2one
APBA3	APBA3	ortholog_one2one
NHS	NHS	ortholog_one2one
FAM110B	FAM110B	ortholog_one2one
ZC3H14	ZC3H14	ortholog_one2one
ITGA9	ITGA9	ortholog_one2one
TBX5	TBX5	ortholog_one2one
SSMEM1	SSMEM1	ortholog_one2one
PLCD4	PLCD4	ortholog_one2one
SOX6	SOX6	ortholog_one2one
HSD17B10	HSD17B10	ortholog_one2one
R3HCC1	R3HCC1	ortholog_one2one
SCAMP1	SCAMP1	ortholog_one2one
HAUS6	HAUS6	ortholog_one2one
IFRD1	IFRD1	ortholog_one2one
NCOA2	NCOA2	ortholog_one2one
CXCR3	CXCR3	ortholog_one2one
PRICKLE3	PRICKLE3	ortholog_one2one
RAB8A	RAB8A	ortholog_one2one
MORN4	MORN4	ortholog_one2one
SLC22A2	SLC22A2	ortholog_one2one
DDX43	DDX43	ortholog_one2one
SH2D4B	SH2D4B	ortholog_one2one
CYP2C18	CYP2C9	ortholog_one2many
CYP2C18		ortholog_one2many
CYP2C18	CYP2C18	ortholog_one2many
ZUP1	ZUFSP	ortholog_one2one
ITFG2	ITFG2	ortholog_one2one
NMI	NMI	ortholog_one2one
TMLHE	TMLHE	ortholog_one2one
OVOL3	OVOL3	ortholog_one2one
DMBT1		ortholog_one2one
HINT2	HINT2	ortholog_one2one
ENPEP	ENPEP	ortholog_one2one
CSF1R	CSF1R	ortholog_one2one
RNASET2	RNASET2	ortholog_one2one
WRN	WRN	ortholog_one2one
NEK10	NEK10	ortholog_one2one
ZNF804B	ZNF804B	ortholog_one2one
SEC61G	SEC61G	ortholog_one2one
FSD1L	FSD1L	ortholog_one2one
GAS7	GAS7	ortholog_one2one
PAGE1		ortholog_many2many
FAT3		ortholog_one2one
TTC21B	TTC21B	ortholog_one2one
MAGEB2		ortholog_one2one
ZNF529	ZNF529	ortholog_one2one
ST6GALNAC6	ST6GALNAC6	ortholog_one2one
MNX1	MNX1	ortholog_one2one
ARHGEF12	ARHGEF12	ortholog_one2one
ITPRID1	ITPRID1	ortholog_one2one
SLC25A43	SLC25A43	ortholog_one2one
TFG	TFG	ortholog_one2one
CCNP	CCNP	ortholog_one2one
FGF18	FGF18	ortholog_one2one
ZCCHC14	ZCCHC14	ortholog_one2one
KITLG	KITLG	ortholog_one2one
GAGE12H		ortholog_many2many
DHRS7C	DHRS7C	ortholog_one2one
PPP1R3A	PPP1R3A	ortholog_one2one
PMP2	PMP2	ortholog_one2one
XAGE1B		ortholog_many2many
HK3	HK3	ortholog_one2one
SLC38A8	SLC38A8	ortholog_one2one
DOCK6	DOCK6	ortholog_one2one
HGSNAT	HGSNAT	ortholog_one2one
PSMB9	PSMB9	ortholog_one2one
NSUN5	NSUN5	ortholog_one2one
CCDC102A	CCDC102A	ortholog_one2one
GK		ortholog_one2many
CEP112	CEP112	ortholog_one2one
KRT6B		ortholog_many2many
CYP2U1	CYP2U1	ortholog_one2one
C9orf85		ortholog_one2many
C9orf85	C10H9orf85	ortholog_one2many
EIF3CL	EIF3C	ortholog_one2many
NUP43	NUP43	ortholog_one2one
FAM78A	FAM78A	ortholog_one2one
SEPSECS	SEPSECS	ortholog_one2one
PTPRR	PTPRR	ortholog_one2one
CORO2A	CORO2A	ortholog_one2one
CDH9	CDH9	ortholog_one2one
PRKACA	PRKACA	ortholog_one2one
KRABD5		ortholog_one2one
SRRM3	SRRM3	ortholog_one2one
VCAN	VCAN	ortholog_one2one
EPB41L4B	EPB41L4B	ortholog_one2one
APOC1	APOC1	ortholog_one2one
PRIMPOL	PRIMPOL	ortholog_one2one
MAGI2	MAGI2	ortholog_one2one
CCN6	CCN6	ortholog_one2one
MRPL28	MRPL28	ortholog_one2one
DCBLD1	DCBLD1	ortholog_one2one
SPIDR	SPIDR	ortholog_one2one
DLGAP5	DLGAP5	ortholog_one2one
GRIN2D	GRIN2D	ortholog_one2one
ANO2	ANO2	ortholog_one2one
ARMC3	ARMC3	ortholog_one2one
DDX39A	DDX39A	ortholog_one2one
PTGES	PTGES	ortholog_one2one
DDX4		ortholog_one2many
DDX4	DDX4	ortholog_one2many
PPM1H		ortholog_one2many
PPM1H	PPM1H	ortholog_one2many
MPDZ	MPDZ	ortholog_one2one
WWOX	WWOX	ortholog_one2one
MYF5	MYF5	ortholog_one2one
AGER	AGER	ortholog_one2one
CLEC12B	CLEC12B	ortholog_one2one
NUP160	NUP160	ortholog_one2one
ARHGAP31	ARHGAP31	ortholog_one2one
AVPI1	AVPI1	ortholog_one2one
CHPF2	CHPF2	ortholog_one2one
ARHGAP17	ARHGAP17	ortholog_one2one
ICE1	ICE1	ortholog_one2one
PAH	PAH	ortholog_one2one
MGAT4D	MGAT4D	ortholog_one2one
FAM107B	FAM107B	ortholog_one2one
SLC12A6	SLC12A6	ortholog_one2one
ZDHHC4	ZDHHC4	ortholog_one2one
NSG2	NSG2	ortholog_one2one
ZNF536	ZNF536	ortholog_one2one
DGKG	DGKG	ortholog_one2one
DEGS2	DEGS2	ortholog_one2one
LRR1	LRR1	ortholog_one2one
TBCB	TBCB	ortholog_one2one
RAB39B	RAB39B	ortholog_one2one
WWC3	WWC3	ortholog_one2one
HAND1	HAND1	ortholog_one2one
WIPF2	WIPF2	ortholog_one2one
SLC9B1		ortholog_one2one
PCDHAC2	PCDHAC2	ortholog_one2one
SLC25A47	SLC25A47	ortholog_one2one
KIF4A	KIF4A	ortholog_one2one
DTX3	DTX3	ortholog_one2one
PAGR1	PAGR1	ortholog_one2one
BAZ1A	BAZ1A	ortholog_one2one
AKR1C8	AKR1C8	ortholog_one2one
COG7	COG7	ortholog_one2one
RPL28		ortholog_one2one
ZNF438	ZNF438	ortholog_one2one
THNSL2	THNSL2	ortholog_one2one
SLC38A2	SLC38A2	ortholog_one2one
NLE1	NLE1	ortholog_one2one
GTF2H2		ortholog_one2many
CAMKV	CAMKV	ortholog_one2one
ZNF623	ZNF623	ortholog_one2one
GPR37	GPR37	ortholog_one2one
LRMDA	LRMDA	ortholog_one2one
GGH	GGH	ortholog_one2many
GGH		ortholog_one2many
C10orf71	C10orf71	ortholog_one2one
ASNS	ASNS	ortholog_one2one
FAM149B1	FAM149B1	ortholog_one2one
SLC33A2	MFSD3	ortholog_one2one
MYCN	MYCN	ortholog_one2one
CCL5	CCL5	ortholog_one2one
CFAP68	CFAP68	ortholog_one2one
DCAF4	DCAF4	ortholog_one2many
PPAN	PPAN	ortholog_one2one
ROGDI	ROGDI	ortholog_one2one
UNC5D	UNC5D	ortholog_one2one
C11orf58	C5H11orf58	ortholog_one2many
C11orf58		ortholog_one2many
DDX42	DDX42	ortholog_one2one
NAB2	NAB2	ortholog_one2one
FUNDC2		ortholog_one2many
DOHH	DOHH	ortholog_one2one
DUSP13B	DUSP13B	ortholog_one2one
SPAG11B	SPAG11B	ortholog_one2many
XCR1	XCR1	ortholog_one2one
ABCD1	ABCD1	ortholog_one2one
LBX1	LBX1	ortholog_one2one
LDB1	LDB1	ortholog_one2one
ABRA	ABRA	ortholog_one2one
BTBD2	BTBD2	ortholog_one2one
SLC25A3	SLC25A3	ortholog_one2one
GRINA	GRINA	ortholog_one2one
TNKS1BP1	TNKS1BP1	ortholog_one2one
CLPSL2	CLPSL2	ortholog_one2one
NRK	NRK	ortholog_one2one
MARCHF8	MARCHF8	ortholog_one2one
HIVEP1	HIVEP1	ortholog_one2one
ACAD9	ACAD9	ortholog_one2one
NHSL1	NHSL1	ortholog_one2one
FRMPD4	FRMPD4	ortholog_one2one
TRAPPC6B	TRAPPC6B	ortholog_one2one
VSTM5	VSTM5	ortholog_one2one
SCAI	SCAI	ortholog_one2one
HLA-DOA	HLA-DOA	ortholog_one2one
TACC1	TACC1	ortholog_one2one
RPS6KA3	RPS6KA3	ortholog_one2one
DPP4	DPP4	ortholog_one2one
SNX19	SNX19	ortholog_one2one
NIP7	NIP7	ortholog_one2one
CIRBP	CIRBP	ortholog_one2one
NPTN	NPTN	ortholog_one2one
FXR2	FXR2	ortholog_one2one
L3HYPDH	L3HYPDH	ortholog_one2one
SMIM10L3	SMIM10L3	ortholog_one2one
SKIC2	SKIC2	ortholog_one2one
A1CF	A1CF	ortholog_one2one
RCOR1	RCOR1	ortholog_one2one
NRF1	NRF1	ortholog_one2one
SPG7	SPG7	ortholog_one2one
GLTPD2	GLTPD2	ortholog_one2one
FAM120A	FAM120A	ortholog_one2many
FAM120A		ortholog_one2many
YBX2	YBX2	ortholog_one2one
SERPINA4	SERPINA4	ortholog_one2one
CFC1		ortholog_one2many
PAFAH1B2	PAFAH1B2	ortholog_one2one
ATXN7L3	ATXN7L3	ortholog_one2one
RNF111	RNF111	ortholog_one2one
TMEM198	TMEM198	ortholog_one2one
NSG1	NSG1	ortholog_one2one
FLRT2	FLRT2	ortholog_one2one
UHRF2	UHRF2	ortholog_one2one
CEP170B	CEP170B	ortholog_one2one
ZCCHC18		ortholog_one2one
C1S	C1S	ortholog_one2one
CFAP97	CFAP97	ortholog_one2one
PUDP	PUDP	ortholog_one2one
RETSAT	RETSAT	ortholog_one2one
ELF5	ELF5	ortholog_one2one
NCF1	NCF1	ortholog_one2one
GPC4	GPC4	ortholog_one2one
NOL11	NOL11	ortholog_one2one
SH3BP2	SH3BP2	ortholog_one2one
TRIO	TRIO	ortholog_one2one
CCDC88B	CCDC88B	ortholog_one2one
ACOX2	ACOX2	ortholog_one2one
HECTD1	HECTD1	ortholog_one2one
NELFB	NELFB	ortholog_one2one
PTPN9	PTPN9	ortholog_one2one
IL1RL2	IL1RL2	ortholog_one2one
C8G	C8G	ortholog_one2one
TRMT2B	TRMT2B	ortholog_one2one
GBA2	GBA2	ortholog_one2one
GEMIN6	GEMIN6	ortholog_one2many
GEMIN6		ortholog_one2many
FRMD8	FRMD8	ortholog_one2one
BRCA1	BRCA1	ortholog_one2one
MARCHF6	MARCHF6	ortholog_one2one
PLA2G4F	PLA2G4F	ortholog_one2one
DMRTA1	DMRTA1	ortholog_one2one
SOS1	SOS1	ortholog_one2many
SOS1		ortholog_one2many
KYAT1	KYAT1	ortholog_one2one
CRISP2	CRISP2	ortholog_one2one
KAZN	KAZN	ortholog_one2one
LRRC56	LRRC56	ortholog_one2one
PYCR3	PYCR3	ortholog_one2one
TSPAN7	TSPAN7	ortholog_one2one
CHMP7	CHMP7	ortholog_one2one
CD36	CD36	ortholog_one2one
PADI6	PADI6	ortholog_one2one
RTN4IP1	RTN4IP1	ortholog_one2one
ANXA2	ANXA2	ortholog_one2one
COL4A5	COL4A5	ortholog_one2one
BICRA	BICRA	ortholog_one2one
SLC6A15	SLC6A15	ortholog_one2one
CD2AP	CD2AP	ortholog_one2one
PSG3		ortholog_many2many
ESRP1	ESRP1	ortholog_one2one
CORO1B	CORO1B	ortholog_one2one
PFN2	PFN2	ortholog_one2one
TENT2	TENT2	ortholog_one2one
BAZ2B	BAZ2B	ortholog_one2one
IQCF1	IQCF1	ortholog_one2one
IL4R	IL4R	ortholog_one2one
ALKBH7	ALKBH7	ortholog_one2one
SORCS2	SORCS2	ortholog_one2one
ZNF860		ortholog_one2many
STX19	STX19	ortholog_one2one
PARG	PARG	ortholog_one2one
TENM3		ortholog_one2one
PREP	PREP	ortholog_one2one
POLR2E	POLR2E	ortholog_one2one
MS4A6E		ortholog_one2many
BCL6	BCL6	ortholog_one2one
FLI1	FLI1	ortholog_one2one
IGF1	IGF1	ortholog_one2one
VCF2	FAM104B	ortholog_one2one
ZFYVE21	ZFYVE21	ortholog_one2one
TSHB	TSHB	ortholog_one2one
CAMTA2	CAMTA2	ortholog_one2one
CCDC73	CCDC73	ortholog_one2one
PRDM14	PRDM14	ortholog_one2one
FTSJ1	FTSJ1	ortholog_one2one
NKX6-1	NKX6-1	ortholog_one2one
CDKL2	CDKL2	ortholog_one2one
ETS1	ETS1	ortholog_one2one
IGF2BP2	IGF2BP2	ortholog_one2many
IGF2BP2		ortholog_one2many
RPP40	RPP40	ortholog_one2one
FABP5	FABP5	ortholog_one2one
CHN1	CHN1	ortholog_one2one
P2RX7	P2RX7	ortholog_one2one
LRIT1	LRIT1	ortholog_one2one
RNF38	RNF38	ortholog_one2one
ACBD7	ACBD7	ortholog_one2one
OR10J5	OR10J5	ortholog_one2one
ZCCHC4	ZCCHC4	ortholog_one2one
TAF3	TAF3	ortholog_one2one
MICU3	MICU3	ortholog_one2one
PLEKHG3	PLEKHG3	ortholog_one2one
TMEM273	TMEM273	ortholog_one2one
PLIN5	PLIN5	ortholog_one2one
SLC6A3	SLC6A3	ortholog_one2one
RIGI	RIGI	ortholog_one2one
NAA10	NAA10	ortholog_one2one
SHISA9	SHISA9	ortholog_one2one
ZNF23	ZNF23	ortholog_one2one
C10orf88		ortholog_one2many
DNAAF2	DNAAF2	ortholog_one2one
DCDC2	DCDC2	ortholog_one2one
EAPP	EAPP	ortholog_one2one
SHCBP1L	SHCBP1L	ortholog_one2one
PCSK7	PCSK7	ortholog_one2one
LSM1	LSM1	ortholog_one2one
ELOVL4	ELOVL4	ortholog_one2one
ST8SIA4	ST8SIA4	ortholog_one2one
MGMT	MGMT	ortholog_one2one
GAR1	GAR1	ortholog_one2one
SNAI3	SNAI3	ortholog_one2one
TPPP2	TPPP2	ortholog_one2one
STK38	STK38	ortholog_one2one
MVD	MVD	ortholog_one2one
UBE2W		ortholog_one2many
UBE2W	UBE2W	ortholog_one2many
RND3	RND3	ortholog_one2one
PLIN4	PLIN4	ortholog_one2one
CHMP4BP1	CHMP4B	ortholog_many2many
CHMP4BP1		ortholog_many2many
COA8	COA8	ortholog_one2one
RGS21	RGS21	ortholog_one2one
CYP2A6	CYP2A13P	ortholog_one2many
MRC1	MRC1	ortholog_one2one
DKC1		ortholog_one2many
NPB	NPB	ortholog_one2one
MUSK	MUSK	ortholog_one2one
GGT6	GGT6	ortholog_one2one
BCL7A	BCL7A	ortholog_one2one
CCNA2	CCNA2	ortholog_one2one
REL	REL	ortholog_one2one
BBOF1	BBOF1	ortholog_one2one
PTX4	PTX4	ortholog_one2one
PMIS2	PMIS2	ortholog_one2one
ZNF768	ZNF768	ortholog_one2one
RN7SL614P	Metazoa_SRP	ortholog_one2one
EPHX3	EPHX3	ortholog_one2one
MIR34A	MIR34A	ortholog_one2one
RNU6-636P	U6	ortholog_one2one
CHP2	CHP2	ortholog_one2one
GALT	GALT	ortholog_one2one
RNU6-969P	U6	ortholog_one2one
RNU6-1237P	U6	ortholog_one2one
FGFR4	FGFR4	ortholog_one2one
ACTR6	ACTR6	ortholog_one2many
ACTR6		ortholog_one2many
RNU6-414P	U6	ortholog_one2many
RNU2-15P	U2	ortholog_one2one
ZDHHC22	ZDHHC22	ortholog_one2one
RN7SL62P	Metazoa_SRP	ortholog_one2many
RNU6-503P	U6	ortholog_one2one
SNORD3G	U3	ortholog_one2one
RN7SL392P	Metazoa_SRP	ortholog_one2many
MIR30E	MIR30E	ortholog_one2one
RNU6-750P	U6	ortholog_many2many
MIR30C1	MIR30C1	ortholog_one2one
RNU6-695P	U6	ortholog_one2many
HPR		ortholog_one2many
PDSS2	PDSS2	ortholog_one2one
MIR760	MIR760	ortholog_one2one
NAT9	NAT9	ortholog_one2one
RNU4-75P	U4	ortholog_many2many
LARP1B		ortholog_one2many
LARP1B	LARP1B	ortholog_one2many
RNU6-965P	U6	ortholog_one2one
RNA5SP533	5S_rRNA	ortholog_one2many
CUZD1	CUZD1	ortholog_one2one
RNU6-41P	U6	ortholog_one2many
RNU5F-6P	U5	ortholog_one2one
RNU6-716P	U6	ortholog_one2one
MAP3K15	MAP3K15	ortholog_one2one
ZFYVE1	ZFYVE1	ortholog_one2one
RNU6-570P	U6	ortholog_one2one
SPATA33	SPATA33	ortholog_one2one
MIR205	MIR205	ortholog_one2one
RNU6-1283P	U6	ortholog_one2many
RNU6-1205P	U6	ortholog_one2one
RN7SKP156	7SK	ortholog_one2many
RNU5A-8P	U5	ortholog_one2one
PLSCR1	PLSCR1	ortholog_one2one
USP54	USP54	ortholog_one2one
FAM43B	FAM43B	ortholog_one2one
SCARNA18B	snoU109	ortholog_one2one
CDH16	CDH16	ortholog_one2one
RN7SL242P	Metazoa_SRP	ortholog_one2one
TNKS	TNKS	ortholog_one2one
GPR173	GPR173	ortholog_one2one
SSX2		ortholog_one2many
MANSC4	MANSC4	ortholog_one2one
TEAD2	TEAD2	ortholog_one2one
TMEM52B	TMEM52B	ortholog_one2one
RNU6-586P	U6	ortholog_one2one
RNU6-1031P	U6	ortholog_one2many
CAPN10	CAPN10	ortholog_one2one
MAN1A1	MAN1A1	ortholog_one2one
SNORA77	SNORA77	ortholog_one2many
PLEKHA5	PLEKHA5	ortholog_one2one
RN7SL559P	Metazoa_SRP	ortholog_one2many
RSPH3	RSPH3	ortholog_one2one
OR2G3	OR2G3	ortholog_one2one
AMN	AMN	ortholog_one2one
CARNMT1	CARNMT1	ortholog_one2one
ELF4	ELF4	ortholog_one2one
GPIHBP1	GPIHBP1	ortholog_one2one
SNORA80E	SNORA42	ortholog_one2one
COL11A2	COL11A2	ortholog_one2one
DEFB1	DEFB1	ortholog_one2one
FOXH1	FOXH1	ortholog_one2one
CMC4	CMC4	ortholog_one2one
BAALC	BAALC	ortholog_one2one
MIR9-1	MIR9-1	ortholog_one2one
MEX3A	MEX3A	ortholog_one2one
RMI1	RMI1	ortholog_one2one
ARID4A	ARID4A	ortholog_one2one
CISD1	CISD1	ortholog_one2one
CHST1	CHST1	ortholog_one2one
ENOX2	ENOX2	ortholog_one2one
PDGFRL	PDGFRL	ortholog_one2one
FOXE3	FOXE3	ortholog_one2one
LRRC52	LRRC52	ortholog_one2one
FOXD2	FOXD2	ortholog_one2one
RNU5E-4P	U5	ortholog_one2many
ANGPT1	ANGPT1	ortholog_one2one
RN7SL261P	Metazoa_SRP	ortholog_one2many
PTGR1	PTGR1	ortholog_one2one
RNU1-129P	U1	ortholog_one2many
RNU6-1211P	U6	ortholog_one2one
SLC22A12	SLC22A12	ortholog_one2one
KAT6B	KAT6B	ortholog_one2one
LSAMP	LSAMP	ortholog_one2one
SNORD55	SNORD39	ortholog_one2one
SNORD46	SNORD46	ortholog_one2many
SNORD38A	SNORD38	ortholog_one2one
SNORD38B	snosnR61	ortholog_one2one
PUF60	PUF60	ortholog_one2one
SNORD38B	SNORD38	ortholog_one2many
DCLK3	DCLK3	ortholog_one2one
RNU6-949P	U6	ortholog_one2one
RNU6-424P	U6	ortholog_many2many
MRPL38	MRPL38	ortholog_one2one
RNU1-5P	U1	ortholog_one2many
HPS3	HPS3	ortholog_one2one
JAM3	JAM3	ortholog_one2one
RNU6-880P	U6	ortholog_one2one
RN7SL831P	Metazoa_SRP	ortholog_one2one
HSPA6	HSPA6	ortholog_one2one
STXBP5	STXBP5	ortholog_one2one
RNU6-106P	U6	ortholog_many2many
RNU1-114P	U1	ortholog_one2many
RNU1-143P	U1	ortholog_one2many
LBHD2	LBHD2	ortholog_one2one
RN7SL657P	Metazoa_SRP	ortholog_one2one
NEDD8		ortholog_one2many
NEDD8	NEDD8	ortholog_one2many
SGSM2	SGSM2	ortholog_one2one
CLHC1	CLHC1	ortholog_one2one
RNU4-21P	U4	ortholog_many2many
CAPN15	CAPN15	ortholog_one2one
GTPBP6	GTPBP6	ortholog_one2one
PLA2G2E	PLA2G2E	ortholog_one2one
AP2A2	AP2A2	ortholog_one2one
KNCN	KNCN	ortholog_one2one
LNP1	LNP1	ortholog_one2one
ADD1	ADD1	ortholog_one2one
RN7SL479P	Metazoa_SRP	ortholog_one2many
IRF9	IRF9	ortholog_one2one
PRAMEF15		ortholog_one2many
TGOLN2		ortholog_one2one
L1CAM	L1CAM	ortholog_one2one
PRAMEF14		ortholog_one2many
RBM19	RBM19	ortholog_one2one
PRAMEF17		ortholog_one2many
C4B		ortholog_one2many
PRMT6	PRMT6	ortholog_one2one
MLYCD	MLYCD	ortholog_one2one
RN7SL788P	Metazoa_SRP	ortholog_one2many
TNFAIP6	TNFAIP6	ortholog_one2one
MIR320B2		ortholog_one2many
RNU6-1008P	U6	ortholog_one2one
SNORA55	SNORA55	ortholog_one2one
RNU7-121P	U7	ortholog_one2one
NGLY1	NGLY1	ortholog_one2one
RN7SKP165	7SK	ortholog_many2many
RSL1D1	RSL1D1	ortholog_one2one
STAM2	STAM2	ortholog_one2one
MACROD1	MACROD1	ortholog_one2one
LRRCC1	LRRCC1	ortholog_one2one
TSSK3	TSSK3	ortholog_one2one
ERAL1	ERAL1	ortholog_one2one
RN7SL464P	Metazoa_SRP	ortholog_one2one
IL18RAP	IL18RAP	ortholog_one2one
CDC42BPB	CDC42BPB	ortholog_one2one
RNU7-57P	U7	ortholog_one2one
PRAMEF27		ortholog_one2many
SALL2	SALL2	ortholog_one2one
LCLAT1	LCLAT1	ortholog_one2one
CCAR1	CCAR1	ortholog_one2one
PLEKHB1	PLEKHB1	ortholog_one2one
ATP2C2	ATP2C2	ortholog_one2one
CHRNA6	CHRNA6	ortholog_one2one
RNU6V	U6	ortholog_one2many
MIR197	MIR197	ortholog_one2one
RIPK3	RIPK3	ortholog_one2one
POLR1E	POLR1E	ortholog_one2one
SLC9A7	SLC9A7	ortholog_one2one
FBXO16	FBXO16	ortholog_one2one
PTGS2	PTGS2	ortholog_one2one
DVL2	DVL2	ortholog_one2one
ARMH4	ARMH4	ortholog_one2one
PLAC1	PLAC1	ortholog_one2one
RN7SL466P	Metazoa_SRP	ortholog_one2one
SNORD45A	SNORD45	ortholog_one2one
PCDHGA9	PCDHGA9	ortholog_one2one
MDP1	MDP1	ortholog_one2one
RNF224	RNF224	ortholog_one2one
MSH4	MSH4	ortholog_one2one
PREX2	PREX2	ortholog_one2one
NTNG2	NTNG2	ortholog_one2one
PRELID2	PRELID2	ortholog_one2one
PARP2	PARP2	ortholog_one2one
PAK3	PAK3	ortholog_one2one
SNORD21	SNORD21	ortholog_one2many
SNORA66	SNORA66	ortholog_one2one
RNU6-970P	U6	ortholog_one2one
APOA4	APOA4	ortholog_one2one
RN7SKP123	7SK	ortholog_many2many
RNU7-200P	U7	ortholog_one2one
RNU4-57P	U4	ortholog_one2many
SLC24A2	SLC24A2	ortholog_one2one
LRRC53	LRRC53	ortholog_one2one
DAP	DAP	ortholog_one2one
RBM4		ortholog_one2many
CNBD1	CNBD1	ortholog_one2one
TMEM167A	TMEM167A	ortholog_one2one
ARHGEF25	ARHGEF25	ortholog_one2one
LONRF1	LONRF1	ortholog_one2one
ECPAS	ECPAS	ortholog_one2one
TRAPPC13	TRAPPC13	ortholog_one2one
RNA5S1	5S_rRNA	ortholog_one2many
RNA5S4	5S_rRNA	ortholog_one2many
RNA5S5	5S_rRNA	ortholog_one2many
CFAP52	CFAP52	ortholog_one2one
RNA5S9	5S_rRNA	ortholog_one2many
ZDHHC17	ZDHHC17	ortholog_one2one
RNA5S16	5S_rRNA	ortholog_one2many
RNVU1-30	U1	ortholog_one2many
RNU1-68P	U1	ortholog_one2many
H3C13	H3C13	ortholog_one2one
H2AC20	H2AC20	ortholog_one2one
RNU6-1304P	U6	ortholog_one2one
HGD	HGD	ortholog_one2one
RNU6-537P	U6	ortholog_one2one
MOG	MOG	ortholog_one2one
CIBAR1	FAM92A	ortholog_one2one
ZNF233	ZNF233	ortholog_one2one
RNU5F-8P	U5	ortholog_one2one
CCDC127	CCDC127	ortholog_one2one
TTC24	TTC24	ortholog_one2one
DUSP1	DUSP1	ortholog_one2one
CES1		ortholog_one2many
RLIM	RLIM	ortholog_one2one
CNTROB	CNTROB	ortholog_one2one
NRXN2	NRXN2	ortholog_one2one
PRAMEF9		ortholog_one2many
OR2T35		ortholog_one2many
MAP3K10	MAP3K10	ortholog_one2one
BTBD7	BTBD7	ortholog_one2one
HMGXB3	HMGXB3	ortholog_one2one
THEM5	THEM5	ortholog_one2one
EOLA2		ortholog_many2many
IL23A	IL23A	ortholog_one2one
LCE1F		ortholog_one2many
UGT8	UGT8	ortholog_one2one
RNU6-180P	U6	ortholog_one2one
RN7SKP276	7SK	ortholog_one2many
NABP2	NABP2	ortholog_one2one
SNORA73A	SNORA73	ortholog_one2many
SNORA73B	SNORA73	ortholog_one2many
SNORD99	SNORD99	ortholog_one2one
SNORA61	SNORA61	ortholog_one2one
SNORA44	SNORA44	ortholog_one2one
SNORA16A	SNORA16	ortholog_one2many
LYPD4	LYPD4	ortholog_one2one
NTMT1	NTMT1	ortholog_one2one
PBX4	PBX4	ortholog_one2one
PUM2	PUM2	ortholog_one2one
LRRC74A	LRRC74A	ortholog_one2one
OR2W3	OR2W3	ortholog_one2one
SLC75A1	MFSD10	ortholog_one2one
SLC1A5	SLC1A5	ortholog_one2one
TMEM171	TMEM171	ortholog_one2one
BEGAIN	BEGAIN	ortholog_one2one
ENPP1	ENPP1	ortholog_one2one
OR14K1	OR14K1	ortholog_one2one
TMED3		ortholog_one2many
APOA1	APOA1	ortholog_one2one
RN7SL432P	Metazoa_SRP	ortholog_one2one
RNY1P13	Y_RNA	ortholog_one2one
MYF6	MYF6	ortholog_one2one
ALKBH2	ALKBH2	ortholog_one2one
SNURF	SNURF	ortholog_one2one
DBN1	DBN1	ortholog_one2one
POFUT4	FUT11	ortholog_one2one
E2F5	E2F5	ortholog_one2one
UNC13C	UNC13C	ortholog_one2one
ACSBG2	ACSBG2	ortholog_one2one
SPTA1	SPTA1	ortholog_one2one
PDZD8	PDZD8	ortholog_one2one
NAA35	NAA35	ortholog_one2one
ZNF641	ZNF641	ortholog_one2one
VNN1	VNN1	ortholog_one2one
PPEF1	PPEF1	ortholog_one2one
OXR1	OXR1	ortholog_one2one
HDGFL3	HDGFL3	ortholog_one2one
MIR186	MIR186	ortholog_one2one
SMPD2	SMPD2	ortholog_one2one
RNU6-884P	U6	ortholog_one2one
NSUN3	NSUN3	ortholog_one2one
ANXA11	ANXA11	ortholog_one2one
TNFSF18	TNFSF18	ortholog_one2one
MAP10	MAP10	ortholog_one2one
INSL5	INSL5	ortholog_one2one
SLC2A7	SLC2A7	ortholog_one2one
SNAPC5	SNAPC5	ortholog_one2one
SLC25A39	SLC25A39	ortholog_one2one
RNU1-6P	U1	ortholog_one2many
BIN2	BIN2	ortholog_one2one
DDC	DDC	ortholog_one2one
PHACTR1	PHACTR1	ortholog_one2one
CELA3B		ortholog_many2many
MBD4	MBD4	ortholog_one2one
TIMP1	TIMP1	ortholog_one2one
TUBB4A	TUBB4A	ortholog_one2one
UBAP1L	UBAP1L	ortholog_one2one
TTC12	TTC12	ortholog_one2one
FRMD5	FRMD5	ortholog_one2one
CELA3A		ortholog_many2many
ATXN3	ATXN3	ortholog_one2one
ALDH5A1	ALDH5A1	ortholog_one2one
DKKL1	DKKL1	ortholog_one2one
COLGALT1	COLGALT1	ortholog_one2one
ANOS1	ANOS1	ortholog_one2one
A3GALT2	A3GALT2	ortholog_one2one
RN7SL44P	Metazoa_SRP	ortholog_one2one
RNU4-27P	U4	ortholog_one2many
TBC1D21	TBC1D21	ortholog_one2one
TMEM269	TMEM269	ortholog_one2one
MIR3115	MIR3115	ortholog_one2one
RNU6-514P	U6	ortholog_one2one
RNU6-135P	U6	ortholog_one2one
COX6C		ortholog_one2many
CNTNAP3B		ortholog_one2many
NCEH1	NCEH1	ortholog_one2one
	SNORA31	ortholog_many2many
HAND2	HAND2	ortholog_one2one
MAN2C1	MAN2C1	ortholog_one2one
LIN37	LIN37	ortholog_one2one
TBX22	TBX22	ortholog_one2one
CLGN	CLGN	ortholog_one2one
HTR1E	HTR1E	ortholog_one2one
DCST2	DCST2	ortholog_one2one
HECA	HECA	ortholog_one2one
ELAVL3	ELAVL3	ortholog_one2one
RPL39	RPL39	ortholog_one2one
ZSCAN9	ZSCAN9	ortholog_one2one
KDM5A	KDM5A	ortholog_one2one
SEC62	SEC62	ortholog_one2one
HS6ST2	HS6ST2	ortholog_one2one
RNVU1-6	U1	ortholog_one2one
ZNF808		ortholog_one2many
CANX	CANX	ortholog_one2one
RNA5SP529	5S_rRNA	ortholog_one2many
INTS9	INTS9	ortholog_one2one
RNVU1-26	U1	ortholog_one2many
RNVU1-2A	U1	ortholog_one2many
TNXB	TNXB	ortholog_one2many
TNXB		ortholog_one2many
MTM1	MTM1	ortholog_one2one
RPTN	RPTN	ortholog_one2one
EXOSC9	EXOSC9	ortholog_one2one
SFN	SFN	ortholog_one2one
CATSPER4	CATSPER4	ortholog_one2one
KLF4	KLF4	ortholog_one2many
KLF4		ortholog_one2many
RNU7-95P	U7	ortholog_one2many
	SNORA58	ortholog_one2many
GKAP1	GKAP1	ortholog_one2one
MIR214	MIR214	ortholog_one2one
MIR199A2	MIR199A2	ortholog_one2one
RNU6-1089P	U6	ortholog_one2many
RNU6-999P	U6	ortholog_one2one
H3-4	H3-4	ortholog_one2one
HAPLN4	HAPLN4	ortholog_one2one
H4C15		ortholog_one2many
H2AC18	H2AC18	ortholog_one2one
H4C14		ortholog_one2many
SRPK1		ortholog_one2many
SRPK1	SRPK1	ortholog_one2many
FBXO40	FBXO40	ortholog_one2one
CCDC124	CCDC124	ortholog_one2one
ZNF502	ZNF502	ortholog_one2one
RNU6-501P	U6	ortholog_one2one
SHC3	SHC3	ortholog_one2one
MIR194-1	MIR194-1	ortholog_one2one
SNORA36B	SNORA36	ortholog_one2one
ANKS6	ANKS6	ortholog_one2one
ZW10	ZW10	ortholog_one2one
CC2D1A	CC2D1A	ortholog_one2one
FCGR2C	FCGR2B	ortholog_many2many
FCGR2C		ortholog_many2many
RNVU1-4	U1	ortholog_one2many
SPACA9	SPACA9	ortholog_one2one
MFN1	MFN1	ortholog_one2one
AKR7L	AKR7L	ortholog_one2one
RNU6-1099P	U6	ortholog_one2one
RN7SL277P	Metazoa_SRP	ortholog_one2one
C8orf58	C8orf58	ortholog_one2one
MPG	MPG	ortholog_one2one
NR5A1	NR5A1	ortholog_one2one
FOXO6	FOXO6	ortholog_one2one
PARP12	PARP12	ortholog_one2one
CELF1	CELF1	ortholog_one2one
RN7SL475P	Metazoa_SRP	ortholog_one2one
H2AC25	H2AC25	ortholog_one2one
PYCARD	PYCARD	ortholog_one2one
NRBP2	NRBP2	ortholog_one2one
FAM229A	FAM229A	ortholog_one2one
ATP8A1	ATP8A1	ortholog_one2one
KIFC3	KIFC3	ortholog_one2one
KPRP	KPRP	ortholog_one2one
SYK	SYK	ortholog_one2one
FANCB	FANCB	ortholog_one2one
VDR	VDR	ortholog_one2one
CELSR2	CELSR2	ortholog_one2one
NECAB1	NECAB1	ortholog_one2one
MANEA	MANEA	ortholog_one2one
LACTBL1	LACTBL1	ortholog_one2one
PCOLCE	PCOLCE	ortholog_one2one
GEM	GEM	ortholog_one2one
WDFY1	WDFY1	ortholog_one2one
CLTRN	CLTRN	ortholog_one2one
RPS10	RPS10	ortholog_one2one
IPO8	IPO8	ortholog_one2one
NHLH1	NHLH1	ortholog_one2one
RNU4-42P	U4	ortholog_one2many
RGN	RGN	ortholog_one2one
RNU1-151P	U1	ortholog_one2many
NUDT4B	NUDT4	ortholog_many2many
NUDT4B		ortholog_many2many
RNVU1-24	U1	ortholog_one2many
CPA4	CPA4	ortholog_one2one
MATN1	MATN1	ortholog_one2one
KLK13	KLK13	ortholog_one2one
TERF1	TERF1	ortholog_one2one
PTGES3L	PTGES3L	ortholog_one2one
FCRL4	FCRL4	ortholog_one2one
SLC25A4	SLC25A4	ortholog_one2one
LFNG	LFNG	ortholog_one2one
FSIP2	FSIP2	ortholog_one2one
RAVER1	RAVER1	ortholog_one2one
KCNAB1	KCNAB1	ortholog_one2one
RELT	RELT	ortholog_one2one
GNAI1	GNAI1	ortholog_one2one
UQCRHL		ortholog_one2many
CXorf38	CXorf38	ortholog_one2one
SUFU	SUFU	ortholog_one2one
SURF6	SURF6	ortholog_one2one
RN7SL431P	Metazoa_SRP	ortholog_one2one
MIR190B	MIR190B	ortholog_one2one
SNORA58B	SNORA58	ortholog_one2one
RN7SL122P	Metazoa_SRP	ortholog_many2many
RNU6-968P	U6	ortholog_one2many
PRAMEF12		ortholog_one2many
VSIG10L	VSIG10L	ortholog_one2one
PRAMEF1		ortholog_one2many
STMN4	STMN4	ortholog_one2one
FANCC	FANCC	ortholog_one2one
PRAMEF11		ortholog_one2many
SPAG5	SPAG5	ortholog_one2one
ATP5F1D	ATP5F1D	ortholog_one2one
LYRM4	LYRM4	ortholog_one2one
CTBP1	CTBP1	ortholog_one2one
ZDHHC15	ZDHHC15	ortholog_one2one
PRAMEF2		ortholog_one2many
PRAMEF4		ortholog_one2many
DCHS1	DCHS1	ortholog_one2one
ADGRV1		ortholog_one2many
PRAMEF6		ortholog_one2many
PRAMEF33		ortholog_one2many
AADACL4	AADACL4	ortholog_one2one
PRAMEF5		ortholog_one2many
MID1IP1	MID1IP1	ortholog_one2one
PRAMEF8		ortholog_one2many
NUDT11	NUDT11	ortholog_one2one
TMEM72	TMEM72	ortholog_one2one
PRAMEF20		ortholog_one2many
BRPF1	BRPF1	ortholog_one2one
RPGR		ortholog_one2one
REPS1	REPS1	ortholog_one2one
ERCC2	ERCC2	ortholog_one2one
PRAMEF19		ortholog_one2many
CASP7	CASP7	ortholog_one2one
FADS2	FADS2	ortholog_one2one
KCNA3	KCNA3	ortholog_one2one
KRIT1	KRIT1	ortholog_one2one
ZC3H11B	ZC3H11A	ortholog_one2many
FOXD3	FOXD3	ortholog_one2one
MIR181B1	MIR181B1	ortholog_one2one
MIR181A1	MIR181A1	ortholog_one2one
RNU7-80P	U7	ortholog_one2one
RNU6-160P	U6	ortholog_one2many
ZNF572	ZNF572	ortholog_one2one
DDX11	DDX11	ortholog_one2one
ACD	ACD	ortholog_one2one
OPLAH	OPLAH	ortholog_one2one
ORM1		ortholog_one2many
RNU6-693P	U6	ortholog_one2one
RNU1-153P	U1	ortholog_one2many
RNU1-154P	U1	ortholog_one2many
PRAMEF25		ortholog_one2many
TMBIM1	TMBIM1	ortholog_one2one
MIR101-1	MIR101-1	ortholog_one2one
KIAA1217	KIAA1217	ortholog_one2one
SETSIP	SET	ortholog_one2one
MIR135B	MIR135B	ortholog_one2one
RNA5SP534	5S_rRNA	ortholog_one2one
OR10R2	OR10R2	ortholog_one2one
PRAMEF18		ortholog_one2many
TTC34	TTC34	ortholog_one2one
TAS1R2	TAS1R2	ortholog_one2one
RN7SKP229	7SK	ortholog_one2one
GNE	GNE	ortholog_one2one
RNU5F-2P	U5	ortholog_one2one
RNY4P25	Y_RNA	ortholog_one2one
	SNORA44	ortholog_one2one
RN7SL679P	Metazoa_SRP	ortholog_one2many
ERI2	ERI2	ortholog_one2one
RNU6-1102P	U6	ortholog_one2one
PDK3	PDK3	ortholog_one2one
C3orf49	C3orf49	ortholog_one2one
HPS5	HPS5	ortholog_one2one
PCDHB14	PCDHB14	ortholog_one2one
ARSK	ARSK	ortholog_one2one
ARL16	ARL16	ortholog_one2one
RNU1-7P	U1	ortholog_one2many
BBLN	BBLN	ortholog_one2one
RNU6-304P	U6	ortholog_one2many
LAIR1	LAIR1	ortholog_one2one
VN1R5		ortholog_one2one
CFAP263	CFAP263	ortholog_one2one
ZNF618	ZNF618	ortholog_one2one
MED12	MED12	ortholog_one2one
RNVU1-21	U1	ortholog_one2many
RNVU1-1	U1	ortholog_one2one
RNVU1-3	U1	ortholog_one2many
INCA1	INCA1	ortholog_one2one
PLCXD3	PLCXD3	ortholog_one2one
RNU6-89P	U6	ortholog_one2many
RN7SL230P	Metazoa_SRP	ortholog_one2one
OIP5		ortholog_one2many
OIP5	OIP5	ortholog_one2many
CACNA1D	CACNA1D	ortholog_one2one
PPP4C	PPP4C	ortholog_one2one
PANK3	PANK3	ortholog_one2one
SEMA6D	SEMA6D	ortholog_one2one
HAPLN1	HAPLN1	ortholog_one2one
SEC24D	SEC24D	ortholog_one2one
OGA	OGA	ortholog_one2one
CAPSL	CAPSL	ortholog_one2one
LRRC55	LRRC55	ortholog_one2one
CREB3L1	CREB3L1	ortholog_one2one
LHFPL2	LHFPL2	ortholog_one2one
DOCK11	DOCK11	ortholog_one2one
PLD3	PLD3	ortholog_one2one
EIF4A3		ortholog_one2many
EIF4A3	EIF4A3	ortholog_one2many
NRCAM	NRCAM	ortholog_one2one
ZFP37	ZFP37	ortholog_one2one
SMARCAL1	SMARCAL1	ortholog_one2one
RRM2B	RRM2B	ortholog_one2one
RPL27A		ortholog_one2one
RNU4-28P	U4	ortholog_one2one
MLX	MLX	ortholog_one2one
ZDHHC21	ZDHHC21	ortholog_one2one
RNVU1-29	U1	ortholog_one2one
RNVU1-25	U1	ortholog_one2many
RNA5SP536	5S_rRNA	ortholog_one2one
CTRB1		ortholog_many2many
CTRB1	CTRB1	ortholog_many2many
MIR200B	MIR200B	ortholog_one2one
MIR200A	MIR200A	ortholog_one2one
TMEM278	TMEM88B	ortholog_one2one
CD3G	CD3G	ortholog_one2one
RGS4	RGS4	ortholog_one2one
LRRC36	LRRC36	ortholog_one2one
CTNNA1	CTNNA1	ortholog_one2one
CA5B	CA5B	ortholog_one2one
TMEM126A	TMEM126A	ortholog_one2one
SLC1A1	SLC1A1	ortholog_one2one
RNU6-152P	U6	ortholog_one2one
UBL4B	UBL4B	ortholog_one2one
PRDX4	PRDX4	ortholog_one2one
C3orf85	C3orf85	ortholog_one2one
CHCHD7	CHCHD7	ortholog_one2one
ERCC4	ERCC4	ortholog_one2one
ZNF385D	ZNF385D	ortholog_one2one
SSRP1	SSRP1	ortholog_one2one
ALPK1	ALPK1	ortholog_one2one
TANK	TANK	ortholog_one2one
PSMD5	PSMD5	ortholog_one2one
LCAT	LCAT	ortholog_one2one
GARIN4	GARIN4	ortholog_one2one
RN7SKP49	7SK	ortholog_one2one
ACSF2	ACSF2	ortholog_one2one
SYP	SYP	ortholog_one2one
CHCHD1	CHCHD1	ortholog_one2one
CDH23	CDH23	ortholog_one2one
PSMD10	PSMD10	ortholog_one2one
VPS28	VPS28	ortholog_one2one
ARPC4	ARPC4	ortholog_one2one
BMP5	BMP5	ortholog_one2one
MIR29C	MIR29C	ortholog_one2one
MIR29B2	MIR29B2	ortholog_one2one
NELFE	NELFE	ortholog_one2one
GSN	GSN	ortholog_one2one
CD99		ortholog_one2one
CRISPLD2	CRISPLD2	ortholog_one2one
KCNC1	KCNC1	ortholog_one2one
FBXO8	FBXO8	ortholog_one2one
HIKESHI	HIKESHI	ortholog_one2one
ZFHX3	ZFHX3	ortholog_one2one
NPRL2	NPRL2	ortholog_one2one
PRAMEF26		ortholog_one2many
TENT4B	TENT4B	ortholog_one2one
FEM1B	FEM1B	ortholog_one2one
GPR61	GPR61	ortholog_one2one
LDHD	LDHD	ortholog_one2one
RN7SKP160	7SK	ortholog_one2many
ICE2	ICE2	ortholog_one2one
ENPP6	ENPP6	ortholog_one2one
RPE65	RPE65	ortholog_one2one
IL15	IL15	ortholog_one2one
MIR761	MIR761	ortholog_one2one
HELB	HELB	ortholog_one2one
DPCD	DPCD	ortholog_one2one
KBTBD3	KBTBD3	ortholog_one2one
DNAJB9	DNAJB9	ortholog_one2one
CLEC1A	CLEC1A	ortholog_one2one
RBM48		ortholog_one2many
RBM48	RBM48	ortholog_one2many
TMEM223	TMEM223	ortholog_one2one
PLA2G15	PLA2G15	ortholog_one2one
MRPL14	MRPL14	ortholog_one2one
THY1	THY1	ortholog_one2one
RNU6-418P	U6	ortholog_one2many
PTPRN2	PTPRN2	ortholog_one2one
PRAP1	PRAP1	ortholog_one2one
	SNORA42	ortholog_one2one
QKI	QKI	ortholog_one2one
PIK3CG	PIK3CG	ortholog_one2one
CAVIN3	CAVIN3	ortholog_one2one
XYLT2	XYLT2	ortholog_one2one
BBS2	BBS2	ortholog_one2one
NAA40	NAA40	ortholog_one2one
ERLIN1	ERLIN1	ortholog_one2one
SSX3		ortholog_one2many
COCH	COCH	ortholog_one2one
TCAF2	TCAF2	ortholog_one2many
RNU1-75P	U1	ortholog_one2one
GUCY2C	GUCY2C	ortholog_one2one
KLHL24	KLHL24	ortholog_one2one
CD38	CD38	ortholog_one2one
OTUD7A	OTUD7A	ortholog_one2one
GARRE1	GARRE1	ortholog_one2one
P4HB	P4HB	ortholog_one2one
NKRF	NKRF	ortholog_one2one
BORCS7	BORCS7	ortholog_one2many
BORCS7		ortholog_one2many
SUGCT	SUGCT	ortholog_one2one
THAP4	THAP4	ortholog_one2one
SPACA5		ortholog_one2many
PKP3	PKP3	ortholog_one2one
RNVU1-22	U1	ortholog_one2many
DAPK2	DAPK2	ortholog_one2one
ANKRD1	ANKRD1	ortholog_one2one
RNU6-725P	U6	ortholog_one2many
PTHLH	PTHLH	ortholog_one2one
GAGE12C		ortholog_many2many
TMEM128	TMEM128	ortholog_one2one
STK26	STK26	ortholog_one2one
MEN1	MEN1	ortholog_one2one
PFKFB3	PFKFB3	ortholog_one2one
FSCN3	FSCN3	ortholog_one2one
FBXO17	FBXO17	ortholog_one2one
GRM3	GRM3	ortholog_one2one
SGPP1	SGPP1	ortholog_one2one
LEF1	LEF1	ortholog_one2one
MIR137	MIR137	ortholog_one2one
RN7SKP291	7SK	ortholog_one2many
DCSTAMP	DCSTAMP	ortholog_one2one
TBX19	TBX19	ortholog_one2one
SAMTOR	BMT2	ortholog_one2one
ATG2B	ATG2B	ortholog_one2one
PPP2R2A	PPP2R2A	ortholog_one2one
THBS4	THBS4	ortholog_one2one
OLA1	OLA1	ortholog_one2many
OLA1		ortholog_one2many
WHR1	STK19	ortholog_one2one
RN7SL130P	Metazoa_SRP	ortholog_one2many
SRPK2	SRPK2	ortholog_one2one
RNU5A-5P	U5	ortholog_one2one
YOD1	YOD1	ortholog_one2one
ZMAT1	ZMAT1	ortholog_one2one
ADAP2	ADAP2	ortholog_one2one
CHD4	CHD4	ortholog_one2one
ZNF649	ZNF649	ortholog_one2one
UGT2B17		ortholog_many2many
SHTN1	SHTN1	ortholog_one2one
MAGED4		ortholog_one2many
GRID2	GRID2	ortholog_one2one
FGF22	FGF22	ortholog_one2one
TUB	TUB	ortholog_one2one
CALN1	CALN1	ortholog_one2one
RAD51	RAD51	ortholog_one2one
TMEM259	TMEM259	ortholog_one2one
ZC2HC1A	ZC2HC1A	ortholog_one2one
CCNB1IP1	CCNB1IP1	ortholog_one2one
ZC3H6	ZC3H6	ortholog_one2one
RNF5	RNF5	ortholog_one2one
LPAR4	LPAR4	ortholog_one2one
MMP13	MMP13	ortholog_one2one
RGS20	RGS20	ortholog_one2one
GDPD1	GDPD1	ortholog_one2one
MOSPD1	MOSPD1	ortholog_one2one
SLC12A9	SLC12A9	ortholog_one2one
CYFIP2	CYFIP2	ortholog_one2one
INPP5F	INPP5F	ortholog_one2one
NCK2	NCK2	ortholog_one2one
SNX3	SNX3	ortholog_one2one
ATF7IP2	ATF7IP2	ortholog_one2one
B4GALNT2	B4GALNT2	ortholog_one2one
RNY4P16	Y_RNA	ortholog_one2one
EBF2	EBF2	ortholog_one2many
EBF2		ortholog_one2many
FBXO3	FBXO3	ortholog_one2one
TBC1D8B	TBC1D8B	ortholog_one2one
SOD2	SOD2	ortholog_one2one
RNU7-183P	U7	ortholog_one2many
CHSY1	CHSY1	ortholog_one2one
HERC2		ortholog_one2one
FBXL6	FBXL6	ortholog_one2one
TEX2	TEX2	ortholog_one2one
KLF8	KLF8	ortholog_one2one
CLRN3	CLRN3	ortholog_one2one
HCFC1	HCFC1	ortholog_one2one
LIMCH1		ortholog_one2one
SCLY	SCLY	ortholog_one2one
KLF6	KLF6	ortholog_one2one
LIN28B	LIN28B	ortholog_one2one
QARS1	QARS1	ortholog_one2one
FOXF2	FOXF2	ortholog_one2one
RPL13		ortholog_one2one
LY6G5B	LY6G5B	ortholog_one2one
IFNGR1	IFNGR1	ortholog_one2one
EXOSC1	EXOSC1	ortholog_one2one
KLHL38	KLHL38	ortholog_one2one
PATE1	PATE1	ortholog_one2one
STAU2	STAU2	ortholog_one2one
EDC3	EDC3	ortholog_one2one
TMEM14C		ortholog_one2many
GAGE12F		ortholog_many2many
CPT1C	CPT1C	ortholog_one2one
CDX4	CDX4	ortholog_one2one
ABCD4	ABCD4	ortholog_one2one
TEX11	TEX11	ortholog_one2one
EPS8L2	EPS8L2	ortholog_one2one
LIMS3	LIMS1	ortholog_one2many
TERF2IP	TERF2IP	ortholog_one2one
THBS2	THBS2	ortholog_one2one
DYNC1LI2	DYNC1LI2	ortholog_one2one
FAM171B	FAM171B	ortholog_one2one
WDR44	WDR44	ortholog_one2one
PIERCE2	PIERCE2	ortholog_one2one
SP5	SP5	ortholog_one2one
SLC12A1	SLC12A1	ortholog_one2one
CCL2	CCL2	ortholog_one2one
BTAF1	BTAF1	ortholog_one2one
PON2	PON2	ortholog_one2one
SLC16A3	SLC16A3	ortholog_one2one
XDH	XDH	ortholog_one2one
CARMIL1	CARMIL1	ortholog_one2one
TK1	TK1	ortholog_one2one
SLK	SLK	ortholog_one2one
PDZD4	PDZD4	ortholog_one2one
KCNJ16	KCNJ16	ortholog_one2one
GLDN	GLDN	ortholog_one2one
LITAFD	LITAFD	ortholog_one2one
PDPR	PDPR	ortholog_one2one
PLP1	PLP1	ortholog_one2one
SLC16A6	SLC16A6	ortholog_one2one
TMEM266	TMEM266	ortholog_one2one
ZNF775		ortholog_one2one
PLXDC1	PLXDC1	ortholog_one2one
KCNH7	KCNH7	ortholog_one2one
LRRK1	LRRK1	ortholog_one2one
YIPF3	YIPF3	ortholog_one2one
STRN4	STRN4	ortholog_one2one
DLX1	DLX1	ortholog_one2one
IGFBP3	IGFBP3	ortholog_one2one
PRKCB	PRKCB	ortholog_one2one
VCL	VCL	ortholog_one2one
NBEAL1	NBEAL1	ortholog_one2one
SCT	SCT	ortholog_one2one
SP6	SP6	ortholog_one2one
TRPM5	TRPM5	ortholog_one2one
VPS13B	VPS13B	ortholog_one2one
METTL23	METTL23	ortholog_one2one
KLHL25	KLHL25	ortholog_one2one
RCCD1	RCCD1	ortholog_one2one
NCAPG2	NCAPG2	ortholog_one2one
MED23	MED23	ortholog_one2one
SETD1B	SETD1B	ortholog_one2one
DCUN1D3		ortholog_one2many
DCUN1D3	DCUN1D3	ortholog_one2many
CLDN2	CLDN2	ortholog_one2one
FN3KRP	FN3KRP	ortholog_one2one
IQSEC3	IQSEC3	ortholog_one2one
FIBP	FIBP	ortholog_one2one
RAP2C	RAP2C	ortholog_one2one
BCAR1	BCAR1	ortholog_one2one
HSPA12A	HSPA12A	ortholog_one2one
KRT80	KRT80	ortholog_one2one
PIF1	PIF1	ortholog_one2one
GJB1	GJB1	ortholog_one2one
CHAD	CHAD	ortholog_one2one
VARS1	VARS1	ortholog_one2one
MAGOHB	MAGOHB	ortholog_one2one
NOTUM	NOTUM	ortholog_one2one
CPEB4	CPEB4	ortholog_one2one
NLGN4X		ortholog_one2many
RFWD3	RFWD3	ortholog_one2one
SIX4	SIX4	ortholog_one2one
IKBIP	IKBIP	ortholog_one2one
ZNF260	ZNF260	ortholog_one2one
SNW1		ortholog_one2many
SLIT3	SLIT3	ortholog_one2one
CDK5RAP3	CDK5RAP3	ortholog_one2one
PRR12	PRR12	ortholog_one2one
RMP64	NEPRO	ortholog_one2one
ELL	ELL	ortholog_one2one
IRX6	IRX6	ortholog_one2one
LYPLA1	LYPLA1	ortholog_one2one
EFEMP2	EFEMP2	ortholog_one2one
RSU1	RSU1	ortholog_one2one
SOCS1	SOCS1	ortholog_one2one
ALS2	ALS2	ortholog_one2one
CHMP1A	CHMP1A	ortholog_one2one
ZNF622	ZNF622	ortholog_one2one
SIGLEC8		ortholog_many2many
PEX5	PEX5	ortholog_one2many
PEX5		ortholog_one2many
JSRP1	JSRP1	ortholog_one2one
USP31	USP31	ortholog_one2one
GRK6	GRK6	ortholog_one2one
GSTA4	GSTA4	ortholog_one2one
CYP2S1	CYP2S1	ortholog_one2one
CDNF	CDNF	ortholog_one2one
CEMIP	CEMIP	ortholog_one2one
KIF11	KIF11	ortholog_one2one
GPRC6A	GPRC6A	ortholog_one2one
TELO2	TELO2	ortholog_one2one
GRAMD1A	GRAMD1A	ortholog_one2one
FIG4	FIG4	ortholog_one2one
MBIP	MBIP	ortholog_one2one
ARL5B	ARL5B	ortholog_one2one
EIF4EBP2		ortholog_one2many
EIF4EBP2	EIF4EBP2	ortholog_one2many
SH3PXD2A	SH3PXD2A	ortholog_one2one
DUT	DUT	ortholog_one2many
DUT		ortholog_one2many
ARID5B	ARID5B	ortholog_one2one
NSUN6	NSUN6	ortholog_one2one
G2E3	G2E3	ortholog_one2one
CTSD	CTSD	ortholog_one2one
SKOR1	SKOR1	ortholog_one2one
DLX6	DLX6	ortholog_one2one
FANK1	FANK1	ortholog_one2one
RAD51D	RAD51D	ortholog_one2one
CHRNA3	CHRNA3	ortholog_one2one
CCDC136	CCDC136	ortholog_one2one
PWWP2A	PWWP2A	ortholog_one2one
FCF1	FCF1	ortholog_one2one
CUL7	CUL7	ortholog_one2one
MYO1E	MYO1E	ortholog_one2one
GNG8	GNG8	ortholog_one2one
PARD3	PARD3	ortholog_one2one
MAML1	MAML1	ortholog_one2one
DNHD1	DNHD1	ortholog_one2one
ZC2HC1C	ZC2HC1C	ortholog_one2one
TJP3	TJP3	ortholog_one2one
TRIM23	TRIM23	ortholog_one2one
HACL1	HACL1	ortholog_one2one
LITAF	LITAF	ortholog_one2one
SEC24A	SEC24A	ortholog_one2one
UBR7	UBR7	ortholog_one2one
CHRNA10	CHRNA10	ortholog_one2one
HDDC2		ortholog_one2many
HDDC2	HDDC2	ortholog_one2many
KCTD14	KCTD14	ortholog_one2one
VPS25	VPS25	ortholog_one2one
NAALADL1	NAALADL1	ortholog_one2one
PSMA4	PSMA4	ortholog_one2one
PRKAR2B	PRKAR2B	ortholog_one2one
SCO1	SCO1	ortholog_one2one
PHYHIP	PHYHIP	ortholog_one2one
CDIP1	CDIP1	ortholog_one2one
NKAIN2	NKAIN2	ortholog_one2one
BLTP3A	BLTP3A	ortholog_one2one
SRP54	SRP54	ortholog_one2one
HSPA4	HSPA4	ortholog_one2one
ZFAT	ZFAT	ortholog_one2one
AKAP1	AKAP1	ortholog_one2one
MDH1		ortholog_one2many
MDH1	MDH1	ortholog_one2many
PHF14	PHF14	ortholog_one2one
TUBB	TUBB	ortholog_one2one
PSMD13	PSMD13	ortholog_one2one
CUTA	CUTA	ortholog_one2one
PTGER1	PTGER1	ortholog_one2one
B9D2	B9D2	ortholog_one2one
TMEM243	TMEM243	ortholog_one2one
ATG4D	ATG4D	ortholog_one2one
NTN3	NTN3	ortholog_one2one
NPW	NPW	ortholog_one2one
FAR2	FAR2	ortholog_one2one
GTF3C1	GTF3C1	ortholog_one2one
DDX56	DDX56	ortholog_one2one
PPP1R13B	PPP1R13B	ortholog_one2one
PLBD1	PLBD1	ortholog_one2one
OSGIN2	OSGIN2	ortholog_one2one
NR2F1	NR2F1	ortholog_one2one
PDP1	PDP1	ortholog_one2one
HCN1	HCN1	ortholog_one2one
UGGT1	UGGT1	ortholog_one2one
C17orf67	C17orf67	ortholog_one2one
DHX16	DHX16	ortholog_one2one
FGD6	FGD6	ortholog_one2one
CTHRC1	CTHRC1	ortholog_one2one
MRPS27	MRPS27	ortholog_one2one
TICRR	TICRR	ortholog_one2one
RTN1	RTN1	ortholog_one2one
TCAP	TCAP	ortholog_one2one
RRP8	RRP8	ortholog_one2one
HOXB7	HOXB7	ortholog_one2one
CDH17	CDH17	ortholog_one2one
ARL17B		ortholog_one2many
HMG20B	HMG20B	ortholog_one2one
CLN6	CLN6	ortholog_one2one
IQSEC1	IQSEC1	ortholog_one2one
EIF4B	EIF4B	ortholog_one2many
EIF4B		ortholog_one2many
PDHX	PDHX	ortholog_one2one
RILP	RILP	ortholog_one2one
BMP4	BMP4	ortholog_one2one
SLFN14	SLFN14	ortholog_one2one
RNASEK		ortholog_one2many
LAMTOR4	LAMTOR4	ortholog_one2one
TPRG1	TPRG1	ortholog_one2one
CRISP3	CRISP3	ortholog_one2one
G6PC3	G6PC3	ortholog_one2one
WDHD1	WDHD1	ortholog_one2one
REPIN1	REPIN1	ortholog_one2one
DDAH2	DDAH2	ortholog_one2one
TCF3	TCF3	ortholog_one2one
RPAP1	RPAP1	ortholog_one2one
HOXD3	HOXD3	ortholog_one2one
ROPN1L	ROPN1L	ortholog_one2one
MDH2	MDH2	ortholog_one2one
SLC9A9	SLC9A9	ortholog_one2one
ESCO2	ESCO2	ortholog_one2one
C5orf58	C5orf58	ortholog_one2one
RNF8	RNF8	ortholog_one2one
SLC12A4	SLC12A4	ortholog_one2one
CCNT2	CCNT2	ortholog_one2one
PSMD11	PSMD11	ortholog_one2one
POLQ	POLQ	ortholog_one2one
ZNF7	ZNF7	ortholog_one2one
ASB8	ASB8	ortholog_one2one
KLC2	KLC2	ortholog_one2one
ZNF786	ZNF786	ortholog_one2one
ARID3B	ARID3B	ortholog_one2one
BRD8	BRD8	ortholog_one2one
DTX3L	DTX3L	ortholog_one2one
TMEM130	TMEM130	ortholog_one2one
ILRUN	ILRUN	ortholog_one2one
SLC33A1	SLC33A1	ortholog_one2one
DYNC1H1	DYNC1H1	ortholog_one2one
ACVRL1	ACVRL1	ortholog_one2one
HEXA	HEXA	ortholog_one2one
ANKMY2	ANKMY2	ortholog_one2one
FANCE	FANCE	ortholog_one2one
MSH6	MSH6	ortholog_one2one
RAB7A	RAB7A	ortholog_one2one
DEFA1B		ortholog_one2many
THAP5	THAP5	ortholog_one2one
UQCC6	UQCC6	ortholog_one2one
GSR	GSR	ortholog_one2one
FAM180A	FAM180A	ortholog_one2one
GABBR1	GABBR1	ortholog_one2one
KPNA7	KPNA7	ortholog_one2one
PALS2	PALS2	ortholog_one2one
SLC6A11	SLC6A11	ortholog_one2one
SYCN	SYCN	ortholog_one2one
HAMP	HAMP	ortholog_one2one
AKT1S1	AKT1S1	ortholog_one2one
KCTD6	KCTD6	ortholog_one2one
CLIP1	CLIP1	ortholog_one2one
SPNS2	SPNS2	ortholog_one2one
ALG8	ALG8	ortholog_one2one
PPDPFL	PPDPFL	ortholog_one2one
ADI1	ADI1	ortholog_one2one
GATA2	GATA2	ortholog_one2one
PENK	PENK	ortholog_one2one
IGF2BP3	IGF2BP3	ortholog_one2one
MAPK15	MAPK15	ortholog_one2one
CLEC18A		ortholog_one2many
GPX4	GPX4	ortholog_one2one
WSB1	WSB1	ortholog_one2one
CLMN	CLMN	ortholog_one2one
SUCNR1	SUCNR1	ortholog_one2one
MADCAM1	MADCAM1	ortholog_one2one
DRC9	IQCG	ortholog_one2one
MKNK2	MKNK2	ortholog_one2one
GRM8	GRM8	ortholog_one2one
NBAS	NBAS	ortholog_one2one
MED30	MED30	ortholog_one2one
THTPA	THTPA	ortholog_one2one
LUC7L	LUC7L	ortholog_one2one
RAB15	RAB15	ortholog_one2one
DEFA1		ortholog_one2many
HHLA1	HHLA1	ortholog_one2one
EED	EED	ortholog_one2many
EED		ortholog_one2many
FGF20	FGF20	ortholog_one2one
NPTX2	NPTX2	ortholog_one2one
PPARD	PPARD	ortholog_one2one
RBPMS	RBPMS	ortholog_one2one
RNF31	RNF31	ortholog_one2one
HACD3	HACD3	ortholog_one2one
FBXW9	FBXW9	ortholog_one2one
COPG2	COPG2	ortholog_one2one
DZIP1L	DZIP1L	ortholog_one2one
ADGRE2	ADGRE2	ortholog_one2one
ROBO3	ROBO3	ortholog_one2one
RPL14	RPL14	ortholog_one2one
KIAA0753	KIAA0753	ortholog_one2one
ZDHHC23	ZDHHC23	ortholog_one2one
MMD2	MMD2	ortholog_one2one
SUSD6	SUSD6	ortholog_one2one
MAP6	MAP6	ortholog_one2one
ALCAM	ALCAM	ortholog_one2one
MDFIC		ortholog_one2many
EMC9	EMC9	ortholog_one2one
AIP	AIP	ortholog_one2one
DHX33	DHX33	ortholog_one2one
KATNBL1		ortholog_one2many
KATNBL1	KATNBL1	ortholog_one2many
TAC4	TAC4	ortholog_one2one
TSC22D2	TSC22D2	ortholog_one2one
ZNF800	ZNF800	ortholog_one2one
METRN	METRN	ortholog_one2one
CUL9	CUL9	ortholog_one2one
MSL1	MSL1	ortholog_one2one
TTLL5	TTLL5	ortholog_one2one
EHF	EHF	ortholog_one2one
KLRK1	NKG2D	ortholog_one2one
HMBOX1	HMBOX1	ortholog_one2one
NEUROD1	NEUROD1	ortholog_one2one
MARCOL	MARCOL	ortholog_one2one
FGF10	FGF10	ortholog_one2one
CIAO2B	CIAO2B	ortholog_one2one
ZSWIM9	ZSWIM9	ortholog_one2one
RAB11FIP4	RAB11FIP4	ortholog_one2one
CCNF	CCNF	ortholog_one2one
KDM3B	KDM3B	ortholog_one2one
SPPL2B	SPPL2B	ortholog_one2one
AOAH	AOAH	ortholog_one2one
USP15	USP15	ortholog_one2one
COMMD4	COMMD4	ortholog_one2one
RAD18	RAD18	ortholog_one2one
COLEC11	COLEC11	ortholog_one2one
SMG8	SMG8	ortholog_one2one
HOXB3	HOXB3	ortholog_one2one
NOD2	NOD2	ortholog_one2one
FAIM	FAIM	ortholog_one2one
NUP153	NUP153	ortholog_one2one
PIK3R5	PIK3R5	ortholog_one2one
DPEP2	DPEP2	ortholog_one2one
GRID2IP	GRID2IP	ortholog_one2one
ZNF300	ZNF300	ortholog_one2one
DCAF7	DCAF7	ortholog_one2one
ADAMTS6	ADAMTS6	ortholog_one2one
NUP210	NUP210	ortholog_one2one
DNAJB6	DNAJB6	ortholog_one2one
MIEF2	MIEF2	ortholog_one2one
FAM53C	FAM53C	ortholog_one2one
PTDSS2	PTDSS2	ortholog_one2one
CD2BP2	CD2BP2	ortholog_one2one
PALS1	PALS1	ortholog_one2one
LHX1	LHX1	ortholog_one2one
OTULINL		ortholog_one2many
ANTKMT	ANTKMT	ortholog_one2one
CD79B	CD79B	ortholog_one2one
ICAM5	ICAM5	ortholog_one2one
NAA30	NAA30	ortholog_one2one
PER2	PER2	ortholog_one2one
MT4	MT4	ortholog_one2one
HMGCR	HMGCR	ortholog_one2one
RPS15A	RPS15A	ortholog_one2one
ID4	ID4	ortholog_one2one
CRABP1	CRABP1	ortholog_one2one
MED25	MED25	ortholog_one2one
FAM177A1		ortholog_one2one
KIF19	KIF19	ortholog_one2one
KCNQ5	KCNQ5	ortholog_one2one
CHRNA7	CHRFAM7A	ortholog_one2one
CWC22	CWC22	ortholog_one2one
PLA2G1B	PLA2G1B	ortholog_one2one
RNF217	RNF217	ortholog_one2one
GHSR	GHSR	ortholog_one2one
TMX1	TMX1	ortholog_one2one
TMEM115	TMEM115	ortholog_one2one
SIK3	SIK3	ortholog_one2one
SPRYD3	SPRYD3	ortholog_one2one
STX11	STX11	ortholog_one2one
TMEM253	TMEM253	ortholog_one2one
KCTD9	KCTD9	ortholog_one2one
DHX36	DHX36	ortholog_one2one
TIAM2	TIAM2	ortholog_one2one
KCNS2	KCNS2	ortholog_one2one
C8orf89	C8orf89	ortholog_one2one
UBR5	UBR5	ortholog_one2one
ACIN1	ACIN1	ortholog_one2one
METAP2	METAP2	ortholog_one2one
TMEM17	TMEM17	ortholog_one2one
IL1RN	IL1RN	ortholog_one2one
VPS35	VPS35	ortholog_one2one
ANPEP	ANPEP	ortholog_one2one
CLDN12	CLDN12	ortholog_one2one
TTLL6	TTLL6	ortholog_one2one
GFRA1	GFRA1	ortholog_one2one
FAAP24	FAAP24	ortholog_one2one
LIMD1	LIMD1	ortholog_one2one
SGCD	SGCD	ortholog_one2one
PSMB6		ortholog_one2one
SMIM13	SMIM13	ortholog_one2one
TMED4	TMED4	ortholog_one2one
ADGRF1	ADGRF1	ortholog_one2one
HCFC2	HCFC2	ortholog_one2one
GBE1	GBE1	ortholog_one2one
ACAP1	ACAP1	ortholog_one2one
SEC23IP	SEC23IP	ortholog_one2one
RAD50	RAD50	ortholog_one2one
VPS41	VPS41	ortholog_one2one
DPP8	DPP8	ortholog_one2one
GPAT2	GPAT2	ortholog_one2one
ADAT2	ADAT2	ortholog_one2one
TGFBR3L	TGFBR3L	ortholog_one2one
LENG8	LENG8	ortholog_one2one
CCP110	CCP110	ortholog_one2one
PCMT1	PCMT1	ortholog_one2one
DCN	DCN	ortholog_one2one
SPATA16	SPATA16	ortholog_one2one
TEKTIP1	TEKTIP1	ortholog_one2one
CCR4	CCR4	ortholog_one2one
GMNC	GMNC	ortholog_one2one
NIBAN3	NIBAN3	ortholog_one2one
IQCF6	IQCF6	ortholog_one2one
BNIP3		ortholog_one2one
TESMIN	TESMIN	ortholog_one2one
CALCOCO2	CALCOCO2	ortholog_one2one
CCDC196	CCDC196	ortholog_one2one
LYNX1	LYNX1	ortholog_one2one
CABP4	CABP4	ortholog_one2one
SEPTIN8	SEPTIN8	ortholog_one2one
HNRNPH3	HNRNPH3	ortholog_one2one
GARIN2	GARIN2	ortholog_one2one
TNFRSF11B	TNFRSF11B	ortholog_one2one
COMMD9	COMMD9	ortholog_one2one
TULP1	TULP1	ortholog_one2one
MSRB1	MSRB1	ortholog_one2one
HSPBP1	HSPBP1	ortholog_one2one
XRN1	XRN1	ortholog_one2one
ATP6V0D1	ATP6V0D1	ortholog_one2one
PARP10	PARP10	ortholog_one2one
BATF	BATF	ortholog_one2one
RIOK1	RIOK1	ortholog_one2one
CLECL1	CLECL1	ortholog_one2one
EIF5	EIF5	ortholog_one2one
TMEM120A	TMEM120A	ortholog_one2one
F2	F2	ortholog_one2one
MGP	MGP	ortholog_one2one
NINJ2	NINJ2	ortholog_one2one
CA5A	CA5A	ortholog_one2one
AQP6	AQP6	ortholog_one2one
FBXL17	FBXL17	ortholog_one2one
AQP7B	AQP7	ortholog_one2many
ADRA1B	ADRA1B	ortholog_one2one
LRRC19	LRRC19	ortholog_one2one
TMEM38B	TMEM38B	ortholog_one2one
GADD45GIP1	GADD45GIP1	ortholog_one2one
C14orf180	C14orf180	ortholog_one2one
DNAJC5G	DNAJC5G	ortholog_one2one
BNIP5	BNIP5	ortholog_one2one
NOMO2		ortholog_one2many
SH3BGRL2	SH3BGRL2	ortholog_one2one
SYNJ2BP	SYNJ2BP	ortholog_one2one
POLR3D	POLR3D	ortholog_one2one
SULT2A1	SULT2A1	ortholog_one2one
UBE3B	UBE3B	ortholog_one2one
FBXO38	FBXO38	ortholog_one2one
SPECC1	SPECC1	ortholog_one2one
MCF2L2	MCF2L2	ortholog_one2one
KLHL28	KLHL28	ortholog_one2one
PRKN	PRKN	ortholog_one2one
NDUFA5	NDUFA5	ortholog_one2one
PRRT1B	PRRT1B	ortholog_one2one
GPD2	GPD2	ortholog_one2one
CRAT	CRAT	ortholog_one2one
LRFN5		ortholog_one2many
OARD1		ortholog_one2many
OARD1	OARD1	ortholog_one2many
ZFP36L1	ZFP36L1	ortholog_one2one
SMIM19	SMIM19	ortholog_one2one
POLRMT	POLRMT	ortholog_one2one
WDR25	WDR25	ortholog_one2one
APOC3	APOC3	ortholog_one2one
NYAP1	NYAP1	ortholog_one2one
SNX1	SNX1	ortholog_one2one
RSPH10B2		ortholog_one2many
TAF2	TAF2	ortholog_one2one
TTC14	TTC14	ortholog_one2one
ARG2	ARG2	ortholog_one2one
MARCHF5	MARCHF5	ortholog_one2one
CNPY3	CNPY3	ortholog_one2one
FAHD1	FAHD1	ortholog_one2one
KIF1C	KIF1C	ortholog_one2one
BANP	BANP	ortholog_one2one
RET	RET	ortholog_one2one
HEATR5A	HEATR5A	ortholog_one2one
ABHD17B	ABHD17B	ortholog_one2one
HMGN3	HMGN3	ortholog_one2one
VPS11	VPS11	ortholog_one2one
NAMPT	NAMPT	ortholog_one2one
GTF3C4	GTF3C4	ortholog_one2one
ANP32B	ANP32B	ortholog_one2one
RHOBTB3	RHOBTB3	ortholog_one2one
FAM204A	FAM204A	ortholog_one2one
CKS2	CKS2	ortholog_one2one
POLR1F	POLR1F	ortholog_one2one
INF2	INF2	ortholog_one2one
ECI2	ECI2	ortholog_one2one
AQP7	AQP7	ortholog_one2many
FBXO32	FBXO32	ortholog_one2one
CAT	CAT	ortholog_one2one
CACNB4	CACNB4	ortholog_one2one
KIF15	KIF15	ortholog_one2one
ADAM22	ADAM22	ortholog_one2one
PIAS1	PIAS1	ortholog_one2one
MRPS28	MRPS28	ortholog_one2one
C8orf82	C8orf82	ortholog_one2one
A1BG	A1BG	ortholog_one2one
NDUFB9		ortholog_one2many
NDUFB9	NDUFB9	ortholog_one2many
LRFN3	LRFN3	ortholog_one2one
RFFL	RFFL	ortholog_one2one
EML2	EML2	ortholog_one2one
TCTN3	TCTN3	ortholog_one2one
TNIP1	TNIP1	ortholog_one2one
CYP11B2	CYP11B1	ortholog_many2many
CYP11B2		ortholog_many2many
APIP	APIP	ortholog_one2one
ADRB3	ADRB3	ortholog_one2one
CYP19A1	CYP19A1	ortholog_one2one
PRIMA1	PRIMA1	ortholog_one2one
ZNF395	ZNF395	ortholog_one2one
TPD52L1	TPD52L1	ortholog_one2one
P2RX4	P2RX4	ortholog_one2one
RDH12	RDH12	ortholog_one2one
FRMD6	FRMD6	ortholog_one2one
PSIP1	PSIP1	ortholog_one2one
CAMK2N2	CAMK2N2	ortholog_one2one
NCOR1	NCOR1	ortholog_one2one
PDZD7	PDZD7	ortholog_one2one
VARS2	VARS2	ortholog_one2one
KLK1	KLK1	ortholog_one2one
CTTN	CTTN	ortholog_one2one
MED26	MED26	ortholog_one2one
LTK	LTK	ortholog_one2one
PABPC1	PABPC1	ortholog_one2one
DNAJC12	DNAJC12	ortholog_one2one
CADM4	CADM4	ortholog_one2one
MBNL1	MBNL1	ortholog_one2one
MAP1S	MAP1S	ortholog_one2one
CARMIL2	CARMIL2	ortholog_one2one
HNRNPF		ortholog_one2many
CDKL4	CDKL4	ortholog_one2one
CAPN14	CAPN14	ortholog_one2one
PHKB	PHKB	ortholog_one2one
CNGA3	CNGA3	ortholog_one2one
NRTN	NRTN	ortholog_one2one
PSMA6	PSMA6	ortholog_one2one
C19orf84	C19orf84	ortholog_one2one
PEX11A		ortholog_one2many
ZNF550	ZNF550	ortholog_one2one
MRPS33	MRPS33	ortholog_one2one
EMC4		ortholog_one2many
EMC4	EMC4	ortholog_one2many
AGFG1	AGFG1	ortholog_one2one
DNAI7	DNAI7	ortholog_one2one
DHPS	DHPS	ortholog_one2one
THSD7A	THSD7A	ortholog_one2one
DOCK1	DOCK1	ortholog_one2one
CYGB	CYGB	ortholog_one2one
SLC17A5	SLC17A5	ortholog_one2one
TNS4	TNS4	ortholog_one2one
FAM237B	FAM237B	ortholog_one2one
SHC4	SHC4	ortholog_one2one
GPSM1	GPSM1	ortholog_one2one
NUDT1	NUDT1	ortholog_one2one
MAML2	MAML2	ortholog_one2one
CBX2	CBX2	ortholog_one2one
RDX	RDX	ortholog_one2one
MTNAP1	MTNAP1	ortholog_one2one
GOLGA6B	GOLGA2	ortholog_one2many
CDKN3	CDKN3	ortholog_one2one
HMGA1	HMGA1	ortholog_one2one
COXFA4L3	C15orf48	ortholog_one2one
GJD2	GJD2	ortholog_one2one
CHP1	CHP1	ortholog_one2one
CREG2	CREG2	ortholog_one2one
TPST1	TPST1	ortholog_one2one
TOR2A	TOR2A	ortholog_one2one
EIF5A2	EIF5A2	ortholog_one2one
MDM2		ortholog_one2many
CYRIB	CYRIB	ortholog_one2one
INKA1	INKA1	ortholog_one2one
SUGP1		ortholog_one2one
PRTG		ortholog_one2many
PRTG	PRTG	ortholog_one2many
EQTN	EQTN	ortholog_one2one
P3H4	P3H4	ortholog_one2one
LCN2	LCN2	ortholog_one2one
ATP8B4	ATP8B4	ortholog_one2one
GNAI2	GNAI2	ortholog_one2one
CDH11	CDH11	ortholog_one2one
SLC46A2	SLC46A2	ortholog_one2one
TBL2	TBL2	ortholog_one2one
DKK1	DKK1	ortholog_one2one
TMEM132E	TMEM132E	ortholog_one2one
STARD10	STARD10	ortholog_one2one
DMAC1	DMAC1	ortholog_one2one
TC2N	TC2N	ortholog_one2one
LZTS2	LZTS2	ortholog_one2one
C5	C5	ortholog_one2one
XAF1	XAF1	ortholog_one2one
ALDH8A1	ALDH8A1	ortholog_one2one
REV1	REV1	ortholog_one2one
BCKDHB	BCKDHB	ortholog_one2one
CTSH	CTSH	ortholog_one2one
SMC3	SMC3	ortholog_one2one
CD200	CD200	ortholog_one2one
CLEC2L	CLEC2L	ortholog_one2one
L2HGDH	L2HGDH	ortholog_one2one
GPR22	GPR22	ortholog_one2one
KRT24	KRT24	ortholog_one2one
CYBA	CYBA	ortholog_one2one
ACTMAP	ACTMAP	ortholog_one2one
CCR10	CCR10	ortholog_one2one
PLOD3		ortholog_one2many
TMC8	TMC8	ortholog_one2one
NINJ1	NINJ1	ortholog_one2one
APOD	APOD	ortholog_one2one
NEU1	NEU1	ortholog_one2one
SCN1B	SCN1B	ortholog_one2one
HELQ	HELQ	ortholog_one2one
CCL17	CCL17	ortholog_one2one
MAF	MAF	ortholog_one2one
PSMA3	PSMA3	ortholog_one2one
GRIN2B	GRIN2B	ortholog_one2one
NOB1	NOB1	ortholog_one2one
GLIS3	GLIS3	ortholog_one2one
YIF1B	YIF1B	ortholog_one2one
FOXJ2	FOXJ2	ortholog_one2one
LHFPL4	LHFPL4	ortholog_one2one
CAV2	CAV2	ortholog_one2one
AHSP	AHSP	ortholog_one2one
TET2	TET2	ortholog_one2one
TEX14	TEX14	ortholog_one2one
EPB41L2	EPB41L2	ortholog_one2one
AGTR1	AGTR1	ortholog_one2one
C11orf97	C11orf97	ortholog_one2one
MBTPS1	MBTPS1	ortholog_one2one
PGA3		ortholog_one2many
ENTPD8	ENTPD8	ortholog_one2one
GIMAP2	GIMAP2	ortholog_one2one
KLHL8	KLHL8	ortholog_one2one
DGKB	DGKB	ortholog_one2one
SLC17A6	SLC17A6	ortholog_one2one
TSEN2	TSEN2	ortholog_one2one
RFX7	RFX7	ortholog_one2one
PANX1	PANX1	ortholog_one2one
SDS	SDS	ortholog_one2one
INA	INA	ortholog_one2one
CTBP2	CTBP2	ortholog_one2one
IPPK	IPPK	ortholog_one2one
ANKFN1	ANKFN1	ortholog_one2one
IDH3A	IDH3A	ortholog_one2one
USH1C	USH1C	ortholog_one2one
DDX24	DDX24	ortholog_one2one
TPRKB	TPRKB	ortholog_one2one
NCBP3	NCBP3	ortholog_one2one
KLF1	KLF1	ortholog_one2one
SMU1	SMU1	ortholog_one2one
LIM2	LIM2	ortholog_one2one
LRRC46	LRRC46	ortholog_one2one
PIN1		ortholog_one2one
CPSF6	CPSF6	ortholog_one2many
CPSF6		ortholog_one2many
TLR1	TLR1	ortholog_one2one
RDM1	RDM1	ortholog_one2one
ARMC6	ARMC6	ortholog_one2one
RABGEF1	RABGEF1	ortholog_one2many
RABGEF1		ortholog_one2many
CLNK	CLNK	ortholog_one2one
MOK	MOK	ortholog_one2one
FHIT		ortholog_one2one
NPFFR2	NPFFR2	ortholog_one2one
PAXX	PAXX	ortholog_one2one
MRPS25		ortholog_one2one
MPI	MPI	ortholog_one2one
STOX2	STOX2	ortholog_one2one
TGFBRAP1	TGFBRAP1	ortholog_one2one
NDUFC1	NDUFC1	ortholog_one2one
HOXB6	HOXB6	ortholog_one2one
MEGF10	MEGF10	ortholog_one2one
FLT3LG	FLT3LG	ortholog_one2one
GAS2	GAS2	ortholog_one2one
CCDC47	CCDC47	ortholog_one2one
EP400	EP400	ortholog_one2one
TMEM39A	TMEM39A	ortholog_one2one
TSSK4	TSSK4	ortholog_one2one
IQUB	IQUB	ortholog_one2one
SLC11A1	SLC11A1	ortholog_one2one
NOMO1		ortholog_one2many
TMEM62	TMEM62	ortholog_one2one
EIF2B2	EIF2B2	ortholog_one2one
EIF4G2	EIF4G2	ortholog_one2one
NNT	NNT	ortholog_one2one
TMEM60	TMEM60	ortholog_one2one
GML	GML	ortholog_one2one
FAM184B	FAM184B	ortholog_one2one
PNP	PNP	ortholog_one2one
MMP17	MMP17	ortholog_one2one
ATP5MF	ATP5MF	ortholog_one2one
SFTPC	SFTPC	ortholog_one2one
ZNF484	ZNF484	ortholog_one2one
KLB	KLB	ortholog_one2one
TADA2B	TADA2B	ortholog_one2one
PRR19	PRR19	ortholog_one2one
PTPRD	PTPRD	ortholog_one2one
PRDM5	PRDM5	ortholog_one2one
GEMIN2		ortholog_one2many
GEMIN2	GEMIN2	ortholog_one2many
SLC44A2	SLC44A2	ortholog_one2one
IGF2BP1	IGF2BP1	ortholog_one2many
IGF2BP1		ortholog_one2many
PHB2	PHB2	ortholog_one2one
CIMAP1C	CIMAP1C	ortholog_one2one
CNIH2	CNIH2	ortholog_one2one
RASL12	RASL12	ortholog_one2one
EPHB4	EPHB4	ortholog_one2one
RB1CC1	RB1CC1	ortholog_one2one
KLF13	KLF13	ortholog_one2one
ACVR1C	ACVR1C	ortholog_one2one
HMCN2	HMCN2	ortholog_one2one
SORD		ortholog_one2many
HEMK1	HEMK1	ortholog_one2one
GPRC5D	GPRC5D	ortholog_one2one
AQP2	AQP2	ortholog_one2one
SLC29A2	SLC29A2	ortholog_one2one
MILR1	MILR1	ortholog_one2one
SELPLG	SELPLG	ortholog_one2one
HOXC6	HOXC6	ortholog_one2one
TMEM163	TMEM163	ortholog_one2one
TRPM6	TRPM6	ortholog_one2one
INTS13	INTS13	ortholog_one2one
NEK8	NEK8	ortholog_one2one
HNRNPLL	HNRNPLL	ortholog_one2one
FBXL5	FBXL5	ortholog_one2one
CYP11A1	CYP11A1	ortholog_one2one
OTX2	OTX2	ortholog_one2one
SPEM2	SPEM2	ortholog_one2one
ENPP2	ENPP2	ortholog_one2one
REXO5	REXO5	ortholog_one2one
NTSR2	NTSR2	ortholog_one2one
TOM1L2	TOM1L2	ortholog_one2one
OPN4	OPN4	ortholog_one2one
DAGLB	DAGLB	ortholog_one2one
PBX3	PBX3	ortholog_one2one
MIDEAS	MIDEAS	ortholog_one2one
KMT2B	KMT2B	ortholog_one2one
BUB3	BUB3	ortholog_one2one
ABCG8	ABCG8	ortholog_one2one
FNBP4	FNBP4	ortholog_one2one
ACADS	ACADS	ortholog_one2one
TTC5	TTC5	ortholog_one2one
CIB2	CIB2	ortholog_one2one
TNFSF8	TNFSF8	ortholog_one2one
ERP44	ERP44	ortholog_one2one
PSMD2	PSMD2	ortholog_one2one
USO1	USO1	ortholog_one2one
ISL1	ISL1	ortholog_one2one
TEX261	TEX261	ortholog_one2one
ZBTB1	ZBTB1	ortholog_one2one
ZFAND6	ZFAND6	ortholog_one2one
FCHSD1		ortholog_one2many
FCHSD1	FCHSD1	ortholog_one2many
ECH1	ECH1	ortholog_one2one
ZDHHC6	ZDHHC6	ortholog_one2one
STK38L	STK38L	ortholog_one2one
SYT13	SYT13	ortholog_one2one
ZFAND5	ZFAND5	ortholog_one2one
TPSB2	TPSAB1	ortholog_many2many
TPSB2		ortholog_many2many
WDPCP	WDPCP	ortholog_one2one
CNTNAP4	CNTNAP4	ortholog_one2one
PRR27	PRR27	ortholog_one2one
SYTL2	SYTL2	ortholog_one2one
GPR85		ortholog_one2one
IDO1	IDO1	ortholog_one2one
DCAF11	DCAF11	ortholog_one2one
CCDC149	CCDC149	ortholog_one2one
DNAJA1	DNAJA1	ortholog_one2one
CCM2	CCM2	ortholog_one2one
ARHGEF10	ARHGEF10	ortholog_one2one
RTN2	RTN2	ortholog_one2one
TMCO6	TMCO6	ortholog_one2one
ORMDL2	ORMDL2	ortholog_one2many
ORMDL2		ortholog_one2many
SH3TC1	SH3TC1	ortholog_one2one
CARHSP1	CARHSP1	ortholog_one2one
SEPHS1	SEPHS1	ortholog_one2one
PRPH	PRPH	ortholog_one2one
CXCR2		ortholog_one2many
TRIM16	TRIM16	ortholog_one2one
SH3GL1	SH3GL1	ortholog_one2one
PRKAG1	PRKAG1	ortholog_one2one
DCTN3	DCTN3	ortholog_one2one
PDE10A	PDE10A	ortholog_one2one
GIN1	GIN1	ortholog_one2one
QPCTL	QPCTL	ortholog_one2one
PAPOLG	PAPOLG	ortholog_one2one
ARMH2	ARMH2	ortholog_one2one
DYNC2I2	DYNC2I2	ortholog_one2one
H2BC8		ortholog_one2many
STXBP2	STXBP2	ortholog_one2one
FAS	FAS	ortholog_one2one
GEMIN5	GEMIN5	ortholog_one2one
FAM13A	FAM13A	ortholog_one2one
RPL7L1		ortholog_one2many
RPL7L1	RPL7L1	ortholog_one2many
PLPPR1	PLPPR1	ortholog_one2one
MYOM2	MYOM2	ortholog_one2one
ABCA6	ABCA6	ortholog_one2one
SNAPC4	SNAPC4	ortholog_one2one
SERINC5	SERINC5	ortholog_one2one
LAT	LAT	ortholog_one2one
GAPDH		ortholog_one2many
GAPDH	GAPDH	ortholog_one2many
FAM221A	FAM221A	ortholog_one2one
POPDC1	BVES	ortholog_one2one
SERPINA12	SERPINA12	ortholog_one2one
RSPO3	RSPO3	ortholog_one2one
ZNF428	ZNF428	ortholog_one2one
CDK20	CDK20	ortholog_one2one
CAPN13	CAPN13	ortholog_one2one
WDR46	WDR46	ortholog_one2one
GPHN	GPHN	ortholog_one2one
FOXI1	FOXI1	ortholog_one2one
TMEM86B	TMEM86B	ortholog_one2one
NUTF2	NUTF2	ortholog_one2one
CDC34	CDC34	ortholog_one2one
DSP	DSP	ortholog_one2one
RRP12	RRP12	ortholog_one2one
ZSWIM7	ZSWIM7	ortholog_one2one
EPHB1	EPHB1	ortholog_one2one
SLC25A46	SLC25A46	ortholog_one2many
SLC25A46		ortholog_one2many
ACP7	ACP7	ortholog_one2one
CATIP	CATIP	ortholog_one2one
MAFK	MAFK	ortholog_one2one
CRACD	CRACD	ortholog_one2one
OGFOD1	OGFOD1	ortholog_one2one
MACC1	MACC1	ortholog_one2one
NTRK2	NTRK2	ortholog_one2one
OOSP2		ortholog_one2one
B3GNT3	B3GNT3	ortholog_one2one
LDHAL6A	LDHAL6A	ortholog_one2one
SPCS2		ortholog_one2one
RNF25	RNF25	ortholog_one2one
RBM22	RBM22	ortholog_one2one
IGFBP4	IGFBP4	ortholog_one2one
AP4M1	AP4M1	ortholog_one2one
HSD17B8	HSD17B8	ortholog_one2one
BSCL2		ortholog_one2many
BSCL2	BSCL2	ortholog_one2many
CYP4F22	CYP4F22	ortholog_one2one
SNTB2	SNTB2	ortholog_one2one
HOMER1	HOMER1	ortholog_one2one
NMRK1	NMRK1	ortholog_one2one
AIFM2	AIFM2	ortholog_one2one
CRELD1	CRELD1	ortholog_one2one
NCOA7	NCOA7	ortholog_one2one
CALR	CALR	ortholog_one2one
CRAMP1	CRAMP1	ortholog_one2one
ATP1B2	ATP1B2	ortholog_one2one
HNRNPAB	HNRNPAB	ortholog_one2one
BRIP1	BRIP1	ortholog_one2one
RNF40	RNF40	ortholog_one2one
ENPP4	ENPP4	ortholog_one2one
TRIM28	TRIM28	ortholog_one2one
PSMB5	PSMB5	ortholog_one2one
NRBP1	NRBP1	ortholog_one2one
MARCKS	MARCKS	ortholog_one2one
ELP1	ELP1	ortholog_one2one
PFDN6	PFDN6	ortholog_one2one
FNIP1	FNIP1	ortholog_one2one
AP4E1		ortholog_one2one
CWF19L1	CWF19L1	ortholog_one2one
CD3E	CD3E	ortholog_one2one
EPHA7	EPHA7	ortholog_one2one
WDR20	WDR20	ortholog_one2one
SLC16A5	SLC16A5	ortholog_one2one
SQLE	SQLE	ortholog_one2one
SMARCD1	SMARCD1	ortholog_one2one
MPLKIP	MPLKIP	ortholog_one2one
DENND5A	DENND5A	ortholog_one2one
PVRIG	PVRIG	ortholog_one2one
ZNF365	ZNF365	ortholog_one2one
PCDHA6		ortholog_one2many
GNG11	GNG11	ortholog_one2one
FBXL13	FBXL13	ortholog_one2one
SUV39H2	SUV39H2	ortholog_one2many
SUV39H2		ortholog_one2many
IRX1	IRX1	ortholog_one2one
PSMD7	PSMD7	ortholog_one2one
TRIM27	TRIM27	ortholog_one2one
RBM25	RBM25	ortholog_one2one
RYR3	RYR3	ortholog_one2one
SNCB	SNCB	ortholog_one2one
RDH10	RDH10	ortholog_one2one
NEUROD6	NEUROD6	ortholog_one2one
MINDY3	MINDY3	ortholog_one2one
MTDH		ortholog_one2many
MTDH	MTDH	ortholog_one2many
ADGRG3	ADGRG3	ortholog_one2one
AGPAT4	AGPAT4	ortholog_one2one
BABAM1	BABAM1	ortholog_one2one
TBRG4	TBRG4	ortholog_one2one
IAPP	IAPP	ortholog_one2one
RFLNA	RFLNA	ortholog_one2one
NCKAP5L	NCKAP5L	ortholog_one2one
VWA3A	VWA3A	ortholog_one2one
PITPNM3	PITPNM3	ortholog_one2one
RIPK1	RIPK1	ortholog_one2one
ARHGDIB	ARHGDIB	ortholog_one2one
SCARA3	SCARA3	ortholog_one2one
ARAP3	ARAP3	ortholog_one2one
CRK	CRK	ortholog_one2one
RHOT2	RHOT2	ortholog_one2one
KAT2B	KAT2B	ortholog_one2one
CHRAC1	CHRAC1	ortholog_one2one
ZNF511	ZNF511	ortholog_one2one
DNAH8	DNAH8	ortholog_one2one
MRPL15	MRPL15	ortholog_one2one
TRIM29	TRIM29	ortholog_one2one
CD163L1	CD163L1	ortholog_one2one
CLUH	CLUH	ortholog_one2one
PIGH	PIGH	ortholog_one2one
ARL8B	ARL8B	ortholog_one2many
ARL8B		ortholog_one2many
RUFY2	RUFY2	ortholog_one2one
FBXO22	FBXO22	ortholog_one2one
DIO2		ortholog_one2one
SLC35F5	SLC35F5	ortholog_one2one
NUP155	NUP155	ortholog_one2one
KBTBD8	KBTBD8	ortholog_one2one
WNK2	WNK2	ortholog_one2one
COL22A1	COL22A1	ortholog_one2one
SYT16	SYT16	ortholog_one2one
PRKD1	PRKD1	ortholog_one2one
ATP2B2	ATP2B2	ortholog_one2one
RAPGEF3	RAPGEF3	ortholog_one2one
RBM14	RBM14	ortholog_one2one
FUCA2	FUCA2	ortholog_one2one
TMEM260	TMEM260	ortholog_one2one
WDR76	WDR76	ortholog_one2one
TMEM132A	TMEM132A	ortholog_one2one
IKZF3	IKZF3	ortholog_one2one
EBF3	EBF3	ortholog_one2one
TRIM10	TRIM10	ortholog_one2one
MYOD1	MYOD1	ortholog_one2one
PRAG1	PRAG1	ortholog_one2one
GABPB1	GABPB1	ortholog_one2one
ARFGEF3	ARFGEF3	ortholog_one2one
EHMT1	EHMT1	ortholog_one2one
ARFGEF1	ARFGEF1	ortholog_one2one
TMEM134	TMEM134	ortholog_one2one
UCMA	UCMA	ortholog_one2one
MSS51	MSS51	ortholog_one2one
CCNJ	CCNJ	ortholog_one2one
FIGN	FIGN	ortholog_one2one
HLA-DMB	HLA-DMB	ortholog_one2one
COQ10B	COQ10B	ortholog_one2one
AFG2A	AFG2A	ortholog_one2one
EGLN2	EGLN2	ortholog_one2one
VTI1A	VTI1A	ortholog_one2one
SNX4	SNX4	ortholog_one2one
FAXC	FAXC	ortholog_one2one
MTA1	MTA1	ortholog_one2one
HLA-DRA	HLA-DRA	ortholog_one2one
C1QTNF1	C1QTNF1	ortholog_one2one
AKR1C4		ortholog_one2many
CCDC179	CCDC179	ortholog_one2one
IFITM5	IFITM5	ortholog_one2one
QRSL1	QRSL1	ortholog_one2one
CCDC93	CCDC93	ortholog_one2one
ADGRB1	ADGRB1	ortholog_one2one
TCIRG1	TCIRG1	ortholog_one2one
LRP11	LRP11	ortholog_one2one
MTMR9	MTMR9	ortholog_one2one
ELOF1	ELOF1	ortholog_one2one
ITGB3	ITGB3	ortholog_one2one
CNKSR3	CNKSR3	ortholog_one2one
NDUFS6	NDUFS6	ortholog_one2one
TACC2	TACC2	ortholog_one2one
TMEM41A	TMEM41A	ortholog_one2one
KIAA1549	KIAA1549	ortholog_one2one
EPHX2		ortholog_one2one
DNAI2	DNAI2	ortholog_one2one
ZNF787	ZNF787	ortholog_one2one
GPLD1	GPLD1	ortholog_one2one
AKR1D1	AKR1D1	ortholog_one2many
AKR1D1		ortholog_one2many
ISG20	ISG20	ortholog_one2one
LPP	LPP	ortholog_one2one
C9	C9	ortholog_one2one
ACOT4		ortholog_one2many
UBE2O	UBE2O	ortholog_one2one
CALR3	CALR3	ortholog_one2one
LNX1	LNX1	ortholog_one2one
SYNE3	SYNE3	ortholog_one2one
TEK	TEK	ortholog_one2one
ADGRE3	ADGRE3	ortholog_one2one
COL2A1	COL2A1	ortholog_one2one
AQP9	AQP9	ortholog_one2one
C2orf74		ortholog_one2one
STRIP2	STRIP2	ortholog_one2one
PLAC8	PLAC8	ortholog_one2one
QRICH2		ortholog_one2one
LUZP2	LUZP2	ortholog_one2one
UMOD	UMOD	ortholog_one2one
TMEM150A	TMEM150A	ortholog_one2one
PPP1R14D	PPP1R14D	ortholog_one2one
SARS2	SARS2	ortholog_one2one
RTN4RL1	RTN4RL1	ortholog_one2one
ADAMTS12	ADAMTS12	ortholog_one2one
RAB30	RAB30	ortholog_one2one
SNRPA1	SNRPA1	ortholog_one2one
INTS2	INTS2	ortholog_one2one
KLHL7	KLHL7	ortholog_one2one
RIN3	RIN3	ortholog_one2one
CCND3	CCND3	ortholog_one2one
FBXW7	FBXW7	ortholog_one2one
NRG2	NRG2	ortholog_one2one
ZNF582	ZNF582	ortholog_one2one
VAMP1	VAMP1	ortholog_one2one
TUBA3D		ortholog_one2one
PPP1R2	PPP1R2	ortholog_one2many
PTP4A1		ortholog_one2many
PTP4A1	PTP4A1	ortholog_one2many
TYROBP	TYROBP	ortholog_one2one
PTPRK	PTPRK	ortholog_one2one
PPP2R2C	PPP2R2C	ortholog_one2one
LYPD6	LYPD6	ortholog_one2one
LMBRD2	LMBRD2	ortholog_one2one
SAA4		ortholog_one2one
GALC	GALC	ortholog_one2one
GLS2	GLS2	ortholog_one2one
COA5	COA5	ortholog_one2one
MAST3	MAST3	ortholog_one2one
BTBD17	BTBD17	ortholog_one2one
WDFY3	WDFY3	ortholog_one2one
SDF2	SDF2	ortholog_one2one
CDKN1C	CDKN1C	ortholog_one2one
C1QTNF2	C1QTNF2	ortholog_one2one
SPOCK1	SPOCK1	ortholog_one2one
FZD4	FZD4	ortholog_one2one
JPT2	JPT2	ortholog_one2one
ACMSD	ACMSD	ortholog_one2one
NKAPD1	NKAPD1	ortholog_one2one
LYRM7	LYRM7	ortholog_one2one
EMC6	EMC6	ortholog_one2one
PPP1R42	PPP1R42	ortholog_one2one
MEF2B	MEF2B	ortholog_one2one
WWC2	WWC2	ortholog_one2one
DDIT4	DDIT4	ortholog_one2one
POU3F1	POU3F1	ortholog_one2one
SLIT1	SLIT1	ortholog_one2one
ALDH6A1	ALDH6A1	ortholog_one2one
CXXC5	CXXC5	ortholog_one2one
PKIA	PKIA	ortholog_one2one
FREM1	FREM1	ortholog_one2one
APPBP2	APPBP2	ortholog_one2one
SPG21	SPG21	ortholog_one2one
MGAM2		ortholog_one2one
METTL8	METTL8	ortholog_one2one
SDR42E1	SDR42E1	ortholog_one2one
MMP16	MMP16	ortholog_one2one
ZPBP	ZPBP	ortholog_one2one
HS3ST2	HS3ST2	ortholog_one2one
CD72	CD72	ortholog_one2one
SRP19	SRP19	ortholog_one2one
CHST4	CHST4	ortholog_one2one
EFR3A	EFR3A	ortholog_one2one
ZNF423	ZNF423	ortholog_one2one
ZNF773	ZNF773	ortholog_one2one
ITIH4	ITIH4	ortholog_one2one
ARAP1	ARAP1	ortholog_one2one
DOCK8	DOCK8	ortholog_one2one
CEACAM16	CEACAM16	ortholog_one2one
COX11		ortholog_one2many
ZNF263	ZNF263	ortholog_one2one
SLC35B4	SLC35B4	ortholog_one2one
ZNF846	ZNF846	ortholog_one2one
UNC5B	UNC5B	ortholog_one2one
YIPF5	YIPF5	ortholog_one2one
EMILIN1	EMILIN1	ortholog_one2one
CRYM	CRYM	ortholog_one2one
SMYD4	SMYD4	ortholog_one2one
KIN	KIN	ortholog_one2one
AGFG2	AGFG2	ortholog_one2one
NWD2	NWD2	ortholog_one2one
SYNDIG1L	SYNDIG1L	ortholog_one2one
PACRGL	PACRGL	ortholog_one2one
BAG5		ortholog_one2many
MSH3	MSH3	ortholog_one2one
CHGA	CHGA	ortholog_one2one
GAN	GAN	ortholog_one2one
ADAM9	ADAM9	ortholog_one2one
PANK1	PANK1	ortholog_one2one
SLC48A1	SLC48A1	ortholog_one2one
VAMP5	VAMP5	ortholog_one2one
RHBDL3	RHBDL3	ortholog_one2one
CYB5B	CYB5B	ortholog_one2one
PRKAG2	PRKAG2	ortholog_one2one
CHAT	CHAT	ortholog_one2one
MSRB3	MSRB3	ortholog_one2one
PTPN21	PTPN21	ortholog_one2one
MIGA2	MIGA2	ortholog_one2one
GLG1	GLG1	ortholog_one2one
ZNF471	ZNF471	ortholog_one2one
CEBPE	CEBPE	ortholog_one2one
SPTSSA	SPTSSA	ortholog_one2one
TEDC1	TEDC1	ortholog_one2one
ATRNL1	ATRNL1	ortholog_one2one
TNNI3	TNNI3	ortholog_one2one
ARPC2		ortholog_one2one
UTP6	UTP6	ortholog_one2one
FCAR	FCAR	ortholog_one2one
FAM86B2	EEF2KMT	ortholog_one2many
JCAD	JCAD	ortholog_one2one
WAC	WAC	ortholog_one2one
RASGRP4	RASGRP4	ortholog_one2one
EN2	EN2	ortholog_one2one
PSD3	PSD3	ortholog_one2one
ABLIM3	ABLIM3	ortholog_one2one
HBM		ortholog_one2one
LAMB1	LAMB1	ortholog_one2one
CCNDBP1	CCNDBP1	ortholog_one2one
HIRIP3	HIRIP3	ortholog_one2one
LAG3	LAG3	ortholog_one2one
EFS	EFS	ortholog_one2one
TRMO	TRMO	ortholog_one2one
LTB4R2	LTB4R2	ortholog_one2one
SLC35E3	SLC35E3	ortholog_one2one
TRIM9	TRIM9	ortholog_one2one
SIAH1	SIAH1	ortholog_one2one
ADGRG6	ADGRG6	ortholog_one2one
FRMPD1	FRMPD1	ortholog_one2one
TOX	TOX	ortholog_one2one
TMPRSS12	TMPRSS12	ortholog_one2one
MEAK7	MEAK7	ortholog_one2one
KRT6A		ortholog_many2many
CARMIL3	CARMIL3	ortholog_one2one
CNOT7	CNOT7	ortholog_one2one
OLFML2A	OLFML2A	ortholog_one2one
PIK3R1	PIK3R1	ortholog_one2one
RNASEH1	RNASEH1	ortholog_one2one
GPD1	GPD1	ortholog_one2one
CFAP95	CFAP95	ortholog_one2one
ANKDD1A	ANKDD1A	ortholog_one2one
VAT1L	VAT1L	ortholog_one2one
CACTIN	CACTIN	ortholog_one2one
PCNX4	PCNX4	ortholog_one2one
MAMDC2	MAMDC2	ortholog_one2one
FMNL1	FMNL1	ortholog_one2one
CPNE7	CPNE7	ortholog_one2one
ATP6V0A2	ATP6V0A2	ortholog_one2one
LIMS4	LIMS1	ortholog_one2many
TTC8	TTC8	ortholog_one2one
PLPPR2	PLPPR2	ortholog_one2one
MCEE	MCEE	ortholog_one2one
OLR1	OLR1	ortholog_one2one
AKAP8L	AKAP8L	ortholog_one2one
PAPSS2	PAPSS2	ortholog_one2one
BCKDK	BCKDK	ortholog_one2one
TYRP1	TYRP1	ortholog_one2one
LMAN2L	LMAN2L	ortholog_one2one
WTAP	WTAP	ortholog_one2one
NACC2	NACC2	ortholog_one2one
ATP6V0A1	ATP6V0A1	ortholog_one2one
LHX3	LHX3	ortholog_one2one
AFG2B	AFG2B	ortholog_one2one
TRPV4	TRPV4	ortholog_one2one
LRSAM1	LRSAM1	ortholog_one2one
GLUD1		ortholog_one2many
RIMS1	RIMS1	ortholog_one2one
ALKAL1	ALKAL1	ortholog_one2one
ZNF454	ZNF454	ortholog_one2one
MAPDA	ADAL	ortholog_one2one
GPT	GPT	ortholog_one2one
TFCP2L1	TFCP2L1	ortholog_one2one
PCK2	PCK2	ortholog_one2one
NUP205	NUP205	ortholog_one2one
CD3D	CD3D	ortholog_one2one
FLT4	FLT4	ortholog_one2one
CFAP300	CFAP300	ortholog_one2one
CFAP99	CFAP99	ortholog_one2one
SLC30A9	SLC30A9	ortholog_one2one
ANKRD42	ANKRD42	ortholog_one2one
BLM	BLM	ortholog_one2one
DECR2	DECR2	ortholog_one2one
MIDN	MIDN	ortholog_one2one
CAPS	CAPS	ortholog_one2one
RIMS2	RIMS2	ortholog_one2one
ZNF574	ZNF574	ortholog_one2one
LINGO3	LINGO3	ortholog_one2one
ALKBH3	ALKBH3	ortholog_one2one
OSBPL8	OSBPL8	ortholog_one2one
HSP90AA1		ortholog_one2one
PDIA6	PDIA6	ortholog_one2many
PDIA6		ortholog_one2many
PPM1N	PPM1N	ortholog_one2one
LRRN1	LRRN1	ortholog_one2one
AGGF1	AGGF1	ortholog_one2one
NR2C2AP	NR2C2AP	ortholog_one2one
FAM241B	FAM241B	ortholog_one2one
VXN	VXN	ortholog_one2one
UQCRC2	UQCRC2	ortholog_one2one
FYTTD1	FYTTD1	ortholog_one2one
TRPM4	TRPM4	ortholog_one2one
JRK	JRK	ortholog_one2one
MAT1A	MAT1A	ortholog_one2one
PRSS1	PRSS2	ortholog_one2many
NFRKB	NFRKB	ortholog_one2one
NDUFAF2	NDUFAF2	ortholog_one2one
SAMD12	SAMD12	ortholog_one2one
TRPV6	TRPV6	ortholog_one2one
LTB	LTB	ortholog_one2one
FST	FST	ortholog_one2one
UBR2	UBR2	ortholog_one2one
GPAA1	GPAA1	ortholog_one2one
PIP4P1	PIP4P1	ortholog_one2one
SEMA3E	SEMA3E	ortholog_one2one
CDH12	CDH12	ortholog_one2one
PRTFDC1	PRTFDC1	ortholog_one2one
QRICH1	QRICH1	ortholog_one2one
HOXA5	HOXA5	ortholog_one2one
SLC12A7	SLC12A7	ortholog_one2one
USP42		ortholog_one2many
USP42	USP42	ortholog_one2many
GLRX5	GLRX5	ortholog_one2one
SCFD2	SCFD2	ortholog_one2one
HERC4	HERC4	ortholog_one2one
PTCRA	PTCRA	ortholog_one2one
SYNE2	SYNE2	ortholog_one2one
UNC93A	UNC93A	ortholog_one2one
PDGFRA	PDGFRA	ortholog_one2one
MCIDAS	MCIDAS	ortholog_one2one
TMTC1	TMTC1	ortholog_one2one
ANKH	ANKH	ortholog_one2one
CSK	CSK	ortholog_one2one
FBXO9	FBXO9	ortholog_one2one
ZYX	ZYX	ortholog_one2one
RXRB	RXRB	ortholog_one2one
SMN1		ortholog_one2many
SCN10A	SCN10A	ortholog_one2one
LACTB	LACTB	ortholog_one2one
SELENOH	SELENOH	ortholog_one2one
PDZRN3	PDZRN3	ortholog_one2one
OTUB1	OTUB1	ortholog_one2one
LIN7B	LIN7B	ortholog_one2one
MTERF1	MTERF1	ortholog_one2one
USP8	USP8	ortholog_one2one
FAM8A1	FAM8A1	ortholog_one2one
TERT	TERT	ortholog_one2one
CRY1	CRY1	ortholog_one2one
GLYCTK	GLYCTK	ortholog_one2one
COX7A1	COX7A1	ortholog_one2one
RTN4	RTN4	ortholog_one2one
S100P	S100P	ortholog_one2one
RELN	RELN	ortholog_one2one
AMTN	AMTN	ortholog_one2one
HBZ	HBZ	ortholog_one2one
IQCK	IQCK	ortholog_one2one
ALKBH6	ALKBH6	ortholog_one2one
FDCSP		ortholog_one2one
TCTA	TCTA	ortholog_one2one
TXK	TXK	ortholog_one2one
SP1	SP1	ortholog_one2one
WDR82	WDR82	ortholog_one2one
RETREG1	RETREG1	ortholog_one2one
CA8	CA8	ortholog_one2one
BMERB1	BMERB1	ortholog_one2one
AOPEP	AOPEP	ortholog_one2one
SNX9	SNX9	ortholog_one2one
STPG2	STPG2	ortholog_one2one
LRP6	LRP6	ortholog_one2one
COL6A6	COL6A6	ortholog_one2one
FAM83H	FAM83H	ortholog_one2one
HS3ST3B1	HS3ST3B1	ortholog_one2one
SEL1L3	SEL1L3	ortholog_one2one
ABHD15	ABHD15	ortholog_one2one
LZTS1	LZTS1	ortholog_one2one
PPP6R3	PPP6R3	ortholog_one2one
RNF44	RNF44	ortholog_one2one
WDR45B	WDR45B	ortholog_one2one
SYNGR3	SYNGR3	ortholog_one2one
AMPH	AMPH	ortholog_one2one
CHD7	CHD7	ortholog_one2one
PARP15		ortholog_one2one
PLEKHH1	PLEKHH1	ortholog_one2one
SLC22A3	SLC22A3	ortholog_one2one
COG4	COG4	ortholog_one2one
NIPSNAP3A	NIPSNAP3B	ortholog_one2one
DHX34	DHX34	ortholog_one2one
CHPF	CHPF	ortholog_one2one
DNM1	DNM1	ortholog_one2one
CYP7A1	CYP7A1	ortholog_one2one
EYA4	EYA4	ortholog_one2one
GSK3B	GSK3B	ortholog_one2one
PDGFRB	PDGFRB	ortholog_one2one
GTF2A1	GTF2A1	ortholog_one2one
SMIM18	SMIM18	ortholog_one2one
NT5C1B	NT5C1B	ortholog_one2one
MTERF3	MTERF3	ortholog_one2one
ABCB9	ABCB9	ortholog_one2one
HSPB1	HSPB1	ortholog_one2one
SLC1A6	SLC1A6	ortholog_one2one
NUDT14	NUDT14	ortholog_one2one
C7orf25	C7orf25	ortholog_one2one
MTTP	MTTP	ortholog_one2one
CLEC5A	CLEC5A	ortholog_one2one
REST	REST	ortholog_one2one
DAD1	DAD1	ortholog_one2one
GRIN2C	GRIN2C	ortholog_one2one
UBXN2A		ortholog_one2many
UBXN2A	UBXN2A	ortholog_one2many
CCDC177	CCDC177	ortholog_one2one
SUN3	SUN3	ortholog_one2one
ZNF135	ZNF135	ortholog_one2one
TRIB1	TRIB1	ortholog_one2one
CFI	CFI	ortholog_one2one
SHOX2	SHOX2	ortholog_one2one
ARIH1	ARIH1	ortholog_one2one
RIPK2	RIPK2	ortholog_one2one
DBF4	DBF4	ortholog_one2one
IGLON5	IGLON5	ortholog_one2one
NR2F6	NR2F6	ortholog_one2one
SLC2A4	SLC2A4	ortholog_one2one
CLN8	CLN8	ortholog_one2one
KDM4B	KDM4B	ortholog_one2one
EMCN	EMCN	ortholog_one2one
SPTLC2	SPTLC2	ortholog_one2one
TRIM69	TRIM69	ortholog_one2one
PLXNB1	PLXNB1	ortholog_one2one
MYH13	MYH13	ortholog_one2one
MPP4	MPP4	ortholog_one2one
CREM	CREM	ortholog_one2many
CREM		ortholog_one2many
TBKBP1	TBKBP1	ortholog_one2one
SKIC8	WDR61	ortholog_one2one
AKTIP		ortholog_one2many
AKTIP	AKTIP	ortholog_one2many
LRRC69	LRRC69	ortholog_one2one
SLC25A27	SLC25A27	ortholog_one2one
IPO4	IPO4	ortholog_one2one
SNCAIP	SNCAIP	ortholog_one2one
MED13	MED13	ortholog_one2one
UBXN2B	UBXN2B	ortholog_one2one
DNAH11	DNAH11	ortholog_one2one
BAK1	BAK1	ortholog_one2one
RAP1B	RAP1B	ortholog_one2one
COQ2	COQ2	ortholog_one2one
TP53I13	TP53I13	ortholog_one2one
TMEM67	TMEM67	ortholog_one2one
FILIP1	FILIP1	ortholog_one2one
FLACC1	FLACC1	ortholog_one2one
AP2S1	AP2S1	ortholog_one2one
TAGAP	TAGAP	ortholog_one2one
ANAPC4	ANAPC4	ortholog_one2one
PRIM2	PRIM2	ortholog_one2one
FOXP2	FOXP2	ortholog_one2one
PPP2R1A	PPP2R1A	ortholog_one2many
PPP2R1A		ortholog_one2many
PNKD	PNKD	ortholog_one2one
NFKB2	NFKB2	ortholog_one2one
MMP28	MMP28	ortholog_one2one
RNF151	RNF151	ortholog_one2one
EARS2	EARS2	ortholog_one2one
SLC18B1	SLC18B1	ortholog_one2one
TRPM7	TRPM7	ortholog_one2one
VPS35L	VPS35L	ortholog_one2one
ASNSD1	ASNSD1	ortholog_one2one
CCDC25	CCDC25	ortholog_one2one
RFX6	RFX6	ortholog_one2one
SLC35B3	SLC35B3	ortholog_one2one
PAFAH1B1	PAFAH1B1	ortholog_one2one
CYP2F1	CYP2F1	ortholog_one2one
SPINK5	SPINK5	ortholog_one2one
PUS10	PUS10	ortholog_one2one
MEX3B	MEX3B	ortholog_one2one
APH1B	APH1B	ortholog_one2one
CCDC106	CCDC106	ortholog_one2one
LRTM1	LRTM1	ortholog_one2one
RAB4B	RAB4B	ortholog_one2one
SCAMP2	SCAMP2	ortholog_one2one
TOP1MT	TOP1MT	ortholog_one2one
HKDC1	HKDC1	ortholog_one2one
TMEFF1	TMEFF1	ortholog_one2one
PRPF18	PRPF18	ortholog_one2one
SPATA22	SPATA22	ortholog_one2one
ADGRL1	ADGRL1	ortholog_one2one
ERBIN	ERBIN	ortholog_one2one
RASA2	RASA2	ortholog_one2one
KLC1	KLC1	ortholog_one2one
MTFMT	MTFMT	ortholog_one2one
ROR2	ROR2	ortholog_one2one
ARRDC5	ARRDC5	ortholog_one2one
CTU1	CTU1	ortholog_one2one
VSTM1	VSTM1	ortholog_one2one
NELFA	NELFA	ortholog_one2one
PAX5	PAX5	ortholog_one2one
GPR63	GPR63	ortholog_one2one
BLVRA	BLVRA	ortholog_one2one
MAPT	MAPT	ortholog_one2one
MCMDC2	MCMDC2	ortholog_one2one
B4GALNT3	B4GALNT3	ortholog_one2one
CATSPERG	CATSPERG	ortholog_one2one
GRAMD2A	GRAMD2A	ortholog_one2one
ZNF33A		ortholog_one2many
PPP2R3A	PPP2R3A	ortholog_one2one
AOX1	AOX1	ortholog_one2one
PPP1R9A	PPP1R9A	ortholog_one2one
GUCY1A1	GUCY1A1	ortholog_one2one
ZNF609	ZNF609	ortholog_one2one
ARNT2	ARNT2	ortholog_one2one
DERL1	DERL1	ortholog_one2one
KCNMB4	KCNMB4	ortholog_one2one
SNRPF	SNRPF	ortholog_one2one
NLRP4	NLRP4	ortholog_one2one
PYROXD2	PYROXD2	ortholog_one2one
ZNF560	ZNF560	ortholog_one2one
PRIM1	PRIM1	ortholog_one2one
FBXO46	FBXO46	ortholog_one2one
CIAPIN1	CIAPIN1	ortholog_one2one
AKT2	AKT2	ortholog_one2one
TOR1A	TOR1A	ortholog_one2one
RGS22	RGS22	ortholog_one2one
SLC44A1	SLC44A1	ortholog_one2one
ZSCAN2	ZSCAN2	ortholog_one2one
BHLHE40	BHLHE40	ortholog_one2one
TBP	TBP	ortholog_one2one
GDF3	GDF3	ortholog_one2one
WASHC2C	WASHC2C	ortholog_one2many
ZCRB1		ortholog_one2many
ZCRB1	ZCRB1	ortholog_one2many
EIF2AK4	EIF2AK4	ortholog_one2one
MAK		ortholog_one2many
KPLCE	KPLCE	ortholog_one2one
PARP9	PARP9	ortholog_one2one
ATP6V1G2	ATP6V1G2	ortholog_one2one
CCNC	CCNC	ortholog_one2one
TBX3	TBX3	ortholog_one2one
ZNF34		ortholog_one2one
GXYLT1	GXYLT1	ortholog_one2one
TFR2	TFR2	ortholog_one2one
MSI2	MSI2	ortholog_one2many
MSI2		ortholog_one2many
COTL1	COTL1	ortholog_one2one
MLF2	MLF2	ortholog_one2one
LCMT1	LCMT1	ortholog_one2one
EHD4	EHD4	ortholog_one2one
FMN1	FMN1	ortholog_one2one
UQCRB		ortholog_one2many
ZP4	ZP4	ortholog_one2one
CYP1A2	CYP1A2	ortholog_one2one
TLE4	TLE4	ortholog_one2one
TRIM55	TRIM55	ortholog_one2one
RPL27	RPL27	ortholog_one2one
GOLM2	GOLM2	ortholog_one2one
ZNF747	ZNF764	ortholog_one2many
USP7	USP7	ortholog_one2one
CHRNA9	CHRNA9	ortholog_one2one
RNU6-176P	U6	ortholog_one2one
NDST3	NDST3	ortholog_one2one
GABARAPL1	GABARAPL1	ortholog_one2one
ASB16	ASB16	ortholog_one2one
TBC1D9	TBC1D9	ortholog_one2one
AOC3		ortholog_one2many
AOC3	AOC3	ortholog_one2many
WWP1	WWP1	ortholog_one2one
TMEM147	TMEM147	ortholog_one2one
RNU7-179P	U7	ortholog_one2many
RSC1A1	RSC1A1	ortholog_one2one
ODAD4	ODAD4	ortholog_one2one
GNS	GNS	ortholog_one2one
FAM193A	FAM193A	ortholog_one2one
ADPRM	ADPRM	ortholog_one2one
HAPLN3	HAPLN3	ortholog_one2one
TAFA4	TAFA4	ortholog_one2one
MED9	MED9	ortholog_one2one
BASP1		ortholog_one2one
CEP19	CEP19	ortholog_one2one
ARL4D	ARL4D	ortholog_one2one
COMMD1	COMMD1	ortholog_one2one
IVD	IVD	ortholog_one2one
ZNF671	ZNF671	ortholog_one2one
RMND5B	RMND5B	ortholog_one2one
CAAP1	CAAP1	ortholog_one2one
NLRP1	NLRP1	ortholog_one2one
PEG3	PEG3	ortholog_one2one
MYLK	MYLK	ortholog_one2many
MYLK		ortholog_one2many
ATP5MG	ATP5MG	ortholog_one2many
CAMSAP1	CAMSAP1	ortholog_one2one
PHAF1	PHAF1	ortholog_one2one
PTGDR2	PTGDR2	ortholog_one2one
SAC3D1	SAC3D1	ortholog_one2one
FUT9	FUT9	ortholog_one2one
MIR488	MIR488	ortholog_one2one
TMEM117	TMEM117	ortholog_one2one
ATAT1	ATAT1	ortholog_one2one
FBXL16	FBXL16	ortholog_one2one
AKNA	AKNA	ortholog_one2one
THOP1	THOP1	ortholog_one2one
HERPUD1	HERPUD1	ortholog_one2one
ATG13	ATG13	ortholog_one2one
COPZ1	COPZ1	ortholog_one2one
ACOX3	ACOX3	ortholog_one2one
GOLM1	GOLM1	ortholog_one2many
GOLM1		ortholog_one2many
NGDN	NGDN	ortholog_one2one
INSYN1	INSYN1	ortholog_one2one
C15orf40		ortholog_one2many
C15orf40	C9H15orf40	ortholog_one2many
LRWD1	LRWD1	ortholog_one2one
CEP57L1	CEP57L1	ortholog_one2one
MDGA2	MDGA2	ortholog_one2one
ATP10B	ATP10B	ortholog_one2one
C3orf33	C3orf33	ortholog_one2one
ASIC1	ASIC1	ortholog_one2one
NUGGC	NUGGC	ortholog_one2one
CPSF2	CPSF2	ortholog_one2one
SYNPO	SYNPO	ortholog_one2one
ICA1	ICA1	ortholog_one2one
PTRH1	PTRH1	ortholog_one2one
AP3B2	AP3B2	ortholog_one2one
ADGRG1	ADGRG1	ortholog_one2one
NUDCD2		ortholog_one2many
NUDCD2	NUDCD2	ortholog_one2many
PCM1	PCM1	ortholog_one2one
DYNC1I2	DYNC1I2	ortholog_one2one
LIG3	LIG3	ortholog_one2one
TLE6	TLE6	ortholog_one2one
LHX6	LHX6	ortholog_one2one
CTSG	CTSG	ortholog_one2one
ATG10	ATG10	ortholog_one2one
HNF1A	HNF1A	ortholog_one2one
ADCK1	ADCK1	ortholog_one2one
FGD2	FGD2	ortholog_one2one
SLMAP	SLMAP	ortholog_one2one
PNPLA6	PNPLA6	ortholog_one2one
PHF24	PHF24	ortholog_one2one
UNC13B	UNC13B	ortholog_one2one
RGSL1	RGSL1	ortholog_one2one
RWDD2A	RWDD2A	ortholog_one2one
SERPINB1	SERPINB1	ortholog_one2one
LRP10	LRP10	ortholog_one2one
NOPCHAP1	NOPCHAP1	ortholog_one2one
CC2D2B	CC2D2B	ortholog_one2one
HOXC10	HOXC10	ortholog_one2one
RNGTT	RNGTT	ortholog_one2one
PHAX	PHAX	ortholog_one2one
GPN3	GPN3	ortholog_one2one
KAZALD1	KAZALD1	ortholog_one2one
SEMA5A	SEMA5A	ortholog_one2one
AP1G2	AP1G2	ortholog_one2one
LGI1	LGI1	ortholog_one2one
TRIM63	TRIM63	ortholog_one2one
CDK4	CDK4	ortholog_one2one
STAP2	STAP2	ortholog_one2one
FHIP2A	FHIP2A	ortholog_one2one
EIF4A1	EIF4A1	ortholog_one2one
TMEM181	TMEM181	ortholog_one2one
RGR	RGR	ortholog_one2one
IGFBP6	IGFBP6	ortholog_one2one
PTPN20	PTPN20	ortholog_one2one
EMG1	EMG1	ortholog_one2one
SH3GL3		ortholog_one2many
SH3GL3	SH3GL3	ortholog_one2many
KLHL32	KLHL32	ortholog_one2one
LYSMD3	LYSMD3	ortholog_one2one
ZNF713		ortholog_one2one
MESP1	MESP1	ortholog_one2one
PTPRZ1	PTPRZ1	ortholog_one2one
TACC3	TACC3	ortholog_one2one
ZNF770	ZNF770	ortholog_one2one
TMTC2	TMTC2	ortholog_one2one
RNF14	RNF14	ortholog_one2one
TPMT	TPMT	ortholog_one2one
WDR83	WDR83	ortholog_one2one
GABRG3	GABRG3	ortholog_one2one
HECTD4	HECTD4	ortholog_one2one
RSL24D1	RSL24D1	ortholog_one2one
ALG2	ALG2	ortholog_one2one
ENDOG	ENDOG	ortholog_one2one
SNCG	SNCG	ortholog_one2one
ABCA2	ABCA2	ortholog_one2one
NEO1	NEO1	ortholog_one2one
ZNF709	ZNF709	ortholog_one2one
USP5	USP5	ortholog_one2one
C3orf62	C3orf62	ortholog_one2one
MAST1	MAST1	ortholog_one2one
ZMIZ1	ZMIZ1	ortholog_one2one
CCDC66	CCDC66	ortholog_one2one
SAFB		ortholog_one2many
LIMK1	LIMK1	ortholog_one2one
ARLN	C4orf3	ortholog_one2one
ENY2	ENY2	ortholog_one2many
GLB1L2	GLB1L2	ortholog_one2one
F11	F11	ortholog_one2one
FOXO3	FOXO3	ortholog_one2one
SMARCA2	SMARCA2	ortholog_one2one
LASP1NB	LASP1NB	ortholog_one2one
MEOX1	MEOX1	ortholog_one2one
FBXO24	FBXO24	ortholog_one2one
RN7SL370P	Metazoa_SRP	ortholog_one2one
TEPSIN	TEPSIN	ortholog_one2one
ZNF292	ZNF292	ortholog_one2one
CCS	CCS	ortholog_one2one
HOOK3	HOOK3	ortholog_one2one
CEP55	CEP55	ortholog_one2one
TAF5	TAF5	ortholog_one2one
ZFYVE16	ZFYVE16	ortholog_one2one
CITED2	CITED2	ortholog_one2one
SYCE1	SYCE1	ortholog_one2one
SPDEF	SPDEF	ortholog_one2one
RSBN1L	RSBN1L	ortholog_one2one
TOB1	TOB1	ortholog_one2one
ZKSCAN2	ZKSCAN2	ortholog_one2one
SMTNL1	SMTNL1	ortholog_one2one
LETM2	LETM2	ortholog_one2one
ELMO3	ELMO3	ortholog_one2one
ASPA	ASPA	ortholog_one2one
RASSF7	RASSF7	ortholog_one2one
CELF2	CELF2	ortholog_one2one
TMEM106B	TMEM106B	ortholog_one2one
CFAP221	CFAP221	ortholog_one2one
TNFAIP3	TNFAIP3	ortholog_one2one
PLA2G4D	PLA2G4D	ortholog_one2one
NUSAP1	NUSAP1	ortholog_one2one
NUS1	NUS1	ortholog_one2one
XKR9	XKR9	ortholog_one2one
ITGB4	ITGB4	ortholog_one2one
PRDM10	PRDM10	ortholog_one2one
TRERF1	TRERF1	ortholog_one2one
UGT2B15		ortholog_many2many
TSPAN33	TSPAN33	ortholog_one2one
FSBP	FSBP	ortholog_one2one
NMUR2	NMUR2	ortholog_one2one
ANO10	ANO10	ortholog_one2one
HERC5	HERC5	ortholog_one2one
LY6H	LY6H	ortholog_one2one
TMEM170A	TMEM170A	ortholog_one2one
SLC36A1	SLC36A1	ortholog_one2one
SGO2	SGO2	ortholog_one2one
RAB26	RAB26	ortholog_one2one
RHPN1	RHPN1	ortholog_one2one
PSPH	PSPH	ortholog_one2one
ANKRD34A	ANKRD34A	ortholog_one2one
STOML1	STOML1	ortholog_one2one
DDAH1	DDAH1	ortholog_one2one
LBX2	LBX2	ortholog_one2one
SSTR1	SSTR1	ortholog_one2one
KNDC1	KNDC1	ortholog_one2one
MAIP1	MAIP1	ortholog_one2one
TEX22	TEX22	ortholog_one2one
ZNF697	ZNF697	ortholog_one2one
GMFB	GMFB	ortholog_one2many
LHX8	LHX8	ortholog_one2one
SNRPG	SNRPG	ortholog_one2one
SDAD1	SDAD1	ortholog_one2one
BBOX1	BBOX1	ortholog_one2one
ZNF319	ZNF319	ortholog_one2one
HMOX2	HMOX2	ortholog_one2one
ISG15	ISG15	ortholog_one2one
CSNK1A1	CSNK1A1	ortholog_one2one
CIMIP6	C2orf73	ortholog_one2one
ZDHHC16	ZDHHC16	ortholog_one2one
NOVA1	NOVA1	ortholog_one2one
TUBB2A	TUBB2A	ortholog_one2many
ALPK3	ALPK3	ortholog_one2one
GPATCH4	GPATCH4	ortholog_one2many
GPATCH4		ortholog_one2many
TSPO2	TSPO2	ortholog_one2one
SLTM	SLTM	ortholog_one2one
GTF2H4	GTF2H4	ortholog_one2one
HOATZ	HOATZ	ortholog_one2one
GZMB		ortholog_one2many
PNPLA2	PNPLA2	ortholog_one2one
ABCD2	ABCD2	ortholog_one2one
ACTN1	ACTN1	ortholog_one2one
OGFOD2	OGFOD2	ortholog_one2one
ZNF117		ortholog_one2many
ARHGAP33	ARHGAP33	ortholog_one2one
ARFIP1	ARFIP1	ortholog_one2one
MYO1G	MYO1G	ortholog_one2one
SFTPB	SFTPB	ortholog_one2one
MICOS13	MICOS13	ortholog_one2one
NUMA1	NUMA1	ortholog_one2one
LRATD2	LRATD2	ortholog_one2one
DDA1	DDA1	ortholog_one2many
DDA1		ortholog_one2many
NDUFA12	NDUFA12	ortholog_one2many
NDUFA12		ortholog_one2many
SDHA	SDHA	ortholog_one2one
FDFT1	FDFT1	ortholog_one2one
CPED1	CPED1	ortholog_one2one
POLR1C	POLR1C	ortholog_one2one
RAD23A	RAD23A	ortholog_one2one
RHOF	RHOF	ortholog_one2one
SEMA3G	SEMA3G	ortholog_one2one
FHOD1	FHOD1	ortholog_one2one
CDC14B	CDC14B	ortholog_one2many
TMEM263		ortholog_one2many
TMEM263	TMEM263	ortholog_one2many
OAZ2	OAZ2	ortholog_one2one
ATP13A5	ATP13A5	ortholog_one2one
TJP1	TJP1	ortholog_one2one
ZMYND10	ZMYND10	ortholog_one2one
CCDC59	CCDC59	ortholog_one2one
BHLHA15	BHLHA15	ortholog_one2one
C12orf57		ortholog_one2many
C12orf57	C7H12orf57	ortholog_one2many
AMY2A		ortholog_many2many
COX6B1	COX6B1	ortholog_one2one
HLA-DRB1		ortholog_one2many
TOMM7	TOMM7	ortholog_one2one
MARCHF9	MARCHF9	ortholog_one2one
SNORA59A	ACA59	ortholog_one2one
SERPINB9	SERPINB9	ortholog_one2one
GARIN1A	GARIN1A	ortholog_one2one
CAPN7		ortholog_one2one
ARL6IP4	ARL6IP4	ortholog_one2one
ZNF579	ZNF579	ortholog_one2one
CHN2	CHN2	ortholog_one2one
KLF2	KLF2	ortholog_one2one
PVR	PVR	ortholog_one2one
CEP135	CEP135	ortholog_one2one
EFHC1	EFHC1	ortholog_one2one
PSAT1	PSAT1	ortholog_one2one
ABCC6	ABCC6	ortholog_one2one
MAN2B1	MAN2B1	ortholog_one2one
WDR19	WDR19	ortholog_one2one
NRXN3	NRXN3	ortholog_one2one
ZNF280D	ZNF280D	ortholog_one2one
CUL1	CUL1	ortholog_one2one
SDR39U1	SDR39U1	ortholog_one2one
MOB3B	MOB3B	ortholog_one2one
SMAP1	SMAP1	ortholog_one2one
FKTN	FKTN	ortholog_one2one
STOX1	STOX1	ortholog_one2one
ACOT2		ortholog_many2many
INSYN2B	INSYN2B	ortholog_one2one
PSAP	PSAP	ortholog_one2one
FBXL2	FBXL2	ortholog_one2one
PRRC1	PRRC1	ortholog_one2one
GALNT7	GALNT7	ortholog_one2one
GPR68	GPR68	ortholog_one2one
UBE3A	UBE3A	ortholog_one2one
FOS	FOS	ortholog_one2one
PIP4P2	PIP4P2	ortholog_one2one
TGFBI	TGFBI	ortholog_one2one
UBE2D3	UBE2D3	ortholog_one2one
MYH7	MYH7	ortholog_one2one
TECR	TECR	ortholog_one2one
GTPBP2	GTPBP2	ortholog_one2one
FGL1	FGL1	ortholog_one2one
NAE1	NAE1	ortholog_one2one
ALDOB	ALDOB	ortholog_one2one
SCUBE3	SCUBE3	ortholog_one2one
KCNMB2	KCNMB2	ortholog_one2one
TNFSF13	TNFSF13	ortholog_one2one
CDX1	CDX1	ortholog_one2one
MGAT4B	MGAT4B	ortholog_one2one
XPNPEP1	XPNPEP1	ortholog_one2one
NTS	NTS	ortholog_one2one
CALCA	CALCA	ortholog_one2one
BTN3A2	BTN3A3	ortholog_one2many
KLRD1	CD94-1	ortholog_one2one
CCDC34	CCDC34	ortholog_one2one
HHATL	HHATL	ortholog_one2one
MRPL58	MRPL58	ortholog_one2one
ATP5MC3	ATP5MC3	ortholog_one2one
DNLZ	DNLZ	ortholog_one2one
BARHL1	BARHL1	ortholog_one2one
TTLL11	TTLL11	ortholog_one2one
RPLP1		ortholog_one2one
SYT10	SYT10	ortholog_one2one
TMEM209	TMEM209	ortholog_one2one
ARHGAP27	ARHGAP27	ortholog_one2one
B3GNT4	B3GNT4	ortholog_one2one
CCDC90B	CCDC90B	ortholog_one2one
MRPS2	MRPS2	ortholog_one2one
MRPL30		ortholog_one2many
MRPL30	MRPL30	ortholog_one2many
C8orf34	C8orf34	ortholog_one2one
APOE	APOE	ortholog_one2one
CDKN2A	CDKN2A	ortholog_one2one
ADGRD1		ortholog_one2one
PAPPA	PAPPA	ortholog_one2one
ID2	ID2	ortholog_one2one
FBXL22	FBXL22	ortholog_one2one
ANGPT2	ANGPT2	ortholog_one2one
SHD	SHD	ortholog_one2one
TMEM252	TMEM252	ortholog_one2one
SEMA3A	SEMA3A	ortholog_one2one
KIF2A	KIF2A	ortholog_one2one
ZWILCH	ZWILCH	ortholog_one2one
ZNF514	ZNF514	ortholog_one2one
CTSL		ortholog_one2one
MBD3	MBD3	ortholog_one2one
GTF2E2		ortholog_one2many
GTF2E2	GTF2E2	ortholog_one2many
SEMA4D	SEMA4D	ortholog_one2one
MRPS23	MRPS23	ortholog_one2one
RPA3	RPA3	ortholog_one2one
CD300LG	CD300LG	ortholog_one2one
SRSF7	SRSF7	ortholog_one2one
MKLN1	MKLN1	ortholog_one2one
RBIS	RBIS	ortholog_one2many
RBIS		ortholog_one2many
PTBP1	PTBP1	ortholog_one2one
SERINC1	SERINC1	ortholog_one2one
SRCIN1	SRCIN1	ortholog_one2one
LRRC73	LRRC73	ortholog_one2one
TEKT1	TEKT1	ortholog_one2one
GMPR	GMPR	ortholog_one2one
NECTIN1	NECTIN1	ortholog_one2one
CPLX3	CPLX3	ortholog_one2one
SRRM4	SRRM4	ortholog_one2one
NUP93	NUP93	ortholog_one2one
PATL2	PATL2	ortholog_one2one
USP32	USP32	ortholog_one2many
DOCK3	DOCK3	ortholog_one2one
TKFC	TKFC	ortholog_one2one
SLC16A7	SLC16A7	ortholog_one2one
OC90	OC90	ortholog_one2one
SLC4A9	SLC4A9	ortholog_one2one
TTYH3	TTYH3	ortholog_one2one
MAP3K5	MAP3K5	ortholog_one2one
SERINC4	SERINC4	ortholog_one2one
PPP1R16A	PPP1R16A	ortholog_one2one
TP53BP1	TP53BP1	ortholog_one2one
NIT2	NIT2	ortholog_one2one
DNAJC9	DNAJC9	ortholog_one2one
ABITRAM	ABITRAM	ortholog_one2one
HIC1	HIC1	ortholog_one2one
OCM		ortholog_one2many
NT5C2	NT5C2	ortholog_one2many
NT5C2		ortholog_one2many
PNPO	PNPO	ortholog_one2many
PNPO		ortholog_one2many
PPIL1	PPIL1	ortholog_one2one
SPOPL		ortholog_one2many
SPOPL	SPOPL	ortholog_one2many
DBNL	DBNL	ortholog_one2one
PUM3	PUM3	ortholog_one2one
HSPA1L	HSPA1L	ortholog_one2one
GYS2	GYS2	ortholog_one2one
ELP6	ELP6	ortholog_one2one
NPAT	NPAT	ortholog_one2one
TXNDC5		ortholog_one2many
TXNDC5	TXNDC5	ortholog_one2many
CD28	CD28	ortholog_one2one
BCL2L11	BCL2L11	ortholog_one2one
KPNB1	KPNB1	ortholog_one2one
FOLR2	FOLR2	ortholog_one2one
DRC5	TCTE1	ortholog_one2one
RELB	RELB	ortholog_one2one
PEX6	PEX6	ortholog_one2one
LRRC49	LRRC49	ortholog_one2one
NDST1	NDST1	ortholog_one2one
WDR43	WDR43	ortholog_one2one
COPE	COPE	ortholog_one2one
ALG3	ALG3	ortholog_one2one
TSPAN19	TSPAN19	ortholog_one2one
INTS8	INTS8	ortholog_one2one
TMEM109	TMEM109	ortholog_one2one
BICD1	BICD1	ortholog_one2one
MRPL49		ortholog_one2many
TDRD9	TDRD9	ortholog_one2one
RIPOR2	RIPOR2	ortholog_one2one
PXYLP1	PXYLP1	ortholog_one2one
ZNF140	ZNF140	ortholog_one2one
ABCG4	ABCG4	ortholog_one2one
CLEC18B		ortholog_one2many
ASB1	ASB1	ortholog_one2one
BNIP3L	BNIP3L	ortholog_one2one
PAK6	PAK6	ortholog_one2one
RBKS	RBKS	ortholog_one2one
RYR2	RYR2	ortholog_one2one
KCTD13	KCTD13	ortholog_one2one
ARRDC1	ARRDC1	ortholog_one2one
PELI2	PELI2	ortholog_one2one
TBX4	TBX4	ortholog_one2one
RACK1		ortholog_one2many
RACK1	RACK1	ortholog_one2many
SLC22A17	SLC22A17	ortholog_one2one
PRMT9	PRMT9	ortholog_one2one
PLCB3	PLCB3	ortholog_one2one
CCDC38	CCDC38	ortholog_one2one
PHYH	PHYH	ortholog_one2one
PLEKHF2	PLEKHF2	ortholog_one2one
SLC35F4	SLC35F4	ortholog_one2one
PCGF2	PCGF2	ortholog_one2one
CLXN	CLXN	ortholog_one2one
XRCC2	XRCC2	ortholog_one2one
TCL1A	TCL1A	ortholog_one2one
ZNF771	ZNF771	ortholog_one2one
HS3ST5	HS3ST5	ortholog_one2one
PIK3CA	PIK3CA	ortholog_one2one
PKD2		ortholog_one2one
MTPN	MTPN	ortholog_one2one
APAF1		ortholog_one2many
CA7	CA7	ortholog_one2one
ASB15	ASB15	ortholog_one2one
PSME1	PSME1	ortholog_one2one
MRAP2	MRAP2	ortholog_one2one
ANKRD46	ANKRD46	ortholog_one2one
ANGPTL2	ANGPTL2	ortholog_one2one
CHRNB4	CHRNB4	ortholog_one2one
SYNGAP1	SYNGAP1	ortholog_one2one
RHBDL1	RHBDL1	ortholog_one2one
SLC31A2	SLC31A2	ortholog_one2one
INIP	INIP	ortholog_one2one
MFAP1	MFAP1	ortholog_one2one
CCDC61	CCDC61	ortholog_one2one
HEXIM2	HEXIM2	ortholog_one2one
PCDH10	PCDH10	ortholog_one2one
FAM81A	FAM81A	ortholog_one2one
GPAM	GPAM	ortholog_one2one
GATB	GATB	ortholog_one2one
BARX1	BARX1	ortholog_one2one
HAGH	HAGH	ortholog_one2one
PCMTD1	PCMTD1	ortholog_one2one
CAPG	CAPG	ortholog_one2one
RAPGEF1	RAPGEF1	ortholog_one2one
RNF227	RNF227	ortholog_one2one
VMO1	VMO1	ortholog_one2one
CAMK1	CAMK1	ortholog_one2one
CEP85L	CEP85L	ortholog_one2one
CDK12	CDK12	ortholog_one2one
RNU6-584P	U6	ortholog_one2one
CCDC32	CCDC32	ortholog_one2one
SIGLEC7		ortholog_many2many
LSMEM1	LSMEM1	ortholog_one2one
NDUFAF6	NDUFAF6	ortholog_one2one
ZNF3	ZNF3	ortholog_one2one
RALGAPA1	RALGAPA1	ortholog_one2one
FAM135A	FAM135A	ortholog_one2one
PHRF1	PHRF1	ortholog_one2one
SLC13A2	SLC13A2	ortholog_one2one
SYCE2	SYCE2	ortholog_one2one
PIK3R2	PIK3R2	ortholog_one2one
SLC7A11	SLC7A11	ortholog_one2one
ALDH1A2	ALDH1A2	ortholog_one2one
HYAL1	HYAL1	ortholog_one2one
TTPA	TTPA	ortholog_one2one
CARD19	CARD19	ortholog_one2one
EPHA5		ortholog_one2many
YWHAE	YWHAE	ortholog_one2one
RN7SKP91	7SK	ortholog_one2one
RASSF1	RASSF1	ortholog_one2one
PRKCQ	PRKCQ	ortholog_one2one
SOHLH1	SOHLH1	ortholog_one2one
PI4K2B	PI4K2B	ortholog_one2one
PBK	PBK	ortholog_one2one
TEX50	TEX50	ortholog_one2one
NAPSA	NAPSA	ortholog_one2one
SNORD77	SNORD77	ortholog_one2one
SNORD75	SNORD75	ortholog_one2many
SNORD74	SNORD74	ortholog_one2one
PLIN2	PLIN2	ortholog_one2one
BIRC5	BIRC5	ortholog_one2one
ISL2	ISL2	ortholog_one2one
S100Z	S100Z	ortholog_one2one
RPL9	RPL9	ortholog_one2one
GOLGA8A	GOLGA2	ortholog_one2many
HRH2	HRH2	ortholog_one2one
NRROS	NRROS	ortholog_one2one
SPINK6	SPINK6	ortholog_one2one
RANBP3	RANBP3	ortholog_one2one
MFHAS1	MFHAS1	ortholog_one2one
FBXL7	FBXL7	ortholog_one2one
AMZ1	AMZ1	ortholog_one2one
SLU7	SLU7	ortholog_one2one
CYP7B1	CYP7B1	ortholog_one2one
NR1D2	NR1D2	ortholog_one2one
ZNF18	ZNF18	ortholog_one2one
CTRB2		ortholog_many2many
CTRB2	CTRB1	ortholog_many2many
RNU6-125P	U6	ortholog_one2many
CPQ	CPQ	ortholog_one2one
NFAT5	NFAT5	ortholog_one2one
UMAD1	UMAD1	ortholog_one2one
SPATA1	SPATA1	ortholog_one2one
EFCAB11	EFCAB11	ortholog_one2one
CCDC40	CCDC40	ortholog_one2one
VKORC1L1	VKORC1L1	ortholog_one2one
HEPACAM2	HEPACAM2	ortholog_one2one
CTXND1	CTXND1	ortholog_one2one
UBLCP1	UBLCP1	ortholog_one2one
ZNF620	ZNF620	ortholog_one2one
ST8SIA2	ST8SIA2	ortholog_one2one
PCP4L1	PCP4L1	ortholog_one2one
SHISAL2A	SHISAL2A	ortholog_one2one
MYL2	MYL2	ortholog_one2one
FAM133B	FAM133B	ortholog_one2one
VRK1		ortholog_one2many
VRK1	VRK1	ortholog_one2many
PM20D1	PM20D1	ortholog_one2one
GGNBP2	GGNBP2	ortholog_one2one
ARPC5L	ARPC5L	ortholog_one2one
STYXL2	STYXL2	ortholog_one2one
TNC	TNC	ortholog_one2one
SETD2	SETD2	ortholog_one2one
CASP6	CASP6	ortholog_one2one
PAIP1	PAIP1	ortholog_one2many
PAIP1		ortholog_one2many
ATP6V1H	ATP6V1H	ortholog_one2one
PADI3	PADI3	ortholog_one2one
GATA3	GATA3	ortholog_one2one
IL16	IL16	ortholog_one2one
PPIL4	PPIL4	ortholog_one2one
SPRR2E		ortholog_one2many
IQCM	IQCM	ortholog_one2one
TMCO2	TMCO2	ortholog_one2one
LIN28A		ortholog_one2many
LIN28A	LIN28A	ortholog_one2many
ABHD18	ABHD18	ortholog_one2one
KIFBP	KIFBP	ortholog_one2one
INSC	INSC	ortholog_one2one
UPP1	UPP1	ortholog_one2one
MRPL42		ortholog_one2many
MRPL42	MRPL42	ortholog_one2many
CSH2		ortholog_one2many
ZKSCAN3	ZKSCAN3	ortholog_one2one
UBTD1	UBTD1	ortholog_one2one
CORO2B	CORO2B	ortholog_one2one
SPICE1	SPICE1	ortholog_one2one
PRRT1	PRRT1	ortholog_one2one
CCDC186	CCDC186	ortholog_one2one
CDH24	CDH24	ortholog_one2one
BICDL2	BICDL2	ortholog_one2one
AIF1	AIF1	ortholog_one2one
PLEKHF1	PLEKHF1	ortholog_one2one
SHF	SHF	ortholog_one2one
FASTKD3	FASTKD3	ortholog_one2one
HNRNPD	HNRNPD	ortholog_one2one
PATE2	PATE2	ortholog_one2one
ANKFY1	ANKFY1	ortholog_one2one
MYO9B	MYO9B	ortholog_one2one
NLRP14	NLRP14	ortholog_one2one
SLC25A16	SLC25A16	ortholog_one2many
SLC25A16		ortholog_one2many
FNTB	FNTB	ortholog_one2one
TFAP4	TFAP4	ortholog_one2one
XRRA1	XRRA1	ortholog_one2one
RARS1		ortholog_one2many
RARS1	RARS1	ortholog_one2many
WIF1	WIF1	ortholog_one2one
PLAC9	PLAC9	ortholog_one2one
CLPX	CLPX	ortholog_one2one
DTNBP1	DTNBP1	ortholog_one2one
AKR1E2	AKR1E2	ortholog_one2one
IFT172	IFT172	ortholog_one2one
DNAH3	DNAH3	ortholog_one2one
RPP25L	RPP25L	ortholog_one2one
NAPEPLD	NAPEPLD	ortholog_one2one
PYY	PYY	ortholog_one2one
NUP214	NUP214	ortholog_one2one
CCDC137	CCDC137	ortholog_one2one
MYRIP	MYRIP	ortholog_one2one
TCTN2	TCTN2	ortholog_one2one
XRCC3	XRCC3	ortholog_one2one
ITGA2B	ITGA2B	ortholog_one2one
TWNK	TWNK	ortholog_one2one
SCNN1B	SCNN1B	ortholog_one2one
GRIK5	GRIK5	ortholog_one2one
NAT10	NAT10	ortholog_one2one
PI4K2A	PI4K2A	ortholog_one2one
ADCK2	ADCK2	ortholog_one2one
SGK1	SGK1	ortholog_one2many
SGK1		ortholog_one2many
UBR1	UBR1	ortholog_one2one
MTMR4	MTMR4	ortholog_one2one
HMGA2	HMGA2	ortholog_one2one
BIN3	BIN3	ortholog_one2one
RUNX3	RUNX3	ortholog_one2one
INHBA	INHBA	ortholog_one2one
DNTTIP2	DNTTIP2	ortholog_one2many
DNTTIP2		ortholog_one2many
KCNMA1	KCNMA1	ortholog_one2one
PITPNM2	PITPNM2	ortholog_one2one
POLM	POLM	ortholog_one2one
AP3D1	AP3D1	ortholog_one2one
P3R3URF	P3R3URF	ortholog_one2one
COX7C	COX7C	ortholog_one2one
EPHA3	EPHA3	ortholog_one2one
ELAC2	ELAC2	ortholog_one2one
TRIM52	TRIM52	ortholog_one2one
LRTM2	LRTM2	ortholog_one2one
GSDMD	GSDMD	ortholog_one2one
VPS13C	VPS13C	ortholog_one2one
FCHO2	FCHO2	ortholog_one2one
KLRG1	KLRG1	ortholog_one2one
ZC2HC1B	ZC2HC1B	ortholog_one2one
CFAP20DC	CFAP20DC	ortholog_one2one
QNG1	QNG1	ortholog_one2one
CMTM2	CMTM2	ortholog_one2one
OAS2	OAS2	ortholog_one2one
RSPH9	RSPH9	ortholog_one2one
KDM8	KDM8	ortholog_one2one
CDKN2B	CDKN2B	ortholog_one2one
PIP5K1B	PIP5K1B	ortholog_one2one
PRRC2A	PRRC2A	ortholog_one2one
ESRRA	ESRRA	ortholog_one2one
KCNJ8	KCNJ8	ortholog_one2one
CNNM2	CNNM2	ortholog_one2one
ZNF251	ZNF251	ortholog_one2one
CYP26A1	CYP26A1	ortholog_one2one
KRT75	KRT75	ortholog_one2one
XPO6	XPO6	ortholog_one2one
SEC23A	SEC23A	ortholog_one2one
ARAP2	ARAP2	ortholog_one2one
KICS2	KICS2	ortholog_one2one
POLR3A	POLR3A	ortholog_one2one
HDAC3	HDAC3	ortholog_one2one
NXPE3	NXPE3	ortholog_one2one
TMT1A	TMT1A	ortholog_one2one
SNTB1	SNTB1	ortholog_one2one
CYP21A2	CYP21A2	ortholog_one2one
TSPAN8	TSPAN8	ortholog_one2one
RHOC	RHOC	ortholog_one2one
NEDD4	NEDD4	ortholog_one2one
FBXO43	FBXO43	ortholog_one2one
ADCY8	ADCY8	ortholog_one2one
TRIM44	TRIM44	ortholog_one2one
RIF1	RIF1	ortholog_one2one
KIF20B	KIF20B	ortholog_one2one
ANK1	ANK1	ortholog_one2one
LYZL4	LYZA	ortholog_one2one
PKNOX2	PKNOX2	ortholog_one2one
CEP290	CEP290	ortholog_one2one
SIGLEC6		ortholog_one2many
FERMT2	FERMT2	ortholog_one2one
NDUFA8	NDUFA8	ortholog_one2many
NDUFA8		ortholog_one2many
AP3M1	AP3M1	ortholog_one2one
EXOSC3	EXOSC3	ortholog_one2one
MCCC1	MCCC1	ortholog_one2one
LAT2	LAT2	ortholog_one2one
SEC24B	SEC24B	ortholog_one2one
SESN1	SESN1	ortholog_one2one
HACD4	HACD4	ortholog_one2many
HACD4		ortholog_one2many
BIRC3	BIRC3	ortholog_one2one
SNX29	SNX29	ortholog_one2one
VCP	VCP	ortholog_one2one
RBM24	RBM24	ortholog_one2one
PAAF1	PAAF1	ortholog_one2one
TRHDE	TRHDE	ortholog_one2one
CFAP58	CFAP58	ortholog_one2one
KIAA1586	KIAA1586	ortholog_one2one
DDX50	DDX50	ortholog_one2one
NRIP2	NRIP2	ortholog_one2one
HSF1	HSF1	ortholog_one2one
ACSM2A		ortholog_one2many
ELOVL7	ELOVL7	ortholog_one2one
ZBTB12	ZBTB12	ortholog_one2one
SDHAF4	SDHAF4	ortholog_one2one
ANKLE2	ANKLE2	ortholog_one2one
PERP	PERP	ortholog_one2one
POP4	POP4	ortholog_one2one
C5orf46	C5orf46	ortholog_one2one
HCRTR2	HCRTR2	ortholog_one2one
GPANK1	GPANK1	ortholog_one2one
RTF1	RTF1	ortholog_one2one
SAR1B	SAR1B	ortholog_one2one
MYOCD	MYOCD	ortholog_one2one
PPM1A	PPM1A	ortholog_one2one
CRX	CRX	ortholog_one2one
SPG11	SPG11	ortholog_one2one
CFAP69	CFAP69	ortholog_one2one
LYL1	LYL1	ortholog_one2one
SFT2D1	SFT2D1	ortholog_one2one
CD9	CD9	ortholog_one2one
EXO1	EXO1	ortholog_one2one
WNK4	WNK4	ortholog_one2one
ZNF558	ZNF558	ortholog_one2one
EZR	EZR	ortholog_one2one
CTNS	CTNS	ortholog_one2one
SMPD4	SMPD4	ortholog_one2one
MIOS	MIOS	ortholog_one2one
RANBP17	RANBP17	ortholog_one2one
PGM2L1	PGM2L1	ortholog_one2many
PGM2L1		ortholog_one2many
MAPK8IP3	MAPK8IP3	ortholog_one2one
MSI1	MSI1	ortholog_one2one
S100A13	S100A13	ortholog_one2one
ZNF875	ZNF875	ortholog_one2one
ZNF32	ZNF32	ortholog_one2one
ABCA1	ABCA1	ortholog_one2one
TRMT9B	TRMT9B	ortholog_one2one
KPNA2		ortholog_one2one
UEVLD		ortholog_one2one
C4orf36	CUNH4orf36	ortholog_one2one
MANSC1	MANSC1	ortholog_one2one
OPTN	OPTN	ortholog_one2one
FAM229B	FAM229B	ortholog_one2one
P2RX2	P2RX2	ortholog_one2one
ZNF746	ZNF746	ortholog_one2one
CFAP126	CFAP126	ortholog_one2one
SCGN	SCGN	ortholog_one2one
SPMIP8	SPMIP8	ortholog_one2one
SLC7A2	SLC7A2	ortholog_one2one
PDS5A	PDS5A	ortholog_one2one
ING3	ING3	ortholog_one2many
ING3		ortholog_one2many
SLX1A	SLX1A	ortholog_one2many
TMEM106A	TMEM106A	ortholog_one2one
TAPBP	TAPBP	ortholog_one2one
ALS2CL	ALS2CL	ortholog_one2one
NEMF	NEMF	ortholog_one2one
ZNF584	ZNF584	ortholog_one2one
ZSCAN32	ZSCAN32	ortholog_one2one
BOD1	BOD1	ortholog_one2many
CREBRF	CREBRF	ortholog_one2one
IGSF23		ortholog_one2one
MYO19	MYO19	ortholog_one2one
WDR72	WDR72	ortholog_one2one
FOXJ3	FOXJ3	ortholog_one2one
MYMK	MYMK	ortholog_one2one
ARHGAP45	ARHGAP45	ortholog_one2one
IL33	IL33	ortholog_one2one
FAM3C	FAM3C	ortholog_one2one
HAGHL	HAGHL	ortholog_one2one
WDR41	WDR41	ortholog_one2one
CCDC91	CCDC91	ortholog_one2one
MELK	MELK	ortholog_one2one
KCNK1	KCNK1	ortholog_one2one
GDAP1	GDAP1	ortholog_one2one
DPF3	DPF3	ortholog_one2one
SPRED1	SPRED1	ortholog_one2one
ZSCAN16	ZSCAN16	ortholog_one2one
CD320	CD320	ortholog_one2one
MARK2	MARK2	ortholog_one2one
MBLAC1	MBLAC1	ortholog_one2one
AMFR	AMFR	ortholog_one2one
RTCA	RTCA	ortholog_one2one
SKAP2	SKAP2	ortholog_one2one
CD164	CD164	ortholog_one2one
RAMAC	RAMAC	ortholog_one2many
RNF212B	RNF212B	ortholog_one2one
TRPA1	TRPA1	ortholog_one2one
FBL	FBL	ortholog_one2one
DNAJA4	DNAJA4	ortholog_one2many
DNAJA4		ortholog_one2many
TRIP11	TRIP11	ortholog_one2one
CFAP141	CFAP141	ortholog_one2one
DNAAF11	DNAAF11	ortholog_one2one
SPP2	SPP2	ortholog_one2one
ISOC1	ISOC1	ortholog_one2one
NTAN1	NTAN1	ortholog_one2many
NTAN1		ortholog_one2many
CS	CS	ortholog_one2one
DDX41	DDX41	ortholog_one2one
NCALD	NCALD	ortholog_one2one
COPS6	COPS6	ortholog_one2one
TMEM170B	TMEM170B	ortholog_one2one
IBTK	IBTK	ortholog_one2one
TM2D3	TM2D3	ortholog_one2one
ZNF653	ZNF653	ortholog_one2one
CKLF	CKLF	ortholog_one2one
ZNF284	ZNF225	ortholog_one2many
KCNH6	KCNH6	ortholog_one2one
NGB	NGB	ortholog_one2one
NKAIN3	NKAIN3	ortholog_one2one
TTC6		ortholog_one2one
ETV2	ETV2	ortholog_one2one
CNEP1R1	CNEP1R1	ortholog_one2one
ATAD2	ATAD2	ortholog_one2one
PPIP5K1	PPIP5K1	ortholog_one2one
TP73	TP73	ortholog_one2one
PRKAR2A	PRKAR2A	ortholog_one2one
CENPK	CENPK	ortholog_one2one
CCT4	CCT4	ortholog_one2one
KCNH4	KCNH4	ortholog_one2one
PPIA	PPIA	ortholog_one2one
TOX4	TOX4	ortholog_one2one
TMEM97	TMEM97	ortholog_one2one
CLEC11A	CLEC11A	ortholog_one2one
ZNF205	ZNF205	ortholog_one2one
CRTC1	CRTC1	ortholog_one2one
RPS6KB1	RPS6KB1	ortholog_one2one
NUTM1	NUTM1	ortholog_one2one
RNF212	RNF212	ortholog_one2one
SIAH2	SIAH2	ortholog_one2one
GIMAP8	GIMAP8	ortholog_one2one
GSPT1	GSPT1	ortholog_one2one
ELOC	ELOC	ortholog_one2one
PLAAT1	PLAAT1	ortholog_one2one
MYL10	MYL10	ortholog_one2one
PACS2	PACS2	ortholog_one2one
FMNL3	FMNL3	ortholog_one2one
ELMO1	ELMO1	ortholog_one2one
SLC6A17	SLC6A17	ortholog_one2one
TPRN	TPRN	ortholog_one2one
SPOCK3	SPOCK3	ortholog_one2one
OSCAR	OSCAR	ortholog_one2one
SDHAF2	SDHAF2	ortholog_one2one
PCOLCE2	PCOLCE2	ortholog_one2one
HES4	HES4	ortholog_one2one
AHRR	AHRR	ortholog_one2one
PRR16	PRR16	ortholog_one2one
TFPT	TFPT	ortholog_one2one
PLGRKT	PLGRKT	ortholog_one2one
SRPRA	SRPRA	ortholog_one2one
TNPO1	TNPO1	ortholog_one2one
SLC45A3	SLC45A3	ortholog_one2one
DPYSL5	DPYSL5	ortholog_one2one
ILF3	ILF3	ortholog_one2one
DENND10	DENND10	ortholog_one2one
IFT122	IFT122	ortholog_one2one
UBAP2	UBAP2	ortholog_one2one
ST3GAL2	ST3GAL2	ortholog_one2one
DYNLT5	DYNLT5	ortholog_one2one
ATF1	ATF1	ortholog_one2one
TPD52	TPD52	ortholog_one2one
GLS	GLS	ortholog_one2one
GOLT1A	GOLT1A	ortholog_one2one
DLAT	DLAT	ortholog_one2one
CSNK2A2		ortholog_one2many
CSNK2A2	CSNK2A2	ortholog_one2many
RARRES2	RARRES2	ortholog_one2one
ZRANB1	ZRANB1	ortholog_one2one
RPS8		ortholog_one2one
BBS7	BBS7	ortholog_one2one
PLEKHS1	PLEKHS1	ortholog_one2one
SNX20	SNX20	ortholog_one2one
MON2	MON2	ortholog_one2one
EPN2	EPN2	ortholog_one2many
EPN2		ortholog_one2many
RBM20	RBM20	ortholog_one2one
KGD4		ortholog_one2many
KGD4	KGD4	ortholog_one2many
DNAJA3	DNAJA3	ortholog_one2one
TYRO3	TYRO3	ortholog_one2one
CHST15	CHST15	ortholog_one2one
GUCA1A	GUCA1A	ortholog_one2one
GLRX	GLRX	ortholog_one2one
C8orf90	C8orf90	ortholog_one2one
SEC63	SEC63	ortholog_one2one
NSD3	NSD3	ortholog_one2one
DTX4	DTX4	ortholog_one2one
GHRHR	GHRHR	ortholog_one2one
CCDC158	CCDC158	ortholog_one2one
VDAC1	VDAC1	ortholog_one2one
DAPK1	DAPK1	ortholog_one2one
MYO7A	MYO7A	ortholog_one2one
DGKI	DGKI	ortholog_one2one
RPS3A	RPS3A	ortholog_one2one
ZRANB3	ZRANB3	ortholog_one2one
ZNF503	ZNF503	ortholog_one2one
PWWP2B	PWWP2B	ortholog_one2one
SNX27	SNX27	ortholog_one2one
NOLC1	NOLC1	ortholog_one2one
VHL	VHL	ortholog_one2one
RHOA	RHOA	ortholog_one2one
GNA12	GNA12	ortholog_one2one
VAC14	VAC14	ortholog_one2one
LMTK2	LMTK2	ortholog_one2one
ZNF35	ZNF35	ortholog_one2one
ALKBH5	ALKBH5	ortholog_one2one
LPCAT4	LPCAT4	ortholog_one2one
YTHDF3		ortholog_one2one
CD300LF	CD300LF	ortholog_one2one
SERPINE1	SERPINE1	ortholog_one2one
ARHGEF3	ARHGEF3	ortholog_one2one
ELMOD2	ELMOD2	ortholog_one2one
GNRH1	GNRH1	ortholog_one2one
LSM8	LSM8	ortholog_one2one
DDHD2	DDHD2	ortholog_one2one
TEN1	TEN1	ortholog_one2one
KIF5B	KIF5B	ortholog_one2one
GFM2	GFM2	ortholog_one2one
CRYGN	CRYGN	ortholog_one2one
ACTG2	ACTG2	ortholog_one2one
CLK3	CLK3	ortholog_one2one
ECHDC1	ECHDC1	ortholog_one2many
ECHDC1		ortholog_one2many
CWC25	CWC25	ortholog_one2one
AEBP1	AEBP1	ortholog_one2one
KIAA0232	KIAA0232	ortholog_one2one
NUBP2	NUBP2	ortholog_one2one
AADAT		ortholog_one2many
SLC46A1	SLC46A1	ortholog_one2one
RHOG	RHOG	ortholog_one2one
PADI1	PADI1	ortholog_one2one
MYO1D	MYO1D	ortholog_one2one
LRRC9	LRRC9	ortholog_one2one
C8orf33	C9H8orf33	ortholog_one2many
C8orf33		ortholog_one2many
MYOG	MYOG	ortholog_one2many
CD151	CD151	ortholog_one2one
B3GALNT1		ortholog_one2many
OPN3	OPN3	ortholog_one2one
SOS2	SOS2	ortholog_one2one
RAC1	RAC1	ortholog_one2one
BMP10	BMP10	ortholog_one2one
IRF8		ortholog_one2one
OSR1	OSR1	ortholog_one2one
FAM135B	FAM135B	ortholog_one2one
MRS2	MRS2	ortholog_one2one
CCN1	CCN1	ortholog_one2one
PCGF3	PCGF3	ortholog_one2one
NSMAF	NSMAF	ortholog_one2one
YPEL3	YPEL3	ortholog_one2one
PLXNA4	PLXNA4	ortholog_one2one
ATAD1	ATAD1	ortholog_one2one
CLIP4	CLIP4	ortholog_one2one
RAB19	RAB19	ortholog_one2one
SSBP3	SSBP3	ortholog_one2one
IL27	IL27	ortholog_one2one
ZNF573	ZNF573	ortholog_one2one
BRAF	BRAF	ortholog_one2one
NME3	NME3	ortholog_one2one
ITPK1	ITPK1	ortholog_one2one
ANKRD33B	ANKRD33B	ortholog_one2one
NXN	NXN	ortholog_one2one
PDZRN4	PDZRN4	ortholog_one2one
CRHBP	CRHBP	ortholog_one2one
ARRDC4	ARRDC4	ortholog_one2one
SLCO1A2	SLCO1A2	ortholog_one2one
BFAR	BFAR	ortholog_one2one
FAM117A	FAM117A	ortholog_one2one
RALGPS1	RALGPS1	ortholog_one2one
EIF4E1B	EIF4E1B	ortholog_one2one
AP3S2		ortholog_one2many
SMPDL3A	SMPDL3A	ortholog_one2one
RWDD4	RWDD4	ortholog_one2one
	SLC35A4	ortholog_one2one
SUPT5H	SUPT5H	ortholog_one2one
CPD	CPD	ortholog_one2one
BUD13	BUD13	ortholog_one2one
UBE2D2		ortholog_one2many
UBE2D2	UBE2D2	ortholog_one2many
OLFML2B	OLFML2B	ortholog_one2one
CPZ	CPZ	ortholog_one2one
GGA2	GGA2	ortholog_one2one
CALHM4	CALHM4	ortholog_one2one
YPEL4	YPEL4	ortholog_one2one
IL22RA1	IL22RA1	ortholog_one2one
MCUR1	MCUR1	ortholog_one2many
MCUR1		ortholog_one2many
BCL11B	BCL11B	ortholog_one2one
KRT74	KRT74	ortholog_one2one
DPYS	DPYS	ortholog_one2one
DPH1	DPH1	ortholog_one2one
PTPN6	PTPN6	ortholog_one2one
TRMT5	TRMT5	ortholog_one2one
ADAMTS16	ADAMTS16	ortholog_one2one
THYN1	THYN1	ortholog_one2one
ADAMTS17	ADAMTS17	ortholog_one2one
RPA2	RPA2	ortholog_one2one
ARHGAP5	ARHGAP5	ortholog_one2one
CHCHD2	CHCHD2	ortholog_one2one
ATXN1	ATXN1	ortholog_one2one
SURF4	SURF4	ortholog_one2one
KIAA0513	KIAA0513	ortholog_one2one
SLC26A1	SLC26A1	ortholog_one2one
PPP1R11	PPP1R11	ortholog_one2one
IDH2	IDH2	ortholog_one2one
TMEM225B	TMEM225B	ortholog_one2one
CCDC85C	CCDC85C	ortholog_one2one
FAM47E	FAM47E	ortholog_one2one
TPSAB1	TPSAB1	ortholog_many2many
TPSAB1		ortholog_many2many
NEK9	NEK9	ortholog_one2one
EMP2	EMP2	ortholog_one2one
RP9		ortholog_one2many
TRAPPC3	TRAPPC3	ortholog_one2one
SAAL1	SAAL1	ortholog_one2one
PAICS	PAICS	ortholog_one2one
GTF3C5	GTF3C5	ortholog_one2one
CUX1	CUX1	ortholog_one2one
PYROXD1	PYROXD1	ortholog_one2one
XPO7	XPO7	ortholog_one2one
POLDIP2	POLDIP2	ortholog_one2one
HHEX	HHEX	ortholog_one2one
ABCC11	ABCC11	ortholog_one2one
MARCKSL1	MARCKSL1	ortholog_one2one
FAF2	FAF2	ortholog_one2one
TSSK6	TSSK6	ortholog_one2one
TUBGCP2	TUBGCP2	ortholog_one2one
FXYD3	FXYD3	ortholog_one2one
DMXL2	DMXL2	ortholog_one2one
SFT2D2	SFT2D2	ortholog_one2one
RPL10A	RPL10A	ortholog_one2one
ZNF2	ZNF2	ortholog_one2one
SMOC1	SMOC1	ortholog_one2one
C1orf185	C1orf185	ortholog_one2one
TMEM182	TMEM182	ortholog_one2one
CDK10	CDK10	ortholog_one2one
A2M	A2M	ortholog_one2one
PPARG	PPARG	ortholog_one2one
MTRF1L	MTRF1L	ortholog_one2one
INO80B	INO80B	ortholog_one2one
GFPT2	GFPT2	ortholog_one2one
ZNF202	ZNF202	ortholog_one2one
AP4B1	AP4B1	ortholog_one2one
KATNA1	KATNA1	ortholog_one2one
STRADA	STRADA	ortholog_one2one
CCNK	CCNK	ortholog_one2one
NOL8	NOL8	ortholog_one2one
CXCL8	CXCL8	ortholog_one2one
MGST2	MGST2	ortholog_one2one
NCOA4	NCOA4	ortholog_one2one
CHAC1	CHAC1	ortholog_one2one
EVL	EVL	ortholog_one2one
MFGE8	MFGE8	ortholog_one2one
STC1	STC1	ortholog_one2one
CHIC2	CHIC2	ortholog_one2one
PNOC	PNOC	ortholog_one2one
MRPL1		ortholog_one2one
ZC3H3	ZC3H3	ortholog_one2one
SYPL1	SYPL1	ortholog_one2one
TBC1D32	TBC1D32	ortholog_one2one
SPI1	SPI1	ortholog_one2one
SLC45A4	SLC45A4	ortholog_one2one
EZH2	EZH2	ortholog_one2one
DCAF16	DCAF16	ortholog_one2one
TMEM154	TMEM154	ortholog_one2one
SLC45A1	SLC45A1	ortholog_one2one
MS4A13	MS4A13	ortholog_one2one
PROM1	PROM1	ortholog_one2one
PDE7A	PDE7A	ortholog_one2one
PPP4R4	PPP4R4	ortholog_one2one
CMYA5	CMYA5	ortholog_one2one
SERPING1	SERPING1	ortholog_one2one
DUSP10	DUSP10	ortholog_one2one
ACP5	ACP5	ortholog_one2one
LTV1	LTV1	ortholog_one2one
IMMT	IMMT	ortholog_one2one
MEP1A	MEP1A	ortholog_one2one
MMP25	MMP25	ortholog_one2one
PDCD6	PDCD6	ortholog_one2one
BRMS1L	BRMS1L	ortholog_one2one
PAQR5	PAQR5	ortholog_one2one
UNC13A	UNC13A	ortholog_one2one
NANS	NANS	ortholog_one2one
NECAB2	NECAB2	ortholog_one2one
CYP17A1	CYP17A1	ortholog_one2one
ERN2	ERN2	ortholog_one2one
CILK1	CILK1	ortholog_one2one
GREM1	GREM1	ortholog_one2one
NKX6-3	NKX6-3	ortholog_one2one
MARK3	MARK3	ortholog_one2one
DCAF13	DCAF13	ortholog_one2one
CDC7	CDC7	ortholog_one2one
CEACAM6		ortholog_many2many
BICRAL	BICRAL	ortholog_one2one
PPP1R26	PPP1R26	ortholog_one2one
CDK14	CDK14	ortholog_one2one
FREY1	FREY1	ortholog_one2one
FCGRT	FCGRT	ortholog_one2one
MYCT1	MYCT1	ortholog_one2one
MOGAT2	MOGAT2	ortholog_one2one
HLA-DQB2		ortholog_many2many
TBC1D9B	TBC1D9B	ortholog_one2one
TBX18	TBX18	ortholog_one2one
RABEPK	RABEPK	ortholog_one2one
CD5	CD5	ortholog_one2one
COMTD1	COMTD1	ortholog_one2one
HLA-DPA1	HLA-DPA1	ortholog_one2one
TPP1	TPP1	ortholog_one2one
GCLC	GCLC	ortholog_one2one
IL2RA	IL2RA	ortholog_one2one
TONSL	TONSL	ortholog_one2one
COQ7	COQ7	ortholog_one2one
DDX21		ortholog_one2many
PGAP4	PGAP4	ortholog_one2one
CCDC181	CCDC181	ortholog_one2one
ZC3H18	ZC3H18	ortholog_one2one
VAT1	VAT1	ortholog_one2one
OMD	OMD	ortholog_one2one
STKLD1	STKLD1	ortholog_one2one
TBC1D31	TBC1D31	ortholog_one2one
CIMAP2	CIMAP2	ortholog_one2one
ATP6V1G1		ortholog_one2many
ATP6V1G1	ATP6V1G1	ortholog_one2many
USP45	USP45	ortholog_one2one
POLG2	POLG2	ortholog_one2one
RABGAP1	RABGAP1	ortholog_one2one
DCAF5	DCAF5	ortholog_one2one
LEMD1	LEMD1	ortholog_one2one
SPDYE1	SPDYE3	ortholog_one2many
P3H2	P3H2	ortholog_one2one
GIGYF1	GIGYF1	ortholog_one2one
NME4	NME4	ortholog_one2one
DNMT1	DNMT1	ortholog_one2one
OPALIN	OPALIN	ortholog_one2one
GFI1	GFI1	ortholog_one2one
LLGL2	LLGL2	ortholog_one2one
ADIPOQ	ADIPOQ	ortholog_one2one
TRIM59	TRIM59	ortholog_one2one
ZFHX2	ZFHX2	ortholog_one2one
NSMCE4A	NSMCE4A	ortholog_one2one
ARB2A	ARB2A	ortholog_one2one
DNAL1	DNAL1	ortholog_one2one
XXYLT1	XXYLT1	ortholog_one2one
TFEC	TFEC	ortholog_one2one
ENPP3	ENPP3	ortholog_one2one
HSD17B2	HSD17B2	ortholog_one2one
OTUB2	OTUB2	ortholog_one2one
FGF12	FGF12	ortholog_one2one
MAPK1IP1L	MAPK1IP1L	ortholog_one2one
MYO1A	MYO1A	ortholog_one2one
JKAMP	JKAMP	ortholog_one2one
GIMAP1	GIMAP1	ortholog_one2one
GK5	GK5	ortholog_one2one
MYLK4	MYLK4	ortholog_one2one
ASH2L	ASH2L	ortholog_one2one
IDI1		ortholog_one2many
TYW1B		ortholog_one2many
EMC8	EMC8	ortholog_one2one
LSM11	LSM11	ortholog_one2one
PGBD1	PGBD1	ortholog_one2one
SFTPD	SFTPD	ortholog_one2one
UTP15	UTP15	ortholog_one2many
UTP15		ortholog_one2many
TRAF1	TRAF1	ortholog_one2one
GCK	GCK	ortholog_one2one
MCUB		ortholog_one2many
MCUB	MCUB	ortholog_one2many
SUPT3H	SUPT3H	ortholog_one2one
ST8SIA1	ST8SIA1	ortholog_one2one
PLEK2	PLEK2	ortholog_one2one
PARP3	PARP3	ortholog_one2one
NDRG4	NDRG4	ortholog_one2one
ECT2L	ECT2L	ortholog_one2one
JCHAIN	JCHAIN	ortholog_one2one
TTC39B	TTC39B	ortholog_one2one
ZCCHC8	ZCCHC8	ortholog_one2one
GPR146	GPR146	ortholog_one2one
PLEKHD1	PLEKHD1	ortholog_one2one
PRCP	PRCP	ortholog_one2one
CACUL1	CACUL1	ortholog_one2one
FRYL	FRYL	ortholog_one2one
HAUS4	HAUS4	ortholog_one2one
ZNF76	ZNF76	ortholog_one2one
FASTK	FASTK	ortholog_one2one
RAB3GAP2	RAB3GAP2	ortholog_one2one
GABRA1	GABRA1	ortholog_one2one
PITRM1	PITRM1	ortholog_one2one
LRRC23	LRRC23	ortholog_one2one
JAGN1	JAGN1	ortholog_one2one
TXNDC8	TXNDC8	ortholog_one2one
NDUFB5		ortholog_one2many
NDUFB5	NDUFB5	ortholog_one2many
COQ4	COQ4	ortholog_one2one
RAB1A	RAB1A	ortholog_one2one
WDR88	WDR88	ortholog_one2one
ERI1	ERI1	ortholog_one2one
URI1	URI1	ortholog_one2one
GKN1	GKN1	ortholog_one2one
CORIN	CORIN	ortholog_one2one
SPAG16	SPAG16	ortholog_one2one
THEM6	THEM6	ortholog_one2one
SCYL1	SCYL1	ortholog_one2one
PRPF40B	PRPF40B	ortholog_one2one
GALNT12	GALNT12	ortholog_one2one
FGF1	FGF1	ortholog_one2one
AZIN1	AZIN1	ortholog_one2one
ADGRG7	ADGRG7	ortholog_one2one
PSG4		ortholog_many2many
LRRC58	LRRC58	ortholog_one2one
ZCCHC7	ZCCHC7	ortholog_one2one
CCSER2	CCSER2	ortholog_one2one
TM4SF1	TM4SF1	ortholog_one2one
C2orf92	C2orf92	ortholog_one2one
EXOC5	EXOC5	ortholog_one2one
VEPH1	VEPH1	ortholog_one2one
GRAPL	GRAPL	ortholog_one2one
SLC36A2	SLC36A2	ortholog_one2one
TAGLN2		ortholog_one2many
TAGLN2	TAGLN2	ortholog_one2many
TMEM88	TMEM88	ortholog_one2one
GAD2	GAD2	ortholog_one2one
TMEM95	TMEM95	ortholog_one2one
ZSCAN1		ortholog_one2one
ZPBP2	ZPBP2	ortholog_one2one
EBI3	EBI3	ortholog_one2one
MET	MET	ortholog_one2one
GSDMA	GSDMA	ortholog_one2one
CIPC	CIPC	ortholog_one2one
ALOXE3	ALOXE3	ortholog_one2one
CTNNA3	CTNNA3	ortholog_one2one
CEP20	CEP20	ortholog_one2one
IGSF10	IGSF10	ortholog_one2one
PLPP3	PLPP3	ortholog_one2one
ATG12	ATG12	ortholog_one2one
COL5A2	COL5A2	ortholog_one2one
PPFIBP1	PPFIBP1	ortholog_one2one
MEIOSIN	MEIOSIN	ortholog_one2one
MOGAT3	MOGAT3	ortholog_one2one
MFSD12	MFSD12	ortholog_one2one
WDR53	WDR53	ortholog_one2one
ESR1	ESR1	ortholog_one2one
LGALS3BP	LGALS3BP	ortholog_one2one
WAPL	WAPL	ortholog_one2one
LCN1	LCN1	ortholog_one2one
MYH6	MYH6	ortholog_one2one
SDE2	SDE2	ortholog_one2one
TRADD	TRADD	ortholog_one2one
NDUFA2	NDUFA2	ortholog_one2one
SH2D3C	SH2D3C	ortholog_one2one
SLC25A13	SLC25A13	ortholog_one2one
MAP6D1	MAP6D1	ortholog_one2one
MRNIP	MRNIP	ortholog_one2one
CMC2	CMC2	ortholog_one2one
SYNGR4	SYNGR4	ortholog_one2one
CALM3	CALM1	ortholog_one2one
BPHL	BPHL	ortholog_one2one
PGM1	PGM1	ortholog_one2one
CYCS		ortholog_one2many
MRRF	MRRF	ortholog_one2one
IFT56	IFT56	ortholog_one2one
PLSCR3	PLSCR3	ortholog_one2one
OPA1	OPA1	ortholog_one2one
LILRB3		ortholog_many2many
LILRB3	LILRB4	ortholog_many2many
ADAM7	ADAM7	ortholog_one2one
SLC30A5	SLC30A5	ortholog_one2one
SLC12A3	SLC12A3	ortholog_one2one
KHDRBS3	KHDRBS3	ortholog_one2one
SLC17A2	SLC17A2	ortholog_one2one
C1QTNF7	C1QTNF7	ortholog_one2one
ADGRA1	ADGRA1	ortholog_one2one
SH3D19	SH3D19	ortholog_one2one
ENTR1		ortholog_one2many
ENTR1	ENTR1	ortholog_one2many
HACD1	HACD1	ortholog_one2one
TMEM205	TMEM205	ortholog_one2one
TMEM214	TMEM214	ortholog_one2one
PEBP4	PEBP4	ortholog_one2one
IMMP2L	IMMP2L	ortholog_one2one
NIPSNAP2	NIPSNAP2	ortholog_one2one
ZC3H11A	ZC3H11A	ortholog_one2many
SLF2	SLF2	ortholog_one2one
CILP2	CILP2	ortholog_one2one
NCS1	NCS1	ortholog_one2one
SLC20A2	SLC20A2	ortholog_one2one
VPS53	VPS53	ortholog_one2one
STRBP	STRBP	ortholog_one2one
SIGLEC5		ortholog_one2many
F2RL3	F2RL3	ortholog_one2one
MED16	MED16	ortholog_one2one
CYP2E1	CYP2E1	ortholog_one2one
C5orf47	C5orf47	ortholog_one2one
MBLAC2	MBLAC2	ortholog_one2one
TRIP13	TRIP13	ortholog_one2one
TAF8		ortholog_one2many
PACC1	PACC1	ortholog_one2one
CACNA2D1	CACNA2D1	ortholog_one2one
TEX36	TEX36	ortholog_one2one
PPP2R2B	PPP2R2B	ortholog_one2one
COX15	COX15	ortholog_one2one
MDGA1	MDGA1	ortholog_one2one
SEPTIN10	SEPTIN10	ortholog_one2many
SEPTIN10		ortholog_one2many
ALOX5	ALOX5	ortholog_one2one
KLF3	KLF3	ortholog_one2one
SPNS1	SPNS1	ortholog_one2one
HLA-DRB5		ortholog_one2many
PRKDC	PRKDC	ortholog_one2one
INTS12	INTS12	ortholog_one2one
EEF1E1	EEF1E1	ortholog_one2one
FBLN5	FBLN5	ortholog_one2one
ZNF44		ortholog_one2many
ADM	ADM	ortholog_one2one
RANBP3L	RANBP3L	ortholog_one2one
ZNF169	ZNF169	ortholog_one2one
SAP25	SAP25	ortholog_one2one
NRAS	NRAS	ortholog_one2many
NRAS		ortholog_one2many
COX7A2	COX7A2	ortholog_one2one
YWHAG	YWHAG	ortholog_one2one
ITPKC	ITPKC	ortholog_one2one
ANLN	ANLN	ortholog_one2one
TRAF2	TRAF2	ortholog_one2one
CEP126	CEP126	ortholog_one2one
PET100	PET100	ortholog_one2one
FAM234A	FAM234A	ortholog_one2one
PHACTR2	PHACTR2	ortholog_one2one
EFCAB7	EFCAB7	ortholog_one2one
CCDC152	CCDC152	ortholog_one2one
C19orf12	C19orf12	ortholog_one2one
ZCCHC24	ZCCHC24	ortholog_one2one
ACCS	ACCS	ortholog_one2one
PAX2	PAX2	ortholog_one2one
ADAM17	ADAM17	ortholog_one2one
CIDEB	CIDEB	ortholog_one2one
F2RL1	F2RL1	ortholog_one2one
IFT20		ortholog_one2one
GDNF	GDNF	ortholog_one2one
ZNF608	ZNF608	ortholog_one2one
CFAP96	CFAP96	ortholog_one2one
AGAP3	AGAP3	ortholog_one2one
SLC2A1	SLC2A1	ortholog_one2one
TEX15	TEX15	ortholog_one2one
FXYD1	FXYD1	ortholog_one2one
DACT1	DACT1	ortholog_one2one
SRFBP1	SRFBP1	ortholog_one2one
RASSF4	RASSF4	ortholog_one2one
TCF24	TCF24	ortholog_one2one
LSM12	LSM12	ortholog_one2one
MCM4	MCM4	ortholog_one2one
DHX15	DHX15	ortholog_one2one
GATD1	GATD1	ortholog_one2one
OSMR	OSMR	ortholog_one2one
SERPINA11	SERPINA11	ortholog_one2one
PELP1	PELP1	ortholog_one2one
LIN7A	LIN7A	ortholog_one2one
SLC39A2	SLC39A2	ortholog_one2one
KCNH5	KCNH5	ortholog_one2one
IP6K3	IP6K3	ortholog_one2one
CPM	CPM	ortholog_one2one
PRPF39	PRPF39	ortholog_one2one
C11orf65	C11orf65	ortholog_one2one
DNAH7	DNAH7	ortholog_one2one
IRF2	IRF2	ortholog_one2one
MALSU1	MALSU1	ortholog_one2one
HNRNPK	HNRNPK	ortholog_one2one
CCL23	CCL15	ortholog_many2many
CCL23		ortholog_many2many
SOSTDC1	SOSTDC1	ortholog_one2one
ARL4A	ARL4A	ortholog_one2one
BLMH	BLMH	ortholog_one2one
TPCN2	TPCN2	ortholog_one2one
RMND1	RMND1	ortholog_one2one
SND1	SND1	ortholog_one2one
CYSTM1	CYSTM1	ortholog_one2one
ANXA8		ortholog_one2many
SF3A3		ortholog_one2many
SF3A3	SF3A3	ortholog_one2many
ZC3H8	ZC3H8	ortholog_one2one
CXCR6	CXCR6	ortholog_one2one
NCK1	NCK1	ortholog_one2one
INPP5A	INPP5A	ortholog_one2one
CDH10	CDH10	ortholog_one2one
INTU	INTU	ortholog_one2one
HLA-DOB	HLA-DOB	ortholog_one2one
MAP2K2	MAP2K2	ortholog_one2one
RACGAP1	RACGAP1	ortholog_one2one
SULT1C2	SULT1C2	ortholog_one2one
SCARF1	SCARF1	ortholog_one2one
ABRACL		ortholog_one2many
ABRACL	ABRACL	ortholog_one2many
TTC1	TTC1	ortholog_one2one
CCR1	CCR1	ortholog_one2one
RARRES1	RARRES1	ortholog_one2one
PLVAP	PLVAP	ortholog_one2one
TTC9	TTC9	ortholog_one2one
EFHB	EFHB	ortholog_one2one
TMEM179	TMEM179	ortholog_one2one
CC2D2A	CC2D2A	ortholog_one2one
UTRN		ortholog_one2many
MMP14	MMP14	ortholog_one2one
SPAST	SPAST	ortholog_one2one
MIGA1	MIGA1	ortholog_one2one
AP1M1	AP1M1	ortholog_one2one
LASP1	LASP1	ortholog_one2one
RBM27	RBM27	ortholog_one2one
HIF1A	HIF1A	ortholog_one2one
AHSG	AHSG	ortholog_one2one
RAB3IL1	RAB3IL1	ortholog_one2one
MYOF	MYOF	ortholog_one2one
CHCT1	CHCT1	ortholog_one2one
AXIN2	AXIN2	ortholog_one2one
XPO5	XPO5	ortholog_one2one
SPATA19	SPATA19	ortholog_one2one
KCTD7	KCTD7	ortholog_one2one
OXCT1	OXCT1	ortholog_one2one
STRN	STRN	ortholog_one2one
TRIM49B		ortholog_one2many
ZBTB3	ZBTB3	ortholog_one2one
ST6GALNAC3	ST6GALNAC3	ortholog_one2one
CCZ1B	CCZ1	ortholog_one2many
HEPACAM	HEPACAM	ortholog_one2one
TIPARP	TIPARP	ortholog_one2one
ALDOC	ALDOC	ortholog_one2one
PUS3	PUS3	ortholog_one2one
SBK3	SBK3	ortholog_one2one
RC3H1	RC3H1	ortholog_one2one
CLASRP	CLASRP	ortholog_one2one
ACP3	ACP3	ortholog_one2one
TP53I11	TP53I11	ortholog_one2one
RASL11B	RASL11B	ortholog_one2one
TMEM33		ortholog_one2many
KCNJ13	KCNJ13	ortholog_one2one
PLAU	PLAU	ortholog_one2one
SGO1	SGO1	ortholog_one2one
WASF1	WASF1	ortholog_one2one
ADCY3	ADCY3	ortholog_one2one
RHOBTB1	RHOBTB1	ortholog_one2one
DOCK4	DOCK4	ortholog_one2one
NUP54	NUP54	ortholog_one2one
DNAJC16	DNAJC16	ortholog_one2one
GSTP1	GSTP1	ortholog_one2one
GPR137C	GPR137C	ortholog_one2one
BDKRB2	BDKRB2	ortholog_one2one
SPARCL1	SPARCL1	ortholog_one2one
SNAPC1	SNAPC1	ortholog_one2one
PTPRE	PTPRE	ortholog_one2one
TAF6L	TAF6L	ortholog_one2one
RAET1G		ortholog_one2many
UPK1B	UPK1B	ortholog_one2one
AAAS	AAAS	ortholog_one2one
CGRRF1	CGRRF1	ortholog_one2one
BEST2	BEST2	ortholog_one2one
HLF	HLF	ortholog_one2one
LRRC40	LRRC40	ortholog_one2one
DHX29	DHX29	ortholog_one2one
BORCS8	BORCS8	ortholog_one2one
PDE6G	PDE6G	ortholog_one2one
DORIP1	C14orf28	ortholog_one2one
UNC50	UNC50	ortholog_one2one
MYH3	MYH3	ortholog_one2one
APEX1	APEX1	ortholog_one2one
MUC4	MUC4	ortholog_one2one
VEGFB	VEGFB	ortholog_one2one
ZNF789	ZNF789	ortholog_one2one
ITGA8	ITGA8	ortholog_one2one
MEIOC	MEIOC	ortholog_one2one
GNAT2	GNAT2	ortholog_one2one
MEOX2	MEOX2	ortholog_one2one
NETO2	NETO2	ortholog_one2one
PROSER3		ortholog_one2one
SRSF1	SRSF1	ortholog_one2one
CDK13	CDK13	ortholog_one2one
ATF3	ATF3	ortholog_one2one
RPS13	RPS13	ortholog_one2one
KRT19	KRT19	ortholog_one2one
ZNF615	ZNF615	ortholog_one2one
ISCU		ortholog_one2one
LRRC3C	LRRC3C	ortholog_one2one
B9D1	B9D1	ortholog_one2one
TNN	TNN	ortholog_one2one
GNG13	GNG13	ortholog_one2one
OSGIN1	OSGIN1	ortholog_one2one
ACER1	ACER1	ortholog_one2one
DMTF1	DMTF1	ortholog_one2one
OLAH	OLAH	ortholog_one2one
EIF4E	EIF4E	ortholog_one2one
ZNF461	ZNF461	ortholog_one2one
AGXT	AGXT	ortholog_one2one
SNX24	SNX24	ortholog_one2one
FBXO21	FBXO21	ortholog_one2one
EHBP1L1	EHBP1L1	ortholog_one2one
PPP1R15A	PPP1R15A	ortholog_one2one
LTBP2	LTBP2	ortholog_one2one
ITGAL	ITGAL	ortholog_one2one
VIM	VIM	ortholog_one2one
ZNF444	ZNF444	ortholog_one2one
KDM6B	KDM6B	ortholog_one2one
CTSS	CTSS	ortholog_one2one
AIMP1	AIMP1	ortholog_one2one
FAM184A	FAM184A	ortholog_one2one
SH3PXD2B	SH3PXD2B	ortholog_one2one
DLK1	DLK1	ortholog_one2one
CYBC1	CYBC1	ortholog_one2one
SMIM15	SMIM15	ortholog_one2one
EFNA3	EFNA3	ortholog_one2one
SMAD5	SMAD5	ortholog_one2one
COPB1	COPB1	ortholog_one2one
FBXO33	FBXO33	ortholog_one2one
DPH3	DPH3	ortholog_one2one
SMG9	SMG9	ortholog_one2one
SLX4	SLX4	ortholog_one2one
MICOS10	MICOS10	ortholog_one2one
DNAJC1	DNAJC1	ortholog_one2one
IL17RB	IL17RB	ortholog_one2one
C16orf95	C16orf95	ortholog_one2one
SCARB2	SCARB2	ortholog_one2one
KRT18		ortholog_one2many
KRT18	KRT18	ortholog_one2many
HSF4	HSF4	ortholog_one2one
MLH3	MLH3	ortholog_one2one
SPDL1	SPDL1	ortholog_one2one
C10orf143	C10orf143	ortholog_one2one
ZFYVE9	ZFYVE9	ortholog_one2one
H2BC13		ortholog_one2one
SAFB2	SAFB2	ortholog_one2one
NUDT3	NUDT3	ortholog_one2one
MPRIP	MPRIP	ortholog_one2one
MTHFD1L	MTHFD1L	ortholog_one2one
TCF7L2	TCF7L2	ortholog_one2one
POLR3E	POLR3E	ortholog_one2one
TMCC3	TMCC3	ortholog_one2one
SLC4A4	SLC4A4	ortholog_one2one
SERPINA9	SERPINA9	ortholog_one2one
RBMS2	RBMS2	ortholog_one2one
DNAJB11		ortholog_one2many
DNAJB11	DNAJB11	ortholog_one2many
GYS1	GYS1	ortholog_one2one
PNO1	PNO1	ortholog_one2many
PNO1		ortholog_one2many
ROR1	ROR1	ortholog_one2one
IPO11		ortholog_one2many
IPO11	IPO11	ortholog_one2many
KLF17	KLF17	ortholog_one2one
MAP3K9	MAP3K9	ortholog_one2one
SLC1A4	SLC1A4	ortholog_one2one
STX7		ortholog_one2many
STX7	STX7	ortholog_one2many
STXBP6	STXBP6	ortholog_one2one
FOXR1	FOXR1	ortholog_one2one
ESPL1	ESPL1	ortholog_one2one
SLC4A7	SLC4A7	ortholog_one2one
MAMSTR	MAMSTR	ortholog_one2one
CPSF7	CPSF7	ortholog_one2one
HNMT	HNMT	ortholog_one2one
BAG2	BAG2	ortholog_one2one
ELANE	ELANE	ortholog_one2one
LDLRAP1	LDLRAP1	ortholog_one2one
SRF	SRF	ortholog_one2one
SMIM7	SMIM7	ortholog_one2one
IYD	IYD	ortholog_one2one
DERA	DERA	ortholog_one2one
GLO1	GLO1	ortholog_one2one
RAB2B	RAB2B	ortholog_one2one
COL12A1	COL12A1	ortholog_one2one
C14orf93	C14orf93	ortholog_one2one
CEP41	CEP41	ortholog_one2one
FAM222A	FAM222A	ortholog_one2one
ZNF131	ZNF131	ortholog_one2one
BARHL2	BARHL2	ortholog_one2one
GPR162	GPR162	ortholog_one2one
CALML6	CALML6	ortholog_one2one
MRTFB	MRTFB	ortholog_one2one
FAM98C	FAM98C	ortholog_one2one
IL10RA	IL10RA	ortholog_one2one
CLEC4A	CLEC4A	ortholog_one2one
PTPN7	PTPN7	ortholog_one2one
HPGD	HPGD	ortholog_one2one
CDK6	CDK6	ortholog_one2one
VWF	VWF	ortholog_one2one
SIGLEC10	SIGLEC10	ortholog_one2many
ANXA4	ANXA4	ortholog_one2one
FBXO4	FBXO4	ortholog_one2one
TCF25	TCF25	ortholog_one2one
PON3	PON3	ortholog_one2one
MRPL52	MRPL52	ortholog_one2one
DEAF1	DEAF1	ortholog_one2one
TRIM61	TRIM61	ortholog_one2one
CLEC20A	CLEC20A	ortholog_one2one
ITK	ITK	ortholog_one2one
AMN1	AMN1	ortholog_one2one
CTH		ortholog_one2many
CNTRL	CNTRL	ortholog_one2one
CNOT8	CNOT8	ortholog_one2one
PDE6B	PDE6B	ortholog_one2one
CMTM5	CMTM5	ortholog_one2one
CIT	CIT	ortholog_one2one
GZMM	GZMM	ortholog_one2one
EPHX4	EPHX4	ortholog_one2one
MYL5	MYL5	ortholog_one2one
RETN	RETN	ortholog_one2one
CDKL1	CDKL1	ortholog_one2one
ZNF624	ZNF624	ortholog_one2one
OPTC	OPTC	ortholog_one2one
FAM111A	FAM111A	ortholog_one2one
TRAPPC14	TRAPPC14	ortholog_one2one
SLC13A5	SLC13A5	ortholog_one2one
VAMP3	VAMP3	ortholog_one2one
TMEM63C	TMEM63C	ortholog_one2one
ELSPBP1	ELSPBP1	ortholog_one2one
SLC10A6	SLC10A6	ortholog_one2one
SLC5A5	SLC5A5	ortholog_one2one
ZKSCAN1	ZKSCAN1	ortholog_one2one
NSD2	NSD2	ortholog_one2one
OPA3	OPA3	ortholog_one2one
KIF18A	KIF18A	ortholog_one2one
TPM4	TPM4	ortholog_one2one
STRN3	STRN3	ortholog_one2one
MICALL2	MICALL2	ortholog_one2one
FOXJ1	FOXJ1	ortholog_one2one
SHISA6		ortholog_one2one
ATXN2L	ATXN2L	ortholog_one2one
CAVIN1	CAVIN1	ortholog_one2one
DNAH2	DNAH2	ortholog_one2one
UPK2	UPK2	ortholog_one2one
CARD18		ortholog_one2many
MYRF	MYRF	ortholog_one2one
SCN5A	SCN5A	ortholog_one2one
DHRS4L2		ortholog_one2many
AOC2	AOC2	ortholog_one2one
FAM131B	FAM131B	ortholog_one2one
TACO1		ortholog_one2one
TFPI2	TFPI2	ortholog_one2one
ZNF345	ZNF345	ortholog_one2one
STYK1	STYK1	ortholog_one2one
ZNRF2	ZNRF2	ortholog_one2one
AGBL3	AGBL3	ortholog_one2one
MICAL1	MICAL1	ortholog_one2one
HOOK2	HOOK2	ortholog_one2one
COL4A3	COL4A3	ortholog_one2one
STEAP4	STEAP4	ortholog_one2one
SERPINA1	SERPINA1	ortholog_one2one
MLXIP	MLXIP	ortholog_one2one
CHTF8	CHTF8	ortholog_one2one
CDCA7L	CDCA7L	ortholog_one2one
CHORDC1		ortholog_one2many
CHORDC1	CHORDC1	ortholog_one2many
CXCL17	CXCL17	ortholog_one2one
PPP1R13L	PPP1R13L	ortholog_one2one
TIMD4	TIMD4	ortholog_one2one
GAD1	GAD1	ortholog_one2one
COQ10A	COQ10A	ortholog_one2one
MTHFD2L	MTHFD2L	ortholog_one2one
TARS1	TARS1	ortholog_one2one
CHD8	CHD8	ortholog_one2one
KLRB1	KLRB1	ortholog_one2one
SLC10A4		ortholog_one2one
AFF1		ortholog_one2one
SMUG1	SMUG1	ortholog_one2many
SMUG1		ortholog_one2many
COPG1	COPG1	ortholog_one2one
LRGUK	LRGUK	ortholog_one2one
USHBP1	USHBP1	ortholog_one2one
TNS3	TNS3	ortholog_one2one
AFP	AFP	ortholog_one2one
EEF1G	EEF1G	ortholog_one2one
NTN5	NTN5	ortholog_one2one
ATP2A1	ATP2A1	ortholog_one2one
ZNF507	ZNF507	ortholog_one2one
UGT2A1	UGT2A1	ortholog_one2one
EIF2AK2	EIF2AK2	ortholog_one2one
GID4	GID4	ortholog_one2one
TBC1D19	TBC1D19	ortholog_one2one
NUDT12	NUDT12	ortholog_one2one
ZNF442		ortholog_one2many
TINCR	TINCR	ortholog_one2one
ABHD11	ABHD11	ortholog_one2one
SLC7A10	SLC7A10	ortholog_one2one
HIGD2A	HIGD2A	ortholog_one2many
ZNF366	ZNF366	ortholog_one2one
CCT6B	CCT6B	ortholog_one2one
ATL1	ATL1	ortholog_one2one
HOXC4	HOXC4	ortholog_one2one
SH3TC2	SH3TC2	ortholog_one2one
ZNF317	ZNF317	ortholog_one2one
TCTN1	TCTN1	ortholog_one2one
THOC7	THOC7	ortholog_one2one
GTF2IRD1	GTF2IRD1	ortholog_one2one
RPS6KA5	RPS6KA5	ortholog_one2one
TMIGD1	TMIGD1	ortholog_one2one
WDR6	WDR6	ortholog_one2one
CNFN	CNFN	ortholog_one2one
SSBP4		ortholog_one2one
MARCHF10	MARCHF10	ortholog_one2one
TIMM10B	TIMM10B	ortholog_one2one
MACIR	MACIR	ortholog_one2one
BEAN1	BEAN1	ortholog_one2one
HINFP	HINFP	ortholog_one2one
EDIL3	EDIL3	ortholog_one2one
FOXF1	FOXF1	ortholog_one2one
CDC42EP4	CDC42EP4	ortholog_one2one
DNAAF1	DNAAF1	ortholog_one2one
MEPE	MEPE	ortholog_one2one
FAAP100	FAAP100	ortholog_one2one
SLC34A2	SLC34A2	ortholog_one2one
ARHGAP26	ARHGAP26	ortholog_one2one
EEF2K	EEF2K	ortholog_one2one
TOPBP1	TOPBP1	ortholog_one2one
GSC	GSC	ortholog_one2one
TDP1	TDP1	ortholog_one2one
MAP2K7	MAP2K7	ortholog_one2one
DDX52	DDX52	ortholog_one2many
DDX52		ortholog_one2many
SHOC2	SHOC2	ortholog_one2one
KAT5	KAT5	ortholog_one2one
HHIP	HHIP	ortholog_one2one
FAM168B	FAM168B	ortholog_one2one
SLC6A2	SLC6A2	ortholog_one2one
POLK	POLK	ortholog_one2one
RNF168	RNF168	ortholog_one2one
SMARCAD1	SMARCAD1	ortholog_one2one
PDCD2	PDCD2	ortholog_one2one
CHRNB1	CHRNB1	ortholog_one2one
GDF2	GDF2	ortholog_one2one
UPF2	UPF2	ortholog_one2one
MOBP		ortholog_one2one
SAMD4B	SAMD4B	ortholog_one2one
MOB2	MOB2	ortholog_one2one
WDR90		ortholog_one2one
MCEMP1	MCEMP1	ortholog_one2one
F13A1	F13A1	ortholog_one2one
GLYATL2	GLYATL2	ortholog_one2one
GGA3	GGA3	ortholog_one2one
ADCY5	ADCY5	ortholog_one2one
CCDC85A	CCDC85A	ortholog_one2one
ELMOD1	ELMOD1	ortholog_one2one
PRX	PRX	ortholog_one2one
ACOT13	ACOT13	ortholog_one2one
ARHGAP18	ARHGAP18	ortholog_one2one
TMEM41B	TMEM41B	ortholog_one2one
NRDE2	NRDE2	ortholog_one2one
CEBPG	CEBPG	ortholog_one2one
SUMO1	SUMO1	ortholog_one2one
TSPAN16	TSPAN16	ortholog_one2one
SLC25A21	SLC25A21	ortholog_one2one
SPSB4	SPSB4	ortholog_one2one
DCUN1D5	DCUN1D5	ortholog_one2one
FZR1	FZR1	ortholog_one2one
METTL3	METTL3	ortholog_one2one
CCR2	CCR2	ortholog_one2one
DDR1	DDR1	ortholog_one2one
HMMR	HMMR	ortholog_one2one
SYNPO2L	SYNPO2L	ortholog_one2one
SLC25A36	SLC25A36	ortholog_one2many
SLC25A36		ortholog_one2many
PDE6C	PDE6C	ortholog_one2one
INTS5	INTS5	ortholog_one2one
RCHY1	RCHY1	ortholog_one2one
SRBD1	SRBD1	ortholog_one2one
EXT2	EXT2	ortholog_one2one
NUDT13	NUDT13	ortholog_one2one
GALNS	GALNS	ortholog_one2one
NPR2	NPR2	ortholog_one2one
INHA	INHA	ortholog_one2one
HVCN1	HVCN1	ortholog_one2one
CPA1	CPA1	ortholog_one2one
WFIKKN2	WFIKKN2	ortholog_one2one
IL4	IL4	ortholog_one2one
AURKB	AURKB	ortholog_one2one
BZW2	BZW2	ortholog_one2one
ARL3	ARL3	ortholog_one2one
CENPP	CENPP	ortholog_one2one
MAT2B	MAT2B	ortholog_one2one
PGP	PGP	ortholog_one2one
PLAA	PLAA	ortholog_one2one
PMFBP1	PMFBP1	ortholog_one2one
IFIT3	IFIT3	ortholog_one2one
ABHD12B	ABHD12B	ortholog_one2one
KIAA1143	KIAA1143	ortholog_one2many
KIAA1143		ortholog_one2many
MAPK8	MAPK8	ortholog_one2one
ADGRG5	ADGRG5	ortholog_one2one
PRDX2	PRDX2	ortholog_one2one
FBXW12	FBXW12	ortholog_one2one
ACSS3	ACSS3	ortholog_one2one
GNPNAT1		ortholog_one2many
GNPNAT1	GNPNAT1	ortholog_one2many
ITGA1	ITGA1	ortholog_one2one
RRAD	RRAD	ortholog_one2one
GYG1	GYG1	ortholog_one2one
UBE2F		ortholog_one2many
UBE2F	UBE2F	ortholog_one2many
TMEM175	TMEM175	ortholog_one2one
RCN1	RCN1	ortholog_one2one
KIRREL2	KIRREL2	ortholog_one2one
C2CD2L	C2CD2L	ortholog_one2one
KDELR2	KDELR2	ortholog_one2one
WDR59	WDR59	ortholog_one2one
OLFM1	OLFM1	ortholog_one2one
ZBTB25	ZBTB25	ortholog_one2one
HPD	HPD	ortholog_one2one
SLC4A2	SLC4A2	ortholog_one2one
PDLIM1	PDLIM1	ortholog_one2one
SH3GL2	SH3GL2	ortholog_one2one
CLBA1	CLBA1	ortholog_one2one
DHX58	DHX58	ortholog_one2one
ENO4	ENO4	ortholog_one2one
SRA1	SRA1	ortholog_one2one
SLC38A6	SLC38A6	ortholog_one2one
ZGLP1	ZGLP1	ortholog_one2one
KIAA1958	KIAA1958	ortholog_one2one
TRIP10	TRIP10	ortholog_one2one
NKX2-5	NKX2-5	ortholog_one2one
WNT5A	WNT5A	ortholog_one2one
FYB1	FYB1	ortholog_one2one
BNC2	BNC2	ortholog_one2one
CRYGS	CRYGS	ortholog_one2one
MME	MME	ortholog_one2one
CXCL9	CXCL9	ortholog_one2one
ABCE1	ABCE1	ortholog_one2one
MORN5	MORN5	ortholog_one2one
DUSP14	DUSP14	ortholog_one2one
MSMP	MSMP	ortholog_one2one
VPS9D1	VPS9D1	ortholog_one2one
ARHGEF39	ARHGEF39	ortholog_one2one
ZNF286A	ZNF286A	ortholog_one2one
P4HA2	P4HA2	ortholog_one2one
TFAM	TFAM	ortholog_one2one
CRACR2B	CRACR2B	ortholog_one2one
RCL1	RCL1	ortholog_one2one
PLCE1	PLCE1	ortholog_one2one
SNN	SNN	ortholog_one2one
PLD4	PLD4	ortholog_one2one
LONP2	LONP2	ortholog_one2one
TRARG1	TRARG1	ortholog_one2one
SNX15	SNX15	ortholog_one2one
GALK1	GALK1	ortholog_one2one
TMEM210	TMEM210	ortholog_one2one
AK8	AK8	ortholog_one2one
NDRG2	NDRG2	ortholog_one2one
ASGR1	ASGR1	ortholog_one2one
BAAT	BAAT	ortholog_one2one
ADAM12	ADAM12	ortholog_one2one
EIF3F	EIF3F	ortholog_one2one
ZNF639		ortholog_one2many
ZNF639	ZNF639	ortholog_one2many
PTPN13		ortholog_one2many
EXOSC2	EXOSC2	ortholog_one2one
MS4A1	MS4A1	ortholog_one2one
ARID2	ARID2	ortholog_one2one
ADAMTS9		ortholog_one2many
MADD	MADD	ortholog_one2one
DYDC1	DYDC1	ortholog_one2one
CFAP46		ortholog_one2one
ENKD1	ENKD1	ortholog_one2one
SPSB2	SPSB2	ortholog_one2one
BAG1	BAG1	ortholog_one2one
EMX1	EMX1	ortholog_one2one
KEAP1	KEAP1	ortholog_one2one
RARG	RARG	ortholog_one2one
GTF2E1	GTF2E1	ortholog_one2one
TAF1C	TAF1C	ortholog_one2one
RUSC2	RUSC2	ortholog_one2one
DYNC2I1	DYNC2I1	ortholog_one2one
MAPRE3	MAPRE3	ortholog_one2one
MXI1	MXI1	ortholog_one2one
GSDMB	GSDMB	ortholog_one2one
ANKLE1	ANKLE1	ortholog_one2one
CRB2	CRB2	ortholog_one2one
LRRC14B	LRRC14B	ortholog_one2one
ERGIC1	ERGIC1	ortholog_one2one
GARNL3	GARNL3	ortholog_one2one
GLB1	GLB1	ortholog_one2one
KHSRP	KHSRP	ortholog_one2one
NECTIN2	NECTIN2	ortholog_one2one
HEBP1	HEBP1	ortholog_one2one
NOS2	NOS2	ortholog_one2one
ST6GALNAC4	ST6GALNAC4	ortholog_one2one
ITGA5	ITGA5	ortholog_one2one
CAMLG	CAMLG	ortholog_one2one
MMP21	MMP21	ortholog_one2one
STAG3	STAG3	ortholog_one2one
TNFAIP8	TNFAIP8	ortholog_one2one
ATP5F1C		ortholog_one2many
ZFR	ZFR	ortholog_one2one
TTC31	TTC31	ortholog_one2one
IL27RA	IL27RA	ortholog_one2one
AQP3	AQP3	ortholog_one2one
GUCA1C	GUCA1C	ortholog_one2one
DNAI1	DNAI1	ortholog_one2one
LMX1B	LMX1B	ortholog_one2one
ARHGEF1	ARHGEF1	ortholog_one2one
VWC2	VWC2	ortholog_one2one
AATF	AATF	ortholog_one2one
THRB	THRB	ortholog_one2one
AK1	AK1	ortholog_one2one
LMBR1L	LMBR1L	ortholog_one2one
COA1	COA1	ortholog_one2one
RTKN2	RTKN2	ortholog_one2one
BAIAP3	BAIAP3	ortholog_one2one
TRIM65	TRIM65	ortholog_one2one
SVIL	SVIL	ortholog_one2one
CTDNEP1	CTDNEP1	ortholog_one2one
ABCG5	ABCG5	ortholog_one2one
TPM2	TPM2	ortholog_one2one
PAM	PAM	ortholog_one2one
PLA2G12A		ortholog_one2one
MKS1	MKS1	ortholog_one2one
PPM1K	PPM1K	ortholog_one2one
RPL37A	RPL37A	ortholog_one2one
TMEM233	TMEM233	ortholog_one2one
CSDE1	CSDE1	ortholog_one2one
CMKLR1	CMKLR1	ortholog_one2one
RASA4	RASA4B	ortholog_one2many
MMAB	MMAB	ortholog_one2one
FGF2	FGF2	ortholog_one2one
FRG2		ortholog_one2many
SP9	SP9	ortholog_one2one
GSX2	GSX2	ortholog_one2one
CACNG1	CACNG1	ortholog_one2one
DQX1	DQX1	ortholog_one2one
HSD17B11	HSD17B11	ortholog_one2one
SNX11	SNX11	ortholog_one2one
CRIPTO	CRIPTO	ortholog_one2many
RASGEF1B		ortholog_one2one
FASTKD1	FASTKD1	ortholog_one2one
TMEM101	TMEM101	ortholog_one2one
OSTN	OSTN	ortholog_one2one
TXNRD1	TXNRD1	ortholog_one2one
GPM6A	GPM6A	ortholog_one2one
FOXK2	FOXK2	ortholog_one2one
CLCN2	CLCN2	ortholog_one2one
LRRC17	LRRC17	ortholog_one2one
NPSR1		ortholog_one2one
TOPORS	TOPORS	ortholog_one2one
RGS3	RGS3	ortholog_one2one
NME1	NME1	ortholog_one2one
SPMIP1	SPMIP1	ortholog_one2one
HIP1	HIP1	ortholog_one2one
RHEBL1	RHEBL1	ortholog_one2one
MAST4	MAST4	ortholog_one2one
DMRTC2	DMRTC2	ortholog_one2one
TBC1D8	TBC1D8	ortholog_one2one
GLIPR1	GLIPR1	ortholog_one2one
UFSP2		ortholog_one2many
UFSP2	UFSP2	ortholog_one2many
AURKC	AURKC	ortholog_one2many
AURKC		ortholog_one2many
NOXO1	NOXO1	ortholog_one2one
MRPS35		ortholog_one2many
MRPS35	MRPS35	ortholog_one2many
LRRC37A2		ortholog_many2many
LRRC37A2	LRRC37A	ortholog_many2many
HSD17B14	HSD17B14	ortholog_one2one
MYO1C	MYO1C	ortholog_one2one
KCP	KCP	ortholog_one2one
FA2H	FA2H	ortholog_one2one
BEST3	BEST3	ortholog_one2one
GCSH	GCSH	ortholog_one2many
GCSH		ortholog_one2many
TRIP6	TRIP6	ortholog_one2one
CWC27	CWC27	ortholog_one2one
TRIM2	TRIM2	ortholog_one2one
CIC	CIC	ortholog_one2one
CRTAP	CRTAP	ortholog_one2one
APOF	APOF	ortholog_one2one
ANAPC5	ANAPC5	ortholog_one2one
EEF1A1	EEF1A1	ortholog_one2many
EEF1A1		ortholog_one2many
LRRTM3	LRRTM3	ortholog_one2one
LMNB1	LMNB1	ortholog_one2one
ARHGAP22	ARHGAP22	ortholog_one2one
NFKBIZ	NFKBIZ	ortholog_one2one
HCFC1R1	HCFC1R1	ortholog_one2one
ALDH1B1	ALDH1B1	ortholog_one2one
RUVBL2	RUVBL2	ortholog_one2one
ZDHHC12	ZDHHC12	ortholog_one2one
GALR2	GALR2	ortholog_one2one
ARSB	ARSB	ortholog_one2one
SLFN13	SLFN13	ortholog_one2many
ABCB8	ABCB8	ortholog_one2one
ASB14	ASB14	ortholog_one2one
CLEC19A	CLEC19A	ortholog_one2one
PASK	PASK	ortholog_one2one
SPATA2L	SPATA2L	ortholog_one2one
EOGT	EOGT	ortholog_one2one
ARID3C	ARID3C	ortholog_one2one
FAM171A1	FAM171A1	ortholog_one2one
FBXW5	FBXW5	ortholog_one2one
UBE2QL1	UBE2QL1	ortholog_one2one
NME2		ortholog_one2one
SKP1	SKP1	ortholog_one2one
DNAAF8	DNAAF8	ortholog_one2one
SMAD1	SMAD1	ortholog_one2one
CABCOCO1	CABCOCO1	ortholog_one2one
MAGI1	MAGI1	ortholog_one2one
TRUB1	TRUB1	ortholog_one2one
RAB40C	RAB40C	ortholog_one2one
PALD1	PALD1	ortholog_one2one
DAPK3	DAPK3	ortholog_one2one
FAM241A	FAM241A	ortholog_one2one
SLC27A4	SLC27A4	ortholog_one2one
ADCY9	ADCY9	ortholog_one2one
GLRB	GLRB	ortholog_one2one
ANGPTL4	ANGPTL4	ortholog_one2one
TRIM50	TRIM50	ortholog_one2one
ZNF777	ZNF777	ortholog_one2one
RNF7	RNF7	ortholog_one2one
MYL1	MYL1	ortholog_one2one
ZNF606	ZNF606	ortholog_one2one
CFTR	CFTR	ortholog_one2one
MTMR12	MTMR12	ortholog_one2one
UBFD1	UBFD1	ortholog_one2one
TEX51	TEX51	ortholog_one2one
TMEM94	TMEM94	ortholog_one2one
LENG1		ortholog_one2many
LENG1	LENG1	ortholog_one2many
ANKRD17	ANKRD17	ortholog_one2one
ODAD1	ODAD1	ortholog_one2one
TAF1B	TAF1B	ortholog_one2one
MAZ	MAZ	ortholog_one2one
MVB12B	MVB12B	ortholog_one2one
FXR1		ortholog_one2many
FXR1	FXR1	ortholog_one2many
IRF3	IRF3	ortholog_one2one
SMKR1	SMKR1	ortholog_one2one
RBL2	RBL2	ortholog_one2one
IFIH1	IFIH1	ortholog_one2one
WDR31	WDR31	ortholog_one2one
TYW1		ortholog_one2many
TACR1	TACR1	ortholog_one2one
SEC24C	SEC24C	ortholog_one2one
HOXD11	HOXD11	ortholog_one2one
AAK1	AAK1	ortholog_one2one
SNX18		ortholog_one2many
SNX18	SNX18	ortholog_one2many
C5orf22	C5orf22	ortholog_one2one
CAB39	CAB39	ortholog_one2one
LAMC3	LAMC3	ortholog_one2one
SLC22A23	SLC22A23	ortholog_one2one
ZCCHC9		ortholog_one2many
ZCCHC9	ZCCHC9	ortholog_one2many
EPDR1	EPDR1	ortholog_one2one
DDIT3	DDIT3	ortholog_one2one
TSPAN13	TSPAN13	ortholog_one2one
ARMC5	ARMC5	ortholog_one2one
CERCAM	CERCAM	ortholog_one2one
MCFD2	MCFD2	ortholog_one2one
PSD2	PSD2	ortholog_one2one
H2BC5	H2BC5	ortholog_one2one
CLN3	CLN3	ortholog_one2one
VSTM2A	VSTM2A	ortholog_one2one
SLC39A5	SLC39A5	ortholog_one2one
PRL	GHA1	ortholog_one2one
LSM2		ortholog_one2many
LSM2	LSM2	ortholog_one2many
ATP6V0E1	ATP6V0E1	ortholog_one2one
GCC1	GCC1	ortholog_one2one
ASL	ASL	ortholog_one2one
STARD4	STARD4	ortholog_one2one
ZBTB24	ZBTB24	ortholog_one2one
HELT	HELT	ortholog_one2one
LDB2	LDB2	ortholog_one2one
EVA1A	EVA1A	ortholog_one2one
MTPAP	MTPAP	ortholog_one2one
FABP7	FABP7	ortholog_one2one
FANCG	FANCG	ortholog_one2one
DAAM2	DAAM2	ortholog_one2one
CX3CR1	CX3CR1	ortholog_one2one
DDX46	DDX46	ortholog_one2one
ST6GAL1	ST6GAL1	ortholog_one2one
EEF2	EEF2	ortholog_one2one
SPOCK2	SPOCK2	ortholog_one2one
DTX1	DTX1	ortholog_one2one
ANK3	ANK3	ortholog_one2one
ING4	ING4	ortholog_one2one
GABRB2	GABRB2	ortholog_one2one
OTX1	OTX1	ortholog_one2one
PBX2	PBX2	ortholog_one2one
DHCR7	DHCR7	ortholog_one2one
DAPL1	DAPL1	ortholog_one2one
RXFP1	RXFP1	ortholog_one2one
FRS3	FRS3	ortholog_one2one
PAQR8	PAQR8	ortholog_one2one
DUSP19	DUSP19	ortholog_one2one
BHMT	BHMT	ortholog_one2one
NQO2	NQO2	ortholog_one2one
CACNA2D3	CACNA2D3	ortholog_one2one
MYH1	MYH1	ortholog_one2one
FEM1C	FEM1C	ortholog_one2one
USP20	USP20	ortholog_one2one
GALNT14	GALNT14	ortholog_one2one
YTHDC2	YTHDC2	ortholog_one2one
KRI1	KRI1	ortholog_one2one
UNC119B	UNC119B	ortholog_one2one
BBS10	BBS10	ortholog_one2one
TMED2	TMED2	ortholog_one2one
SMIM14	SMIM14	ortholog_one2many
SMIM14		ortholog_one2many
ARF4		ortholog_one2many
ARF4	ARF4	ortholog_one2many
ANO6	ANO6	ortholog_one2one
IMMP1L		ortholog_one2many
IMMP1L	IMMP1L	ortholog_one2many
MRPL43	MRPL43	ortholog_one2many
MRPL43		ortholog_one2many
MORC1	MORC1	ortholog_one2one
VMAC	VMAC	ortholog_one2one
NUP35	NUP35	ortholog_one2one
MOB3A	MOB3A	ortholog_one2one
SEMA6A	SEMA6A	ortholog_one2one
CNTD1	CNTD1	ortholog_one2one
TRAK1	TRAK1	ortholog_one2one
ARHGAP44	ARHGAP44	ortholog_one2one
CLPS	CLPS	ortholog_one2one
ZNF136	ZNF136	ortholog_one2one
VAX1	VAX1	ortholog_one2one
PON1	PON1	ortholog_one2one
KLHL31	KLHL31	ortholog_one2one
CASP3		ortholog_one2many
CASP3	CASP3	ortholog_one2many
PIK3AP1	PIK3AP1	ortholog_one2one
PHIP	PHIP	ortholog_one2one
KANSL2	KANSL2	ortholog_one2one
ZNF112	ZNF112	ortholog_one2one
DDIAS	DDIAS	ortholog_one2one
APTX	APTX	ortholog_one2one
KLK14	KLK14	ortholog_one2one
GAMT	GAMT	ortholog_one2one
DLX5	DLX5	ortholog_one2one
SLC25A12	SLC25A12	ortholog_one2one
NPC1L1	NPC1L1	ortholog_one2one
WDR49	WDR49	ortholog_one2one
FRG2B		ortholog_one2many
FAM25C	FAM25A	ortholog_one2many
PSD	PSD	ortholog_one2one
SLC34A1	SLC34A1	ortholog_one2one
CDON	CDON	ortholog_one2one
MYO6	MYO6	ortholog_one2one
RAB3IP	RAB3IP	ortholog_one2one
CCDC194	CCDC194	ortholog_one2one
ZNF132	ZNF132	ortholog_one2one
PLSCR4	PLSCR4	ortholog_one2one
NR3C1	NR3C1	ortholog_one2one
ZNF563		ortholog_one2many
COL17A1	COL17A1	ortholog_one2one
MYPOP	MYPOP	ortholog_one2one
SGMS2	SGMS2	ortholog_one2one
HAUS8		ortholog_one2one
RABEP1	RABEP1	ortholog_one2one
LSM5	LSM5	ortholog_one2many
TTC29	TTC29	ortholog_one2one
CCDC150	CCDC150	ortholog_one2one
FBXL8	FBXL8	ortholog_one2one
GAB2	GAB2	ortholog_one2one
ZNF853	ZNF853	ortholog_one2one
PEG10	PEG10	ortholog_one2one
SEPTIN12	SEPTIN12	ortholog_one2one
PPA2		ortholog_one2many
PPA2	PPA2	ortholog_one2many
PDIA4	PDIA4	ortholog_one2one
KMT2A	KMT2A	ortholog_one2one
ZNF614		ortholog_one2many
SETD6	SETD6	ortholog_one2one
GP6	GP6	ortholog_one2one
RAPGEF5	RAPGEF5	ortholog_one2one
OXSR1	OXSR1	ortholog_one2one
GFPT1	GFPT1	ortholog_one2one
TSHZ3	TSHZ3	ortholog_one2one
ACSM1	ACSM1	ortholog_one2one
POLD1	POLD1	ortholog_one2one
SLCO1C1	SLCO1C1	ortholog_one2one
ZNF215	ZNF215	ortholog_one2one
PCGF6	PCGF6	ortholog_one2one
COL1A2	COL1A2	ortholog_one2one
FANCA	FANCA	ortholog_one2one
MEF2C	MEF2C	ortholog_one2one
CBX5	CBX5	ortholog_one2one
SLC22A8	SLC22A8	ortholog_one2one
SLC22A1	SLC22A1	ortholog_one2one
DHX40	DHX40	ortholog_one2one
EIF4A2	EIF4A2	ortholog_one2many
EIF4A2		ortholog_one2many
CLMP	CLMP	ortholog_one2one
CDC123	CDC123	ortholog_one2one
ERBB3	ERBB3	ortholog_one2one
TEAD1	TEAD1	ortholog_one2one
PNMT	PNMT	ortholog_one2one
GPN1	GPN1	ortholog_one2one
SAXO4	SAXO4	ortholog_one2one
LPAR1	LPAR1	ortholog_one2one
LRRC37B		ortholog_many2many
LRRC37B	LRRC37A	ortholog_many2many
NPRL3	NPRL3	ortholog_one2one
C4orf17	C4orf17	ortholog_one2one
GPX6	GPX6	ortholog_one2one
KPNA5	KPNA5	ortholog_one2one
GANAB	GANAB	ortholog_one2one
PDLIM5	PDLIM5	ortholog_one2one
YME1L1	YME1L1	ortholog_one2one
KIAA0319	KIAA0319	ortholog_one2one
NEDD1	NEDD1	ortholog_one2one
ZNF750	ZNF750	ortholog_one2one
RGS9	RGS9	ortholog_one2one
DENND4C	DENND4C	ortholog_one2one
SPDYE18	SPDYE3	ortholog_one2many
ZAN	ZAN	ortholog_one2one
GMNN	GMNN	ortholog_one2one
ADGRF3	ADGRF3	ortholog_one2one
ICAM2	ICAM2	ortholog_one2one
CEP68	CEP68	ortholog_one2one
GPR15LG	GPR15LG	ortholog_one2one
C9orf50	C9orf50	ortholog_one2one
DHX32	DHX32	ortholog_one2one
ALAD	ALAD	ortholog_one2one
FLNC	FLNC	ortholog_one2one
CENPW	CENPW	ortholog_one2one
C6orf118	C6orf118	ortholog_one2one
PRKAR1A	PRKAR1A	ortholog_one2one
MSRB2	MSRB2	ortholog_one2one
ZNF470	ZNF470	ortholog_one2one
PEX7	PEX7	ortholog_one2one
C2CD5	C2CD5	ortholog_one2one
ZNF181	ZNF181	ortholog_one2many
A4GNT	A4GNT	ortholog_one2one
ELOVL3	ELOVL3	ortholog_one2one
CCR5	CCR5	ortholog_one2one
CSTF3	CSTF3	ortholog_one2one
NDUFB4	NDUFB4	ortholog_one2one
CUL2	CUL2	ortholog_one2one
ATP4A	ATP4A	ortholog_one2one
PLEKHB2	PLEKHB2	ortholog_one2one
SLC29A1	SLC29A1	ortholog_one2one
GTF2IRD2B	GTF2IRD2B	ortholog_one2many
EDEM1	EDEM1	ortholog_one2one
PHLDB1	PHLDB1	ortholog_one2one
ZNF324B		ortholog_many2many
MANF	MANF	ortholog_one2one
FIZ1	FIZ1	ortholog_one2one
SFMBT1	SFMBT1	ortholog_one2one
GLIS2	GLIS2	ortholog_one2one
CKM	CKM	ortholog_one2one
HAS3	HAS3	ortholog_one2one
C1orf21	C1orf21	ortholog_one2one
ANAPC2	ANAPC2	ortholog_one2one
SFRP4	SFRP4	ortholog_one2one
HEATR3	HEATR3	ortholog_one2one
IQCE	IQCE	ortholog_one2one
LRRC38	LRRC38	ortholog_one2one
C1orf116	C1orf116	ortholog_one2one
RGL3	RGL3	ortholog_one2one
SCRN2	SCRN2	ortholog_one2one
PRSS8	PRSS8	ortholog_one2one
FBXO2	FBXO2	ortholog_one2one
PKN3	PKN3	ortholog_one2one
KCTD18	KCTD18	ortholog_one2many
KCTD18		ortholog_one2many
UTP4	UTP4	ortholog_one2one
TMPRSS7	TMPRSS7	ortholog_one2one
GRK5	GRK5	ortholog_one2one
LYPD6B	LYPD6B	ortholog_one2one
PLXND1	PLXND1	ortholog_one2one
MED11	MED11	ortholog_one2one
LCK	LCK	ortholog_one2one
TUBG2	TUBG2	ortholog_one2one
SLC2A8	SLC2A8	ortholog_one2one
EPAS1	EPAS1	ortholog_one2one
AFAP1L2	AFAP1L2	ortholog_one2one
TMEM256	TMEM256	ortholog_one2one
FCER2	FCER2	ortholog_one2one
PAXIP1	PAXIP1	ortholog_one2one
MIX23	MIX23	ortholog_one2one
ATAD5	ATAD5	ortholog_one2one
GLRA1	GLRA1	ortholog_one2one
ZFR2	ZFR2	ortholog_one2one
TMEM161B	TMEM161B	ortholog_one2one
GBX2	GBX2	ortholog_one2one
ZSCAN10	ZSCAN10	ortholog_one2one
LRRC59	LRRC59	ortholog_one2one
SLC29A4	SLC29A4	ortholog_one2one
DSTYK	DSTYK	ortholog_one2one
WNT6	WNT6	ortholog_one2one
FKRP	FKRP	ortholog_one2one
MSTN	MSTN	ortholog_one2one
INPP5D	INPP5D	ortholog_one2one
TMEM45A		ortholog_one2many
SALL1	SALL1	ortholog_one2one
TSPOAP1	TSPOAP1	ortholog_one2one
PAQR4	PAQR4	ortholog_one2one
DNA2	DNA2	ortholog_one2one
IFT22	IFT22	ortholog_one2one
VKORC1	VKORC1	ortholog_one2one
ANO3	ANO3	ortholog_one2one
MRPS12	MRPS12	ortholog_one2one
IGFBP7	IGFBP7	ortholog_one2one
WWP2	WWP2	ortholog_one2one
OSBPL3	OSBPL3	ortholog_one2one
ARL1	ARL1	ortholog_one2one
DNM2	DNM2	ortholog_one2one
SFXN1		ortholog_one2many
SFXN1	SFXN1	ortholog_one2many
VPS8	VPS8	ortholog_one2one
UGT2B4		ortholog_many2many
WDR33	WDR33	ortholog_one2one
MS4A15	MS4A15	ortholog_one2one
PGS1	PGS1	ortholog_one2one
ATP2B1	ATP2B1	ortholog_one2one
MFAP3L	MFAP3L	ortholog_one2one
NPFFR1	NPFFR1	ortholog_one2one
ABRAXAS2	ABRAXAS2	ortholog_one2one
OBP2B		ortholog_one2many
CHMP5		ortholog_one2one
TLR3	TLR3	ortholog_one2one
CHST3	CHST3	ortholog_one2one
SETD9	SETD9	ortholog_one2one
MDK	MDK	ortholog_one2one
ACBD5	ACBD5	ortholog_one2one
SCRG1	SCRG1	ortholog_one2one
IGFBP5	IGFBP5	ortholog_one2one
EVC	EVC	ortholog_one2one
GABBR2	GABBR2	ortholog_one2one
BRIX1	BRIX1	ortholog_one2one
GNPAT	GNPAT	ortholog_one2one
TNIP2	TNIP2	ortholog_one2one
ZNF500	ZNF500	ortholog_one2many
ZNF500		ortholog_one2many
TBC1D10C	TBC1D10C	ortholog_one2one
WDR36	WDR36	ortholog_one2one
DOK4	DOK4	ortholog_one2one
SPMIP2	SPMIP2	ortholog_one2one
KIF24	KIF24	ortholog_one2one
MTNR1A	MTNR1A	ortholog_one2one
SLC4A3	SLC4A3	ortholog_one2one
GASK1B	GASK1B	ortholog_one2one
DCAF10	DCAF10	ortholog_one2one
ZNF324		ortholog_many2many
NECAP1	NECAP1	ortholog_one2one
ALOX15	ALOX15	ortholog_one2one
PODXL	PODXL	ortholog_one2one
TMEM86A	TMEM86A	ortholog_one2one
HPSE2	HPSE2	ortholog_one2one
C6orf15	C6orf15	ortholog_one2one
UNC5A	UNC5A	ortholog_one2one
SLC17A7	SLC17A7	ortholog_one2one
MYCBPAP	MYCBPAP	ortholog_one2one
NUDT9	NUDT9	ortholog_one2one
KCTD21	KCTD21	ortholog_one2one
PPT2	PPT2	ortholog_one2one
ADAMTSL2	ADAMTSL2	ortholog_one2one
INSYN2A	INSYN2A	ortholog_one2one
DIMT1	DIMT1	ortholog_one2one
FOXI2	FOXI2	ortholog_one2one
TTLL3	TTLL3	ortholog_one2one
AS3MT	AS3MT	ortholog_one2one
HAS1	HAS1	ortholog_one2one
UBE2G1	UBE2G1	ortholog_one2one
PLIN3	PLIN3	ortholog_one2one
HYOU1	HYOU1	ortholog_one2one
CSRNP2	CSRNP2	ortholog_one2one
WASHC2A	WASHC2C	ortholog_one2many
METTL2B	METTL2A	ortholog_one2many
ATMIN	ATMIN	ortholog_one2many
ATMIN		ortholog_one2many
TMEM184C	TMEM184C	ortholog_one2one
LEFTY1		ortholog_one2many
LMNTD1	LMNTD1	ortholog_one2one
TAX1BP3	TAX1BP3	ortholog_one2one
ZNF629	ZNF629	ortholog_one2one
CREB3	CREB3	ortholog_one2one
TPRG1L	TPRG1L	ortholog_one2one
POLR2C	POLR2C	ortholog_one2one
KRT15	KRT15	ortholog_one2one
RAMP3	RAMP3	ortholog_one2one
KCNH3	KCNH3	ortholog_one2one
ZNF827	ZNF827	ortholog_one2one
PTGER3	PTGER3	ortholog_one2one
APOC2	APOC2	ortholog_one2one
APOM	APOM	ortholog_one2one
NAIF1	NAIF1	ortholog_one2one
MYBBP1A	MYBBP1A	ortholog_one2one
PLK2	PLK2	ortholog_one2one
DNAJC25	DNAJC25	ortholog_one2one
MYH11	MYH11	ortholog_one2one
OGDH	OGDH	ortholog_one2one
CRIP3	CRIP3	ortholog_one2one
PHLDB3	PHLDB3	ortholog_one2one
PDIA5	PDIA5	ortholog_one2one
SLC8A2	SLC8A2	ortholog_one2one
MYBPC1	MYBPC1	ortholog_one2one
NOTCH2	NOTCH2	ortholog_one2one
TTLL2	TTLL2	ortholog_one2one
PRICKLE4	PRICKLE4	ortholog_one2one
WDR1	WDR1	ortholog_one2one
IL4I1	IL4I1	ortholog_one2one
WDR27	WDR27	ortholog_one2one
CAMK4	CAMK4	ortholog_one2one
ZNF556	ZNF556	ortholog_one2one
RPL15		ortholog_one2one
EGR1	EGR1	ortholog_one2one
GPI		ortholog_one2many
GPI	GPI	ortholog_one2many
CACNG4	CACNG4	ortholog_one2one
GRAMD2B	GRAMD2B	ortholog_one2one
HID1	HID1	ortholog_one2one
SFTA2	SFTA2	ortholog_one2one
VAMP8	VAMP8	ortholog_one2many
VAMP8		ortholog_one2many
KHDC3L	KHDC3L	ortholog_one2one
IPCEF1	IPCEF1	ortholog_one2one
KIF3C	KIF3C	ortholog_one2one
SPRY1	SPRY1	ortholog_one2one
SNAPC3	SNAPC3	ortholog_one2one
MFSD8	MFSD8	ortholog_one2one
CDR2L	CDR2L	ortholog_one2one
LGALS9B	LGALS9	ortholog_one2many
MREG	MREG	ortholog_one2one
SIDT1	SIDT1	ortholog_one2one
TOP3A	TOP3A	ortholog_one2one
HNRNPM	HNRNPM	ortholog_one2many
HNRNPM		ortholog_one2many
PLB1	PLB1	ortholog_one2one
C9orf152	C9orf152	ortholog_one2one
OOEP	OOEP	ortholog_one2one
GJA1	GJA1	ortholog_one2one
PRPH2	PRPH2	ortholog_one2one
TCP11	TCP11	ortholog_one2one
CKMT2	CKMT2	ortholog_one2one
UGCG	UGCG	ortholog_one2one
BBX	BBX	ortholog_one2one
MYO18A	MYO18A	ortholog_one2one
C9orf40	C9orf40	ortholog_one2one
MMP7	MMP7	ortholog_one2one
EDF1		ortholog_one2many
EDF1	EDF1	ortholog_one2many
TMEM161A	TMEM161A	ortholog_one2one
SLC5A12	SLC5A12	ortholog_one2one
MRPS17	MRPS17	ortholog_one2one
NDUFB6	NDUFB6	ortholog_one2one
CLPB	CLPB	ortholog_one2one
MRPL50		ortholog_one2many
MRPL50	MRPL50	ortholog_one2many
GTPBP10	GTPBP10	ortholog_one2one
CEP43	CEP43	ortholog_one2one
TUT7	TUT7	ortholog_one2one
CCDC192	CCDC192	ortholog_one2one
QDPR	QDPR	ortholog_one2one
DCP2	DCP2	ortholog_one2one
KIF1B	KIF1B	ortholog_one2one
INPP4A	INPP4A	ortholog_one2one
PDZD2	PDZD2	ortholog_one2one
SVOPL	SVOPL	ortholog_one2one
KANK3	KANK3	ortholog_one2one
CSNK2B	CSNK2B	ortholog_one2one
IMPDH1	IMPDH1	ortholog_one2one
CNOT6L	CNOT6L	ortholog_one2one
TMEM232	TMEM232	ortholog_one2one
FGB	FGB	ortholog_one2one
CAMKK1	CAMKK1	ortholog_one2one
SPATA31F1	SPATA31F1	ortholog_one2one
LYRM2		ortholog_one2one
CXCR5	CXCR5	ortholog_one2one
MEIKIN	MEIKIN	ortholog_one2one
BRD10	KIAA2026	ortholog_one2one
EML3	EML3	ortholog_one2one
GRXCR2	GRXCR2	ortholog_one2one
GCNT1	GCNT1	ortholog_one2many
GCNT1		ortholog_one2many
THEMIS	THEMIS	ortholog_one2one
FBN2	FBN2	ortholog_one2one
SNRNP48	SNRNP48	ortholog_one2one
C6orf62	C6orf62	ortholog_one2one
B3GALT9	B3GALT9	ortholog_one2one
SPATA31F3	SPATA31F3	ortholog_one2one
RPN1		ortholog_one2one
DPP9	DPP9	ortholog_one2one
ACTG1	ACTG1	ortholog_one2one
TOMM6	TOMM6	ortholog_one2one
SPTAN1	SPTAN1	ortholog_one2one
TBCK	TBCK	ortholog_one2one
ATF6B	ATF6B	ortholog_one2one
NADK2	NADK2	ortholog_one2one
CCR8	CCR8	ortholog_one2one
ACTRT3	ACTRT3	ortholog_one2one
ZBBX	ZBBX	ortholog_one2one
RAX2	RAX2	ortholog_one2one
CYTH3	CYTH3	ortholog_one2one
CDH6	CDH6	ortholog_one2one
UBE2M	UBE2M	ortholog_one2one
BCHE	BCHE	ortholog_one2one
AFF4		ortholog_one2many
AFF4	AFF4	ortholog_one2many
LCA5	LCA5	ortholog_one2one
CARM1	CARM1	ortholog_one2one
GIMAP5		ortholog_one2many
GIMAP5	GIMAP5	ortholog_one2many
NOTCH4	NOTCH4	ortholog_one2one
INTS15	INTS15	ortholog_one2one
SLC6A1	SLC6A1	ortholog_one2one
PXDN	PXDN	ortholog_one2one
OAZ1	OAZ1	ortholog_one2one
ERAP2	ERAP2	ortholog_one2one
SMURF1	SMURF1	ortholog_one2one
SOX8	SOX8	ortholog_one2one
KLHL26	KLHL26	ortholog_one2one
INPP5K	INPP5K	ortholog_one2one
TOX3	TOX3	ortholog_one2one
ELAVL1	ELAVL1	ortholog_one2one
CLEC18C		ortholog_one2many
CENPQ	CENPQ	ortholog_one2one
JARID2	JARID2	ortholog_one2one
TBC1D1	TBC1D1	ortholog_one2one
GRIK4	GRIK4	ortholog_one2one
CELF5	CELF5	ortholog_one2one
MRPL45	MRPL45	ortholog_one2one
TMED6	TMED6	ortholog_one2one
SEM1	SEM1	ortholog_one2one
CD83	CD83	ortholog_one2one
ESRP2	ESRP2	ortholog_one2one
SLC17A4	SLC17A4	ortholog_one2one
ZNF415	ZNF415	ortholog_one2one
GOLPH3	GOLPH3	ortholog_one2one
TNFSF12	TNFSF12	ortholog_one2one
CD2	CD2	ortholog_one2one
PSMD1	PSMD1	ortholog_one2one
RPL32		ortholog_one2one
MCTP1	MCTP1	ortholog_one2one
OVCA2	OVCA2	ortholog_one2one
ASB17	ASB17	ortholog_one2one
MAP3K3	MAP3K3	ortholog_one2one
ADCYAP1R1	ADCYAP1R1	ortholog_one2one
DCAF15	DCAF15	ortholog_one2one
MTFR2	MTFR2	ortholog_one2one
PLAAT5	PLAAT5	ortholog_one2one
GSE1	GSE1	ortholog_one2one
TREML2	TREML2	ortholog_one2one
TMEM123		ortholog_one2one
TBPL1	TBPL1	ortholog_one2one
TMIE	TMIE	ortholog_one2one
CGGBP1	CGGBP1	ortholog_one2one
SLC22A7	SLC22A7	ortholog_one2one
ADCY2	ADCY2	ortholog_one2one
BCO2	BCO2	ortholog_one2one
USP13	USP13	ortholog_one2one
LRBA	LRBA	ortholog_one2one
TMEM168	TMEM168	ortholog_one2one
FFAR3		ortholog_one2many
ATP1A2	ATP1A2	ortholog_one2one
KLK5	KLK5	ortholog_one2one
NUBP1	NUBP1	ortholog_one2one
RADIL	RADIL	ortholog_one2one
ZNF761		ortholog_one2many
CYP3A5	CYP3A211	ortholog_many2many
CYP3A5	CYP3A205	ortholog_many2many
CYTH2	CYTH2	ortholog_one2one
TENT5A	TENT5A	ortholog_one2one
CRTAC1	CRTAC1	ortholog_one2one
RANGRF	RANGRF	ortholog_one2one
DPY19L3	DPY19L3	ortholog_one2one
TAF11		ortholog_one2many
TAF11	TAF11	ortholog_one2many
TSC2	TSC2	ortholog_one2one
PPM1M	PPM1M	ortholog_one2one
SMARCD2	SMARCD2	ortholog_one2one
IRF2BP2	IRF2BP2	ortholog_one2one
TCF21	TCF21	ortholog_one2one
ADAMTS8	ADAMTS8	ortholog_one2one
KCTD20	KCTD20	ortholog_one2one
CD74	CD74	ortholog_one2one
NIBAN1	NIBAN1	ortholog_one2one
CALCB	CALCB	ortholog_one2one
BTD	BTD	ortholog_one2one
CLEC4G	CLEC4G	ortholog_one2one
BMS1	BMS1	ortholog_one2one
SLC22A6	SLC22A6	ortholog_one2one
IRGQ	IRGQ	ortholog_one2one
POU2F2	POU2F2	ortholog_one2one
REXO2	REXO2	ortholog_one2one
SLC38A9	SLC38A9	ortholog_one2one
OGFOD3	OGFOD3	ortholog_one2one
HIVEP2	HIVEP2	ortholog_one2one
LRRC47	LRRC47	ortholog_one2one
TREM1	TREM1	ortholog_one2one
LIN54		ortholog_one2many
LIN54	LIN54	ortholog_one2many
NFKBIE	NFKBIE	ortholog_one2one
PDSS1	PDSS1	ortholog_one2one
C8A	C8A	ortholog_one2one
CDYL		ortholog_one2many
CDYL	CDYL	ortholog_one2many
ABCB6	ABCB6	ortholog_one2one
BARX2	BARX2	ortholog_one2one
ARIH2	ARIH2	ortholog_one2one
MLLT6	MLLT6	ortholog_one2one
PRDM11	PRDM11	ortholog_one2one
NLRP12	NLRP12	ortholog_one2one
DACT2	DACT2	ortholog_one2one
UROS	UROS	ortholog_one2one
PPP1R14B	PPP1R14B	ortholog_one2one
SP2	SP2	ortholog_one2one
TTK	TTK	ortholog_one2one
POU2AF2	POU2AF2	ortholog_one2one
FMN2	FMN2	ortholog_one2one
TRIM34	TRIM34	ortholog_one2one
PCYT2	PCYT2	ortholog_one2one
RDH13	RDH13	ortholog_one2one
COBL	COBL	ortholog_one2one
TSPAN4	TSPAN4	ortholog_one2one
GTF2F1	GTF2F1	ortholog_one2one
SLC39A8	SLC39A8	ortholog_one2one
NDFIP1	NDFIP1	ortholog_one2one
CCDC148	CCDC148	ortholog_one2one
ADGRF5	ADGRF5	ortholog_one2one
ABL2	ABL2	ortholog_one2one
TCF7	TCF7	ortholog_one2one
ADH1B		ortholog_many2many
CORT	CORT	ortholog_one2one
CCT7		ortholog_one2many
CCT7	CCT7	ortholog_one2many
SKP2	SKP2	ortholog_one2one
FDX2	FDX2	ortholog_one2one
BCAP29	BCAP29	ortholog_one2one
CEACAM3		ortholog_many2many
PRRG2	PRRG2	ortholog_one2one
RFX5	RFX5	ortholog_one2one
DPH7	DPH7	ortholog_one2one
LAMA4	LAMA4	ortholog_one2one
KXD1	KXD1	ortholog_one2one
PPP2CA		ortholog_one2one
PRKRIP1	PRKRIP1	ortholog_one2one
PRR7	PRR7	ortholog_one2one
STEAP1	STEAP1	ortholog_one2many
MAPK9	MAPK9	ortholog_one2one
CYP2W1	CYP2W1	ortholog_one2one
RNF4	RNF4	ortholog_one2one
WIZ	WIZ	ortholog_one2one
LYVE1	LYVE1	ortholog_one2one
CREB5	CREB5	ortholog_one2one
WDR11	WDR11	ortholog_one2one
KIAA1549L	KIAA1549L	ortholog_one2one
SAT2	SAT2	ortholog_one2one
GMCL1	GMCL1	ortholog_one2many
DDB1	DDB1	ortholog_one2one
FEZF1	FEZF1	ortholog_one2one
VIPR2	VIPR2	ortholog_one2one
CLPP	CLPP	ortholog_one2many
CLPP		ortholog_one2many
METTL14	METTL14	ortholog_one2one
MIEN1	MIEN1	ortholog_one2one
MEX3D	MEX3D	ortholog_one2one
AANAT	AANAT	ortholog_one2one
MZF1	MZF1	ortholog_one2one
B4GALT1	B4GALT1	ortholog_one2one
SPATA6L	SPATA6L	ortholog_one2one
VMA12	TMEM199	ortholog_one2one
WDFY4	WDFY4	ortholog_one2one
TMA16		ortholog_one2many
TMA16	TMA16	ortholog_one2many
CLINT1	CLINT1	ortholog_one2one
NLGN2	NLGN2	ortholog_one2one
CASC3	CASC3	ortholog_one2one
TEX101	TEX101	ortholog_one2one
ZWINT	ZWINT	ortholog_one2one
ODF2	ODF2	ortholog_one2one
HADHA	HADHA	ortholog_one2one
KCNA7	KCNA7	ortholog_one2one
FAM185A	FAM185A	ortholog_one2one
ZNF792	ZNF792	ortholog_one2one
ZFYVE28	ZFYVE28	ortholog_one2one
ERICH4	ERICH4	ortholog_one2one
NSMCE1	NSMCE1	ortholog_one2one
LRRC4B	LRRC4B	ortholog_one2one
KIF25	KIF25	ortholog_one2one
IL22RA2	IL22RA2	ortholog_one2one
OPN5	OPN5	ortholog_one2one
TMUB2	TMUB2	ortholog_one2one
MAPK13	MAPK13	ortholog_one2one
NOP53	NOP53	ortholog_one2one
RBPJ	RBPJ	ortholog_one2one
MCMBP	MCMBP	ortholog_one2one
GOSR2	GOSR2	ortholog_one2one
TXNDC11	TXNDC11	ortholog_one2one
PDE4D	PDE4D	ortholog_one2one
SNX8	SNX8	ortholog_one2one
TRUB2	TRUB2	ortholog_one2one
PTCHD4	PTCHD4	ortholog_one2one
POLH	POLH	ortholog_one2one
PFKFB4	PFKFB4	ortholog_one2one
AHCYL2	AHCYL2	ortholog_one2one
CFAP157	CFAP157	ortholog_one2one
ZNF189	ZNF189	ortholog_one2one
FGFR2	FGFR2	ortholog_one2one
SLC25A51		ortholog_many2many
RCC1	RCC1	ortholog_one2one
CBFB	CBFB	ortholog_one2one
DDX31	DDX31	ortholog_one2one
STRA8	STRA8	ortholog_one2one
LRCH4	LRCH4	ortholog_one2one
GPATCH1	GPATCH1	ortholog_one2one
KIF5A	KIF5A	ortholog_one2one
FAM114A1	FAM114A1	ortholog_one2one
CREBBP	CREBBP	ortholog_one2one
LMAN2	LMAN2	ortholog_one2one
TRDN		ortholog_one2one
COX7A2L		ortholog_one2many
SHISA3	SHISA3	ortholog_one2one
PZP		ortholog_one2many
PGM2	PGM2	ortholog_one2one
LRRTM2	LRRTM2	ortholog_one2one
CA4	CA4	ortholog_one2one
WWC1	WWC1	ortholog_one2one
AUH	AUH	ortholog_one2one
ARID3A	ARID3A	ortholog_one2one
NCKIPSD	NCKIPSD	ortholog_one2one
RPS11	RPS11	ortholog_one2one
DERL2	DERL2	ortholog_one2one
ELAVL2	ELAVL2	ortholog_one2one
METTL9	METTL9	ortholog_one2one
CDKN1B	CDKN1B	ortholog_one2one
RFC1	RFC1	ortholog_one2one
SCYL2	SCYL2	ortholog_one2many
SCYL2		ortholog_one2many
TNFRSF12A	TNFRSF12A	ortholog_one2one
MIER2	MIER2	ortholog_one2one
BTF3	BTF3	ortholog_one2one
MEIOB	MEIOB	ortholog_one2one
SLC37A3	SLC37A3	ortholog_one2one
RNF166	RNF166	ortholog_one2one
UBE2B	UBE2B	ortholog_one2one
ZNF527	ZNF527	ortholog_one2one
SMARCC2	SMARCC2	ortholog_one2one
ZKSCAN4	ZKSCAN4	ortholog_one2many
ZKSCAN4		ortholog_one2many
OSTF1	OSTF1	ortholog_one2one
MCRIP2	MCRIP2	ortholog_one2one
KLC3	KLC3	ortholog_one2one
HARS2	HARS2	ortholog_one2one
GNL1	GNL1	ortholog_one2one
MRC2	MRC2	ortholog_one2one
NOA1	NOA1	ortholog_one2one
SLC38A3	SLC38A3	ortholog_one2one
USP47	USP47	ortholog_one2one
NOMO3		ortholog_one2many
NUDT2	NUDT2	ortholog_one2one
FIP1L1	FIP1L1	ortholog_one2one
SPATA7	SPATA7	ortholog_one2one
SETX	SETX	ortholog_one2one
LRRFIP1	LRRFIP1	ortholog_one2one
DBP	DBP	ortholog_one2one
VNN2	VNN2	ortholog_one2one
SMIM5	SMIM5	ortholog_one2one
MEIS3	MEIS3	ortholog_one2many
CEP95	CEP95	ortholog_one2one
CCDC146	CCDC146	ortholog_one2one
RAB4A	RAB4A	ortholog_one2one
SIRT5	SIRT5	ortholog_one2one
UAP1L1	UAP1L1	ortholog_one2one
MRPL22	MRPL22	ortholog_one2one
IFI35	IFI35	ortholog_one2one
ZNHIT1	ZNHIT1	ortholog_one2one
FANCM	FANCM	ortholog_one2one
DPYSL3	DPYSL3	ortholog_one2one
DNAJB5	DNAJB5	ortholog_one2one
ZZEF1	ZZEF1	ortholog_one2one
PSMG3	PSMG3	ortholog_one2one
F13B	F13B	ortholog_one2one
SMC4		ortholog_one2one
IL6	IL6	ortholog_one2one
NIPSNAP3B	NIPSNAP3A	ortholog_one2one
PGC	PGC	ortholog_one2one
SWI5	SWI5	ortholog_one2one
TNPO3	TNPO3	ortholog_one2one
ZNF475	ZNF475	ortholog_one2one
QSOX2	QSOX2	ortholog_one2one
CLPTM1L	CLPTM1L	ortholog_one2one
PRP4K	PRP4K	ortholog_one2one
NKIRAS2	NKIRAS2	ortholog_one2one
ENG	ENG	ortholog_one2one
KCNIP2	KCNIP2	ortholog_one2one
CCER2	CCER2	ortholog_one2one
ZNF708		ortholog_one2many
DVL1	DVL1	ortholog_one2one
RPTOR	RPTOR	ortholog_one2one
TRIM72	TRIM72	ortholog_one2one
CAPN12	CAPN12	ortholog_one2one
LRRC1	LRRC1	ortholog_one2one
WFDC1	WFDC1	ortholog_one2one
UBA52	UBA52	ortholog_one2one
AMOTL1	AMOTL1	ortholog_one2one
NID2	NID2	ortholog_one2one
PRSS27	PRSS27	ortholog_one2one
NCR3		ortholog_one2one
ZG16	ZG16	ortholog_one2one
EIF3M	EIF3M	ortholog_one2one
ABCC10	ABCC10	ortholog_one2one
MED1	MED1	ortholog_one2one
NIN	NIN	ortholog_one2one
TBC1D24	TBC1D24	ortholog_one2one
NEK11	NEK11	ortholog_one2one
CRHR1	CRHR1	ortholog_one2one
ZNF326	ZNF326	ortholog_one2one
CNGB1	CNGB1	ortholog_one2one
ADAM19	ADAM19	ortholog_one2one
UST	UST	ortholog_one2one
CCDC92B	CCDC92B	ortholog_one2one
ELP5	ELP5	ortholog_one2one
SLC26A8	SLC26A8	ortholog_one2one
INPPL1	INPPL1	ortholog_one2one
CORO1A	CORO1A	ortholog_one2one
TAC1	TAC1	ortholog_one2one
CLEC4C	CLEC4C	ortholog_one2one
SHROOM1	SHROOM1	ortholog_one2one
RWDD1	RWDD1	ortholog_one2one
BAMBI	BAMBI	ortholog_one2one
FCHO1	FCHO1	ortholog_one2one
BLNK	BLNK	ortholog_one2one
KMT2C	KMT2C	ortholog_one2one
SP7	SP7	ortholog_one2one
TSPAN9	TSPAN9	ortholog_one2one
TMEM131L	TMEM131L	ortholog_one2one
EDN1	EDN1	ortholog_one2one
MPP3	MPP3	ortholog_one2one
ENTPD2	ENTPD2	ortholog_one2one
TADA3	TADA3	ortholog_one2one
TRAM2	TRAM2	ortholog_one2one
RUFY1	RUFY1	ortholog_one2one
GAPVD1	GAPVD1	ortholog_one2one
ELK3	ELK3	ortholog_one2one
CD24		ortholog_one2many
C12orf42	C12orf42	ortholog_one2one
RPS6KA2	RPS6KA2	ortholog_one2one
RPUSD1	RPUSD1	ortholog_one2one
CD163	CD163	ortholog_one2one
MMP12	MMP12	ortholog_one2one
FAM111B	FAM111B	ortholog_one2one
LYSET	LYSET	ortholog_one2one
REC8	REC8	ortholog_one2one
FRMD4B	FRMD4B	ortholog_one2one
INTS4		ortholog_one2many
ARL17A		ortholog_one2many
CCL24	CCL24	ortholog_one2one
GPT2	GPT2	ortholog_one2one
CD46	CD46	ortholog_one2one
TRA2A		ortholog_one2many
TRA2A	TRA2A	ortholog_one2many
EXOC6	EXOC6	ortholog_one2one
NSD1	NSD1	ortholog_one2one
MED6	MED6	ortholog_one2one
CDCP1	CDCP1	ortholog_one2one
UCHL1	UCHL1	ortholog_one2one
CNTNAP2	CNTNAP2	ortholog_one2one
TRIM36	TRIM36	ortholog_one2one
CACNB2	CACNB2	ortholog_one2one
MYNN	MYNN	ortholog_one2one
PFDN1	PFDN1	ortholog_one2one
CCT6A	CCT6A	ortholog_one2one
ABHD4	ABHD4	ortholog_one2one
PKD2L2	PKD2L2	ortholog_one2one
NDUFA9	NDUFA9	ortholog_one2one
PKHD1	PKHD1	ortholog_one2one
DMRT2	DMRT2	ortholog_one2one
TANC2	TANC2	ortholog_one2one
NRL	NRL	ortholog_one2one
TIGIT	TIGIT	ortholog_one2one
MLKL	MLKL	ortholog_one2one
RASGRF2	RASGRF2	ortholog_one2one
IFI27L2	IFI27L2	ortholog_one2one
TMEM250	TMEM250	ortholog_one2one
TIMP4	TIMP4	ortholog_one2one
GNAQ	GNAQ	ortholog_one2one
CEP128	CEP128	ortholog_one2one
GFAP	GFAP	ortholog_one2one
FAM3D	FAM3D	ortholog_one2one
NLRX1	NLRX1	ortholog_one2one
ZNF367	ZNF367	ortholog_one2one
TMC7	TMC7	ortholog_one2one
VEGFA	VEGFA	ortholog_one2one
INVS	INVS	ortholog_one2one
RPS14	RPS14	ortholog_one2one
PODNL1	PODNL1	ortholog_one2one
MGAT4C	MGAT4C	ortholog_one2one
CYP46A1	CYP46A1	ortholog_one2one
RBMS3	RBMS3	ortholog_one2one
ZG16B	ZG16B	ortholog_one2one
PIH1D1	PIH1D1	ortholog_one2one
SDR42E2	SDR42E2	ortholog_one2one
MBD6	MBD6	ortholog_one2one
SMG6	SMG6	ortholog_one2one
F12	F12	ortholog_one2one
APRT	APRT	ortholog_one2one
FAM89B	FAM89B	ortholog_one2one
TSG101		ortholog_one2one
LEMD3	LEMD3	ortholog_one2one
COX8C	COX8C	ortholog_one2one
POT1	POT1	ortholog_one2one
PTGER2	PTGER2	ortholog_one2one
HMGB2	HMGB2	ortholog_one2one
VWA2	VWA2	ortholog_one2one
PRODH2	PRODH2	ortholog_one2one
ZNF839	ZNF839	ortholog_one2one
SLC25A19	SLC25A19	ortholog_one2one
PIGQ	PIGQ	ortholog_one2one
ACADSB	ACADSB	ortholog_one2one
ZFC3H1	ZFC3H1	ortholog_one2one
GTF2H5	GTF2H5	ortholog_one2one
PCBD2	PCBD2	ortholog_one2one
GREM2	GREM2	ortholog_one2one
RPF2	RPF2	ortholog_one2many
RPF2		ortholog_one2many
PSG7		ortholog_many2many
NKD2	NKD2	ortholog_one2one
SLIRP	SLIRP	ortholog_one2one
PKP2	PKP2	ortholog_one2one
SGCB	SGCB	ortholog_one2one
TTC36	TTC36	ortholog_one2one
SST	SST	ortholog_one2one
PGLYRP2	PGLYRP2	ortholog_one2one
SYT15B		ortholog_one2many
CDV3	CDV3	ortholog_one2one
TRIM49		ortholog_one2many
MYO3A	MYO3A	ortholog_one2one
ARHGAP20	ARHGAP20	ortholog_one2one
PPP1R10	PPP1R10	ortholog_one2one
SMIM20	SMIM20	ortholog_one2one
ADGRE1	ADGRE1	ortholog_one2one
SNX2	SNX2	ortholog_one2one
PIGR	PIGR	ortholog_one2one
OSBPL11	OSBPL11	ortholog_one2one
PTGR2	PTGR2	ortholog_one2one
SLC25A31	SLC25A31	ortholog_one2one
PRKG2	PRKG2	ortholog_one2one
C16orf89	C16orf89	ortholog_one2one
GIT1	GIT1	ortholog_one2one
MS4A3	MS4A3	ortholog_one2one
BAZ1B	BAZ1B	ortholog_one2one
SUDS3		ortholog_one2many
SUDS3	SUDS3	ortholog_one2many
GNG3	GNG3	ortholog_one2one
SERP1	SERP1	ortholog_one2many
SERP1		ortholog_one2many
RYR1	RYR1	ortholog_one2one
STK32C	STK32C	ortholog_one2one
POMZP3		ortholog_one2many
CCDC12	CCDC12	ortholog_one2one
ARRB1	ARRB1	ortholog_one2one
MCM3	MCM3	ortholog_one2one
CFAP119	CFAP119	ortholog_one2one
SLC15A4	SLC15A4	ortholog_one2one
ABLIM1	ABLIM1	ortholog_one2one
CLCN3	CLCN3	ortholog_one2one
SSBP1	SSBP1	ortholog_one2many
SSBP1		ortholog_one2many
PNPT1	PNPT1	ortholog_one2one
FRG2C		ortholog_one2many
CMIP	CMIP	ortholog_one2one
ATP1B3	ATP1B3	ortholog_one2one
GCNT4	GCNT4	ortholog_one2one
SLC6A7	SLC6A7	ortholog_one2one
PCSK4	PCSK4	ortholog_one2one
FKBP3	FKBP3	ortholog_one2one
ERCC6	ERCC6	ortholog_one2one
TMEM186	TMEM186	ortholog_one2one
COPS7A	COPS7A	ortholog_one2one
GABRG2	GABRG2	ortholog_one2one
OGDHL	OGDHL	ortholog_one2one
ZNF30	ZNF30	ortholog_one2one
RUFY3	RUFY3	ortholog_one2many
RUFY3		ortholog_one2many
STON2	STON2	ortholog_one2one
CKB	CKB	ortholog_one2one
TASOR	TASOR	ortholog_one2one
NPEPPS	NPEPPS	ortholog_one2one
RNF144B	RNF144B	ortholog_one2one
PLEKHA8	PLEKHA8	ortholog_one2one
LTBP4	LTBP4	ortholog_one2one
SYCP2L	SYCP2L	ortholog_one2one
KCNK10	KCNK10	ortholog_one2one
DOP1A	DOP1A	ortholog_one2one
PFKFB2	PFKFB2	ortholog_one2one
PPP1R36	PPP1R36	ortholog_one2one
DMXL1	DMXL1	ortholog_one2one
ARHGAP21	ARHGAP21	ortholog_one2one
TMEM144	TMEM144	ortholog_one2one
PRMT3	PRMT3	ortholog_one2one
CD80	CD80	ortholog_one2one
EIF2S1	EIF2S1	ortholog_one2one
DNASE1	DNASE1	ortholog_one2one
CSPG5	CSPG5	ortholog_one2one
STEAP1B	STEAP1	ortholog_one2many
MCM2	MCM2	ortholog_one2one
TNF	TNF	ortholog_one2one
IER3	IER3	ortholog_one2one
CRIP1	CRIP1	ortholog_one2many
CRIP1		ortholog_one2many
KLRG2	KLRG2	ortholog_one2one
GCNT2	GCNT2	ortholog_one2one
HECW1	HECW1	ortholog_one2one
CTSF	CTSF	ortholog_one2one
RABEP2	RABEP2	ortholog_one2one
C5orf15	C5orf15	ortholog_one2one
RAB23	RAB23	ortholog_one2one
GPX3	GPX3	ortholog_one2one
DNAAF5	DNAAF5	ortholog_one2one
DHRS1	DHRS1	ortholog_one2one
EGFLAM	EGFLAM	ortholog_one2one
ETV5	ETV5	ortholog_one2one
C2orf68	C2orf68	ortholog_one2one
PRR29	PRR29	ortholog_one2one
ECHS1	ECHS1	ortholog_one2one
SNF8	SNF8	ortholog_one2one
GABARAPL2	GABARAPL2	ortholog_one2one
CYP20A1	CYP20A1	ortholog_one2one
SLC60A2	MFSD4B	ortholog_one2one
SEMA6B	SEMA6B	ortholog_one2one
CCNB1	CCNB1	ortholog_one2one
TNRC6A	TNRC6A	ortholog_one2one
AKAP6	AKAP6	ortholog_one2one
INSIG1	INSIG1	ortholog_one2one
EPHB3	EPHB3	ortholog_one2one
MMS22L	MMS22L	ortholog_one2one
DHDH	DHDH	ortholog_one2one
GPAT3	GPAT3	ortholog_one2one
RTP1	RTP1	ortholog_one2one
ZNF235	ZNF235	ortholog_one2one
CPNE9	CPNE9	ortholog_one2one
CDK3	CDK3	ortholog_one2one
SLC43A3	SLC43A3	ortholog_one2one
CRB1	CRB1	ortholog_one2one
CCDC62	CCDC62	ortholog_one2one
CDHR3	CDHR3	ortholog_one2one
PSMD3	PSMD3	ortholog_one2one
ZNF296	ZNF296	ortholog_one2one
SPC25	SPC25	ortholog_one2one
ZNF492		ortholog_one2many
KLHDC1	KLHDC1	ortholog_one2one
SIGLEC9		ortholog_many2many
KRT72	KRT72	ortholog_one2one
C7	C7	ortholog_one2one
CRMP1	CRMP1	ortholog_one2one
PLEKHA3	PLEKHA3	ortholog_one2many
PLEKHA3		ortholog_one2many
NUAK1	NUAK1	ortholog_one2one
TRIM24	TRIM24	ortholog_one2one
C6orf136	C6orf136	ortholog_one2one
QTRT1	QTRT1	ortholog_one2one
KARS1	KARS1	ortholog_one2one
FNDC3B	FNDC3B	ortholog_one2one
LRRC43	LRRC43	ortholog_one2one
RAD51AP2	RAD51AP2	ortholog_one2one
PGGT1B	PGGT1B	ortholog_one2one
TFEB	TFEB	ortholog_one2one
OSGEP	OSGEP	ortholog_one2one
RPL26L1	RPL26L1	ortholog_one2one
PCED1B	PCED1B	ortholog_one2one
GALNTL6	GALNTL6	ortholog_one2one
TLCD3A	TLCD3A	ortholog_one2one
GNRHR	GNRHR	ortholog_one2one
CAPRIN2	CAPRIN2	ortholog_one2one
MARCHF3	MARCHF3	ortholog_one2one
CPSF4L	CPSF4L	ortholog_one2one
ZGRF1	ZGRF1	ortholog_one2one
LYRM9	LYRM9	ortholog_one2one
ZNF333	ZNF333	ortholog_one2one
CHSY3	CHSY3	ortholog_one2one
HARS1	HARS1	ortholog_one2one
PRSS54	PRSS54	ortholog_one2one
TRPV1	TRPV1	ortholog_one2one
KCNK13	KCNK13	ortholog_one2one
KHNYN	KHNYN	ortholog_one2one
OTOA	OTOA	ortholog_one2one
COL26A1	COL26A1	ortholog_one2one
BLTP1	BLTP1	ortholog_one2one
OSBPL6	OSBPL6	ortholog_one2one
ARHGAP35	ARHGAP35	ortholog_one2one
NMRK2	NMRK2	ortholog_one2one
TOGARAM1	TOGARAM1	ortholog_one2one
GABRR1	GABRR1	ortholog_one2one
TBATA	TBATA	ortholog_one2one
PI16	PI16	ortholog_one2one
CACNA1H	CACNA1H	ortholog_one2one
GIMAP4	GIMAP4	ortholog_one2one
BTRC	BTRC	ortholog_one2one
AK7	AK7	ortholog_one2one
CASP2	CASP2	ortholog_one2one
ZNF451	ZNF451	ortholog_one2one
SULT2B1	SULT2B1	ortholog_one2one
INCENP	INCENP	ortholog_one2one
CCDC190	CCDC190	ortholog_one2one
BLTP2	BLTP2	ortholog_one2one
SNX10	SNX10	ortholog_one2one
UNC79	UNC79	ortholog_one2one
HINT1	HINT1	ortholog_one2one
CELA2A		ortholog_one2many
KRT33A		ortholog_one2many
MFRP	MFRP	ortholog_one2one
PSMC3IP	PSMC3IP	ortholog_one2one
ETFB	ETFB	ortholog_one2one
ANAPC16	ANAPC16	ortholog_one2one
TAF1D	TAF1D	ortholog_one2one
POLD2		ortholog_one2many
POLD2	POLD2	ortholog_one2many
RGL1	RGL1	ortholog_one2one
PRDM8	PRDM8	ortholog_one2one
MTRR	MTRR	ortholog_one2one
TGM1	TGM1	ortholog_one2one
PGLS	PGLS	ortholog_one2one
DPPA5	DPPA5	ortholog_one2one
SLC35D3	SLC35D3	ortholog_one2one
AK9		ortholog_one2many
COL1A1	COL1A1	ortholog_one2one
DCLRE1C	DCLRE1C	ortholog_one2one
PRAM1	PRAM1	ortholog_one2one
SAMD4A	SAMD4A	ortholog_one2one
HNRNPL	HNRNPL	ortholog_one2one
DDX19A	DDX19A	ortholog_one2one
ARMC2	ARMC2	ortholog_one2many
ARMC2		ortholog_one2many
DHRS7	DHRS7	ortholog_one2one
MED12L	MED12L	ortholog_one2one
FLVCR1	FLVCR1	ortholog_one2one
BRD2	BRD2	ortholog_one2one
FAM181A	FAM181A	ortholog_one2one
NDUFB1	NDUFB1	ortholog_one2one
RCE1	RCE1	ortholog_one2one
PCP2	PCP2	ortholog_one2one
MTARC1	MTARC1	ortholog_one2one
ADAM21	ADAM21	ortholog_one2one
KLHL33	KLHL33	ortholog_one2one
ASB5	ASB5	ortholog_one2one
CDK2AP2	CDK2AP2	ortholog_one2one
METTL17	METTL17	ortholog_one2one
TTYH1	TTYH1	ortholog_one2one
CHST2	CHST2	ortholog_one2one
CCNJL	CCNJL	ortholog_one2one
UBE2E2	UBE2E2	ortholog_one2one
TBX6	TBX6	ortholog_one2one
TBRG1	TBRG1	ortholog_one2many
TBRG1		ortholog_one2many
CPLX1	CPLX1	ortholog_one2one
DUSP7	DUSP7	ortholog_one2one
C16orf74	C16orf74	ortholog_one2one
LSMEM2	LSMEM2	ortholog_one2one
CDC25C	CDC25C	ortholog_one2one
SH3RF1	SH3RF1	ortholog_one2one
AVL9	AVL9	ortholog_one2one
GPR160	GPR160	ortholog_one2one
FLYWCH1	FLYWCH1	ortholog_one2one
COL9A2	COL9A2	ortholog_one2one
H2AZ1	H2AZ1	ortholog_one2one
CACNG6	CACNG6	ortholog_one2one
NDUFA3	NDUFA3	ortholog_one2one
FNIP2	FNIP2	ortholog_one2one
SPTSSB	SPTSSB	ortholog_one2one
KCNJ5	KCNJ5	ortholog_one2one
ARHGAP19	ARHGAP19	ortholog_one2one
IQCB1	IQCB1	ortholog_one2one
TM7SF2	TM7SF2	ortholog_one2one
RAB28	RAB28	ortholog_one2one
CCDC88C	CCDC88C	ortholog_one2one
COQ8B	COQ8B	ortholog_one2one
ANKRD13B	ANKRD13B	ortholog_one2one
SCGB3A2	SCGB3A2	ortholog_one2one
ZNF467	ZNF467	ortholog_one2one
ACTA2	ACTA2	ortholog_one2one
MSLN	MSLN	ortholog_one2one
REM2	REM2	ortholog_one2one
SPINK9	SPINK9	ortholog_one2one
CNIH1		ortholog_one2many
CNIH1	CNIH1	ortholog_one2many
TMED9	TMED9	ortholog_one2one
METTL21A	METTL21A	ortholog_one2one
C1QL1	C1QL1	ortholog_one2one
SLFN5	SLFN5	ortholog_one2one
GCH1	GCH1	ortholog_one2one
CLIP2	CLIP2	ortholog_one2one
DLX3	DLX3	ortholog_one2one
PDZK1	PDZK1	ortholog_one2one
RAD17	RAD17	ortholog_one2one
SLC43A2	SLC43A2	ortholog_one2one
MPHOSPH9	MPHOSPH9	ortholog_one2one
SRSF5	SRSF5	ortholog_one2one
AFM	AFM	ortholog_one2one
MITF	MITF	ortholog_one2one
TMX2	TMX2	ortholog_one2one
CXCL12	CXCL12	ortholog_one2one
MRPS9	MRPS9	ortholog_one2one
TACR2	TACR2	ortholog_one2one
TMPRSS9	TMPRSS9	ortholog_one2one
ANXA8L1		ortholog_one2many
KLHL11	KLHL11	ortholog_one2one
GIPR	GIPR	ortholog_one2one
UBE2Z	UBE2Z	ortholog_one2one
NOM1	NOM1	ortholog_one2one
DPF2	DPF2	ortholog_one2one
CROT	CROT	ortholog_one2one
NMT1	NMT1	ortholog_one2many
NMT1		ortholog_one2many
SNRNP35	SNRNP35	ortholog_one2one
EPC1	EPC1	ortholog_one2one
MEMO1	MEMO1	ortholog_one2one
CCDC77	CCDC77	ortholog_one2one
SYDE1	SYDE1	ortholog_one2one
SPP1	SPP1	ortholog_one2one
KLK15	KLK15	ortholog_one2one
SLC39A11	SLC39A11	ortholog_one2one
TM9SF1	CHMP4A	ortholog_one2many
TM9SF1		ortholog_one2many
ZMYND11	ZMYND11	ortholog_one2one
PLAAT3	PLAAT3	ortholog_one2one
PGLYRP1	PGLYRP1	ortholog_one2one
SPTBN2	SPTBN2	ortholog_one2one
MEGF8	MEGF8	ortholog_one2one
NR3C2	NR3C2	ortholog_one2one
SMARCD3	SMARCD3	ortholog_one2one
NPC2	NPC2	ortholog_one2one
GPS1	GPS1	ortholog_one2one
GADD45B	GADD45B	ortholog_one2one
BPGM	BPGM	ortholog_one2one
PCDH18	PCDH18	ortholog_one2one
ROBO2	ROBO2	ortholog_one2one
UGDH	UGDH	ortholog_one2one
USP35	USP35	ortholog_one2one
PYGL	PYGL	ortholog_one2one
GDE1	GDE1	ortholog_one2one
PRSS57	PRSS57	ortholog_one2one
MARCHF7	MARCHF7	ortholog_one2many
MARCHF7		ortholog_one2many
TMEM270	TMEM270	ortholog_one2one
EPS8	EPS8	ortholog_one2one
FSD1	FSD1	ortholog_one2one
BAIAP2L1	BAIAP2L1	ortholog_one2one
PRRG4	PRRG4	ortholog_one2one
SHISAL2B	SHISAL2B	ortholog_one2one
ABHD16A	ABHD16A	ortholog_one2one
CDH3	CDH3	ortholog_one2one
LECT2	LECT2	ortholog_one2one
TMEM218	TMEM218	ortholog_one2many
TMEM218		ortholog_one2many
ZNF354A	ZNF354A	ortholog_one2one
MKRN1	MKRN1	ortholog_one2one
PTCD2	PTCD2	ortholog_one2one
U2AF2	U2AF2	ortholog_one2one
DAG1	DAG1	ortholog_one2one
CES4A	CES4A	ortholog_one2one
NAT8L	NAT8L	ortholog_one2one
ANTXR2	ANTXR2	ortholog_one2one
CAV1	CAV1	ortholog_one2one
GGCT	GGCT	ortholog_one2one
VCPKMT	VCPKMT	ortholog_one2one
ZNF425	ZNF425	ortholog_one2one
CMTM7	CMTM7	ortholog_one2one
POLR2J2		ortholog_one2many
CRIP2	CRIP2	ortholog_one2one
AZU1	AZU1	ortholog_one2one
BUD31		ortholog_one2many
BUD31	BUD31	ortholog_one2many
CYP2A7	CYP2A13P	ortholog_one2many
ITIH1	ITIH1	ortholog_one2one
PARP8	PARP8	ortholog_one2one
MS4A14	MS4A14	ortholog_one2one
ZNF382	ZNF382	ortholog_one2one
CES2	CES2	ortholog_one2one
HRAS	HRAS	ortholog_one2one
FAM174C	FAM174C	ortholog_one2one
NXF1	NXF1	ortholog_one2one
OTOGL	OTOGL	ortholog_one2one
PDGFA	PDGFA	ortholog_one2one
PRKCG	PRKCG	ortholog_one2one
TMEM196	TMEM196	ortholog_one2one
KRT39	KRT39	ortholog_one2one
DLD	DLD	ortholog_one2one
CACNA2D4	CACNA2D4	ortholog_one2one
GNGT2	GNGT2	ortholog_one2one
TGFB3	TGFB3	ortholog_one2one
ZNF829	ZNF829	ortholog_one2one
SIGLEC12		ortholog_many2many
FADS6	FADS6	ortholog_one2one
LILRB5		ortholog_many2many
LILRB5	LILRB4	ortholog_many2many
TUBG1	TUBG1	ortholog_one2one
PRSS23	PRSS23	ortholog_one2one
SLC16A10	SLC16A10	ortholog_one2one
WARS1	WARS1	ortholog_one2one
HNRNPUL1	HNRNPUL1	ortholog_one2one
CFAP36	CFAP36	ortholog_one2one
APOA5	APOA5	ortholog_one2one
MOXD1	MOXD1	ortholog_one2one
NNMT	NNMT	ortholog_one2one
PFAS	PFAS	ortholog_one2one
FAM174A	FAM174A	ortholog_one2one
ZC3H12D	ZC3H12D	ortholog_one2one
FRK	FRK	ortholog_one2one
NOCT	NOCT	ortholog_one2one
AFAP1L1	AFAP1L1	ortholog_one2one
LSP1	LSP1	ortholog_one2one
DCTPP1	DCTPP1	ortholog_one2one
MED28	MED28	ortholog_one2one
DEK	DEK	ortholog_one2one
FUS	FUS	ortholog_one2one
MKRN2	MKRN2	ortholog_one2one
FSTL5	FSTL5	ortholog_one2one
EPS8L1	EPS8L1	ortholog_one2one
JAZF1	JAZF1	ortholog_one2one
ATG3		ortholog_one2many
ATG3	ATG3	ortholog_one2many
FKBP11	FKBP11	ortholog_one2one
HOXD9	HOXD9	ortholog_one2one
MITD1	MITD1	ortholog_one2one
GRSF1	GRSF1	ortholog_one2one
DTX2	DTX2	ortholog_one2one
PLD2	PLD2	ortholog_one2one
N4BP3	N4BP3	ortholog_one2one
CRACR2A	CRACR2A	ortholog_one2one
MTCL3	MTCL3	ortholog_one2one
DPPA2	DPPA2	ortholog_one2one
CDK7	CDK7	ortholog_one2one
CCHCR1	CCHCR1	ortholog_one2one
REXO1	REXO1	ortholog_one2one
TBC1D15	TBC1D15	ortholog_one2one
GTF3C2	GTF3C2	ortholog_one2one
NPM3	NPM3	ortholog_one2one
JHY	JHY	ortholog_one2one
TMEM44	TMEM44	ortholog_one2one
ST3GAL3	ST3GAL3	ortholog_one2one
BMP2K	BMP2K	ortholog_one2one
CD33		ortholog_one2many
MMRN2	MMRN2	ortholog_one2one
MMP3	MMP3	ortholog_one2one
EREG	EREG	ortholog_one2one
FAM25A	FAM25A	ortholog_one2many
LCORL	LCORL	ortholog_one2one
SEMA4G	SEMA4G	ortholog_one2one
HIF3A	HIF3A	ortholog_one2one
FEN1		ortholog_one2one
SOX30	SOX30	ortholog_one2one
CENPE	CENPE	ortholog_one2one
PGAP2	PGAP2	ortholog_one2one
COMMD10		ortholog_one2many
COMMD10	COMMD10	ortholog_one2many
VIP	VIP	ortholog_one2one
EGFL8	EGFL8	ortholog_one2one
TNKS2	TNKS2	ortholog_one2one
PCDHA12	PCDHA12	ortholog_one2one
AKAP12	AKAP12	ortholog_one2one
CCDC39	CCDC39	ortholog_one2one
TBC1D12	TBC1D12	ortholog_one2one
LATS1	LATS1	ortholog_one2one
UBTD2	UBTD2	ortholog_one2one
MARCHF11		ortholog_one2one
IL31RA	IL31RA	ortholog_one2one
TRH	TRH	ortholog_one2one
ATP6V0E2	ATP6V0E2	ortholog_one2one
KRT9	KRT9	ortholog_one2one
ADPRH	ADPRH	ortholog_one2one
CEP162	CEP162	ortholog_one2one
HSD17B1	HSD17B1	ortholog_one2one
ZNF304	ZNF304	ortholog_one2one
RAB11FIP3	RAB11FIP3	ortholog_one2one
PSMC6	PSMC6	ortholog_one2one
R3HDM4	R3HDM4	ortholog_one2one
SELENOI	SELENOI	ortholog_one2one
SEC22C	SEC22C	ortholog_one2one
DCLRE1A	DCLRE1A	ortholog_one2one
DUSP2	DUSP2	ortholog_one2one
ATXN7L1	ATXN7L1	ortholog_one2one
PTGES3	PTGES3	ortholog_one2one
SLC22A5	SLC22A5	ortholog_one2one
UBTF	UBTF	ortholog_one2one
HMX1	HMX1	ortholog_one2one
CDK1	CDK1	ortholog_one2many
CDK1		ortholog_one2many
NSUN7	NSUN7	ortholog_one2one
PCLO	PCLO	ortholog_one2one
CEP164	CEP164	ortholog_one2one
ANKRD53	ANKRD53	ortholog_one2one
HLA-DQB1		ortholog_many2many
DDX49	DDX49	ortholog_one2one
STEAP2	STEAP2	ortholog_one2one
HS3ST1	HS3ST1	ortholog_one2one
CDC20B	CDC20B	ortholog_one2one
SLC40A1	SLC40A1	ortholog_one2one
CFL2		ortholog_one2many
CFL2	CFL2	ortholog_one2many
HBS1L		ortholog_one2many
HBS1L	HBS1L	ortholog_one2many
PABPC4L	PABPC4L	ortholog_one2one
TMEM231	TMEM231	ortholog_one2one
DAPP1	DAPP1	ortholog_one2one
NREP	NREP	ortholog_one2one
BTBD10	BTBD10	ortholog_one2one
ERG28	ERG28	ortholog_one2one
BTC	BTC	ortholog_one2one
SFR1	SFR1	ortholog_one2one
HTRA1	HTRA1	ortholog_one2one
MYL11	MYL11	ortholog_one2one
AP1AR	AP1AR	ortholog_one2one
ESR2	ESR2	ortholog_one2one
SCIN	SCIN	ortholog_one2one
BRAP	BRAP	ortholog_one2one
STXBP5L	STXBP5L	ortholog_one2one
C16orf54	C16orf54	ortholog_one2one
GLYR1	GLYR1	ortholog_one2one
CLIP3	CLIP3	ortholog_one2one
ADK	ADK	ortholog_one2one
GSTK1	GSTK1	ortholog_one2one
HADH	HADH	ortholog_one2one
SPRED3	SPRED3	ortholog_one2one
COBLL1	COBLL1	ortholog_one2one
MRPL21	MRPL21	ortholog_one2one
EIF3G	EIF3G	ortholog_one2one
SSH1	SSH1	ortholog_one2one
MDFIC2	MDFIC2	ortholog_one2one
EXOG	EXOG	ortholog_one2one
MINPP1	MINPP1	ortholog_one2one
AKT1	AKT1	ortholog_one2one
IFT46	IFT46	ortholog_one2one
ST8SIA6	ST8SIA6	ortholog_one2one
B4GALT7	B4GALT7	ortholog_one2one
ANKRD50	ANKRD50	ortholog_one2one
PAOX	PAOX	ortholog_one2one
ADAM29	ADAM29	ortholog_one2one
PIWIL1	PIWIL1	ortholog_one2one
PHKG2	PHKG2	ortholog_one2many
PHKG2		ortholog_one2many
TBCCD1	TBCCD1	ortholog_one2one
ZNF879	ZNF879	ortholog_one2one
PIGY		ortholog_one2many
C4orf33	C4orf33	ortholog_one2one
RFESD	RFESD	ortholog_one2one
ZC3H12C	ZC3H12C	ortholog_one2one
RSPH10B		ortholog_one2many
TMC4	TMC4	ortholog_one2one
CPEB3	CPEB3	ortholog_one2one
IRAG1	IRAG1	ortholog_one2one
ZNF26	ZNF26	ortholog_one2one
MECOM	MECOM	ortholog_one2one
BMAL2	BMAL2	ortholog_one2one
HSD17B13	HSD17B13	ortholog_one2one
CHST12	CHST12	ortholog_one2one
ORAI2	ORAI2	ortholog_one2one
PDE5A	PDE5A	ortholog_one2one
PMS2	PMS2	ortholog_one2one
MKX	MKX	ortholog_one2one
RAB3GAP1	RAB3GAP1	ortholog_one2one
CCDC6	CCDC6	ortholog_one2one
CHST8	CHST8	ortholog_one2one
MDFI	MDFI	ortholog_one2one
RPS25	RPS25	ortholog_one2one
PCBD1	PCBD1	ortholog_one2one
CLDN1	CLDN1	ortholog_one2one
MAP3K8	MAP3K8	ortholog_one2one
ZNF524	ZNF524	ortholog_one2one
CFAP206	CFAP206	ortholog_one2one
TMEM120B	TMEM120B	ortholog_one2one
FAM32A	FAM32A	ortholog_one2one
HTR3A	HTR3A	ortholog_one2one
GRHL1	GRHL1	ortholog_one2one
SPAG6	SPAG6	ortholog_one2one
MVB12A	MVB12A	ortholog_one2one
FHDC1	FHDC1	ortholog_one2one
SLC17A1	SLC17A1	ortholog_one2one
LDHB	LDHB	ortholog_one2one
CEP44	CEP44	ortholog_one2one
YWHAQ	YWHAQ	ortholog_one2one
CAPN1	CAPN1	ortholog_one2one
CCDC28A	CCDC28A	ortholog_one2one
SPINT2	SPINT2	ortholog_one2one
TIMM23	TIMM23	ortholog_one2many
TEX264	TEX264	ortholog_one2one
MAP3K4	MAP3K4	ortholog_one2one
ACTB	ACTB	ortholog_one2one
GABRA2	GABRA2	ortholog_one2one
REDIC1	REDIC1	ortholog_one2one
ANKRD2	ANKRD2	ortholog_one2one
MYH14	MYH14	ortholog_one2one
C12orf43	C12orf43	ortholog_one2one
C10orf53	C10orf53	ortholog_one2one
RPP30	RPP30	ortholog_one2one
GNB4	GNB4	ortholog_one2one
BRMS1	BRMS1	ortholog_one2one
ADIPOR2		ortholog_one2many
ADIPOR2	ADIPOR2	ortholog_one2many
NAF1	NAF1	ortholog_one2one
PPP1R35	PPP1R35	ortholog_one2one
CCZ1	CCZ1	ortholog_one2many
RGS12	RGS12	ortholog_one2one
PXK	PXK	ortholog_one2one
STK25	STK25	ortholog_one2one
TTC9C	TTC9C	ortholog_one2one
PPP3CB	PPP3CB	ortholog_one2one
AP2B1	AP2B1	ortholog_one2one
NUMB	NUMB	ortholog_one2many
NUMB		ortholog_one2many
SPON1	SPON1	ortholog_one2one
SYCP3	SYCP3	ortholog_one2one
RAD9A	RAD9A	ortholog_one2one
NLRP11	NLRP11	ortholog_one2one
KIAA0408	KIAA0408	ortholog_one2one
SLC2A12	SLC2A12	ortholog_one2one
HMGCLL1	HMGCLL1	ortholog_one2one
GALNT9	GALNT9	ortholog_one2one
EMC10	EMC10	ortholog_one2one
OCIAD1	OCIAD1	ortholog_one2one
SBDS	SBDS	ortholog_one2one
DRC12	DRC12	ortholog_one2one
RERG	RERG	ortholog_one2one
LCOR	LCOR	ortholog_one2one
OAF	OAF	ortholog_one2one
EEPD1	EEPD1	ortholog_one2one
CDKAL1	CDKAL1	ortholog_one2one
CCT2	CCT2	ortholog_one2many
CCT2		ortholog_one2many
PTPN12	PTPN12	ortholog_one2one
PAX6	PAX6	ortholog_one2one
VPS26A		ortholog_one2many
TFAP2A	TFAP2A	ortholog_one2one
KCNJ14	KCNJ14	ortholog_one2one
ARSI	ARSI	ortholog_one2one
PPP2R2D		ortholog_one2many
PPP2R2D	PPP2R2D	ortholog_one2many
SYT3	SYT3	ortholog_one2one
GPBP1		ortholog_one2many
GPBP1	GPBP1	ortholog_one2many
DST	DST	ortholog_one2one
ZNF154	ZNF154	ortholog_one2one
GIPC3	GIPC3	ortholog_one2one
TNFSF14	TNFSF14	ortholog_one2one
CCDC97	CCDC97	ortholog_one2one
MACROH2A2	MACROH2A2	ortholog_one2one
TNRC18	TNRC18	ortholog_one2one
GNG7	GNG7	ortholog_one2one
IKZF5	IKZF5	ortholog_one2one
ZNF583	ZNF583	ortholog_one2one
NHERF1	NHERF1	ortholog_one2one
PMPCB	PMPCB	ortholog_one2one
MYPN	MYPN	ortholog_one2one
INSR	INSR	ortholog_one2one
KLRC1		ortholog_one2many
KLRC1	NKG2-3	ortholog_one2many
KLRC1	NKG2-8	ortholog_one2many
KLRC1	NKG2-1	ortholog_one2many
VMP1	VMP1	ortholog_one2one
ADAMTS14	ADAMTS14	ortholog_one2one
FOXK1	FOXK1	ortholog_one2one
ITPRIPL1	ITPRIPL1	ortholog_one2one
GARS1	GARS1	ortholog_one2one
TMEM177		ortholog_one2one
RXYLT1	RXYLT1	ortholog_one2one
AHCTF1	AHCTF1	ortholog_one2one
KCNG3	KCNG3	ortholog_one2one
ANO8	ANO8	ortholog_one2one
DNTT	DNTT	ortholog_one2one
USP44	USP44	ortholog_one2one
SLC29A3	SLC29A3	ortholog_one2one
FANCL	FANCL	ortholog_one2one
HYAL4	HYAL4	ortholog_one2one
ECSIT	ECSIT	ortholog_one2one
SLC26A4	SLC26A4	ortholog_one2one
KRT40	KRT40	ortholog_one2one
FBXL15	FBXL15	ortholog_one2one
ARPC1A	ARPC1A	ortholog_one2one
PITPNA	PITPNA	ortholog_one2one
STAM	STAM	ortholog_one2one
RAD51AP1		ortholog_one2many
RAD51AP1	RAD51AP1	ortholog_one2many
GORASP1	GORASP1	ortholog_one2one
C17orf78	C17orf78	ortholog_one2one
MRPS7	MRPS7	ortholog_one2one
LDLRAD1	LDLRAD1	ortholog_one2one
NUDT22	NUDT22	ortholog_one2one
TRPV3	TRPV3	ortholog_one2one
INSRR	INSRR	ortholog_one2one
SYCE1L	SYCE1L	ortholog_one2one
TRIM8	TRIM8	ortholog_one2one
CKAP5	CKAP5	ortholog_one2one
TEDC2	TEDC2	ortholog_one2one
CALY	CALY	ortholog_one2one
PPT1	PPT1	ortholog_one2many
PPT1		ortholog_one2many
UBE3C	UBE3C	ortholog_one2one
MAU2	MAU2	ortholog_one2one
XPOT	XPOT	ortholog_one2one
MRPS16	MRPS16	ortholog_one2one
PLK1	PLK1	ortholog_one2one
PITPNC1	PITPNC1	ortholog_one2one
HSPA14	HSPA14	ortholog_one2one
BCL6B	BCL6B	ortholog_one2one
LGI4	LGI4	ortholog_one2one
RAP1GAP2	RAP1GAP2	ortholog_one2one
DDHD1	DDHD1	ortholog_one2one
RUNX2	RUNX2	ortholog_one2one
PPM1B	PPM1B	ortholog_one2one
N4BP1	N4BP1	ortholog_one2one
CLCN1	CLCN1	ortholog_one2one
RBFOX1	RBFOX1	ortholog_one2one
HELLS		ortholog_one2many
HELLS	HELLS	ortholog_one2many
HRC	HRC	ortholog_one2one
SLC25A10	SLC25A10	ortholog_one2one
FAM120B	FAM120B	ortholog_one2one
PLPP2	PLPP2	ortholog_one2one
AGR3	AGR3	ortholog_one2one
OXA1L	OXA1L	ortholog_one2one
SELENOT	SELENOT	ortholog_one2one
GPR89B		ortholog_one2many
FAT1	FAT1	ortholog_one2one
ZNF793	ZNF793	ortholog_one2one
NOD1	NOD1	ortholog_one2one
PLXNA1		ortholog_one2one
ARHGAP23	ARHGAP23	ortholog_one2one
CCT5	CCT5	ortholog_one2one
RBM46	RBM46	ortholog_one2one
NEURL4	NEURL4	ortholog_one2one
EXOSC5	EXOSC5	ortholog_one2one
ASXL2	ASXL2	ortholog_one2one
CAND2	CAND2	ortholog_one2one
SERPINA6	SERPINA6	ortholog_one2one
IGFL1	IGFL1	ortholog_one2one
TDRD12	TDRD12	ortholog_one2one
PRMT5	PRMT5	ortholog_one2one
UGT2B7		ortholog_many2many
LMO3	LMO3	ortholog_one2one
BMP6	BMP6	ortholog_one2one
ENPP5	ENPP5	ortholog_one2one
DNAJB1	DNAJB1	ortholog_one2one
HFE	HFE	ortholog_one2one
PGAM2	PGAM2	ortholog_one2one
CNTN6	CNTN6	ortholog_one2one
ADAP1	ADAP1	ortholog_one2one
MAP4K3	MAP4K3	ortholog_one2one
ZNF844		ortholog_one2many
KLHL2	KLHL2	ortholog_one2one
TMEM59L	TMEM59L	ortholog_one2one
MEFV	MEFV	ortholog_one2one
FBXO47	FBXO47	ortholog_one2one
CXCL16	CXCL16	ortholog_one2one
DCPS	DCPS	ortholog_one2one
NGFR	NGFR	ortholog_one2one
SYNRG	SYNRG	ortholog_one2one
TFCP2	TFCP2	ortholog_one2one
RPS15		ortholog_one2many
SLC25A33	SLC25A33	ortholog_one2one
PM20D2	PM20D2	ortholog_one2one
GBF1	GBF1	ortholog_one2one
PYGM	PYGM	ortholog_one2one
PRRT2	PRRT2	ortholog_one2one
KIF6	KIF6	ortholog_one2one
ZNF75A	ZNF75A	ortholog_one2one
FSTL3	FSTL3	ortholog_one2one
PTP4A2	PTP4A2	ortholog_one2one
SREK1	SREK1	ortholog_one2one
UQCC2		ortholog_one2many
CYP8B1	CYP8B1	ortholog_one2many
CYP8B1		ortholog_one2many
CEP97	CEP97	ortholog_one2one
BACE1	BACE1	ortholog_one2one
CISD2	CISD2	ortholog_one2many
CISD2		ortholog_one2many
RPL18	RPL18	ortholog_one2one
ADCY7	ADCY7	ortholog_one2one
TDRD6	TDRD6	ortholog_one2one
BTBD9	BTBD9	ortholog_one2one
FAM131A	FAM131A	ortholog_one2one
C4orf46	C4orf46	ortholog_one2one
ATP2A2	ATP2A2	ortholog_one2one
HGF	HGF	ortholog_one2one
GRIA2	GRIA2	ortholog_one2one
PNLDC1	PNLDC1	ortholog_one2one
HAVCR1	HAVCR1	ortholog_one2one
SLC15A2	SLC15A2	ortholog_one2one
VIPAS39	VIPAS39	ortholog_one2one
ASTN1	ASTN1	ortholog_one2one
KCNK5	KCNK5	ortholog_one2one
TUBB2B	TUBB2A	ortholog_one2many
SMIM8	SMIM8	ortholog_one2many
SMIM8		ortholog_one2many
FAM83E	FAM83E	ortholog_one2one
NAT16	NAT16	ortholog_one2one
C6orf52	C6orf52	ortholog_one2one
GLIPR1L1		ortholog_one2one
IKZF1	IKZF1	ortholog_one2one
SAE1	SAE1	ortholog_one2one
TMEM14A		ortholog_one2many
TMEM14A	TMEM14A	ortholog_one2many
DRD1	DRD1	ortholog_one2one
AGRP	AGRP	ortholog_one2one
FOXM1	FOXM1	ortholog_one2one
SMPD3	SMPD3	ortholog_one2one
MATR3	MATR3	ortholog_one2one
TAB2	TAB2	ortholog_one2one
CCN2	CTGF	ortholog_one2one
CEP295	CEP295	ortholog_one2one
SEMA3B	SEMA3B	ortholog_one2one
CCDC170	CCDC170	ortholog_one2one
BEST1	BEST1	ortholog_one2one
DHX57	DHX57	ortholog_one2one
SPATS1	SPATS1	ortholog_one2one
EPM2A	EPM2A	ortholog_one2one
OR1F1		ortholog_one2many
CSF3R	CSF3R	ortholog_one2one
CIMAP1A	CIMAP1A	ortholog_one2one
STX18	STX18	ortholog_one2one
CTSC	CTSC	ortholog_one2one
PXDC1	PXDC1	ortholog_one2one
COL28A1	COL28A1	ortholog_one2one
MRPL2	MRPL2	ortholog_one2one
SLC27A5	SLC27A5	ortholog_one2one
RIC8B	RIC8B	ortholog_one2one
ATP6V1C2	ATP6V1C2	ortholog_one2one
GON7	GON7	ortholog_one2one
MAX	MAX	ortholog_one2one
ACP2	ACP2	ortholog_one2one
C1GALT1	C1GALT1	ortholog_one2one
CFAP45	CFAP45	ortholog_one2one
ORC3	ORC3	ortholog_one2one
UNC5C	UNC5C	ortholog_one2one
C12orf60	C12orf60	ortholog_one2one
RSBN1	RSBN1	ortholog_one2one
GALNT6	GALNT6	ortholog_one2one
EXOC3L2	EXOC3L2	ortholog_one2one
CAMK2N1	CAMK2N1	ortholog_one2one
ETFDH	ETFDH	ortholog_one2one
KIAA1614	KIAA1614	ortholog_one2one
PRTN3	PRTN3	ortholog_one2one
PP2D1	PP2D1	ortholog_one2one
CD79A	CD79A	ortholog_one2one
COLQ	COLQ	ortholog_one2one
ZNF264	ZNF460	ortholog_one2many
WEE2	WEE2	ortholog_one2one
ASPG	ASPG	ortholog_one2one
CEACAM5		ortholog_many2many
GIMAP7	GIMAP7	ortholog_one2one
LTBP1	LTBP1	ortholog_one2one
SEMA3D	SEMA3D	ortholog_one2one
PSMC3	PSMC3	ortholog_one2one
PARP11	PARP11	ortholog_one2one
AQP1	AQP1	ortholog_one2one
TUT4	TUT4	ortholog_one2one
VPS37D	VPS37D	ortholog_one2one
COX19	COX19	ortholog_one2one
SLC25A23	SLC25A23	ortholog_one2one
PRKAR1B	PRKAR1B	ortholog_one2one
ZNF25	ZNF25	ortholog_one2one
CLEC4D	CLEC4D	ortholog_one2one
RNF10	RNF10	ortholog_one2one
RAF1	RAF1	ortholog_one2one
SYT15		ortholog_one2many
GPRIN3	GPRIN3	ortholog_one2one
TMPRSS11A	TMPRSS11A	ortholog_one2one
SEC61A2	SEC61A2	ortholog_one2many
SEC61A2		ortholog_one2many
RNF175	RNF175	ortholog_one2one
KRT14	KRT14	ortholog_one2one
SLBP	SLBP	ortholog_one2one
PLEKHA7	PLEKHA7	ortholog_one2one
RARA	RARA	ortholog_one2one
ANXA7	ANXA7	ortholog_one2many
ANXA7		ortholog_one2many
PSG5		ortholog_many2many
ZRANB2	ZRANB2	ortholog_one2one
STBD1	STBD1	ortholog_one2one
CSN3	CSN3	ortholog_one2one
WFS1	WFS1	ortholog_one2one
CYB5R2	CYB5R2	ortholog_one2one
MOSPD3	MOSPD3	ortholog_one2one
REEP2	REEP2	ortholog_one2one
JUP	JUP	ortholog_one2one
CCDC126	CCDC126	ortholog_one2one
DDIT4L	DDIT4L	ortholog_one2one
AMBN	AMBN	ortholog_one2one
GMFG	GMFG	ortholog_one2one
ITLN2	ITLN2	ortholog_one2one
RUNDC3B	RUNDC3B	ortholog_one2one
RGS6		ortholog_one2many
RGS6	RGS6	ortholog_one2many
CCNH	CCNH	ortholog_one2one
FRG1	FRG1	ortholog_one2one
AFG1L	AFG1L	ortholog_one2one
IFITM10	IFITM10	ortholog_one2one
CCDC141	CCDC141	ortholog_one2one
NELL2	NELL2	ortholog_one2one
CSKMT	CSKMT	ortholog_one2one
MRPL16	MRPL16	ortholog_one2one
IPO13	IPO13	ortholog_one2one
AKR1B1	AKR1B1	ortholog_one2one
SIPA1	SIPA1	ortholog_one2one
CLVS2	CLVS2	ortholog_one2one
MDC1		ortholog_one2one
FGF21	FGF21	ortholog_one2one
MRPS5		ortholog_one2many
ZNF566	ZNF566	ortholog_one2one
ASF1B	ASF1B	ortholog_one2one
NOTCH3	NOTCH3	ortholog_one2one
RNF182	RNF182	ortholog_one2one
HIF1AN	HIF1AN	ortholog_one2one
ZNF518B	ZNF518B	ortholog_one2one
RHAG	RHAG	ortholog_one2one
S100PBP	S100PBP	ortholog_one2one
ADGRL3	ADGRL3	ortholog_one2one
CREBL2	CREBL2	ortholog_one2one
TAF9		ortholog_one2one
LXN	LXN	ortholog_one2one
IFIT2	IFIT2	ortholog_one2one
POP5	POP5	ortholog_one2one
COX16	COX16	ortholog_one2one
ANKRD66	ANKRD66	ortholog_one2one
NUTM2B		ortholog_one2many
EIF2B5	EIF2B5	ortholog_one2one
WDR37	WDR37	ortholog_one2one
FLOT1	FLOT1	ortholog_one2one
SELENOW	SELENOW	ortholog_one2one
TLK1	TLK1	ortholog_one2one
CD300LB	CD300LB	ortholog_one2one
TMED10	TMED10	ortholog_one2one
IRF5	IRF5	ortholog_one2one
NIPAL4	NIPAL4	ortholog_one2one
FLII	FLII	ortholog_one2one
IQCN	IQCN	ortholog_one2one
TSPAN18	TSPAN18	ortholog_one2one
OS9	OS9	ortholog_one2one
HNRNPH1	HNRNPH1	ortholog_one2many
HNRNPH1		ortholog_one2many
FARSA	FARSA	ortholog_one2one
C14orf39	C14orf39	ortholog_one2one
MIA2	MIA2	ortholog_one2many
RBP4	RBP4	ortholog_one2one
CAPRIN1	CAPRIN1	ortholog_one2one
FBN3	FBN3	ortholog_one2one
LTAP1	C1orf43	ortholog_one2one
VWA3B	VWA3B	ortholog_one2one
RHEB	RHEB	ortholog_one2one
UBE2D1	UBE2D1	ortholog_one2one
SYNPO2	SYNPO2	ortholog_one2one
PTEN	PTEN	ortholog_one2one
ZNF398	ZNF398	ortholog_one2one
ZC3HC1	ZC3HC1	ortholog_one2one
CTNNA2		ortholog_one2many
CTNNA2	CTNNA2	ortholog_one2many
HPGDS	HPGDS	ortholog_one2one
RBM5	RBM5	ortholog_one2one
HNRNPDL	HNRNPDL	ortholog_one2one
PLA2G12B	PLA2G12B	ortholog_one2one
PLXDC2	PLXDC2	ortholog_one2one
NXPH1	NXPH1	ortholog_one2one
FADD	FADD	ortholog_one2one
XPO1	XPO1	ortholog_one2one
CYP3A4	CYP3A211	ortholog_many2many
CYP3A4	CYP3A205	ortholog_many2many
ZPR1	ZPR1	ortholog_one2many
ZPR1		ortholog_one2many
SIPA1L1	SIPA1L1	ortholog_one2one
PCDH15	PCDH15	ortholog_one2one
MEI4	MEI4	ortholog_one2one
LAMA2	LAMA2	ortholog_one2one
BLVRB	BLVRB	ortholog_one2one
ZNF541	ZNF541	ortholog_one2one
LMNB2	LMNB2	ortholog_one2one
GUF1	GUF1	ortholog_one2one
CHAF1A	CHAF1A	ortholog_one2one
SCML4	SCML4	ortholog_one2one
VSIG2	VSIG2	ortholog_one2one
PPP3CA	PPP3CA	ortholog_one2one
TFAP2B	TFAP2B	ortholog_one2one
NUP42	NUP42	ortholog_one2one
SNX32	SNX32	ortholog_one2one
TBC1D7	TBC1D7	ortholog_one2one
SYT12	SYT12	ortholog_one2one
DOT1L	DOT1L	ortholog_one2one
ENC1	ENC1	ortholog_one2one
TRPC3	TRPC3	ortholog_one2one
ZNF175	ZNF175	ortholog_one2one
C7orf57	C7orf57	ortholog_one2one
KRT79	KRT79	ortholog_one2one
ZNF585A	ZNF585A	ortholog_one2many
ZMAT2	ZMAT2	ortholog_one2one
TMEM80	TMEM80	ortholog_one2one
ARNT	ARNT	ortholog_one2one
CISH	CISH	ortholog_one2one
NT5DC3	NT5DC3	ortholog_one2one
SLC26A2	SLC26A2	ortholog_one2one
SLC7A14	SLC7A14	ortholog_one2one
SUMF2	SUMF2	ortholog_one2one
BET1L	BET1L	ortholog_one2one
DNAJB14	DNAJB14	ortholog_one2one
SLC6A6		ortholog_one2one
PEAK3	PEAK3	ortholog_one2one
MED10	MED10	ortholog_one2one
TMEM235	TMEM235	ortholog_one2one
SINHCAF	FAM60A	ortholog_one2one
TMEM38A	TMEM38A	ortholog_one2one
TMPRSS5	TMPRSS5	ortholog_one2one
TRIM37	TRIM37	ortholog_one2one
HSD17B4	HSD17B4	ortholog_one2one
MCM9	MCM9	ortholog_one2one
HAUS5	HAUS5	ortholog_one2one
USP38	USP38	ortholog_one2one
IDH1	IDH1	ortholog_one2one
NDST2	NDST2	ortholog_one2one
NAV3	NAV3	ortholog_one2one
CPNE5	CPNE5	ortholog_one2one
NECTIN3	NECTIN3	ortholog_one2one
SAA1	SAA4	ortholog_many2many
SAA1		ortholog_many2many
HACD2	HACD2	ortholog_one2one
FBXW4	FBXW4	ortholog_one2one
PLEKHG1	PLEKHG1	ortholog_one2one
OSBPL10	OSBPL10	ortholog_one2one
PAMR1	PAMR1	ortholog_one2one
PRR3	PRR3	ortholog_one2one
NT5DC1	NT5DC1	ortholog_one2one
TMEM150B	TMEM150B	ortholog_one2one
CCNG2	CCNG2	ortholog_one2one
CHST11	CHST11	ortholog_one2one
FGFR1OP2	FGFR1OP2	ortholog_one2one
COMP	COMP	ortholog_one2one
TF	TF	ortholog_one2one
PIGG	PIGG	ortholog_one2one
SLC35F2	SLC35F2	ortholog_one2one
CSGALNACT2	CSGALNACT2	ortholog_one2one
GSG1	GSG1	ortholog_one2one
FKBP5	FKBP5	ortholog_one2one
RCC1L	RCC1L	ortholog_one2one
PDE4A	PDE4A	ortholog_one2one
PITPNM1	PITPNM1	ortholog_one2one
NMT2	NMT2	ortholog_one2one
ETNK1	ETNK1	ortholog_one2one
SAP30L	SAP30L	ortholog_one2one
CBY3	CBY3	ortholog_one2one
AP3B1	AP3B1	ortholog_one2one
FAM186B	FAM186B	ortholog_one2one
GRIP1	GRIP1	ortholog_one2one
DMAC2	DMAC2	ortholog_one2one
JDP2	JDP2	ortholog_one2one
CYP27A1	CYP27A1	ortholog_one2one
PSMC1	PSMC1	ortholog_one2one
HOXA2	HOXA2	ortholog_one2one
LRRC37A3		ortholog_many2many
LRRC37A3	LRRC37A	ortholog_many2many
MCU	MCU	ortholog_one2one
PNMA8A	PNMA8A	ortholog_one2one
FGL2	FGL2	ortholog_one2one
PLEKHG2	PLEKHG2	ortholog_one2one
STK17A	STK17A	ortholog_one2one
TVP23B		ortholog_many2many
TVP23B	TVP23C	ortholog_many2many
ZNF513	ZNF513	ortholog_one2one
SLC22A16		ortholog_one2one
SH2D6		ortholog_one2one
SLC3A2	SLC3A2	ortholog_one2one
PLPP4	PLPP4	ortholog_one2one
MDN1	MDN1	ortholog_one2one
NUDCD3	NUDCD3	ortholog_one2one
GOLGA7B	GOLGA7B	ortholog_one2one
PCYOX1	PCYOX1	ortholog_one2many
PCYOX1		ortholog_one2many
NT5C3B	NT5C3B	ortholog_one2one
NUCB1	NUCB1	ortholog_one2one
SORCS1	SORCS1	ortholog_one2one
MYG1	MYG1	ortholog_one2one
ZC3HAV1L	ZC3HAV1L	ortholog_one2one
SLC7A8	SLC7A8	ortholog_one2one
UPP2	UPP2	ortholog_one2one
INTS1	INTS1	ortholog_one2one
NKX6-2	NKX6-2	ortholog_one2one
NET1	NET1	ortholog_one2one
SLC41A2	SLC41A2	ortholog_one2one
FBXO30	FBXO30	ortholog_one2one
RNF149	RNF149	ortholog_one2one
SLC35A1	SLC35A1	ortholog_one2one
MCRS1	MCRS1	ortholog_one2one
PPRC1	PPRC1	ortholog_one2one
PTGER4	PTGER4	ortholog_one2one
POGLUT3	POGLUT3	ortholog_one2one
ITGA2	ITGA2	ortholog_one2one
RAD51B	RAD51B	ortholog_one2one
RAPSN	RAPSN	ortholog_one2one
ZBTB4	ZBTB4	ortholog_one2one
KCMF1	KCMF1	ortholog_one2one
MCHR2	MCHR2	ortholog_one2one
SLC47A1	SLC47A1	ortholog_one2one
EGLN3	EGLN3	ortholog_one2one
ULBP1		ortholog_one2many
FAM200B	FAM200B	ortholog_one2one
SCAND3	SCAND3	ortholog_one2one
ATP6V0B	ATP6V0B	ortholog_one2one
ANKIB1	ANKIB1	ortholog_one2one
COPS7B		ortholog_one2many
COPS7B	COPS7B	ortholog_one2many
EFCAB12	EFCAB12	ortholog_one2one
MRPL17	MRPL17	ortholog_one2one
SYTL3	SYTL3	ortholog_one2one
TYSND1	TYSND1	ortholog_one2one
TM4SF18	TM4SF18	ortholog_one2one
TMEM258	TMEM258	ortholog_one2one
DLST	DLST	ortholog_one2one
EMX2	EMX2	ortholog_one2one
NKX3-2	NKX3-2	ortholog_one2one
LOXL4	LOXL4	ortholog_one2one
DCTD	DCTD	ortholog_one2one
SNRNP70	SNRNP70	ortholog_one2one
NCBP2	NCBP2	ortholog_one2many
NCBP2		ortholog_one2many
SMCO4	SMCO4	ortholog_one2one
MUC3A		ortholog_one2one
APOBEC2	APOBEC2	ortholog_one2one
ZNF184	ZNF184	ortholog_one2one
MUSTN1	MUSTN1	ortholog_one2one
KIF13A	KIF13A	ortholog_one2one
NT5C3A	NT5C3A	ortholog_one2one
DNAJC19		ortholog_one2one
PIAS3	PIAS3	ortholog_one2one
MED21	MED21	ortholog_one2one
LMO2	LMO2	ortholog_one2one
TASOR2	TASOR2	ortholog_one2one
PGA5		ortholog_one2many
TCP11L2	TCP11L2	ortholog_one2one
CCDC81	CCDC81	ortholog_one2one
EPHA4	EPHA4	ortholog_one2one
WDR17	WDR17	ortholog_one2one
RNF130		ortholog_one2one
CCRL2	CCRL2	ortholog_one2one
VEZF1	VEZF1	ortholog_one2one
MIS18BP1	MIS18BP1	ortholog_one2one
LLCFC1	LLCFC1	ortholog_one2one
GFM1	GFM1	ortholog_one2one
RPS24	RPS24	ortholog_one2one
CADPS2	CADPS2	ortholog_one2one
ATG16L2	ATG16L2	ortholog_one2one
ACAD10	ACAD10	ortholog_one2one
MYO15A	MYO15A	ortholog_one2one
YJEFN3	YJEFN3	ortholog_one2one
PYCR2	PYCR2	ortholog_one2one
TTC7B	TTC7B	ortholog_one2one
BRSK1	BRSK1	ortholog_one2one
METAP1	METAP1	ortholog_one2one
ARMC9	ARMC9	ortholog_one2one
MYOT	MYOT	ortholog_one2one
SAR1A	SAR1A	ortholog_one2one
TAOK1	TAOK1	ortholog_one2one
ERAP1	ERAP1	ortholog_one2one
DYRK1B	DYRK1B	ortholog_one2one
IRAK2	IRAK2	ortholog_one2one
RAB5C	RAB5C	ortholog_one2one
DMAP1	DMAP1	ortholog_one2one
SOCS4	SOCS4	ortholog_one2one
PIGX	PIGX	ortholog_one2one
MAPK10	MAPK10	ortholog_one2one
GNG2	GNG2	ortholog_one2one
ZNF805	ZNF460	ortholog_one2many
GOLGA4	GOLGA4	ortholog_one2one
ZNF569	ZNF569	ortholog_one2one
LST1	LST1	ortholog_one2one
FOXA1	FOXA1	ortholog_one2one
SERPINA5	SERPINA5	ortholog_one2one
NDUFA13	NDUFA13	ortholog_one2one
DHTKD1	DHTKD1	ortholog_one2one
RASD1	RASD1	ortholog_one2one
THRA	THRA	ortholog_one2one
ACP6	ACP6	ortholog_one2one
YIPF2	YIPF2	ortholog_one2one
SPRY4	SPRY4	ortholog_one2one
ANKRD6	ANKRD6	ortholog_one2one
CETN3	CETN3	ortholog_one2many
CETN3		ortholog_one2many
RDH11	RDH11	ortholog_one2one
ZMYND15	ZMYND15	ortholog_one2one
STK32A	STK32A	ortholog_one2one
LTBP3	LTBP3	ortholog_one2one
PTCD1	PTCD1	ortholog_one2one
PSME3	PSME3	ortholog_one2one
PRDX6	PRDX6	ortholog_one2one
COL23A1	COL23A1	ortholog_one2one
DGLUCY	DGLUCY	ortholog_one2one
DTWD2	DTWD2	ortholog_one2one
TCAF1	TCAF1	ortholog_one2one
PTF1A	PTF1A	ortholog_one2one
TRIR	TRIR	ortholog_one2one
MPP7	MPP7	ortholog_one2one
CROCC	CROCC	ortholog_one2one
NEURL1B	NEURL1B	ortholog_one2one
AP1M2	AP1M2	ortholog_one2one
LGR5	LGR5	ortholog_one2one
LOX	LOX	ortholog_one2one
CPVL	CPVL	ortholog_one2one
PCYT1A	PCYT1A	ortholog_one2many
PCYT1A		ortholog_one2many
PDLIM4	PDLIM4	ortholog_one2one
TM4SF5	TM4SF5	ortholog_one2one
PPP1R1B	PPP1R1B	ortholog_one2one
FAM53B	FAM53B	ortholog_one2one
ARHGEF28	ARHGEF28	ortholog_one2one
ALG10		ortholog_one2many
SACM1L	SACM1L	ortholog_one2one
TDRD1	TDRD1	ortholog_one2one
NPHP1	NPHP1	ortholog_one2one
TMTC3	TMTC3	ortholog_one2one
USH2A	USH2A	ortholog_one2one
PPP6R1	PPP6R1	ortholog_one2one
CUL5	CUL5	ortholog_one2one
SERPINF2	SERPINF2	ortholog_one2one
BACH2	BACH2	ortholog_one2one
ABI1	ABI1	ortholog_one2one
TMEM63B	TMEM63B	ortholog_one2one
SIK2	SIK2	ortholog_one2one
VPS33A	VPS33A	ortholog_one2one
ATP6V1F	ATP6V1F	ortholog_one2one
MPC2	MPC2	ortholog_one2one
WNT16	WNT16	ortholog_one2one
TMEM126B	TMEM126B	ortholog_one2one
ABCB4	ABCB4	ortholog_one2one
NT5DC2	NT5DC2	ortholog_one2one
AGO3	AGO3	ortholog_one2one
CLNS1A	CLNS1A	ortholog_one2one
RBP5	RBP5	ortholog_one2one
CDKL3	CDKL3	ortholog_one2one
ANO4		ortholog_one2one
CDC5L	CDC5L	ortholog_one2one
CA6	CA6	ortholog_one2one
MCM6	MCM6	ortholog_one2one
PKIB	PKIB	ortholog_one2one
PDLIM7	PDLIM7	ortholog_one2one
NMNAT1	NMNAT1	ortholog_one2one
IFT57	IFT57	ortholog_one2one
ZMYND12	ZMYND12	ortholog_one2one
AIRIM	AIRIM	ortholog_one2one
SKIL	SKIL	ortholog_one2one
YAP1	YAP1	ortholog_one2many
YAP1		ortholog_one2many
SOCS2	SOCS2	ortholog_one2many
SOCS2		ortholog_one2many
PRPSAP2	PRPSAP2	ortholog_one2one
AQP10	AQP10	ortholog_one2one
MINDY4	MINDY4	ortholog_one2one
C10orf67		ortholog_one2one
EMP3	EMP3	ortholog_one2one
IP6K1	IP6K1	ortholog_one2one
ERP27	ERP27	ortholog_one2one
PPP4R3B	PPP4R3B	ortholog_one2one
HMX3	HMX3	ortholog_one2one
TAOK3	TAOK3	ortholog_one2one
LRRC20	LRRC20	ortholog_one2one
BEND6	BEND6	ortholog_one2one
SLC67A1	SLC22A18	ortholog_one2one
VOPP1	VOPP1	ortholog_one2one
RTP2	RTP2	ortholog_one2one
TRA2B	TRA2B	ortholog_one2one
C6orf163	C6orf163	ortholog_one2one
BAG3	BAG3	ortholog_one2one
MSH5	MSH5	ortholog_one2one
SLC35E1	SLC35E1	ortholog_one2one
COL16A1	COL16A1	ortholog_one2one
PRF1	PRF1	ortholog_one2one
WBP1L	WBP1L	ortholog_one2one
RHBDD2	RHBDD2	ortholog_one2one
FXYD5	FXYD5	ortholog_one2one
KY	KY	ortholog_one2one
P4HA1	P4HA1	ortholog_one2one
POLR2J3		ortholog_one2many
GPNMB	GPNMB	ortholog_one2one
TFRC	TFRC	ortholog_one2one
SMOC2	SMOC2	ortholog_one2one
CLP1	CLP1	ortholog_one2one
UBASH3B	UBASH3B	ortholog_one2one
FSTL1	FSTL1	ortholog_one2one
NR1H3	NR1H3	ortholog_one2one
TULP4	TULP4	ortholog_one2one
AICDA	AICDA	ortholog_one2one
SLC22A15	SLC22A15	ortholog_one2one
RGS14	RGS14	ortholog_one2one
OPN1SW	OPN1SW	ortholog_one2one
LEP	LEP	ortholog_one2one
RGS17	RGS17	ortholog_one2one
ASIC3	ASIC3	ortholog_one2one
NRBF2	NRBF2	ortholog_one2one
AFDN	AFDN	ortholog_one2one
SMIM17	SMIM17	ortholog_one2one
HSD11B1L	HSD11B1L	ortholog_one2one
DUSP5	DUSP5	ortholog_one2one
RAD52		ortholog_one2one
HBEGF	HBEGF	ortholog_one2one
ALKBH4	ALKBH4	ortholog_one2one
PHYKPL	PHYKPL	ortholog_one2one
RAB18	RAB18	ortholog_one2one
TOR1AIP1	TOR1AIP1	ortholog_one2one
SGCE	SGCE	ortholog_one2one
DALRD3	DALRD3	ortholog_one2one
MRPL18	MRPL18	ortholog_one2one
BOLA3	BOLA3	ortholog_one2one
LRFN2	LRFN2	ortholog_one2one
UNC5CL	UNC5CL	ortholog_one2one
ARMH1	ARMH1	ortholog_one2one
SLC39A7	SLC39A7	ortholog_one2one
ABCA10	ABCA10	ortholog_one2one
GPX5	GPX5	ortholog_one2one
EMP1	EMP1	ortholog_one2one
SLC30A6	SLC30A6	ortholog_one2one
DSE	DSE	ortholog_one2one
HYAL3	HYAL3	ortholog_one2one
CFAP73	CFAP73	ortholog_one2one
ZNF8	ZNF8	ortholog_one2one
MKRN2OS	MKRN2OS	ortholog_one2one
ZNF416	ZIK1	ortholog_one2one
SLC26A6	SLC26A6	ortholog_one2one
IL12B	IL12B	ortholog_one2one
POLR1G	POLR1G	ortholog_one2one
LRIG3	LRIG3	ortholog_one2one
ICAM4	ICAM4	ortholog_one2one
E2F3	E2F3	ortholog_one2one
DCLK2	DCLK2	ortholog_one2one
VAV3	VAV3	ortholog_one2one
DAB2	DAB2	ortholog_one2one
SUZ12	SUZ12	ortholog_one2one
PSORS1C2	PSORS1C2	ortholog_one2one
SIGLEC11	SIGLEC10	ortholog_one2many
UFL1	UFL1	ortholog_one2one
KLF11	KLF11	ortholog_one2one
RPS18	RPS18	ortholog_one2one
AKAP8	AKAP8	ortholog_one2one
KRT8		ortholog_one2one
OR2T2		ortholog_one2many
SPMIP3	SPMIP3	ortholog_one2one
C11orf52	C11orf52	ortholog_one2one
SAP30	SAP30	ortholog_one2one
FSHB	FSHB	ortholog_one2one
TRPC6	TRPC6	ortholog_one2one
TMEM129	TMEM129	ortholog_one2one
CALHM6	CALHM6	ortholog_one2one
PROCA1	PROCA1	ortholog_one2one
TLE5		ortholog_one2many
TLE5	TLE5	ortholog_one2many
ROS1	ROS1	ortholog_one2one
BACC1	C17orf49	ortholog_one2one
SRD5A3	SRD5A3	ortholog_one2one
GNPDA2	GNPDA2	ortholog_one2one
VPS37C	VPS37C	ortholog_one2one
BDKRB1	BDKRB1	ortholog_one2one
PDCL2	PDCL2	ortholog_one2one
PCNX1	PCNX1	ortholog_one2one
DCAKD	DCAKD	ortholog_one2one
RASA1	RASA1	ortholog_one2one
SYNCRIP	SYNCRIP	ortholog_one2one
KIF1A	KIF1A	ortholog_one2one
CXCL11	CXCL11	ortholog_one2one
RNF121	RNF121	ortholog_one2one
KIAA0319L	KIAA0319L	ortholog_one2one
ART3	ART3	ortholog_one2one
RLIG1		ortholog_one2many
RCVRN	RCVRN	ortholog_one2one
EXOC7	EXOC7	ortholog_one2one
POLE	POLE	ortholog_one2one
VGLL4	VGLL4	ortholog_one2one
ESAM	ESAM	ortholog_one2one
PPP2R3C	PPP2R3C	ortholog_one2one
DXO	DXO	ortholog_one2one
CCNE1	CCNE1	ortholog_one2one
ARCN1	ARCN1	ortholog_one2one
AMT	AMT	ortholog_one2one
MRI1	MRI1	ortholog_one2one
ZNF354B	ZNF354B	ortholog_one2one
POU2AF3	POU2AF3	ortholog_one2one
TENT4A	TENT4A	ortholog_one2one
PGM3	PGM3	ortholog_one2one
TNNT3	TNNT3	ortholog_one2one
MTHFD1		ortholog_one2many
MTHFD1	MTHFD1	ortholog_one2many
RLN3	RLN3	ortholog_one2one
PDE4C	PDE4C	ortholog_one2one
FBXL14	FBXL14	ortholog_one2one
CLEC4E	CLEC4E	ortholog_one2one
SHE	SHE	ortholog_one2one
SPATA9	SPATA9	ortholog_one2one
CSRP2	CSRP2	ortholog_one2one
SLIT2	SLIT2	ortholog_one2one
HMGCS1	HMGCS1	ortholog_one2one
ECSCR	ECSCR	ortholog_one2one
B3GAT2	B3GAT2	ortholog_one2one
UBE2D4		ortholog_one2one
CFD	CFD	ortholog_one2one
TMEM50A	TMEM50A	ortholog_one2one
PAK1IP1	PAK1IP1	ortholog_one2one
GIPC1	GIPC1	ortholog_one2one
STAB2	STAB2	ortholog_one2one
MYO10	MYO10	ortholog_one2one
SAPCD1	SAPCD1	ortholog_one2one
TRIM56	TRIM56	ortholog_one2one
ZNF783	ZNF783	ortholog_one2one
GLI1	GLI1	ortholog_one2one
KPNA6	KPNA6	ortholog_one2one
SIVA1	SIVA1	ortholog_one2one
SLC5A10	SLC5A10	ortholog_one2one
GCDH	GCDH	ortholog_one2one
PDAP1	PDAP1	ortholog_one2one
SART3	SART3	ortholog_one2one
CINP	CINP	ortholog_one2one
SENP5	SENP5	ortholog_one2one
ADPRS	ADPRS	ortholog_one2one
LIN52	LIN52	ortholog_one2one
ABCA13	ABCA13	ortholog_one2one
SEC14L1	SEC14L1	ortholog_one2one
SFRP2	SFRP2	ortholog_one2one
ZBTB49	ZBTB49	ortholog_one2one
UIMC1	UIMC1	ortholog_one2one
AJUBA	AJUBA	ortholog_one2one
ABHD10	ABHD10	ortholog_one2one
USF3	USF3	ortholog_one2one
TMED8	TMED8	ortholog_one2one
C4orf50	C4orf50	ortholog_one2one
DNAJC13	DNAJC13	ortholog_one2one
ZBTB32	ZBTB32	ortholog_one2one
ARHGAP24	ARHGAP24	ortholog_one2one
ERF	ERF	ortholog_one2one
NUMBL	NUMBL	ortholog_one2one
NCAPG	NCAPG	ortholog_one2one
ANGPTL8	ANGPTL8	ortholog_one2one
GTF2I	GTF2I	ortholog_one2one
TBC1D17	TBC1D17	ortholog_one2one
TRAIP	TRAIP	ortholog_one2one
DMGDH	DMGDH	ortholog_one2one
ARHGAP9	ARHGAP9	ortholog_one2one
MAP2K6	MAP2K6	ortholog_one2one
TMEM150C	TMEM150C	ortholog_one2one
DNAJC21	DNAJC21	ortholog_one2one
RAB37	RAB37	ortholog_one2one
ADH1A		ortholog_many2many
MSANTD2	MSANTD2	ortholog_one2one
XRCC1	XRCC1	ortholog_one2one
ARHGAP32	ARHGAP32	ortholog_one2one
POPDC2	POPDC2	ortholog_one2one
PRICKLE1	PRICKLE1	ortholog_one2one
ARRB2	ARRB2	ortholog_one2one
ATG7	ATG7	ortholog_one2one
SLC25A48	SLC25A48	ortholog_one2one
TNIP3	TNIP3	ortholog_one2one
SF1	SF1	ortholog_one2one
PDE1A	PDE1A	ortholog_one2one
LEAP2	LEAP2	ortholog_one2one
PAPSS1	PAPSS1	ortholog_one2one
NKPD1	NKPD1	ortholog_one2one
FAM13B	FAM13B	ortholog_one2one
CNN2	CNN2	ortholog_one2one
OSBPL9		ortholog_one2many
OSBPL9	OSBPL9	ortholog_one2many
ING5	ING5	ortholog_one2one
FAM234B	FAM234B	ortholog_one2one
EFNB3	EFNB3	ortholog_one2one
OXSM	OXSM	ortholog_one2one
ERBB2	ERBB2	ortholog_one2one
KDM2B	KDM2B	ortholog_one2one
ZKSCAN7	ZKSCAN7	ortholog_one2one
WDSUB1	WDSUB1	ortholog_one2one
KLHL3	KLHL3	ortholog_one2one
NPHS1	NPHS1	ortholog_one2one
ENOPH1	ENOPH1	ortholog_one2one
WT1	WT1	ortholog_one2one
ELL2		ortholog_one2many
ELL2	ELL2	ortholog_one2many
ATRIP	ATRIP	ortholog_one2one
ITPR2	ITPR2	ortholog_one2one
FAT4	FAT4	ortholog_one2one
ZNF229	ZNF229	ortholog_one2one
MOB1B	MOB1B	ortholog_one2one
OLFM2	OLFM2	ortholog_one2one
DIXDC1	DIXDC1	ortholog_one2one
KLKB1	KLKB1	ortholog_one2one
PJA2	PJA2	ortholog_one2one
GALM	GALM	ortholog_one2one
STRAP	STRAP	ortholog_one2many
STRAP		ortholog_one2many
PDE8B	PDE8B	ortholog_one2one
NANOS3	NANOS3	ortholog_one2one
SCN2B	SCN2B	ortholog_one2one
PSG8		ortholog_many2many
CNTN3	CNTN3	ortholog_one2one
MINK1	MINK1	ortholog_one2one
CARNS1	CARNS1	ortholog_one2one
GLB1L	GLB1L	ortholog_one2one
MYOZ2	MYOZ2	ortholog_one2one
TICAM1	TICAM1	ortholog_one2one
NCCRP1	NCCRP1	ortholog_one2one
ZNF548	ZNF548	ortholog_one2one
PROS1	PROS1	ortholog_one2one
GALNT8	GALNT8	ortholog_one2one
MS4A12	MS4A12	ortholog_one2one
KLK11	KLK11	ortholog_one2one
CRTAM	CRTAM	ortholog_one2one
LAP3		ortholog_one2many
LAP3	LAP3	ortholog_one2many
BORCS5	BORCS5	ortholog_one2one
ITGB7	ITGB7	ortholog_one2one
POLA2	POLA2	ortholog_one2one
CCSER1	CCSER1	ortholog_one2one
NOL10	NOL10	ortholog_one2one
ZNF551	ZNF551	ortholog_one2one
TSPAN32	TSPAN32	ortholog_one2one
TTC9B	TTC9B	ortholog_one2one
ZNF121	ZNF121	ortholog_one2one
RASSF6	RASSF6	ortholog_one2one
ESM1	ESM1	ortholog_one2one
DAND5	DAND5	ortholog_one2one
SLC45A2	SLC45A2	ortholog_one2one
KRTDAP	KRTDAP	ortholog_one2one
CDHR2	CDHR2	ortholog_one2one
MARK4	MARK4	ortholog_one2one
LTA4H	LTA4H	ortholog_one2one
CACNA2D2	CACNA2D2	ortholog_one2one
CENPU	CENPU	ortholog_one2one
RAB39A	RAB39A	ortholog_one2one
UBXN1	UBXN1	ortholog_one2one
KMT5C	KMT5C	ortholog_one2one
VAMP4	VAMP4	ortholog_one2one
CHST10	CHST10	ortholog_one2one
ACBD4	ACBD4	ortholog_one2one
MPND	MPND	ortholog_one2one
FSTL4	FSTL4	ortholog_one2one
MS4A6A		ortholog_one2many
TAFA3	TAFA3	ortholog_one2one
IL17B	IL17B	ortholog_one2one
RELL1	RELL1	ortholog_one2one
CDC23	CDC23	ortholog_one2one
MAN2B2	MAN2B2	ortholog_one2one
PIK3C2A	PIK3C2A	ortholog_one2one
CEP85	CEP85	ortholog_one2one
SNRPD2	SNRPD2	ortholog_one2one
CCDC159	CCDC159	ortholog_one2one
WDR70	WDR70	ortholog_one2one
TBC1D30	TBC1D30	ortholog_one2one
LALBA	LALBA	ortholog_one2one
POU6F1	POU6F1	ortholog_one2one
DDX25	DDX25	ortholog_one2one
SFSWAP	SFSWAP	ortholog_one2one
GULP1	GULP1	ortholog_one2one
LSM7		ortholog_one2many
LSM7	LSM7	ortholog_one2many
POLN	POLN	ortholog_one2one
IMPDH2	IMPDH2	ortholog_one2one
FAM76A	FAM76A	ortholog_one2one
DELE1	DELE1	ortholog_one2one
ZNF358	ZNF358	ortholog_one2one
DENND1C	DENND1C	ortholog_one2one
KRT13	KRT13	ortholog_one2one
DCHS2	DCHS2	ortholog_one2one
CCDC15	CCDC15	ortholog_one2one
SMURF2	SMURF2	ortholog_one2one
IL26	IL26	ortholog_one2one
NPNT	NPNT	ortholog_one2one
SLC4A8	SLC4A8	ortholog_one2one
FERMT3	FERMT3	ortholog_one2one
LDLR	LDLR	ortholog_one2one
CSNK1G3		ortholog_one2many
CSNK1G3	CSNK1G3	ortholog_one2many
FASN		ortholog_one2one
CD44	CD44	ortholog_one2one
C19orf38	C19orf38	ortholog_one2one
MAML3	MAML3	ortholog_one2one
MLEC	MLEC	ortholog_one2one
GLRA3	GLRA3	ortholog_one2one
LYZ	LYZ	ortholog_one2one
CACNA1A	CACNA1A	ortholog_one2one
TLL1	TLL1	ortholog_one2one
FGF23	FGF23	ortholog_one2one
LLPH	LLPH	ortholog_one2many
LLPH		ortholog_one2many
ZBTB47	ZBTB47	ortholog_one2one
RFX4	RFX4	ortholog_one2one
PLK3	PLK3	ortholog_one2one
COMMD2	COMMD2	ortholog_one2one
MSMO1	MSMO1	ortholog_one2one
GNL3	GNL3	ortholog_one2one
DBX2	DBX2	ortholog_one2one
BANK1	BANK1	ortholog_one2one
MROH9	MROH9	ortholog_one2one
ERP29		ortholog_one2many
ERP29	ERP29	ortholog_one2many
G6PC1	G6PC1	ortholog_one2one
TAF1A	TAF1A	ortholog_one2one
NUDT4	NUDT4	ortholog_many2many
NUDT4		ortholog_many2many
EIF5A	EIF5A	ortholog_one2many
MACROH2A1	MACROH2A1	ortholog_one2one
LRIG1	LRIG1	ortholog_one2one
TSPAN5	TSPAN5	ortholog_one2one
REEP6	REEP6	ortholog_one2one
HJV	HJV	ortholog_one2one
ZNF283	ZNF283	ortholog_one2one
TIGAR	TIGAR	ortholog_one2one
TRAK2		ortholog_one2many
TRAK2	TRAK2	ortholog_one2many
SENP1	SENP1	ortholog_one2one
GFY	GFY	ortholog_one2one
GGN	GGN	ortholog_one2one
LYAR	LYAR	ortholog_one2one
PSMD8	PSMD8	ortholog_one2one
ZNF177	ZNF177	ortholog_one2one
ANXA5	ANXA5	ortholog_one2one
SHANK1	SHANK1	ortholog_one2one
TUBD1	TUBD1	ortholog_one2one
HOXC11	HOXC11	ortholog_one2one
IL22	IL22	ortholog_one2one
EVI5L	EVI5L	ortholog_one2one
ZNF664	ZNF664	ortholog_one2one
NUP133	NUP133	ortholog_one2one
ARL6IP6	ARL6IP6	ortholog_one2one
CCL16	CCL16	ortholog_one2one
COG1	COG1	ortholog_one2one
NMUR1	NMUR1	ortholog_one2one
A2ML1	A2ML1	ortholog_one2one
NCOA1	NCOA1	ortholog_one2one
SYT5	SYT5	ortholog_one2one
BAIAP2	BAIAP2	ortholog_one2one
KLHDC8B	KLHDC8B	ortholog_one2one
APLP1	APLP1	ortholog_one2one
GALNT10	GALNT10	ortholog_one2one
ABCF3	ABCF3	ortholog_one2one
GLT8D2	GLT8D2	ortholog_one2one
NENF	NENF	ortholog_one2one
MED7	MED7	ortholog_one2one
BHLHE41	BHLHE41	ortholog_one2one
TCOF1	TCOF1	ortholog_one2one
BAZ2A	BAZ2A	ortholog_one2one
CC2D1B	CC2D1B	ortholog_one2one
ATL3	ATL3	ortholog_one2one
TMPRSS13	TMPRSS13	ortholog_one2one
SMARCA5	SMARCA5	ortholog_one2one
TIA1	TIA1	ortholog_one2one
PAQR9	PAQR9	ortholog_one2one
ART1	ART1	ortholog_one2one
FETUB	FETUB	ortholog_one2one
SIPA1L3	SIPA1L3	ortholog_one2one
KRT85	KRT85	ortholog_one2one
GRK2	GRK2	ortholog_one2one
NOS1	NOS1	ortholog_one2one
HDAC5	HDAC5	ortholog_one2one
MAP3K13	MAP3K13	ortholog_one2one
PTPRH	PTPRH	ortholog_one2one
E2F7	E2F7	ortholog_one2one
IFI16	IFI16	ortholog_one2one
WASHC3	WASHC3	ortholog_one2one
C3orf38	C3orf38	ortholog_one2one
RBM47	RBM47	ortholog_one2one
ARL6	ARL6	ortholog_one2one
RABAC1	RABAC1	ortholog_one2one
RFTN1	RFTN1	ortholog_one2one
MORN3	MORN3	ortholog_one2one
ERCC1	ERCC1	ortholog_one2one
NEMP1	NEMP1	ortholog_one2one
TRIM4	TRIM4	ortholog_one2one
FAM118B	FAM118B	ortholog_one2one
RAD9B	RAD9B	ortholog_one2one
IFRD2	IFRD2	ortholog_one2one
ACTR3C	ACTR3B	ortholog_one2many
THADA	THADA	ortholog_one2one
HEATR1	HEATR1	ortholog_one2one
EPGN	EPGN	ortholog_one2one
HOXC8	HOXC8	ortholog_one2one
TMEM132D	TMEM132D	ortholog_one2one
MTURN	MTURN	ortholog_one2one
PCYOX1L	PCYOX1L	ortholog_one2one
PHKG1	PHKG1	ortholog_one2one
WNK1	WNK1	ortholog_one2one
ING2	ING2	ortholog_one2one
LGI2	LGI2	ortholog_one2one
LARP1	LARP1	ortholog_one2one
NEIL3	NEIL3	ortholog_one2one
AKR1B10		ortholog_one2many
ADAD1	ADAD1	ortholog_one2one
HBG1		ortholog_one2many
ZSCAN21	ZSCAN21	ortholog_one2one
WDTC1	WDTC1	ortholog_one2one
RSF1	RSF1	ortholog_one2one
C6	C6	ortholog_one2one
BMPR1B	BMPR1B	ortholog_one2one
SENP2	SENP2	ortholog_one2one
VPS50	VPS50	ortholog_one2one
PPP1CA	PPP1CA	ortholog_one2one
VPS72	VPS72	ortholog_one2one
PHOX2B	PHOX2B	ortholog_one2one
PIK3R3		ortholog_one2many
PIK3R3	PIK3R3	ortholog_one2many
GLIPR1L2	GLIPR1L2	ortholog_one2one
MMP26	MMP26	ortholog_one2one
ABCA8	ABCA8	ortholog_one2one
ANKRD27		ortholog_one2many
ANKRD27	ANKRD27	ortholog_one2many
APLP2	APLP2	ortholog_one2one
PCBP2	PCBP2	ortholog_one2one
MFSD1	MFSD1	ortholog_one2one
PLA2G5	PLA2G5	ortholog_one2one
AGMO	AGMO	ortholog_one2one
MRPL32	MRPL32	ortholog_one2many
MRPL32		ortholog_one2many
LYSMD1	LYSMD1	ortholog_one2one
MAP1LC3C	MAP1LC3C	ortholog_one2one
EVX1	EVX1	ortholog_one2one
CARD11	CARD11	ortholog_one2one
MGLL	MGLL	ortholog_one2one
AASS	AASS	ortholog_one2one
CPLX2	CPLX2	ortholog_one2one
NPR3	NPR3	ortholog_one2one
KAT7	KAT7	ortholog_one2one
GABRP	GABRP	ortholog_one2one
TRIM71	TRIM71	ortholog_one2one
P2RY13	P2RY13	ortholog_one2one
CMC1	CMC1	ortholog_one2many
CMC1		ortholog_one2many
CEP89	CEP89	ortholog_one2one
RIOK2	RIOK2	ortholog_one2one
EXOSC10	EXOSC10	ortholog_one2one
RCOR2	RCOR2	ortholog_one2one
CHDH	CHDH	ortholog_one2one
TMEM102	TMEM102	ortholog_one2one
NHP2	NHP2	ortholog_one2one
DOCK10	DOCK10	ortholog_one2one
FBF1	FBF1	ortholog_one2one
CD22	CD22	ortholog_one2one
CCDC69	CCDC69	ortholog_one2one
TMEM179B	TMEM179B	ortholog_one2one
GALNTL5	GALNTL5	ortholog_one2one
ARFGAP2		ortholog_one2many
LNPEP	LNPEP	ortholog_one2one
RABL3	RABL3	ortholog_one2one
MAP2K4	MAP2K4	ortholog_one2one
FSCN1	FSCN1	ortholog_one2one
LGALSL	LGALSL	ortholog_one2one
MST1	MST1	ortholog_one2one
TMEM176A	TMEM176A	ortholog_one2one
EIF2AK3	EIF2AK3	ortholog_one2one
CDKN2AIPNL		ortholog_one2many
CDKN2AIPNL	CDKN2AIPNL	ortholog_one2many
MAP1B	MAP1B	ortholog_one2one
TMEM107	TMEM107	ortholog_one2one
JMY	JMY	ortholog_one2one
PPFIA3	PPFIA3	ortholog_one2one
ENDOV	ENDOV	ortholog_one2one
LPCAT1	LPCAT1	ortholog_one2one
SEC13		ortholog_one2many
SEC13	SEC13	ortholog_one2many
FSHR	FSHR	ortholog_one2one
KCNJ10		ortholog_one2one
BCL2L12	BCL2L12	ortholog_one2one
GPR155	GPR155	ortholog_one2one
BNIP1		ortholog_one2one
NTRK1	NTRK1	ortholog_one2one
URGCP	URGCP	ortholog_one2one
PC	PC	ortholog_one2one
RHNO1	RHNO1	ortholog_one2one
RAI1	RAI1	ortholog_one2one
TLR9	TLR9	ortholog_one2one
LMLN	LMLN	ortholog_one2one
LETMD1	LETMD1	ortholog_one2one
CCDC125	CCDC125	ortholog_one2one
ZNF207	ZNF207	ortholog_one2one
STARD3NL		ortholog_one2many
STARD3NL	STARD3NL	ortholog_one2many
CYP4F2	CYP4F152	ortholog_one2one
LAMB2	LAMB2	ortholog_one2one
CDC42SE2	CDC42SE2	ortholog_one2one
RAB24	RAB24	ortholog_one2one
DAW1	DAW1	ortholog_one2one
CGREF1	CGREF1	ortholog_one2one
LIFR	LIFR	ortholog_one2one
GUSB	GUSB	ortholog_one2one
CLEC12A	CLEC12A	ortholog_one2one
NAA38	NAA38	ortholog_one2one
ITPRID2	ITPRID2	ortholog_one2one
PYM1	PYM1	ortholog_one2one
RPAIN	RPAIN	ortholog_one2one
PHC1	PHC1	ortholog_one2one
F2R	F2R	ortholog_one2one
MRPS30	MRPS30	ortholog_one2one
LGR6	LGR6	ortholog_one2one
C1QTNF3	C1QTNF3	ortholog_one2one
TRAPPC6A	TRAPPC6A	ortholog_one2one
RAI14	RAI14	ortholog_one2one
EAF2	EAF2	ortholog_one2one
GAST	GAST	ortholog_one2one
KRT12	KRT12	ortholog_one2one
SYT9	SYT9	ortholog_one2one
DNAJB8	DNAJB8	ortholog_one2one
CMTM8	CMTM8	ortholog_one2one
UBL5	UBL5	ortholog_one2one
SLC36A4	SLC36A4	ortholog_one2one
DLG1	DLG1	ortholog_one2one
REX1BD	REX1BD	ortholog_one2one
UNK	UNK	ortholog_one2one
CD70	CD70	ortholog_one2one
NECTIN4	NECTIN4	ortholog_one2one
ART5	ART5	ortholog_one2one
PHF12	PHF12	ortholog_one2one
UBE4A	UBE4A	ortholog_one2one
PHTF2	PHTF2	ortholog_one2one
CR2	CR2	ortholog_one2one
C17orf75	C17orf75	ortholog_one2one
ARHGAP30	ARHGAP30	ortholog_one2one
ANKRD44	ANKRD44	ortholog_one2one
ADAMTS19	ADAMTS19	ortholog_one2one
DDX6	DDX6	ortholog_one2one
PRPSAP1	PRPSAP1	ortholog_one2one
EEIG2	EEIG2	ortholog_one2one
KIF20A	KIF20A	ortholog_one2one
DIPK1A	DIPK1A	ortholog_one2one
LRATD1	LRATD1	ortholog_one2one
CRADD	CRADD	ortholog_one2one
COIL	COIL	ortholog_one2one
SLC38A10	SLC38A10	ortholog_one2one
ZNF684	ZNF684	ortholog_one2one
PPP1CC		ortholog_one2many
PPP1CC	PPP1CC	ortholog_one2many
DYNC1I1	DYNC1I1	ortholog_one2one
STAMBP	STAMBP	ortholog_one2one
MAPK8IP1	MAPK8IP1	ortholog_one2one
NXPH4	NXPH4	ortholog_one2one
ECM1	ECM1	ortholog_one2one
CUX2	CUX2	ortholog_one2one
TPPP	TPPP	ortholog_one2one
DDX10	DDX10	ortholog_one2one
CCL28	CCL28	ortholog_one2one
UQCRFS1	UQCRFS1	ortholog_one2one
PTPN11		ortholog_one2many
PTPN11	PTPN11	ortholog_one2many
ZNF346	ZNF346	ortholog_one2one
RCN3	RCN3	ortholog_one2one
CENATAC	CENATAC	ortholog_one2one
TTLL10	TTLL10	ortholog_one2one
NOSIP	NOSIP	ortholog_one2one
C12orf50	C12orf50	ortholog_one2one
FAM186A	FAM186A	ortholog_one2one
CLDN7	CLDN7	ortholog_one2one
CCNG1	CCNG1	ortholog_one2one
NR2C1	NR2C1	ortholog_one2one
RNF214	RNF214	ortholog_one2one
LRIG2	LRIG2	ortholog_one2one
SENP3	SENP3	ortholog_one2many
SENP3		ortholog_one2many
BRD9	BRD9	ortholog_one2one
P2RX1	P2RX1	ortholog_one2one
RHOD	RHOD	ortholog_one2one
ABI3	ABI3	ortholog_one2one
PICALM	PICALM	ortholog_one2one
OTOP3	OTOP3	ortholog_one2one
HERPUD2	HERPUD2	ortholog_one2one
KLF16	KLF16	ortholog_one2one
MFSD11	MFSD11	ortholog_one2one
DNAH6	DNAH6	ortholog_one2one
CSAD	CSAD	ortholog_one2one
EFCAB10	EFCAB10	ortholog_one2one
ARL13B	ARL13B	ortholog_one2one
POM121		ortholog_one2many
WDR55	WDR55	ortholog_one2one
PPOX	PPOX	ortholog_one2many
PPOX		ortholog_one2many
FAM20C	FAM20C	ortholog_one2one
GZMA	GZMA	ortholog_one2one
LANCL1	LANCL1	ortholog_one2one
FAM170A	FAM170A	ortholog_one2one
ZC3HAV1	ZC3HAV1	ortholog_one2one
ZBTB38	ZBTB38	ortholog_one2one
FAM193B	FAM193B	ortholog_one2one
ACTR3B	ACTR3B	ortholog_one2many
C17orf107	C17orf107	ortholog_one2one
EME1	EME1	ortholog_one2one
ALMS1	ALMS1	ortholog_one2one
PEX12	PEX12	ortholog_one2one
CCL4		ortholog_one2many
SLC12A2	SLC12A2	ortholog_one2one
WASL	WASL	ortholog_one2one
ALOX12	ALOX12	ortholog_one2one
SLC35G2	SLC35G2	ortholog_one2one
SENP7	SENP7	ortholog_one2one
POM121C		ortholog_one2many
AMZ2	AMZ2	ortholog_one2one
ACKR3	ACKR3	ortholog_one2one
PLEK	PLEK	ortholog_one2one
PFKM	PFKM	ortholog_one2many
PFKM		ortholog_one2many
ATG2A	ATG2A	ortholog_one2one
NFE2L3	NFE2L3	ortholog_one2one
SRSF2	SRSF2	ortholog_one2one
AKAP9	AKAP9	ortholog_one2one
SAP130	SAP130	ortholog_one2one
SPINK1	SPINK1	ortholog_one2one
PCSK1	PCSK1	ortholog_one2one
PDK2	PDK2	ortholog_one2one
THRAP3	THRAP3	ortholog_one2many
THRAP3		ortholog_one2many
SLCO2B1	SLCO2B1	ortholog_one2one
PIGZ	PIGZ	ortholog_one2one
ATOX1	ATOX1	ortholog_one2one
U2SURP	U2SURP	ortholog_one2one
CHRM2	CHRM2	ortholog_one2one
CDO1	CDO1	ortholog_one2one
BCL7B	BCL7B	ortholog_one2one
DUSP3	DUSP3	ortholog_one2many
DUSP3		ortholog_one2many
FAM171A2	FAM171A2	ortholog_one2one
SH2D2A	SH2D2A	ortholog_one2one
CREB3L2	CREB3L2	ortholog_one2one
ZNF354C	ZNF354C	ortholog_one2one
PCDH1	PCDH1	ortholog_one2one
GH2		ortholog_one2many
DPP6	DPP6	ortholog_one2one
TLX3	TLX3	ortholog_one2one
NUP98	NUP98	ortholog_one2one
STING1	STING1	ortholog_one2one
CSF1	CSF1	ortholog_one2one
RAD54L2	RAD54L2	ortholog_one2one
DHRS11	DHRS11	ortholog_one2one
UQCRQ	UQCRQ	ortholog_one2one
HOXA3	HOXA3	ortholog_one2one
PRPF40A	PRPF40A	ortholog_one2one
SIMC1	SIMC1	ortholog_one2one
SYNE4	SYNE4	ortholog_one2one
EPO	EPO	ortholog_one2one
PLEKHH3	PLEKHH3	ortholog_one2one
SYTL1	SYTL1	ortholog_one2one
ZBTB11	ZBTB11	ortholog_one2one
POR	POR	ortholog_one2one
HEG1	HEG1	ortholog_one2one
CTNNB1	CTNNB1	ortholog_one2one
LILRB4		ortholog_many2many
LILRB4	LILRB4	ortholog_many2many
SLC1A3	SLC1A3	ortholog_one2one
KRABD2	KRBA2	ortholog_one2one
FCER1A	FCER1A	ortholog_one2one
FKBP10	FKBP10	ortholog_one2one
CRABP2	CRABP2	ortholog_one2one
SMIM24	SMIM24	ortholog_one2one
TBXA2R	TBXA2R	ortholog_one2one
SLC5A9	SLC5A9	ortholog_one2one
CREB1	CREB1	ortholog_one2one
ANKRD24	ANKRD24	ortholog_one2one
JADE2	JADE2	ortholog_one2one
CRLF3	CRLF3	ortholog_one2one
C1orf115	C1orf115	ortholog_one2one
KLK2		ortholog_one2many
SOX9	SOX9	ortholog_one2one
AFMID	AFMID	ortholog_one2one
LGALS16		ortholog_one2many
GTF2H2C		ortholog_one2many
NDUFA7	NDUFA7	ortholog_one2one
RHPN2	RHPN2	ortholog_one2one
ETHE1	ETHE1	ortholog_one2one
NFE2L2	NFE2L2	ortholog_one2one
IKBKE	IKBKE	ortholog_one2one
CBARP	CBARP	ortholog_one2one
COASY	COASY	ortholog_one2one
P2RX5	P2RX5	ortholog_one2one
GNGT1	GNGT1	ortholog_one2one
ZNF888		ortholog_one2many
TECPR1	TECPR1	ortholog_one2one
RPS9	RPS9	ortholog_one2one
PRDX5	PRDX5	ortholog_one2one
MAP4K4	MAP4K4	ortholog_one2one
RHEX	RHEX	ortholog_one2one
GOLPH3L	GOLPH3L	ortholog_one2one
RTN4RL2	RTN4RL2	ortholog_one2one
RNF112	RNF112	ortholog_one2one
TPH1	TPH1	ortholog_one2one
GPN2	GPN2	ortholog_one2one
EOMES	EOMES	ortholog_one2one
SLC25A35	SLC25A35	ortholog_one2one
ZCWPW2	ZCWPW2	ortholog_one2one
CNTF	CNTF	ortholog_one2one
UNC93B1	UNC93B1	ortholog_one2one
CYP3A43	CYP3A211	ortholog_many2many
CYP3A43	CYP3A205	ortholog_many2many
SYT2	SYT2	ortholog_one2one
DRC3	DRC3	ortholog_one2one
AP2A1	AP2A1	ortholog_one2one
IRF6	IRF6	ortholog_one2one
NCAPD3	NCAPD3	ortholog_one2one
TIMM29	TIMM29	ortholog_one2one
AXL	AXL	ortholog_one2one
ARHGEF37	ARHGEF37	ortholog_one2one
ARF3	ARF3	ortholog_one2one
LRRFIP2	LRRFIP2	ortholog_one2one
SREK1IP1	SREK1IP1	ortholog_one2one
GRIA1	GRIA1	ortholog_one2one
SMYD5	SMYD5	ortholog_one2one
SCIMP	SCIMP	ortholog_one2one
USP30	USP30	ortholog_one2one
SOCS7	SOCS7	ortholog_one2one
STXBP4	STXBP4	ortholog_one2one
DUS4L		ortholog_one2many
DUS4L	DUS4L	ortholog_one2many
POLR2I	POLR2I	ortholog_one2one
CNNM3	CNNM3	ortholog_one2one
KLK7	KLK7	ortholog_one2one
MTRFR	C21H12orf65	ortholog_one2one
TBX21	TBX21	ortholog_one2one
NSUN2	NSUN2	ortholog_one2one
TMEM132B	TMEM132B	ortholog_one2one
PRSS58	PRSS58	ortholog_one2one
DEPDC7	DEPDC7	ortholog_one2one
KLK10	KLK10	ortholog_one2one
NPLOC4	NPLOC4	ortholog_one2one
RASA4B	RASA4B	ortholog_one2many
TDG	TDG	ortholog_one2one
PTH2	PTH2	ortholog_one2one
SH2D3A	SH2D3A	ortholog_one2one
LRRC32	LRRC32	ortholog_one2one
ITSN2	ITSN2	ortholog_one2one
USP33	USP33	ortholog_one2one
PIK3R6	PIK3R6	ortholog_one2one
ME3	ME3	ortholog_one2one
TMEM176B	TMEM176B	ortholog_one2one
KRT7	KRT7	ortholog_one2one
ABHD8	ABHD8	ortholog_one2one
TLCD1	TLCD1	ortholog_one2one
EPN3	EPN3	ortholog_one2one
CEACAM19	CEACAM19	ortholog_one2one
LGALS13		ortholog_one2many
C19orf47	C19orf47	ortholog_one2one
DUSP6	DUSP6	ortholog_one2one
CYB5D2	CYB5D2	ortholog_one2one
ZNF385A	ZNF385A	ortholog_one2one
UBE2S	UBE2S	ortholog_one2one
NXPE1	NXPE1	ortholog_one2one
CDC6	CDC6	ortholog_one2one
PLPP1	PLPP1	ortholog_one2one
CA11	CA11	ortholog_one2one
PPFIA1		ortholog_one2many
PPFIA1	PPFIA1	ortholog_one2many
SIRT4	SIRT4	ortholog_one2one
SWSAP1	SWSAP1	ortholog_one2one
GRWD1	GRWD1	ortholog_one2one
ARL15	ARL15	ortholog_one2many
ARL15		ortholog_one2many
SCNN1A	SCNN1A	ortholog_one2one
VCF1	VCF1	ortholog_one2one
TM4SF20	TM4SF20	ortholog_one2one
MAD1L1	MAD1L1	ortholog_one2one
MTX3	MTX3	ortholog_one2one
APOH	APOH	ortholog_one2one
HECW2	HECW2	ortholog_one2one
SPIB	SPIB	ortholog_one2one
BTNL9		ortholog_one2one
RNF43	RNF43	ortholog_one2one
MTREX	MTREX	ortholog_one2one
FOXN1	FOXN1	ortholog_one2one
GEMIN4	GEMIN4	ortholog_one2one
SRGAP1	SRGAP1	ortholog_one2one
DMPK	DMPK	ortholog_one2one
PPP1R27	PPP1R27	ortholog_one2one
RPH3AL	RPH3AL	ortholog_one2one
GLIS1	GLIS1	ortholog_one2one
LMOD1	LMOD1	ortholog_one2one
GTF2H1	GTF2H1	ortholog_one2one
PPP1R12A	PPP1R12A	ortholog_one2one
DNAJC27	DNAJC27	ortholog_one2one
GSDME	GSDME	ortholog_one2one
KRTCAP3	KRTCAP3	ortholog_one2one
PNKP	PNKP	ortholog_one2one
POU6F2	POU6F2	ortholog_one2one
SPHKAP	SPHKAP	ortholog_one2one
LRRC37A		ortholog_many2many
LRRC37A	LRRC37A	ortholog_many2many
CARTPT	CARTPT	ortholog_one2one
RFC2	RFC2	ortholog_one2one
RPIA	RPIA	ortholog_one2one
SPARC	SPARC	ortholog_one2one
ERGIC2	ERGIC2	ortholog_one2one
TMEM151A	TMEM151A	ortholog_one2one
HGS	HGS	ortholog_one2one
PLEKHM3	PLEKHM3	ortholog_one2one
TOLLIP	TOLLIP	ortholog_one2one
TFPI	TFPI	ortholog_one2one
PIH1D2	PIH1D2	ortholog_one2one
GCN1	GCN1	ortholog_one2one
TBCD	TBCD	ortholog_one2one
SLF1	SLF1	ortholog_one2one
STK31	STK31	ortholog_one2one
NACC1		ortholog_one2many
NACC1	NACC1	ortholog_one2many
TH	TH	ortholog_one2one
OTULIN	OTULIN	ortholog_one2one
PRR36	PRR36	ortholog_one2one
TIMM44	TIMM44	ortholog_one2one
PPP1R21	PPP1R21	ortholog_one2one
REEP5		ortholog_one2many
REEP5	REEP5	ortholog_one2many
CAP1	CAP1	ortholog_one2one
HIPK2	HIPK2	ortholog_one2one
SMN2		ortholog_one2many
AP1S1	AP1S1	ortholog_one2one
SIAE	SIAE	ortholog_one2one
SP8	SP8	ortholog_one2one
RBM33	RBM33	ortholog_one2one
TBK1	TBK1	ortholog_one2one
MFAP3	MFAP3	ortholog_one2one
PPFIBP2	PPFIBP2	ortholog_one2one
DROSHA	DROSHA	ortholog_one2one
CHCHD3	CHCHD3	ortholog_one2one
SMARCA4	SMARCA4	ortholog_one2one
MEPCE	MEPCE	ortholog_one2one
KLHL41	KLHL41	ortholog_one2one
HNRNPA2B1	HNRNPA2B1	ortholog_one2many
HNRNPA2B1		ortholog_one2many
PELI1	PELI1	ortholog_one2one
ANKS1B	ANKS1B	ortholog_one2one
CYTIP	CYTIP	ortholog_one2one
PGGHG	PGGHG	ortholog_one2one
TTL	TTL	ortholog_one2one
SESN3	SESN3	ortholog_one2one
STK39	STK39	ortholog_one2one
COX8A	COX8A	ortholog_one2one
MTMR2	MTMR2	ortholog_one2one
CCDC63	CCDC63	ortholog_one2one
LPCAT3	LPCAT3	ortholog_one2one
ARFIP2	ARFIP2	ortholog_one2one
HTR2B	HTR2B	ortholog_one2one
MCC	MCC	ortholog_one2one
DNMT3A		ortholog_one2many
DNMT3A	DNMT3A	ortholog_one2many
CDKN2C	CDKN2C	ortholog_one2one
COXFA4L2	NDUFA4L2	ortholog_one2one
ATPSCKMT	ATPSCKMT	ortholog_one2one
OAS1	OAS1	ortholog_one2one
GHR	GHR	ortholog_one2one
PTH	PTH	ortholog_one2one
PELI3	PELI3	ortholog_one2one
NFE2	NFE2	ortholog_one2one
GNB2	GNB2	ortholog_one2one
IFITM1	IFITM1	ortholog_one2one
E2F8	E2F8	ortholog_one2one
SPATS2	SPATS2	ortholog_one2one
SMG5	SMG5	ortholog_one2one
CBX8	CBX8	ortholog_one2one
TXNDC15	TXNDC15	ortholog_one2one
PER1	PER1	ortholog_one2one
SULT1C4	SULT1C4	ortholog_one2one
NEU3	NEU3	ortholog_one2one
ARL14EPL	ARL14EPL	ortholog_one2one
FER	FER	ortholog_one2one
LAPTM4A	LAPTM4A	ortholog_one2one
SLC15A3	SLC15A3	ortholog_one2one
DNAJC2	DNAJC2	ortholog_one2one
NHERF4	NHERF4	ortholog_one2one
ZFAND2B	ZFAND2B	ortholog_one2one
KCNMB1	KCNMB1	ortholog_one2one
EMB	EMB	ortholog_one2one
KMT2E	KMT2E	ortholog_one2one
SWAP70	SWAP70	ortholog_one2one
BLTP3B	BLTP3B	ortholog_one2one
FBXW11	FBXW11	ortholog_one2one
GPATCH8	GPATCH8	ortholog_one2one
ORC2	ORC2	ortholog_one2one
MYOZ3	MYOZ3	ortholog_one2one
BECN1	BECN1	ortholog_one2one
TRIM66	TRIM66	ortholog_one2one
ALDH1L2	ALDH1L2	ortholog_one2one
MCCC2	MCCC2	ortholog_one2one
PAX4	PAX4	ortholog_one2one
SLC39A13	SLC39A13	ortholog_one2one
SDSL	SDSL	ortholog_one2one
STX1A	STX1A	ortholog_one2one
NAXE	NAXE	ortholog_one2one
IL5	IL5	ortholog_one2one
TRIM25	TRIM25	ortholog_one2one
APBB3	APBB3	ortholog_one2one
UBR3	UBR3	ortholog_one2one
STYXL1	STYXL1	ortholog_one2one
LPO	LPO	ortholog_one2one
MYCBP		ortholog_one2one
GAS2L3	GAS2L3	ortholog_one2one
FCRLA	FCRLA	ortholog_one2one
MSANTD4	MSANTD4	ortholog_one2one
TUBA1B	TUBA1B	ortholog_one2one
CDCP2	CDCP2	ortholog_one2one
TMC6	TMC6	ortholog_one2one
MCAM	MCAM	ortholog_one2one
SHISA4	SHISA4	ortholog_one2one
GORASP2	GORASP2	ortholog_one2one
HAL	HAL	ortholog_one2one
MEST	MEST	ortholog_one2one
CAMK2A	CAMK2A	ortholog_one2one
TMEM127	TMEM127	ortholog_one2one
SOAT1	SOAT1	ortholog_one2one
VIL1	VIL1	ortholog_one2one
FADS1	FADS1	ortholog_one2one
CFAP90	CFAP90	ortholog_one2one
RAB21	RAB21	ortholog_one2many
RAB21		ortholog_one2many
IL7R	IL7R	ortholog_one2one
UTP20	UTP20	ortholog_one2one
ANO5	ANO5	ortholog_one2one
UPK3B	UPK3B	ortholog_one2one
XRCC4	XRCC4	ortholog_one2one
SCN3A	SCN3A	ortholog_one2one
ZNF221		ortholog_one2many
PAQR6	PAQR6	ortholog_one2one
EIF2AK1	EIF2AK1	ortholog_one2one
HSH2D	HSH2D	ortholog_one2one
FAXDC2	FAXDC2	ortholog_one2one
ANKRD13A	ANKRD13A	ortholog_one2one
TMED7	TMED7	ortholog_one2one
MUS81	MUS81	ortholog_one2one
NDUFS4	NDUFS4	ortholog_one2one
SRD5A1	SRD5A1	ortholog_one2one
ZNF512	ZNF512	ortholog_one2one
PRELID1	PRELID1	ortholog_one2one
C11orf86	C11orf86	ortholog_one2one
SRSF9	SRSF9	ortholog_one2one
LUC7L2	LUC7L2	ortholog_one2one
TMEM19	TMEM19	ortholog_one2one
RPS27A	RPS27A	ortholog_one2one
TMEM267	TMEM267	ortholog_one2one
ACACB	ACACB	ortholog_one2one
TTYH2	TTYH2	ortholog_one2one
SLC44A5	SLC44A5	ortholog_one2one
TRIM7	TRIM7	ortholog_one2one
IZUMO2	IZUMO2	ortholog_one2one
SHKBP1	SHKBP1	ortholog_one2one
TEX38	TEX38	ortholog_one2one
IL6ST	IL6ST	ortholog_one2one
SUN1	SUN1	ortholog_one2one
MNT	MNT	ortholog_one2one
DTYMK	DTYMK	ortholog_one2one
DOC2B	DOC2B	ortholog_one2one
ARL2	ARL2	ortholog_one2one
FTSJ3	FTSJ3	ortholog_one2one
LAYN	LAYN	ortholog_one2one
PA2G4	PA2G4	ortholog_one2one
CCR7	CCR7	ortholog_one2one
CRIPT		ortholog_one2many
CRIPT	CRIPT	ortholog_one2many
CCL4L2		ortholog_one2many
CD82	CD82	ortholog_one2one
MAP7D1	MAP7D1	ortholog_one2one
EFTUD2	EFTUD2	ortholog_one2one
NEU4	NEU4	ortholog_one2one
RBM42	RBM42	ortholog_one2one
PPP1CB	PPP1CB	ortholog_one2one
DPY19L2	DPY19L2	ortholog_one2one
LARS1	LARS1	ortholog_one2many
LARS1		ortholog_one2many
LONRF2	LONRF2	ortholog_one2one
TM2D1	TM2D1	ortholog_one2one
ATCAY	ATCAY	ortholog_one2one
CYBRD1	CYBRD1	ortholog_one2one
VPS51	VPS51	ortholog_one2one
C2orf69	C2orf69	ortholog_one2one
DPY30	DPY30	ortholog_one2one
ISOC2	ISOC2	ortholog_one2one
CDRT4	CDRT4	ortholog_one2one
COA3	COA3	ortholog_one2one
MS4A2	MS4A2	ortholog_one2one
NPTX1	NPTX1	ortholog_one2one
FBXL20	FBXL20	ortholog_one2one
HMBS	HMBS	ortholog_one2one
TTC32		ortholog_one2many
TTC32	TTC32	ortholog_one2many
IGSF8	IGSF8	ortholog_one2one
TSEN34	TSEN34	ortholog_one2one
PREB	PREB	ortholog_one2one
COX6B2		ortholog_one2many
RECQL5	RECQL5	ortholog_one2one
PLEKHG7	PLEKHG7	ortholog_one2one
RPS16	RPS16	ortholog_one2one
HSP90B1	HSP90B1	ortholog_one2one
PEX11G	PEX11G	ortholog_one2one
BCAR3	BCAR3	ortholog_one2one
CAMKMT	CAMKMT	ortholog_one2one
PPP1R12C	PPP1R12C	ortholog_one2one
NCL	NCL	ortholog_one2many
NCL		ortholog_one2many
PRKCA	PRKCA	ortholog_one2one
MAP2K3	MAP2K3	ortholog_one2one
DIP2B	DIP2B	ortholog_one2one
CCDC82	CCDC82	ortholog_one2one
HOMER3	HOMER3	ortholog_one2one
ASTL	ASTL	ortholog_one2one
SPATA3	SPATA3	ortholog_one2one
CTNNBIP1	CTNNBIP1	ortholog_one2one
RNF180	RNF180	ortholog_one2one
MRPL33	MRPL33	ortholog_one2one
GATAD2A	GATAD2A	ortholog_one2one
POLE4	POLE4	ortholog_one2one
CISD3	CISD3	ortholog_one2one
WSCD1	WSCD1	ortholog_one2one
KIDINS220	KIDINS220	ortholog_one2one
UGT3A1		ortholog_one2many
PDE3B	PDE3B	ortholog_one2one
GHDC	GHDC	ortholog_one2one
KCNC3	KCNC3	ortholog_one2one
MAP3K1	MAP3K1	ortholog_one2one
SLC19A2	SLC19A2	ortholog_one2one
USF2	USF2	ortholog_one2one
HROB	HROB	ortholog_one2one
TRIM17	TRIM17	ortholog_one2one
G3BP1		ortholog_one2many
G3BP1	G3BP1	ortholog_one2many
TROAP	TROAP	ortholog_one2one
NDEL1	NDEL1	ortholog_one2one
SPDYC	SPDYC	ortholog_one2one
TOMT	TOMT	ortholog_one2one
CHIA	CHIA	ortholog_one2one
DAGLA	DAGLA	ortholog_one2one
KANK2	KANK2	ortholog_one2one
C11orf54	C11orf54	ortholog_one2one
HNF1B	HNF1B	ortholog_one2one
CCNI2	CCNI2	ortholog_one2one
CAPN8	CAPN8	ortholog_one2one
CXCL14	CXCL14	ortholog_one2one
RPAP3	RPAP3	ortholog_one2one
SLC9A3	SLC9A3	ortholog_one2one
SAP30BP	SAP30BP	ortholog_one2one
PLCH1	PLCH1	ortholog_one2one
XAB2	XAB2	ortholog_one2one
SGTB	SGTB	ortholog_one2one
NUDT17	NUDT17	ortholog_one2one
PDE3A	PDE3A	ortholog_one2one
CHRND	CHRND	ortholog_one2one
THG1L	THG1L	ortholog_one2one
CPT2	CPT2	ortholog_one2one
HTRA2	HTRA2	ortholog_one2one
SUB1	SUB1	ortholog_one2one
ARHGEF26	ARHGEF26	ortholog_one2one
C1RL	C1RL	ortholog_one2one
LEPROT	LEPROT	ortholog_one2one
CPO	CPO	ortholog_one2one
YRDC	YRDC	ortholog_one2one
TNR	TNR	ortholog_one2one
SLC4A5	SLC4A5	ortholog_one2one
TSPAN11	TSPAN11	ortholog_one2one
RILPL2	RILPL2	ortholog_one2one
ZDHHC18	ZDHHC18	ortholog_one2one
NICN1	NICN1	ortholog_one2one
PPP1R1A	PPP1R1A	ortholog_one2one
METTL2A	METTL2A	ortholog_one2many
TAMALIN	GRASP	ortholog_one2one
NDUFB2	NDUFB2	ortholog_one2many
NDUFB2		ortholog_one2many
DNAH12	DNAH12	ortholog_one2one
SIRT7	SIRT7	ortholog_one2one
CD27	CD27	ortholog_one2one
PPIC	PPIC	ortholog_one2one
C1QL4	C1QL4	ortholog_one2one
FARSB	FARSB	ortholog_one2one
ATG101	ATG101	ortholog_one2one
ERCC8	ERCC8	ortholog_one2one
TAX1BP1	TAX1BP1	ortholog_one2one
FICD	FICD	ortholog_one2one
GPRC5A	GPRC5A	ortholog_one2one
AADAC	AADAC	ortholog_one2one
WDR81	WDR81	ortholog_one2one
SPRYD4	SPRYD4	ortholog_one2one
DNAH10	DNAH10	ortholog_one2one
DENND2B	DENND2B	ortholog_one2one
PSMC4	PSMC4	ortholog_one2one
ZNF197	ZNF197	ortholog_one2one
UNC45B	UNC45B	ortholog_one2one
C3orf70	C3orf70	ortholog_one2one
GMPPB	GMPPB	ortholog_one2one
MAT2A	MAT2A	ortholog_one2one
MSX2	MSX2	ortholog_one2one
MLLT1	MLLT1	ortholog_one2one
RASSF8	RASSF8	ortholog_one2one
ANXA6	ANXA6	ortholog_one2one
ZNF765		ortholog_one2many
TSFM	TSFM	ortholog_one2one
SATB2	SATB2	ortholog_one2one
CBLC	CBLC	ortholog_one2one
RAB6B	RAB6B	ortholog_one2one
KMT2D	KMT2D	ortholog_one2one
ATP13A3	ATP13A3	ortholog_one2one
TSKS	TSKS	ortholog_one2one
TEKT4		ortholog_one2many
GRB7	GRB7	ortholog_one2one
PLOD2	PLOD2	ortholog_one2one
CERS6	CERS6	ortholog_one2one
HIGD1C	HIGD1C	ortholog_one2one
PIP4K2C	PIP4K2C	ortholog_one2one
MGAT4A	MGAT4A	ortholog_one2one
SCN8A	SCN8A	ortholog_one2one
SPMIP9	TEX37	ortholog_one2one
PEX1	PEX1	ortholog_one2one
EIF4G1	EIF4G1	ortholog_one2one
RSRC2	RSRC2	ortholog_one2one
AP3S1		ortholog_one2many
AP3S1	AP3S1	ortholog_one2many
CSH1		ortholog_one2many
ADGRL2	ADGRL2	ortholog_one2one
TRIP12	TRIP12	ortholog_one2one
MOCS2	MOCS2	ortholog_one2one
CUEDC1	CUEDC1	ortholog_one2one
MYL6B	MYL6B	ortholog_one2one
GFRA3	GFRA3	ortholog_one2one
CCL13	CCL13	ortholog_one2one
PCDHA9		ortholog_one2many
CEP120	CEP120	ortholog_one2one
HOXB9	HOXB9	ortholog_one2one
KCNAB3	KCNAB3	ortholog_one2one
KBTBD2	KBTBD2	ortholog_one2one
MRM1	MRM1	ortholog_one2one
CDK5	CDK5	ortholog_one2one
OCLN	OCLN	ortholog_one2one
GRB2	GRB2	ortholog_one2one
ZNF268	ZNF268	ortholog_one2one
FOXRED1	FOXRED1	ortholog_one2one
PTTG1	PTTG1	ortholog_one2many
NT5M	NT5M	ortholog_one2one
AGK	AGK	ortholog_one2many
AGK		ortholog_one2many
PSMD12	PSMD12	ortholog_one2one
PSMD9	PSMD9	ortholog_one2one
LIPT2	LIPT2	ortholog_one2one
FAR1	FAR1	ortholog_one2one
NCKAP1L	NCKAP1L	ortholog_one2one
DYNLL2	DYNLL2	ortholog_one2one
KCNIP1	KCNIP1	ortholog_one2one
PDE2A	PDE2A	ortholog_one2one
NSRP1	NSRP1	ortholog_one2one
AGXT2	AGXT2	ortholog_one2one
HOXC5	HOXC5	ortholog_one2one
TMEM132C	TMEM132C	ortholog_one2one
ADAMTS20	ADAMTS20	ortholog_one2one
WIPF3	WIPF3	ortholog_one2one
ZNF282	ZNF282	ortholog_one2one
ZNF277	ZNF277	ortholog_one2one
AATK	AATK	ortholog_one2one
CEP83	CEP83	ortholog_one2one
EVPL	EVPL	ortholog_one2one
KLHDC10	KLHDC10	ortholog_one2one
CPSF4	CPSF4	ortholog_one2one
GM2A	GM2A	ortholog_one2one
PPWD1	PPWD1	ortholog_one2one
MPDU1	MPDU1	ortholog_one2one
NPFF	NPFF	ortholog_one2one
GATC	GATC	ortholog_one2one
RNF141	RNF141	ortholog_one2one
TPI1		ortholog_one2many
TPI1	TPI1	ortholog_one2many
TSSC4	TSSC4	ortholog_one2one
SLC26A5	SLC26A5	ortholog_one2one
MPZL3	MPZL3	ortholog_one2one
CNOT6		ortholog_one2many
CNOT6	CNOT6	ortholog_one2many
DYNC2H1	DYNC2H1	ortholog_one2one
PDE6A	PDE6A	ortholog_one2one
PUS1	PUS1	ortholog_one2one
NLK	NLK	ortholog_one2one
LIX1	LIX1	ortholog_one2one
CNTN1	CNTN1	ortholog_one2one
SPATA24	SPATA24	ortholog_one2one
ALDH3A1	ALDH3A1	ortholog_one2one
FABP6	FABP6	ortholog_one2one
PLCH2	PLCH2	ortholog_one2one
HOXA9	HOXA9	ortholog_one2one
SPINK13		ortholog_one2one
TMEM248	TMEM248	ortholog_one2one
ALDH7A1	ALDH7A1	ortholog_one2one
SMAGP	SMAGP	ortholog_one2one
ALDH3A2	ALDH3A2	ortholog_one2one
ATP5F1B		ortholog_one2many
TUFT1	TUFT1	ortholog_one2one
PHF21A	PHF21A	ortholog_one2one
ZNF655	ZNF655	ortholog_one2one
SH3BP5		ortholog_one2many
SH3BP5	SH3BP5	ortholog_one2many
MAP3K12	MAP3K12	ortholog_one2one
TXNDC12	TXNDC12	ortholog_one2one
HOXC13	HOXC13	ortholog_one2one
SLC11A2		ortholog_one2many
LURAP1	LURAP1	ortholog_one2one
AIDA	AIDA	ortholog_one2one
FIGNL1	FIGNL1	ortholog_one2one
FKBP14	FKBP14	ortholog_one2one
RBP2	RBP2	ortholog_one2one
RIT1	RIT1	ortholog_one2one
TMEM42	TMEM42	ortholog_one2one
KCTD16	KCTD16	ortholog_one2one
BRAT1	BRAT1	ortholog_one2one
SKIC3	SKIC3	ortholog_one2one
SHMT1	SHMT1	ortholog_one2one
HRG	HRG	ortholog_one2one
SEC22B	SEC22B	ortholog_one2one
NUCB2	NUCB2	ortholog_one2one
C1QB	C1QB	ortholog_one2one
VWA5B2	VWA5B2	ortholog_one2one
IFNG	IFNG	ortholog_one2one
ADCY6	ADCY6	ortholog_one2one
GPR37L1	GPR37L1	ortholog_one2one
FAM167B	FAM167B	ortholog_one2one
FYCO1	FYCO1	ortholog_one2one
RALA	RALA	ortholog_one2one
AZIN2	AZIN2	ortholog_one2one
NIFK	NIFK	ortholog_one2one
RTP4	RTP4	ortholog_one2one
DENND5B	DENND5B	ortholog_one2one
ABHD14A	ABHD14A	ortholog_one2one
UBE2E1	UBE2E1	ortholog_one2one
TALDO1	TALDO1	ortholog_one2one
SLC23A1	SLC23A1	ortholog_one2one
ATG16L1	ATG16L1	ortholog_one2one
TCAIM		ortholog_one2many
TCAIM	TCAIM	ortholog_one2many
C5orf24	C5orf24	ortholog_one2one
DEUP1	DEUP1	ortholog_one2one
IGSF9	IGSF9	ortholog_one2one
RICTOR	RICTOR	ortholog_one2one
AEBP2	AEBP2	ortholog_one2one
KLHL10	KLHL10	ortholog_one2one
ALDH3B2	ALDH3B2	ortholog_one2one
CNTNAP1	CNTNAP1	ortholog_one2one
KCNQ1	KCNQ1	ortholog_one2one
TRPV2	TRPV2	ortholog_one2one
ANGPTL5	ANGPTL5	ortholog_one2one
BCAT1	BCAT1	ortholog_one2many
BCAT1		ortholog_one2many
STIM1	STIM1	ortholog_one2one
PDE12	PDE12	ortholog_one2one
TP63	TP63	ortholog_one2one
ST3GAL4	ST3GAL4	ortholog_one2many
ST3GAL4		ortholog_one2many
SLC8B1	SLC8B1	ortholog_one2one
OSBPL7	OSBPL7	ortholog_one2one
DIAPH1	DIAPH1	ortholog_one2one
PBRM1	PBRM1	ortholog_one2one
COP1	RFWD2	ortholog_one2one
C2orf80	C2orf80	ortholog_one2one
FN3K	FN3K	ortholog_one2one
KLHL42	KLHL42	ortholog_one2one
TNFRSF1A	TNFRSF1A	ortholog_one2one
SLC16A11	SLC16A11	ortholog_one2one
FKBP7	FKBP7	ortholog_one2one
SEPTIN4		ortholog_one2one
MPV17	MPV17	ortholog_one2one
HDAC7	HDAC7	ortholog_one2one
FLCN		ortholog_one2many
FLCN	FLCN	ortholog_one2many
PLA2R1	PLA2R1	ortholog_one2one
GATAD2B	GATAD2B	ortholog_one2one
CIP2A	CIP2A	ortholog_one2many
CIP2A		ortholog_one2many
KRT222	KRT222	ortholog_one2one
HIGD1B	HIGD1B	ortholog_one2one
TRIM47	TRIM47	ortholog_one2one
FLNB	FLNB	ortholog_one2one
CORO6	CORO6	ortholog_one2one
NEK7	NEK7	ortholog_one2one
RSAD2	RSAD2	ortholog_one2one
CAMKK2	CAMKK2	ortholog_one2one
USP40		ortholog_one2one
CYRIA	CYRIA	ortholog_one2one
SMPDL3B	SMPDL3B	ortholog_one2one
PRKAA2	PRKAA2	ortholog_one2one
CHRNE	CHRNE	ortholog_one2one
GH1		ortholog_one2many
HTATIP2	HTATIP2	ortholog_one2one
SGCA	SGCA	ortholog_one2one
ZDBF2	ZDBF2	ortholog_one2one
ZBED2	ZBED2	ortholog_one2one
TIMM8B	TIMM8B	ortholog_one2one
BAP1	BAP1	ortholog_one2one
ZNF408	ZNF408	ortholog_one2one
GALNT18	GALNT18	ortholog_one2one
C2orf49	C2orf49	ortholog_one2one
PCARE	PCARE	ortholog_one2one
PLCD1	PLCD1	ortholog_one2one
PGAP1	PGAP1	ortholog_one2one
RNF135	RNF135	ortholog_one2one
ELP4	ELP4	ortholog_one2one
CYP4A11	CYP4A11	ortholog_one2many
KIAA2012	KIAA2012	ortholog_one2one
SP3	SP3	ortholog_one2one
TMEM212	TMEM212	ortholog_one2one
CSF3	CSF3	ortholog_one2one
PHC3	PHC3	ortholog_one2one
CHD3	CHD3	ortholog_one2one
NDUFV1	NDUFV1	ortholog_one2one
TMEM106C	TMEM106C	ortholog_one2one
MXD1	MXD1	ortholog_one2one
MOB1A		ortholog_one2many
MOB1A	MOB1A	ortholog_one2many
RAB40B	RAB40B	ortholog_one2one
CALCRL	CALCRL	ortholog_one2one
XIRP1	XIRP1	ortholog_one2one
KLHL18	KLHL18	ortholog_one2one
COX10	COX10	ortholog_one2one
TLCD5	TLCD5	ortholog_one2one
SERGEF	SERGEF	ortholog_one2one
DCAF1	DCAF1	ortholog_one2one
CLEC10A	CLEC10A	ortholog_one2one
FARP2	FARP2	ortholog_one2one
MASP1	MASP1	ortholog_one2one
ESYT1	ESYT1	ortholog_one2one
MBTD1	MBTD1	ortholog_one2one
TGFBR3	TGFBR3	ortholog_one2one
SCGB1A1	SCGB1A1	ortholog_one2one
GUCY1A2	GUCY1A2	ortholog_one2one
TGFBR2	TGFBR2	ortholog_one2one
CAPN5	CAPN5	ortholog_one2one
KIF18B	KIF18B	ortholog_one2one
AP2M1	AP2M1	ortholog_one2one
PDC	PDC	ortholog_one2one
ETV4	ETV4	ortholog_one2one
MRPL11	MRPL11	ortholog_one2one
ZC3H15	ZC3H15	ortholog_one2one
EHD1	EHD1	ortholog_one2one
ELAPOR1	ELAPOR1	ortholog_one2one
FADS3	FADS3	ortholog_one2one
ALAS1	ALAS1	ortholog_one2one
RBM43	RBM43	ortholog_one2one
NCOR2	NCOR2	ortholog_one2one
CAVIN2	CAVIN2	ortholog_one2one
ZNF232	ZNF232	ortholog_one2one
AFF3	AFF3	ortholog_one2one
GOSR1	GOSR1	ortholog_one2one
KCNIP3	KCNIP3	ortholog_one2one
FCRL2	FCRL2	ortholog_one2one
UBE2L6	UBE2L6	ortholog_one2one
MPPED2	MPPED2	ortholog_one2one
RTP3	RTP3	ortholog_one2one
CD200R1L	CD200R1	ortholog_many2many
CD200R1L		ortholog_many2many
TMEM201	TMEM201	ortholog_one2one
BCS1L		ortholog_one2one
BOC	BOC	ortholog_one2one
INHBC	INHBC	ortholog_one2one
FDX1	FDX1	ortholog_one2one
RNF34	RNF34	ortholog_one2one
ATM	ATM	ortholog_one2one
SUPT4H1	SUPT4H1	ortholog_one2one
SCAMP3	SCAMP3	ortholog_one2one
CNPY2	CNPY2	ortholog_one2one
PRR11	PRR11	ortholog_one2many
PRR11		ortholog_one2many
LGALS9	LGALS9	ortholog_one2many
CDCA3	CDCA3	ortholog_one2one
PSMA5	PSMA5	ortholog_one2one
C12orf75	C12orf75	ortholog_one2one
FKBP2	FKBP2	ortholog_one2one
ARPP21	ARPP21	ortholog_one2one
AUNIP	AUNIP	ortholog_one2one
CLEC1B	CLEC1B	ortholog_one2one
MTA2	MTA2	ortholog_one2one
HSPB8	HSPB8	ortholog_one2one
PMEL	PMEL	ortholog_one2one
FLAD1	FLAD1	ortholog_one2one
ILK	ILK	ortholog_one2one
AGPS	AGPS	ortholog_one2one
KCNC4	KCNC4	ortholog_one2one
SMCR8	SMCR8	ortholog_one2one
RBFOX3	RBFOX3	ortholog_one2one
POLR3C	POLR3C	ortholog_one2one
PPTC7	PPTC7	ortholog_one2one
GTF2H3	GTF2H3	ortholog_one2one
KIF5C	KIF5C	ortholog_one2one
DUS1L	DUS1L	ortholog_one2one
DRC10	IQCD	ortholog_one2one
ENO2	ENO2	ortholog_one2one
MAP3K19	MAP3K19	ortholog_one2one
RPS6KB2	RPS6KB2	ortholog_one2one
ARHGEF10L	ARHGEF10L	ortholog_one2one
PSD4	PSD4	ortholog_one2one
C17orf50	C17orf50	ortholog_one2one
FBXW8	FBXW8	ortholog_one2one
FLOT2	FLOT2	ortholog_one2one
LYG2	LYG2	ortholog_one2one
FEV	FEV	ortholog_one2one
NRXN1	NRXN1	ortholog_one2one
LRCOL1		ortholog_one2one
CLEC3B	CLEC3B	ortholog_one2one
GNPTAB	GNPTAB	ortholog_one2one
POGLUT1	POGLUT1	ortholog_one2one
RSKR	RSKR	ortholog_one2one
PARPBP	PARPBP	ortholog_one2one
TNFRSF13B	TNFRSF13B	ortholog_one2one
LUC7L3	LUC7L3	ortholog_one2one
GXYLT2	GXYLT2	ortholog_one2one
PTH2R	PTH2R	ortholog_one2one
PIK3CB	PIK3CB	ortholog_one2one
LTO1	LTO1	ortholog_one2one
MMP19	MMP19	ortholog_one2one
ATP5PB	ATP5PB	ortholog_one2one
OXLD1	OXLD1	ortholog_one2one
HAAO	HAAO	ortholog_one2one
EXPH5	EXPH5	ortholog_one2one
AARSD1	AARSD1	ortholog_one2one
FXYD6	FXYD6	ortholog_one2one
EEA1	EEA1	ortholog_one2one
RNF181	RNF181	ortholog_one2one
SLC25A24	SLC25A24	ortholog_one2one
AFTPH	AFTPH	ortholog_one2many
AFTPH		ortholog_one2many
BICDL1	BICDL1	ortholog_one2one
ATP11B	ATP11B	ortholog_one2one
UTP25	UTP25	ortholog_one2one
ODF4	ODF4	ortholog_one2one
BAHCC1	BAHCC1	ortholog_one2one
RECQL	RECQL	ortholog_one2one
MIF4GD	MIF4GD	ortholog_one2one
RHBDD1	RHBDD1	ortholog_one2one
FCMR	FCMR	ortholog_one2one
TMEM11	TMEM11	ortholog_one2one
NSF	NSF	ortholog_one2one
AHDC1	AHDC1	ortholog_one2one
DRAM1	DRAM1	ortholog_one2one
PRKD3	PRKD3	ortholog_one2one
RRP9	RRP9	ortholog_one2one
CHFR	CHFR	ortholog_one2one
SART1	SART1	ortholog_one2one
ZNF445	ZNF445	ortholog_one2one
GPRC5C	GPRC5C	ortholog_one2one
GRAMD1C	GRAMD1C	ortholog_one2many
GRAMD1C		ortholog_one2many
PARP1	PARP1	ortholog_one2one
USP36	USP36	ortholog_one2one
BIN1	BIN1	ortholog_one2one
FEZ1	FEZ1	ortholog_one2one
ITGB5	ITGB5	ortholog_one2one
PPY	PPY	ortholog_one2one
FDXR	FDXR	ortholog_one2one
CATSPERH	TMEM262	ortholog_one2one
THAP12	THAP12	ortholog_one2one
IL12RB2	IL12RB2	ortholog_one2one
RBM4B	RBM4B	ortholog_one2one
PEX16	PEX16	ortholog_one2one
STAC	STAC	ortholog_one2one
ALG9	ALG9	ortholog_one2one
HHLA2	HHLA2	ortholog_one2one
IFTAP	IFTAP	ortholog_one2one
IL17RD	IL17RD	ortholog_one2one
SLCO1B3	SLCO1B3	ortholog_one2many
RFNG	RFNG	ortholog_one2one
XNDC1N		ortholog_one2one
BRSK2	BRSK2	ortholog_one2one
SATB1		ortholog_one2many
SOCS3	SOCS3	ortholog_one2one
MAPK7	MAPK7	ortholog_one2one
OAS3	OAS3	ortholog_one2one
TARS2	TARS2	ortholog_one2one
NUP85	NUP85	ortholog_one2one
SPPL3	SPPL3	ortholog_one2one
GOLGB1	GOLGB1	ortholog_one2one
TRIAP1	TRIAP1	ortholog_one2one
PAWR	PAWR	ortholog_one2one
MUC15	MUC15	ortholog_one2one
KIF21A	KIF21A	ortholog_one2one
STK33	STK33	ortholog_one2one
HELZ	HELZ	ortholog_one2one
GADL1	GADL1	ortholog_one2one
CHMP2B	CHMP2B	ortholog_one2many
CHMP2B		ortholog_one2many
ABHD5	ABHD5	ortholog_one2one
FRS2	FRS2	ortholog_one2one
SLC25A38	SLC25A38	ortholog_one2one
IGBP1C		ortholog_one2many
NAGLU	NAGLU	ortholog_one2one
ITPR1	ITPR1	ortholog_one2one
ABCA5	ABCA5	ortholog_one2one
SDF4	SDF4	ortholog_one2one
CYP2R1	CYP2R1	ortholog_one2one
ZDHHC13	ZDHHC13	ortholog_one2one
PLXNC1	PLXNC1	ortholog_one2one
RAB25	RAB25	ortholog_one2one
USP6	USP32	ortholog_one2many
BEND5	BEND5	ortholog_one2one
GLT1D1	GLT1D1	ortholog_one2one
TRIM6	TRIM6	ortholog_one2one
SCPEP1	SCPEP1	ortholog_one2one
CNST	CNST	ortholog_one2one
WEE1	WEE1	ortholog_one2one
PXN	PXN	ortholog_one2one
AHNAK	AHNAK	ortholog_one2one
HOXB13	HOXB13	ortholog_one2one
RAB7B	RAB7B	ortholog_one2one
DNAH9	DNAH9	ortholog_one2one
SORL1	SORL1	ortholog_one2one
PLD6	PLD6	ortholog_one2one
ERN1	ERN1	ortholog_one2one
TNFAIP1	TNFAIP1	ortholog_one2one
CYB561D2	CYB561D2	ortholog_one2one
RITA1	RITA1	ortholog_one2one
UTS2B	UTS2B	ortholog_one2one
OR1A1		ortholog_one2one
VPS26B	VPS26B	ortholog_one2one
SEPTIN9	SEPTIN9	ortholog_one2one
MFAP5	MFAP5	ortholog_one2one
DYNLT2B	DYNLT2B	ortholog_one2one
CRYZ	CRYZ	ortholog_one2one
MRPS22	MRPS22	ortholog_one2one
PRR5L	PRR5L	ortholog_one2one
SHMT2	SHMT2	ortholog_one2one
ATP6V1A	ATP6V1A	ortholog_one2many
ATP6V1A		ortholog_one2many
CCDC57	CCDC57	ortholog_one2one
TWF2	TWF2	ortholog_one2one
FAM76B	FAM76B	ortholog_one2one
CDC25A	CDC25A	ortholog_one2one
PATL1	PATL1	ortholog_one2one
IZUMO1R	IZUMO1R	ortholog_one2one
SLC35C1	SLC35C1	ortholog_one2one
SPCS1	SPCS1	ortholog_one2one
WDR74	WDR74	ortholog_one2one
GOLIM4	GOLIM4	ortholog_one2one
PLEKHG6	PLEKHG6	ortholog_one2one
MMP1	MMP1	ortholog_one2one
CBL	CBL	ortholog_one2one
SERPINC1	SERPINC1	ortholog_one2one
SLC37A2	SLC37A2	ortholog_one2one
ULK2	ULK2	ortholog_one2one
RAB13	RAB13	ortholog_one2one
DSCAML1	DSCAML1	ortholog_one2one
SBNO1	SBNO1	ortholog_one2many
SBNO1		ortholog_one2many
SERPINI1	SERPINI1	ortholog_one2one
FOLR1	FOLR1	ortholog_one2one
PHLDB2	PHLDB2	ortholog_one2one
AVPR1A	AVPR1A	ortholog_one2one
CHRDL2	CHRDL2	ortholog_one2one
SOAT2	SOAT2	ortholog_one2one
ENO3		ortholog_one2many
ENO3	ENO3	ortholog_one2many
KCNJ11	KCNJ11	ortholog_one2one
NARS2	NARS2	ortholog_one2one
CCNL2	CCNL2	ortholog_one2one
MARS1	MARS1	ortholog_one2one
TUT1	TUT1	ortholog_one2one
DRAXIN	DRAXIN	ortholog_one2one
SVIP	SVIP	ortholog_one2one
FCRL5	FCRL5	ortholog_one2one
CCL14	CCL14	ortholog_one2one
ACRV1	ACRV1	ortholog_one2one
SAMD14	SAMD14	ortholog_one2one
CNTN5	CNTN5	ortholog_one2one
GIPC2	GIPC2	ortholog_one2one
PPP1R9B	PPP1R9B	ortholog_one2one
HCLS1	HCLS1	ortholog_one2one
EI24	EI24	ortholog_one2many
EI24		ortholog_one2many
ZNF594	ZNF594	ortholog_one2one
PIGS	PIGS	ortholog_one2one
PTPN14	PTPN14	ortholog_one2one
GPR156	GPR156	ortholog_one2one
ANKUB1	ANKUB1	ortholog_one2one
PEX5L	PEX5L	ortholog_one2one
NR5A2	NR5A2	ortholog_one2one
LDAH	LDAH	ortholog_one2one
PHB1	PHB1	ortholog_one2one
SLC9C2		ortholog_one2one
BBS5	BBS5	ortholog_one2one
TAC3	TAC3	ortholog_one2one
SAMD11	SAMD11	ortholog_one2one
MTHFD2	MTHFD2	ortholog_one2one
DAZL	DAZL	ortholog_one2many
PLA2G2A	PLA2G2A	ortholog_one2one
PDCD6IP	PDCD6IP	ortholog_one2one
YEATS4	YEATS4	ortholog_one2one
FAM89A	FAM89A	ortholog_one2one
EFCAB3	EFCAB3	ortholog_one2one
SLAMF6	SLAMF6	ortholog_one2one
CLEC2B	CLEC2B	ortholog_one2one
NUFIP2	NUFIP2	ortholog_one2one
EIF1	EIF1	ortholog_one2one
TMEM53	TMEM53	ortholog_one2one
GIT2	GIT2	ortholog_one2one
MTA3	MTA3	ortholog_one2one
LRRC45	LRRC45	ortholog_one2one
FOLH1		ortholog_one2many
FOXP1	FOXP1	ortholog_one2one
MAFG	MAFG	ortholog_one2one
PRCD	PRCD	ortholog_one2one
SDK2	SDK2	ortholog_one2one
BPTF	BPTF	ortholog_one2one
ARL14EP	ARL14EP	ortholog_one2one
TRAPPC4	TRAPPC4	ortholog_one2one
GIGYF2	GIGYF2	ortholog_one2one
NUP88	NUP88	ortholog_one2one
IL18	IL18	ortholog_one2one
ZNF214	ZNF214	ortholog_one2one
B3GAT3	B3GAT3	ortholog_one2one
DNAJB13	DNAJB13	ortholog_one2one
GRAMD1B	GRAMD1B	ortholog_one2one
SEMA4A	SEMA4A	ortholog_one2one
SLC38A4	SLC38A4	ortholog_one2one
KANSL1	KANSL1	ortholog_one2one
PXMP2	PXMP2	ortholog_one2one
ZFP69B	ZFP69B	ortholog_one2one
KCTD2	KCTD2	ortholog_one2one
SARM1	SARM1	ortholog_one2one
DAO	DAO	ortholog_one2one
CYP2J2	CYP2J89	ortholog_one2many
CYP2J2	CYP2J90P	ortholog_one2many
CYB561A3	CYB561A3	ortholog_one2one
VTN	VTN	ortholog_one2one
RPL23	RPL23	ortholog_one2one
TESPA1	TESPA1	ortholog_one2one
FGF19	FGF19	ortholog_one2one
OR52N2	OR52N2	ortholog_one2one
TEFM	TEFM	ortholog_one2one
PAK1	PAK1	ortholog_one2one
WRAP53	WRAP53	ortholog_one2one
PTPRO	PTPRO	ortholog_one2one
SMYD3	SMYD3	ortholog_one2one
RRP15	RRP15	ortholog_one2one
CNP	CNP	ortholog_one2one
NHSL3	NHSL3	ortholog_one2one
PIGL	PIGL	ortholog_one2many
PIGL		ortholog_one2many
ARHGEF16	ARHGEF16	ortholog_one2one
CCL15	CCL15	ortholog_many2many
CCL15		ortholog_many2many
ITIH3	ITIH3	ortholog_one2one
COPS3	COPS3	ortholog_one2one
SUOX	SUOX	ortholog_one2one
BTF3L4	BTF3L4	ortholog_one2one
EPCAM	EPCAM	ortholog_one2one
USP4	USP4	ortholog_one2one
ZFP69	ZFP69	ortholog_one2one
STEAP3	STEAP3	ortholog_one2many
STEAP3		ortholog_one2many
PFDN5	PFDN5	ortholog_one2one
PJVK	PJVK	ortholog_one2one
HOXB4	HOXB4	ortholog_one2one
DENND1B	DENND1B	ortholog_one2many
DENND1B		ortholog_one2many
CBX4	CBX4	ortholog_one2one
C17orf113	C17orf113	ortholog_one2one
SGSH	SGSH	ortholog_one2one
SF3B1	SF3B1	ortholog_one2one
SIGIRR	SIGIRR	ortholog_one2one
ACKR5	GPR182	ortholog_one2one
R3HDM2	R3HDM2	ortholog_one2one
FSCN2	FSCN2	ortholog_one2one
HEATR6	HEATR6	ortholog_one2one
LPXN	LPXN	ortholog_one2one
AQP11	AQP11	ortholog_one2one
SYT8	SYT8	ortholog_one2one
ZBTB37	ZBTB37	ortholog_one2one
PARVA	PARVA	ortholog_one2one
METTL25B	METTL25B	ortholog_one2one
SNTG2	SNTG2	ortholog_one2one
KSR1	KSR1	ortholog_one2one
SC5D		ortholog_one2many
SC5D	SC5D	ortholog_one2many
TP53I3	TP53I3	ortholog_one2one
TSEN54	TSEN54	ortholog_one2one
LRRC71	LRRC71	ortholog_one2one
SLC61A1	SLC61A1	ortholog_one2one
DNAJC22		ortholog_one2many
DNAJC22	DNAJC22	ortholog_one2many
ZNF593	ZNF593	ortholog_one2one
MDH1B	MDH1B	ortholog_one2one
CLCF1	CLCF1	ortholog_one2one
DCP1B	DCP1B	ortholog_one2one
RPS6KA4	RPS6KA4	ortholog_one2one
NAB1		ortholog_one2many
NAB1	NAB1	ortholog_one2many
TNRC6C	TNRC6C	ortholog_one2one
PRDM4	PRDM4	ortholog_one2one
SRP68	SRP68	ortholog_one2one
F11R	F11R	ortholog_one2one
TIMELESS	TIMELESS	ortholog_one2one
ZDHHC24	ZDHHC24	ortholog_one2one
ARSG	ARSG	ortholog_one2one
PROX1	PROX1	ortholog_one2one
NELL1	NELL1	ortholog_one2one
CD300A	CD300A	ortholog_one2one
SLC30A7	SLC30A7	ortholog_one2one
RDH14	RDH14	ortholog_one2one
STARD3	STARD3	ortholog_one2one
ASB3	ASB3	ortholog_one2one
CD1E	CD1E	ortholog_one2one
ALKBH8	ALKBH8	ortholog_one2one
RSRP1	RSRP1	ortholog_one2one
BAD	BAD	ortholog_one2one
EIF2B1	EIF2B1	ortholog_one2one
SPA17	SPA17	ortholog_one2one
NBEAL2	NBEAL2	ortholog_one2one
NSUN4	NSUN4	ortholog_one2one
SP100	SP100	ortholog_one2one
BDNF	BDNF	ortholog_one2one
CD4	CD4	ortholog_one2one
CHRM4	CHRM4	ortholog_one2one
TCP11L1	TCP11L1	ortholog_one2one
ROBO1	ROBO1	ortholog_one2one
DDX23	DDX23	ortholog_one2one
AMPD3	AMPD3	ortholog_one2one
P3H1	P3H1	ortholog_one2one
EIF2A	EIF2A	ortholog_one2one
RIMBP2	RIMBP2	ortholog_one2one
SPAG9	SPAG9	ortholog_one2one
IRF7	IRF7	ortholog_one2one
WSB2	WSB2	ortholog_one2many
WSB2		ortholog_one2many
IL5RA	IL5RA	ortholog_one2one
IL10	IL10	ortholog_one2one
GRIA4	GRIA4	ortholog_one2one
STAT6	STAT6	ortholog_one2one
DCUN1D1		ortholog_one2many
DCUN1D1	DCUN1D1	ortholog_one2many
BTG4	BTG4	ortholog_one2one
CLDN18	CLDN18	ortholog_one2one
NADSYN1	NADSYN1	ortholog_one2one
TATDN2	TATDN2	ortholog_one2one
NME6	NME6	ortholog_one2one
MUC1		ortholog_one2one
ZMAT3	ZMAT3	ortholog_one2one
ISY1	ISY1	ortholog_one2one
ZFTA	ZFTA	ortholog_one2one
TXNDC17		ortholog_one2many
TXNDC17	TXNDC17	ortholog_one2many
AP5B1	AP5B1	ortholog_one2one
DRD2	DRD2	ortholog_one2one
KCNJ2	KCNJ2	ortholog_one2one
DRG2	DRG2	ortholog_one2one
SYNPR	SYNPR	ortholog_one2one
GRM7	GRM7	ortholog_one2one
TRAF6	TRAF6	ortholog_one2one
C1QTNF5	C1QTNF5	ortholog_one2one
AMBRA1	AMBRA1	ortholog_one2one
ABCA12	ABCA12	ortholog_one2one
ACVR2B	ACVR2B	ortholog_one2one
FILIP1L	FILIP1L	ortholog_one2one
ZIC4	ZIC4	ortholog_one2one
SMYD1	SMYD1	ortholog_one2one
STT3A	STT3A	ortholog_one2one
CFAP91	CFAP91	ortholog_one2one
AHCYL1	AHCYL1	ortholog_one2one
BARD1	BARD1	ortholog_one2one
LRCH3	LRCH3	ortholog_one2one
ATP5PD		ortholog_one2one
DIABLO	DIABLO	ortholog_one2one
HOXB5	HOXB5	ortholog_one2one
METTL16	METTL16	ortholog_one2one
TLK2	TLK2	ortholog_one2one
METAP1D	METAP1D	ortholog_one2one
NFIA	NFIA	ortholog_one2one
NAP1L1	NAP1L1	ortholog_one2one
MAP4K2	MAP4K2	ortholog_one2one
WDR75	WDR75	ortholog_one2one
GP9	GP9	ortholog_one2one
ULK4	ULK4	ortholog_one2one
ETV3	ETV3	ortholog_one2one
PGD	PGD	ortholog_one2one
KANSL1L	KANSL1L	ortholog_one2one
ACAA1	ACAA1	ortholog_one2one
ERI3	ERI3	ortholog_one2one
DGKZ	DGKZ	ortholog_one2one
PKDCC	PKDCC	ortholog_one2one
RETREG3	RETREG3	ortholog_one2one
NDUFS1	NDUFS1	ortholog_one2one
GLRX2	GLRX2	ortholog_one2one
FMO1	FMO1	ortholog_one2one
SUPT6H	SUPT6H	ortholog_one2one
DHCR24	DHCR24	ortholog_one2one
SYPL2	SYPL2	ortholog_one2one
TNNC1	TNNC1	ortholog_one2one
SH3BP5L	SH3BP5L	ortholog_one2one
TBX15	TBX15	ortholog_one2one
KRT10	KRT10	ortholog_one2one
ABI3BP	ABI3BP	ortholog_one2one
KRT20	KRT20	ortholog_one2one
GRN	GRN	ortholog_one2one
ANGPTL3	ANGPTL3	ortholog_one2one
DGKA	DGKA	ortholog_one2one
FAM72C	FAM72A	ortholog_one2many
ARPC5	ARPC5	ortholog_one2many
ARPC5		ortholog_one2many
CASP4		ortholog_one2many
JRKL	JRKL	ortholog_one2one
RIN1	RIN1	ortholog_one2one
RHBDF2	RHBDF2	ortholog_one2one
MCOLN3	MCOLN3	ortholog_one2one
HARBI1	HARBI1	ortholog_one2one
SLC22A24	SLC22A24	ortholog_one2one
PTPMT1	PTPMT1	ortholog_one2one
HDAC4	HDAC4	ortholog_one2one
SMIM35	SMIM35	ortholog_one2one
NAV2	NAV2	ortholog_one2one
FKBP4	FKBP4	ortholog_one2one
KCNA2	KCNA2	ortholog_one2one
DDX5	DDX5	ortholog_one2one
PPCS	PPCS	ortholog_one2one
HOXC9	HOXC9	ortholog_one2one
FGD4	FGD4	ortholog_one2one
PCGF1	PCGF1	ortholog_one2one
LEPR	LEPR	ortholog_one2one
FBLN7	FBLN7	ortholog_one2one
PRPF19	PRPF19	ortholog_one2one
DBI	DBI	ortholog_one2one
SLC38A1	SLC38A1	ortholog_one2one
CDHR5	CDHR5	ortholog_one2one
SNX17	SNX17	ortholog_one2one
INTS3	INTS3	ortholog_one2one
MED31	MED31	ortholog_one2one
RNF167	RNF167	ortholog_one2one
MB21D2	MB21D2	ortholog_one2one
TNFSF10	TNFSF10	ortholog_one2one
ATP2C1	ATP2C1	ortholog_one2one
APOB	APOB	ortholog_one2one
SCUBE2	SCUBE2	ortholog_one2one
COPZ2	COPZ2	ortholog_one2one
CEP350	CEP350	ortholog_one2one
ACACA	ACACA	ortholog_one2one
ERFE	ERFE	ortholog_one2one
XCL2	XCL1	ortholog_one2many
MED19	MED19	ortholog_one2one
FHIP1B	FHIP1B	ortholog_one2one
MALL	MALL	ortholog_one2one
KLHDC8A	KLHDC8A	ortholog_one2one
ACYP2	ACYP2	ortholog_one2one
RTKN	RTKN	ortholog_one2one
MS4A4A	MS4A4A	ortholog_one2many
MRGPRF	MRGPRF	ortholog_one2one
NDUFA10	NDUFA10	ortholog_one2one
C11orf16	C11orf16	ortholog_one2one
PUS7L	PUS7L	ortholog_one2one
METTL15	METTL15	ortholog_one2one
NFE2L1	NFE2L1	ortholog_one2one
IFT81	IFT81	ortholog_one2one
VPS13D	VPS13D	ortholog_one2one
LRRC4C	LRRC4C	ortholog_one2one
CANT1	CANT1	ortholog_one2one
MRPL48	MRPL48	ortholog_one2many
MRPL48		ortholog_one2many
PSMB3		ortholog_one2many
PSMB3	PSMB3	ortholog_one2many
GPS2	GPS2	ortholog_one2one
PTS	PTS	ortholog_one2one
CCDC60	CCDC60	ortholog_one2one
SRSF10	SRSF10	ortholog_one2one
CD59	CD59	ortholog_one2one
DNM1L	DNM1L	ortholog_one2one
SLC66A3	SLC66A3	ortholog_one2one
UQCC3	UQCC3	ortholog_one2one
CDC42BPG	CDC42BPG	ortholog_one2one
BCL11A	BCL11A	ortholog_one2one
C2CD3	C2CD3	ortholog_one2one
ZNF692	ZNF692	ortholog_one2one
ATG9A	ATG9A	ortholog_one2one
ST6GALNAC1	ST6GALNAC1	ortholog_one2one
CD81	CD81	ortholog_one2one
GCGR	GCGR	ortholog_one2one
PTPN5	PTPN5	ortholog_one2one
AKT3	AKT3	ortholog_one2one
PIMREG	PIMREG	ortholog_one2one
DNAJC24	DNAJC24	ortholog_one2one
API5		ortholog_one2many
API5	API5	ortholog_one2many
RPRD2	RPRD2	ortholog_one2one
FGF11	FGF11	ortholog_one2one
MTX2	MTX2	ortholog_one2one
RAMP2	RAMP2	ortholog_one2one
BCAS3	BCAS3	ortholog_one2one
PRICKLE2	PRICKLE2	ortholog_one2one
SLC49A4	SLC49A4	ortholog_one2one
ABTB1	ABTB1	ortholog_one2one
FBXO48	FBXO48	ortholog_one2one
SP140	SP140	ortholog_one2one
BLOC1S1	BLOC1S1	ortholog_one2one
PLAAT2	PLAAT2	ortholog_one2one
PSMD4	PSMD4	ortholog_one2one
OSBP	OSBP	ortholog_one2one
NR4A1	NR4A1	ortholog_one2one
CENPX		ortholog_one2many
CHID1	CHID1	ortholog_one2one
YEATS2	YEATS2	ortholog_one2one
SPMAP1	SPMAP1	ortholog_one2one
RPA1	RPA1	ortholog_one2one
TMBIM4	TMBIM4	ortholog_one2one
LAMTOR2	LAMTOR2	ortholog_one2one
NAGS	NAGS	ortholog_one2one
POLR2D	POLR2D	ortholog_one2one
PLCD3	PLCD3	ortholog_one2one
C12orf71	C12orf71	ortholog_one2one
LTBR		ortholog_one2one
DDX18		ortholog_one2many
DDX18	DDX18	ortholog_one2many
LRRC3B	LRRC3B	ortholog_one2one
SERPINI2	SERPINI2	ortholog_one2one
PLEKHM1	PLEKHM1	ortholog_one2one
THPO	THPO	ortholog_one2one
GTF2A1L	GTF2A1L	ortholog_one2one
CSTA		ortholog_one2many
CSTA	CSTA	ortholog_one2many
SPHK1	SPHK1	ortholog_one2one
MAPKAPK5	MAPKAPK5	ortholog_one2one
ALDH1L1		ortholog_one2one
TMEM87B	TMEM87B	ortholog_one2one
USP43	USP43	ortholog_one2one
EMC1	EMC1	ortholog_one2one
TSGA10	TSGA10	ortholog_one2one
TSPAN10	TSPAN10	ortholog_one2one
NT5C	NT5C	ortholog_one2one
FGF6	FGF6	ortholog_one2one
TMEM25	TMEM25	ortholog_one2one
RAD51C	RAD51C	ortholog_one2one
NAA25	NAA25	ortholog_one2one
PSMC5	PSMC5	ortholog_one2one
BABAM2	BABAM2	ortholog_one2one
DEPDC4	DEPDC4	ortholog_one2one
ANO9	ANO9	ortholog_one2one
PPP4R2		ortholog_one2many
PPP4R2	PPP4R2	ortholog_one2many
WNT3	WNT3	ortholog_one2one
NCAPD2	NCAPD2	ortholog_one2one
KRABD1	KRBOX1	ortholog_one2one
NARF	NARF	ortholog_one2one
SMARCC1	SMARCC1	ortholog_one2one
CEP57	CEP57	ortholog_one2one
PTPN22	PTPN22	ortholog_one2one
DES	DES	ortholog_one2one
LMO1	LMO1	ortholog_one2one
TOP2A	TOP2A	ortholog_one2one
CORO1C	CORO1C	ortholog_one2one
AASDHPPT	AASDHPPT	ortholog_one2one
ACAT1	ACAT1	ortholog_one2one
TRAPPC1	TRAPPC1	ortholog_one2one
SFPQ	SFPQ	ortholog_one2one
TBX2	TBX2	ortholog_one2one
CCDC43	CCDC43	ortholog_one2one
RUNDC3A	RUNDC3A	ortholog_one2one
FAM72B	FAM72A	ortholog_one2many
MRE11	MRE11	ortholog_one2many
MRE11		ortholog_one2many
AK4P3	AK4	ortholog_one2many
HDAC1	HDAC1	ortholog_one2one
CHMP6	CHMP6	ortholog_one2one
FAM222B	FAM222B	ortholog_one2one
ITGA4	ITGA4	ortholog_one2one
PTPN23	PTPN23	ortholog_one2one
MPP2	MPP2	ortholog_one2one
DISP3	DISP3	ortholog_one2one
CSRNP1	CSRNP1	ortholog_one2one
GOLGA3	GOLGA3	ortholog_one2one
KDM1A	KDM1A	ortholog_one2one
CFAP65		ortholog_one2one
RRM1	RRM1	ortholog_one2one
IP6K2	IP6K2	ortholog_one2one
KANSL3	KANSL3	ortholog_one2one
TMEM79	TMEM79	ortholog_one2one
RPUSD4	RPUSD4	ortholog_one2one
ABCA9	ABCA9	ortholog_one2one
CFAP57	CFAP57	ortholog_one2one
PCF11	PCF11	ortholog_one2one
CDK5R1	CDK5R1	ortholog_one2one
VWCE	VWCE	ortholog_one2one
ADCY10	ADCY10	ortholog_one2one
RYK		ortholog_one2many
RESF1	RESF1	ortholog_one2one
VPS29		ortholog_one2one
CTPS1	CTPS1	ortholog_one2one
ATP23	ATP23	ortholog_one2one
CCDC13	CCDC13	ortholog_one2one
NACA	NACA	ortholog_one2many
NACA		ortholog_one2many
FEZ2	FEZ2	ortholog_one2one
TTC21A	TTC21A	ortholog_one2one
PPP1R15B	PPP1R15B	ortholog_one2one
MTMR11	MTMR11	ortholog_one2one
RAMP1	RAMP1	ortholog_one2one
IGFBP2	IGFBP2	ortholog_one2one
RBP1	RBP1	ortholog_one2one
TOGARAM2	TOGARAM2	ortholog_one2one
SLCO2A1	SLCO2A1	ortholog_one2one
NCKAP5	NCKAP5	ortholog_one2one
PEX14	PEX14	ortholog_one2one
SIDT2	SIDT2	ortholog_one2one
KCNS3	KCNS3	ortholog_one2many
KCNS3		ortholog_one2many
TAMM41	TAMM41	ortholog_one2one
AMMECR1L	AMMECR1L	ortholog_one2one
DCTN2	DCTN2	ortholog_one2one
DDX1	DDX1	ortholog_one2one
RAB6A	RAB6A	ortholog_one2one
BDH1	BDH1	ortholog_one2one
ULK1	ULK1	ortholog_one2one
PLEKHG5	PLEKHG5	ortholog_one2one
ARL6IP5		ortholog_one2one
CAPS2	CAPS2	ortholog_one2one
NLRP6	NLRP6	ortholog_one2one
TMEM108	TMEM108	ortholog_one2one
DPP3	DPP3	ortholog_one2one
ACAP2	ACAP2	ortholog_one2one
RFC5	RFC5	ortholog_one2one
SLC51A	SLC51A	ortholog_one2one
SRPRB	SRPRB	ortholog_one2many
SRPRB		ortholog_one2many
GABPB2	GABPB2	ortholog_one2one
NAA50	NAA50	ortholog_one2one
KCNJ1	KCNJ1	ortholog_one2one
TARBP2	TARBP2	ortholog_one2one
ABHD6	ABHD6	ortholog_one2one
ROBO4	ROBO4	ortholog_one2one
FCGR3B		ortholog_one2many
TMEM178A	TMEM178A	ortholog_one2one
EIF5B	EIF5B	ortholog_one2one
FABP3		ortholog_one2many
FABP3	FABP3	ortholog_one2many
NR2C2	NR2C2	ortholog_one2one
MISFA	MISFA	ortholog_one2one
LAPTM5	LAPTM5	ortholog_one2one
RPLP2	RPLP2	ortholog_one2one
EGR4	EGR4	ortholog_one2one
GAREM2	GAREM2	ortholog_one2one
NOSTRIN	NOSTRIN	ortholog_one2one
ANKRD28	ANKRD28	ortholog_one2one
PAN2	PAN2	ortholog_one2one
HPX	HPX	ortholog_one2one
CD86	CD86	ortholog_one2one
IARS2	IARS2	ortholog_one2one
FAM124B	FAM124B	ortholog_one2one
QPCT	QPCT	ortholog_one2one
CCKBR	CCKBR	ortholog_one2one
CRYGD	CRYGD	ortholog_one2one
UBA7	UBA7	ortholog_one2one
SLC5A7	SLC5A7	ortholog_one2one
NXPE4	NXPE4	ortholog_one2one
PTRHD1	PTRHD1	ortholog_one2one
PTCD3	PTCD3	ortholog_one2one
CNGA4	CNGA4	ortholog_one2one
DPAGT1	DPAGT1	ortholog_one2one
RNFT2	RNFT2	ortholog_one2one
SPRING1	SPRING1	ortholog_one2one
YAF2	YAF2	ortholog_one2one
PTX3	PTX3	ortholog_one2one
GRK7	GRK7	ortholog_one2one
FAM107A	FAM107A	ortholog_one2one
VPS37B	VPS37B	ortholog_one2one
HIPK3	HIPK3	ortholog_one2one
MGST1	MGST1	ortholog_one2one
CDC42BPA	CDC42BPA	ortholog_one2one
MLH1	MLH1	ortholog_one2one
ETV6	ETV6	ortholog_one2one
NAP1L4	NAP1L4	ortholog_one2one
FOXN4	FOXN4	ortholog_one2one
PKP4	PKP4	ortholog_one2one
RASAL1	RASAL1	ortholog_one2one
KCNN3	KCNN3	ortholog_one2one
CHCHD5	CHCHD5	ortholog_one2one
RANBP2	RANBP2	ortholog_one2one
TESC	TESC	ortholog_one2one
RPS6KC1		ortholog_one2many
RPS6KC1	RPS6KC1	ortholog_one2many
CCNT1	CCNT1	ortholog_one2one
CDCA7	CDCA7	ortholog_one2one
KRR1	KRR1	ortholog_one2one
RAPGEF4	RAPGEF4	ortholog_one2one
MRPL3	MRPL3	ortholog_one2many
MRPL3		ortholog_one2many
CD5L	CD5L	ortholog_one2one
GNAT1	GNAT1	ortholog_one2one
TEX55	TEX55	ortholog_one2one
VGLL3	VGLL3	ortholog_one2one
C2orf76	C2orf76	ortholog_one2one
RER1	RER1	ortholog_one2one
ATR	ATR	ortholog_one2one
ACTR2		ortholog_one2many
ACTR2	ACTR2	ortholog_one2many
ERICH2	ERICH2	ortholog_one2one
PDE11A	PDE11A	ortholog_one2one
ECE1	ECE1	ortholog_one2one
MRPL44	MRPL44	ortholog_one2one
HOXD8	HOXD8	ortholog_one2one
MZT2A	MZT2B	ortholog_one2many
GMPPA	GMPPA	ortholog_one2one
KLHL20	KLHL20	ortholog_one2one
GAL3ST3	GAL3ST3	ortholog_one2one
ZBTB16	ZBTB16	ortholog_one2one
ANKRD13D	ANKRD13D	ortholog_one2one
KDM4A	KDM4A	ortholog_one2one
STRADB	STRADB	ortholog_one2one
UBIAD1	UBIAD1	ortholog_one2one
CASP1		ortholog_one2many
VCAM1	VCAM1	ortholog_one2one
P4HA3	P4HA3	ortholog_one2one
HS2ST1	HS2ST1	ortholog_one2one
C1orf198	C1orf198	ortholog_one2one
CSRNP3	CSRNP3	ortholog_one2one
SBF2	SBF2	ortholog_one2one
TLCD4	TLCD4	ortholog_one2one
TWIST2	TWIST2	ortholog_one2one
GPC1	GPC1	ortholog_one2one
DENND2C	DENND2C	ortholog_one2one
G6PC2	G6PC2	ortholog_one2one
GAL3ST2	GAL3ST2	ortholog_one2one
TTN	TTN	ortholog_one2one
DR1	DR1	ortholog_one2one
S100A11	S100A11	ortholog_one2one
ARHGAP42	ARHGAP42	ortholog_one2one
LDHC	LDHC	ortholog_one2one
DNALI1	DNALI1	ortholog_one2one
ZNF660	ZNF660	ortholog_one2one
TM4SF19	TM4SF19	ortholog_one2one
NMNAT3	NMNAT3	ortholog_one2many
NMNAT3		ortholog_one2many
TMEM216	TMEM216	ortholog_one2one
FAM162A	FAM162A	ortholog_one2one
MS4A7	MS4A7	ortholog_one2one
ZPLD1	ZPLD1	ortholog_one2one
PTPRC	PTPRC	ortholog_one2one
GLT8D1	GLT8D1	ortholog_one2one
NRGN	NRGN	ortholog_one2one
TMEM45B	TMEM45B	ortholog_one2one
PACSIN3	PACSIN3	ortholog_one2one
PLEKHO1	PLEKHO1	ortholog_one2one
GBP1	GBP1	ortholog_one2one
DVL3	DVL3	ortholog_one2one
RIC8A	RIC8A	ortholog_one2one
CD48	CD48	ortholog_one2one
AAMDC	AAMDC	ortholog_one2one
SLC41A1	SLC41A1	ortholog_one2one
CTDSPL	CTDSPL	ortholog_one2one
CTRC	CTRC	ortholog_one2one
DKK3	DKK3	ortholog_one2one
COPB2	COPB2	ortholog_one2one
CSRP1	CSRP1	ortholog_one2one
ROPN1B	ROPN1	ortholog_one2many
TKT	TKT	ortholog_one2one
ADAR	ADAR	ortholog_one2one
GCKR	GCKR	ortholog_one2one
KDM2A	KDM2A	ortholog_one2one
KCNH8	KCNH8	ortholog_one2one
NR4A2	NR4A2	ortholog_one2one
GHRL	GHRL	ortholog_one2one
RPP14	RPP14	ortholog_one2one
SLC25A45	SLC25A45	ortholog_one2one
SELENOK	SELENOK	ortholog_one2one
ALPG		ortholog_one2many
PSMD6	PSMD6	ortholog_one2one
ADAM23	ADAM23	ortholog_one2one
CABP2	CABP2	ortholog_one2one
UMPS	UMPS	ortholog_one2one
CPT1A	CPT1A	ortholog_one2one
MMP27	MMP27	ortholog_one2one
CLDND1	CLDND1	ortholog_one2one
LGR4	LGR4	ortholog_one2one
POMGNT1		ortholog_one2one
THUMPD2	THUMPD2	ortholog_one2one
FCHSD2	FCHSD2	ortholog_one2one
FASTKD2	FASTKD2	ortholog_one2one
LZTFL1		ortholog_one2many
LZTFL1	LZTFL1	ortholog_one2many
LRRTM4	LRRTM4	ortholog_one2one
C2orf42	C2orf42	ortholog_one2one
ZFP91	ZFP91	ortholog_one2one
FANCD2	FANCD2	ortholog_one2one
ZBED5	ZBED5	ortholog_one2one
OBSL1	OBSL1	ortholog_one2one
SDHD	SDHD	ortholog_one2one
GGPS1	GGPS1	ortholog_one2one
TRIM5		ortholog_one2many
HMGCS2	HMGCS2	ortholog_one2one
CATSPERZ	CATSPERZ	ortholog_one2one
MS4A4E	MS4A4A	ortholog_one2many
PPP2R1B	PPP2R1B	ortholog_one2one
EHD3	EHD3	ortholog_one2one
TMEM183A		ortholog_one2many
TMEM183A	TMEM183A	ortholog_one2many
FOXI3	FOXI3	ortholog_one2one
XIRP2	XIRP2	ortholog_one2one
TRNT1	TRNT1	ortholog_one2one
IL36G	IL36G	ortholog_one2one
CHRNA1	CHRNA1	ortholog_one2one
SERPINH1	SERPINH1	ortholog_one2one
ADAMTS4	ADAMTS4	ortholog_one2one
ASAP2	ASAP2	ortholog_one2one
CP	CP	ortholog_one2one
SLC30A10	SLC30A10	ortholog_one2one
TMEM61	TMEM61	ortholog_one2one
TP53BP2	TP53BP2	ortholog_one2one
LMNTD2	LMNTD2	ortholog_one2one
HDLBP	HDLBP	ortholog_one2one
MTCH2	MTCH2	ortholog_one2one
STRIT1	STRIT1	ortholog_one2one
CCDC51	CCDC51	ortholog_one2one
AGO1	AGO1	ortholog_one2one
STT3B	STT3B	ortholog_one2one
MED8	MED8	ortholog_one2one
ARV1	ARV1	ortholog_one2one
DHFR2		ortholog_many2many
DHFR2	DHFR	ortholog_many2many
WDR48		ortholog_one2one
AMY1C		ortholog_many2many
ANGEL2	ANGEL2	ortholog_one2one
DZIP3	DZIP3	ortholog_one2one
CHML		ortholog_one2many
TGFB2	TGFB2	ortholog_one2one
MYOC	MYOC	ortholog_one2one
PADI4	PADI4	ortholog_one2one
ZBTB20	ZBTB20	ortholog_one2one
MACF1	MACF1	ortholog_one2one
BTLA	BTLA	ortholog_one2one
STRIP1	STRIP1	ortholog_one2one
SUSD5	SUSD5	ortholog_one2one
CAV3	CAV3	ortholog_one2one
CCDC80	CCDC80	ortholog_one2one
SRSF4	SRSF4	ortholog_one2one
P4HTM	P4HTM	ortholog_one2one
EXOC6B	EXOC6B	ortholog_one2one
RFC4	RFC4	ortholog_one2one
POC1A	POC1A	ortholog_one2one
RMDN2	RMDN2	ortholog_one2one
IL1RAP	IL1RAP	ortholog_one2one
PTPRN	PTPRN	ortholog_one2one
CDK11B		ortholog_one2many
PAK2		ortholog_one2one
TBL1XR1	TBL1XR1	ortholog_one2one
TSN	TSN	ortholog_one2one
PPP3R1	PPP3R1	ortholog_one2one
RUFY4		ortholog_one2one
YIPF4	YIPF4	ortholog_one2one
TRAPPC12	TRAPPC12	ortholog_one2one
DNAI4		ortholog_one2one
ABCB11	ABCB11	ortholog_one2one
PROK2	PROK2	ortholog_one2one
EAF1	EAF1	ortholog_one2one
SPATA6	SPATA6	ortholog_one2one
CCNYL1	CCNYL1	ortholog_one2one
ZNF148	ZNF148	ortholog_one2one
DUSP28	DUSP28	ortholog_one2one
LRP1B	LRP1B	ortholog_one2one
SGPP2	SGPP2	ortholog_one2one
MFSD2B	MFSD2B	ortholog_one2one
CRACDL	CRACDL	ortholog_one2one
ETAA1	ETAA1	ortholog_one2one
SPRED2	SPRED2	ortholog_one2one
SRSF11	SRSF11	ortholog_one2one
MRPL53	MRPL53	ortholog_one2one
HADHB	HADHB	ortholog_one2one
TUSC2	TUSC2	ortholog_one2one
NMD3	NMD3	ortholog_one2one
PSMB4	PSMB4	ortholog_one2one
POLR2H		ortholog_one2many
POLR2H	POLR2H	ortholog_one2many
DYNC1LI1	DYNC1LI1	ortholog_one2one
HHAT	HHAT	ortholog_one2one
APCS	APCS	ortholog_one2one
PARP14	PARP14	ortholog_one2one
PEF1	PEF1	ortholog_one2one
SCHIP1	SCHIP1	ortholog_one2one
POLR3GL	POLR3GL	ortholog_one2one
IL12A	IL12A	ortholog_one2one
SPINK8	SPINK8	ortholog_one2one
EIF1B	EIF1B	ortholog_one2one
LRRC31	LRRC31	ortholog_one2one
CCDC50	CCDC50	ortholog_one2one
CD47	CD47	ortholog_one2one
FMO5	FMO5	ortholog_one2one
TOMM70	TOMM70	ortholog_one2one
RNF123	RNF123	ortholog_one2one
EIPR1	EIPR1	ortholog_one2one
USP39	USP39	ortholog_one2one
LRRC42	LRRC42	ortholog_one2one
SLC30A1	SLC30A1	ortholog_one2one
TRABD2A	TRABD2A	ortholog_one2one
GSTM1	GSTM1	ortholog_one2one
MYO1B	MYO1B	ortholog_one2one
CRNN	CRNN	ortholog_one2one
KLHL40	KLHL40	ortholog_one2one
NISCH	NISCH	ortholog_one2one
FCGR2B	FCGR2B	ortholog_many2many
FCGR2B		ortholog_many2many
ADORA3	ADORA3	ortholog_one2one
CD1B	CD1B	ortholog_one2one
CMPK1	CMPK1	ortholog_one2one
ERC2	ERC2	ortholog_one2one
C8B	C8B	ortholog_one2one
ATP13A4	ATP13A4	ortholog_one2one
CCDC71	CCDC71	ortholog_one2one
EPHA6		ortholog_one2one
ODF2L	ODF2L	ortholog_one2one
AZI2	AZI2	ortholog_one2one
SUPT7L	SUPT7L	ortholog_one2one
VILL	VILL	ortholog_one2one
RGS8	RGS8	ortholog_one2one
SFXN5	SFXN5	ortholog_one2one
TDRD5	TDRD5	ortholog_one2one
ANKRD45	ANKRD45	ortholog_one2one
C3orf18	C3orf18	ortholog_one2one
MAP3K6	MAP3K6	ortholog_one2one
IL1A	IL1A	ortholog_one2one
LRRC34		ortholog_one2one
CATSPERT	C2CD6	ortholog_one2one
SMCO1	SMCO1	ortholog_one2one
CD200R1	CD200R1	ortholog_many2many
CD200R1		ortholog_many2many
ZNF892	ZNF892	ortholog_one2one
TMF1	TMF1	ortholog_one2one
MERTK	MERTK	ortholog_one2one
TCEA3	TCEA3	ortholog_one2one
CFAP44	CFAP44	ortholog_one2one
DYNC2LI1	DYNC2LI1	ortholog_one2one
RPSA		ortholog_many2many
MINDY1	MINDY1	ortholog_one2one
REEP1	REEP1	ortholog_one2one
SEMA3F	SEMA3F	ortholog_one2one
ACOXL	ACOXL	ortholog_one2one
CD244	CD244	ortholog_one2one
IHO1	IHO1	ortholog_one2one
NDUFAF3	NDUFAF3	ortholog_one2one
UBR4		ortholog_one2many
PPM1L	PPM1L	ortholog_one2one
SULT6B1	SULT6B1	ortholog_one2one
CPN2	CPN2	ortholog_one2one
CIMIP5		ortholog_one2one
LHCGR	LHCGR	ortholog_one2one
PHF7	PHF7	ortholog_one2one
ATOH8	ATOH8	ortholog_one2one
ANKMY1	ANKMY1	ortholog_one2one
APEH	APEH	ortholog_one2one
BRINP2	BRINP2	ortholog_one2one
ACVR2A	ACVR2A	ortholog_one2one
ICA1L	ICA1L	ortholog_one2one
RHCE		ortholog_one2many
RNF13	RNF13	ortholog_one2one
CYP1B1	CYP1B1	ortholog_one2one
SNORC	SNORC	ortholog_one2one
PDCL3		ortholog_one2many
PDCL3	PDCL3	ortholog_one2many
RPL31		ortholog_one2one
GJA4	GJA4	ortholog_one2one
HYCC2	HYCC2	ortholog_one2one
NDUFS2	NDUFS2	ortholog_one2one
PRKCD	PRKCD	ortholog_one2one
TMEM167B	TMEM167B	ortholog_one2one
TSNAX	TSNAX	ortholog_one2many
TSNAX		ortholog_one2many
TMEFF2	TMEFF2	ortholog_one2one
ANTXR1	ANTXR1	ortholog_one2one
HESX1	HESX1	ortholog_one2one
PIK3R4	PIK3R4	ortholog_one2one
ADD2	ADD2	ortholog_one2one
PTPRF	PTPRF	ortholog_one2one
CEP70	CEP70	ortholog_one2one
IAH1	IAH1	ortholog_one2one
SCN1A	SCN1A	ortholog_one2one
PTAFR	PTAFR	ortholog_one2one
LYPD1	LYPD1	ortholog_one2one
MTIF2	MTIF2	ortholog_one2one
MYD88	MYD88	ortholog_one2one
WWTR1	WWTR1	ortholog_one2one
GPBP1L1	GPBP1L1	ortholog_one2many
GPBP1L1		ortholog_one2many
SLC12A8	SLC12A8	ortholog_one2one
PIGF	PIGF	ortholog_one2one
CCDC28B	CCDC28B	ortholog_one2one
LTF	LTF	ortholog_one2one
TRMT13	TRMT13	ortholog_one2one
SPEG	SPEG	ortholog_one2one
CALM2		ortholog_one2many
PLA1A	PLA1A	ortholog_one2one
DNASE1L3	DNASE1L3	ortholog_one2one
TBCE	TBCE	ortholog_one2one
EPB41L5	EPB41L5	ortholog_one2one
FBXO45	FBXO45	ortholog_one2one
RSRC1	RSRC1	ortholog_one2one
LNPK	LNPK	ortholog_one2one
CYB561D1	CYB561D1	ortholog_one2one
OR2B11		ortholog_one2one
SLC25A34	SLC25A34	ortholog_one2one
CNOT10	CNOT10	ortholog_one2one
TET3	TET3	ortholog_one2one
MANEAL	MANEAL	ortholog_one2one
HEATR5B	HEATR5B	ortholog_one2one
PRKCE	PRKCE	ortholog_one2one
CCT3	CCT3	ortholog_one2many
CCT3		ortholog_one2many
ITGAV	ITGAV	ortholog_one2one
ABCC5	ABCC5	ortholog_one2one
TRNAU1AP	TRNAU1AP	ortholog_one2one
FBXO28	FBXO28	ortholog_one2one
PSME4	PSME4	ortholog_one2one
SETDB1	SETDB1	ortholog_one2one
DIPK2A	DIPK2A	ortholog_one2one
LSM3	LSM3	ortholog_one2one
NKIRAS1	NKIRAS1	ortholog_one2one
APLF		ortholog_one2one
ZNF654	ZNF654	ortholog_one2one
TMEM40	TMEM40	ortholog_one2one
ILKAP	ILKAP	ortholog_one2one
ZBTB8OS		ortholog_one2many
ZBTB8OS	ZBTB8OS	ortholog_one2many
ARMC8	ARMC8	ortholog_one2one
MED18	MED18	ortholog_one2one
FAM72A	FAM72A	ortholog_one2many
PARD3B	PARD3B	ortholog_one2one
FMOD	FMOD	ortholog_one2one
DPH2	DPH2	ortholog_one2one
SEMA4F	SEMA4F	ortholog_one2one
MACO1	MACO1	ortholog_one2one
CIAO1	CIAO1	ortholog_one2one
TRIM11	TRIM11	ortholog_one2one
KDM3A	KDM3A	ortholog_one2one
WNT9A	WNT9A	ortholog_one2one
REG4	REG4	ortholog_one2one
RAB5A	RAB5A	ortholog_one2one
B4GALT4	B4GALT4	ortholog_one2one
ITGA6	ITGA6	ortholog_one2one
IFI44	IFI44	ortholog_one2one
VWC2L	VWC2L	ortholog_one2one
IQCJ	IQCJ	ortholog_one2one
IPP	IPP	ortholog_one2one
C3orf52	C3orf52	ortholog_one2one
ATXN7	ATXN7	ortholog_one2one
NUAK2	NUAK2	ortholog_one2one
PDK1	PDK1	ortholog_one2one
SLC6A20	SLC6A20	ortholog_one2one
MRPL47	MRPL47	ortholog_one2one
KHK	KHK	ortholog_one2one
MAPKAPK3	MAPKAPK3	ortholog_one2one
LGALS8	LGALS8	ortholog_one2one
TLX2	TLX2	ortholog_one2one
MRPL19		ortholog_one2many
MRPL19	MRPL19	ortholog_one2many
LPIN1	LPIN1	ortholog_one2one
ZIC1	ZIC1	ortholog_one2one
ANAPC13	ANAPC13	ortholog_one2one
TRAT1	TRAT1	ortholog_one2one
ST3GAL6	ST3GAL6	ortholog_one2one
RORC	RORC	ortholog_one2one
ATIC		ortholog_one2one
SERINC2	SERINC2	ortholog_one2one
FCRLB	FCRLB	ortholog_one2many
FCRLB		ortholog_one2many
SNRPE		ortholog_one2one
ANKRD39	ANKRD39	ortholog_one2one
ZFP36L2	ZFP36L2	ortholog_one2one
GDF7	GDF7	ortholog_one2one
IL1B	IL1B	ortholog_one2one
GLI2	GLI2	ortholog_one2one
PDE4DIP	PDE4DIP	ortholog_one2one
CPB1	CPB1	ortholog_one2one
ODC1		ortholog_one2many
ODC1	ODC1	ortholog_one2many
EMC3		ortholog_one2many
EMC3	EMC3	ortholog_one2many
TRPC1	TRPC1	ortholog_one2one
OGG1	OGG1	ortholog_one2one
ORC4	ORC4	ortholog_one2one
DFFB		ortholog_one2many
DLEC1	DLEC1	ortholog_one2one
PRG4	PRG4	ortholog_one2one
CCDC121	CCDC121	ortholog_one2one
TTC7A	TTC7A	ortholog_one2one
PARL	PARL	ortholog_one2one
ATP2B4	ATP2B4	ortholog_one2one
STAB1	STAB1	ortholog_one2one
LBR	LBR	ortholog_one2one
AGBL5	AGBL5	ortholog_one2one
CENPA	CENPA	ortholog_one2one
SLC30A3	SLC30A3	ortholog_one2one
SLC25A20	SLC25A20	ortholog_one2one
IL36RN	IL36RN	ortholog_one2one
TMEM63A	TMEM63A	ortholog_one2one
GRB14	GRB14	ortholog_one2one
RUBCN		ortholog_one2one
CPA3	CPA3	ortholog_one2one
EDAR	EDAR	ortholog_one2one
CAMP	CAMP	ortholog_one2one
TREX1	TREX1	ortholog_one2one
SUMF1	SUMF1	ortholog_one2one
MSH2	MSH2	ortholog_one2one
NEK4	NEK4	ortholog_one2one
TIE1	TIE1	ortholog_one2one
ZNF662	ZNF662	ortholog_one2one
SLC25A26	SLC25A26	ortholog_one2one
PIGK		ortholog_one2many
PIGK	PIGK	ortholog_one2many
HJURP	HJURP	ortholog_one2one
HSD3B2	HSD3B2	ortholog_one2many
KIF9	KIF9	ortholog_one2one
CUL3	CUL3	ortholog_one2one
RASSF5	RASSF5	ortholog_one2one
ADORA1	ADORA1	ortholog_one2one
SELP	SELP	ortholog_one2one
CFC1B		ortholog_one2many
TXNDC9	TXNDC9	ortholog_one2many
TXNDC9		ortholog_one2many
UROC1	UROC1	ortholog_one2one
HOXD10	HOXD10	ortholog_one2one
IL37	IL37	ortholog_one2one
MELTF	MELTF	ortholog_one2one
CIRSR	CIR1	ortholog_one2one
AKR1A1	AKR1A1	ortholog_one2one
FTCDNL1		ortholog_one2one
NR1I2	NR1I2	ortholog_one2one
AUP1	AUP1	ortholog_one2one
SHISA5	SHISA5	ortholog_one2one
CDC73		ortholog_one2many
CDC73	CDC73	ortholog_one2many
SNRK	SNRK	ortholog_one2one
MXRA8	MXRA8	ortholog_one2one
DCP1A	DCP1A	ortholog_one2one
SIX2	SIX2	ortholog_one2one
CAPN9	CAPN9	ortholog_one2one
MST1R	MST1R	ortholog_one2one
PKP1	PKP1	ortholog_one2one
PREPL	PREPL	ortholog_one2one
PEX11B	PEX11B	ortholog_one2one
CCR9	CCR9	ortholog_one2one
CNTN4	CNTN4	ortholog_one2one
RPS6KA1	RPS6KA1	ortholog_one2one
CEP63	CEP63	ortholog_one2one
C1orf174	C1orf174	ortholog_one2one
MBD5	MBD5	ortholog_one2one
EIF2B3	EIF2B3	ortholog_one2one
UQCC5	UQCC5	ortholog_one2one
RFX8	RFX8	ortholog_one2one
IL17RC	IL17RC	ortholog_one2one
ARID5A	ARID5A	ortholog_one2one
TRMT1L	TRMT1L	ortholog_one2one
IL1R2	IL1R2	ortholog_one2one
FNDC5	FNDC5	ortholog_one2one
UGP2	UGP2	ortholog_one2one
UQCRH		ortholog_one2many
SPRR2B		ortholog_one2many
TOMM40L	TOMM40L	ortholog_one2one
EIF2B4	EIF2B4	ortholog_one2one
CAPN2	CAPN2	ortholog_one2one
FPGT	FPGT	ortholog_one2one
GUK1	GUK1	ortholog_one2one
CMPK2	CMPK2	ortholog_one2one
SDC1	SDC1	ortholog_one2one
PFN4	PFN4	ortholog_one2one
ACSL3	ACSL3	ortholog_one2one
TBC1D5	TBC1D5	ortholog_one2one
ATP6V1B1	ATP6V1B1	ortholog_one2one
MTHFR	MTHFR	ortholog_one2one
LIMS2	LIMS2	ortholog_one2one
AGTRAP	AGTRAP	ortholog_one2one
SLC30A2	SLC30A2	ortholog_one2one
GMPS		ortholog_one2many
GMPS	GMPS	ortholog_one2many
CLASP2		ortholog_one2many
GNB1	GNB1	ortholog_one2one
RBM45	RBM45	ortholog_one2one
DHRS9	DHRS9	ortholog_one2one
TRIM43		ortholog_many2many
MYT1L	MYT1L	ortholog_one2one
SLC2A2	SLC2A2	ortholog_one2one
ACKR4	ACKR4	ortholog_one2one
THUMPD3	THUMPD3	ortholog_one2one
WDR12		ortholog_one2many
WDR12	WDR12	ortholog_one2many
ACTA1	ACTA1	ortholog_one2one
LRP2	LRP2	ortholog_one2one
MTF1	MTF1	ortholog_one2one
NPHP4	NPHP4	ortholog_one2one
SMIM12		ortholog_one2many
SLC2A5	SLC2A5	ortholog_one2one
TTC22	TTC22	ortholog_one2one
DHRS3	DHRS3	ortholog_one2one
EML4	EML4	ortholog_one2one
ENAH	ENAH	ortholog_one2one
HMGN2	HMGN2	ortholog_one2many
CCDC142	CCDC142	ortholog_one2one
TRIM62	TRIM62	ortholog_one2one
EFEMP1	EFEMP1	ortholog_one2one
FYB2	FYB2	ortholog_one2one
RIIAD1	RIIAD1	ortholog_one2one
MFSD2A	MFSD2A	ortholog_one2one
PTPN18	PTPN18	ortholog_one2one
AVPR1B	AVPR1B	ortholog_one2one
SLAMF8	SLAMF8	ortholog_one2one
ARID1A	ARID1A	ortholog_one2one
YPEL5		ortholog_one2many
YPEL5	YPEL5	ortholog_one2many
MATN3	MATN3	ortholog_one2one
TMEM131	TMEM131	ortholog_one2one
NME7	NME7	ortholog_one2one
SLC9A2	SLC9A2	ortholog_one2one
OR6B3		ortholog_many2many
PID1	PID1	ortholog_one2one
PKN2	PKN2	ortholog_one2one
SUCLG1	SUCLG1	ortholog_one2one
CTDSP1	CTDSP1	ortholog_one2one
MORN1	MORN1	ortholog_one2one
MFF		ortholog_one2many
MFF	MFF	ortholog_one2many
CACHD1	CACHD1	ortholog_one2one
RD3	RD3	ortholog_one2one
C1orf232	C1orf232	ortholog_one2one
DUSP23	DUSP23	ortholog_one2one
PRRC2C	PRRC2C	ortholog_one2one
PUSL1	PUSL1	ortholog_one2one
VASH2	VASH2	ortholog_one2one
C1orf122	C1orf122	ortholog_one2one
CYB5R1	CYB5R1	ortholog_one2one
LYPD8	LYPD8	ortholog_one2one
IL24	IL24	ortholog_one2one
STK36	STK36	ortholog_one2one
KIFAP3	KIFAP3	ortholog_one2one
VPS54	VPS54	ortholog_one2one
FBXO44	FBXO44	ortholog_one2one
PRKRA	PRKRA	ortholog_one2one
DPT	DPT	ortholog_one2one
QSOX1	QSOX1	ortholog_one2one
HPCAL1	HPCAL1	ortholog_one2one
TSTD1	TSTD1	ortholog_one2one
ADSS2	ADSS2	ortholog_one2one
MRPL24	MRPL24	ortholog_one2one
DNAJB2	DNAJB2	ortholog_one2one
TAS1R3	TAS1R3	ortholog_one2one
TMEM234	TMEM234	ortholog_one2one
PMS1	PMS1	ortholog_one2one
CD164L2	CD164L2	ortholog_one2one
RNF115	RNF115	ortholog_one2one
TXNIP	TXNIP	ortholog_one2one
RUSC1	RUSC1	ortholog_one2one
MEGF6	MEGF6	ortholog_one2one
SYT11	SYT11	ortholog_one2one
BRDT	BRDT	ortholog_one2one
RAB11FIP5	RAB11FIP5	ortholog_one2one
GMEB1	GMEB1	ortholog_one2one
ALK	ALK	ortholog_one2one
ZC3H12A	ZC3H12A	ortholog_one2one
MASP2	MASP2	ortholog_one2one
FABP1	FABP1	ortholog_one2one
PPM1G	PPM1G	ortholog_one2one
TNNT2	TNNT2	ortholog_one2one
SNED1	SNED1	ortholog_one2one
CENPO	CENPO	ortholog_one2one
NXPH2	NXPH2	ortholog_one2one
MYO3B	MYO3B	ortholog_one2one
HNRNPR	HNRNPR	ortholog_one2one
SPDYA	SPDYA	ortholog_one2one
SH3BGRL3	SH3BGRL3	ortholog_one2one
SPATS2L	SPATS2L	ortholog_one2one
TRAF3IP3	TRAF3IP3	ortholog_one2one
SELE	SELE	ortholog_one2one
PRAMEF10		ortholog_one2many
CHIT1	CHIT1	ortholog_one2one
PIK3C2B	PIK3C2B	ortholog_one2one
TDRKH		ortholog_one2many
TDRKH	TDRKH	ortholog_one2many
MIA3	MIA3	ortholog_one2one
ELOA	ELOA	ortholog_one2one
KLHDC9	KLHDC9	ortholog_one2one
MAP3K21	MAP3K21	ortholog_one2one
TRPM8	TRPM8	ortholog_one2one
SPR	SPR	ortholog_one2one
MEF2D	MEF2D	ortholog_one2one
FAP	FAP	ortholog_one2one
FAM178B	FAM178B	ortholog_one2one
ACADL	ACADL	ortholog_one2one
FMO4	FMO4	ortholog_one2one
EPC2	EPC2	ortholog_one2one
TPO	TPO	ortholog_one2one
PROM2	PROM2	ortholog_one2one
TBR1	TBR1	ortholog_one2one
ECEL1	ECEL1	ortholog_one2one
CDK18	CDK18	ortholog_one2one
ANKRD23	ANKRD23	ortholog_one2one
INSIG2	INSIG2	ortholog_one2one
GCFC2	GCFC2	ortholog_one2one
DAB1	DAB1	ortholog_one2one
HOXD1	HOXD1	ortholog_one2one
ERBB4	ERBB4	ortholog_one2one
R3HDM1		ortholog_one2many
R3HDM1	R3HDM1	ortholog_one2many
SGIP1	SGIP1	ortholog_one2one
TYW5	TYW5	ortholog_one2one
LRIF1	LRIF1	ortholog_one2one
UROD	UROD	ortholog_one2one
RABL2A	RABL2B	ortholog_one2many
KDF1	KDF1	ortholog_one2one
CARF	CARF	ortholog_one2one
DIO1	DIO1	ortholog_one2one
NR0B2	NR0B2	ortholog_one2one
TNNI1	TNNI1	ortholog_one2one
DENND4B	DENND4B	ortholog_one2one
RALB	RALB	ortholog_one2one
FMO2	FMO2	ortholog_one2one
FAM110C	FAM110C	ortholog_one2one
CD8B	CD8B	ortholog_one2many
RNF220	RNF220	ortholog_one2one
IKZF2	IKZF2	ortholog_one2one
KCNQ4	KCNQ4	ortholog_one2one
SNRNP200	SNRNP200	ortholog_one2one
PHACTR4	PHACTR4	ortholog_one2one
DNAJC6	DNAJC6	ortholog_one2one
IQGAP3	IQGAP3	ortholog_one2one
CKAP2L	CKAP2L	ortholog_one2one
ZNF496	ZNF496	ortholog_one2one
MAL	MAL	ortholog_one2one
IMP4	IMP4	ortholog_one2one
GNG12	GNG12	ortholog_one2one
SCRN3	SCRN3	ortholog_one2one
SLC44A3	SLC44A3	ortholog_one2one
FMNL2	FMNL2	ortholog_one2one
RGS7	RGS7	ortholog_one2one
GALNT3	GALNT3	ortholog_one2one
COLGALT2	COLGALT2	ortholog_one2one
CXCR4	CXCR4	ortholog_one2one
GPR75	GPR75	ortholog_one2one
REG3G	REG3G	ortholog_many2many
REG3G		ortholog_many2many
HECTD3	HECTD3	ortholog_one2one
MEIS1	MEIS1	ortholog_one2one
HOXD4	HOXD4	ortholog_one2one
TNS1	TNS1	ortholog_one2one
RBBP5	RBBP5	ortholog_one2one
AKIRIN1	AKIRIN1	ortholog_one2one
RABIF	RABIF	ortholog_one2one
CDC42	CDC42	ortholog_one2one
TRAF3IP1	TRAF3IP1	ortholog_one2one
LZIC	LZIC	ortholog_one2one
OR2L13		ortholog_one2many
NDUFB3	NDUFB3	ortholog_one2one
CD58	CD58	ortholog_one2one
TUBA4A	TUBA4A	ortholog_one2one
OTUD3	OTUD3	ortholog_one2one
WDR77	WDR77	ortholog_one2one
NEB	NEB	ortholog_one2one
EFHD2	EFHD2	ortholog_one2one
HES5	HES5	ortholog_one2one
EPS15	EPS15	ortholog_one2one
VSNL1	VSNL1	ortholog_one2one
KCNT2	KCNT2	ortholog_one2one
SRD5A2	SRD5A2	ortholog_one2one
ST3GAL5	ST3GAL5	ortholog_one2one
MPZ	MPZ	ortholog_one2one
EDEM3	EDEM3	ortholog_one2one
IHH	IHH	ortholog_one2one
TGFA	TGFA	ortholog_one2one
CASP8	CASP8	ortholog_one2one
GALNT2	GALNT2	ortholog_one2one
CADM3	CADM3	ortholog_one2one
MR1	MR1	ortholog_one2one
MROH2A	MROH2A	ortholog_one2one
NEMP2	NEMP2	ortholog_one2one
SCN9A	SCN9A	ortholog_one2one
MFN2	MFN2	ortholog_one2one
ITM2C	ITM2C	ortholog_one2one
CRIM1	CRIM1	ortholog_one2one
KLF7	KLF7	ortholog_one2one
ECRG4	ECRG4	ortholog_one2one
INO80D	INO80D	ortholog_one2one
HS1BP3	HS1BP3	ortholog_one2one
POMC	POMC	ortholog_one2one
FHL2	FHL2	ortholog_one2one
PANK4	PANK4	ortholog_one2one
LHX4	LHX4	ortholog_one2one
GNG4	GNG4	ortholog_one2one
ZBTB8B	ZBTB8B	ortholog_one2one
EFNA4	EFNA4	ortholog_one2one
NID1	NID1	ortholog_one2one
DPP10	DPP10	ortholog_one2one
CLCN6	CLCN6	ortholog_one2one
SPTBN1	SPTBN1	ortholog_one2one
PIGC		ortholog_one2many
PIGC	PIGC	ortholog_one2many
PRUNE1	PRUNE1	ortholog_one2one
UBXN11	UBXN11	ortholog_one2one
SLC8A1	SLC8A1	ortholog_one2one
CD8A	CD8A	ortholog_one2one
OSGEPL1	OSGEPL1	ortholog_one2many
OSGEPL1		ortholog_one2many
PDZK1IP1	PDZK1IP1	ortholog_one2one
ATPAF1	ATPAF1	ortholog_one2one
SCN7A	SCN7A	ortholog_one2one
POLR1A	POLR1A	ortholog_one2one
CRTC2	CRTC2	ortholog_one2one
STK16	STK16	ortholog_one2one
USP34	USP34	ortholog_one2one
MAD2L2	MAD2L2	ortholog_one2one
AP1S3	AP1S3	ortholog_one2one
SOCS5	SOCS5	ortholog_one2one
PPIG	PPIG	ortholog_one2one
ZBTB7B	ZBTB7B	ortholog_one2one
E2F6	E2F6	ortholog_one2one
DISC1	DISC1	ortholog_one2one
EHBP1	EHBP1	ortholog_one2one
LYG1	LYG1	ortholog_one2one
RNPEPL1	RNPEPL1	ortholog_one2one
XCL1	XCL1	ortholog_one2many
LAX1	LAX1	ortholog_one2one
SYDE2	SYDE2	ortholog_one2one
RCAN3	RCAN3	ortholog_one2one
NOTO	NOTO	ortholog_one2one
HSPD1	HSPD1	ortholog_one2one
C1orf87	C1orf87	ortholog_one2one
DEGS1	DEGS1	ortholog_one2one
VPS45	VPS45	ortholog_one2one
PDCD1	PDCD1	ortholog_one2one
NEURL3	NEURL3	ortholog_one2one
SPEGNB	SPEGNB	ortholog_one2one
RRM2		ortholog_one2many
F5	F5	ortholog_one2one
FAM161A	FAM161A	ortholog_one2one
AK4	AK4	ortholog_one2many
NGEF	NGEF	ortholog_one2one
TEX35	TEX35	ortholog_one2one
CAMTA1	CAMTA1	ortholog_one2one
DNAJC11	DNAJC11	ortholog_one2one
BROX	BROX	ortholog_one2one
MOGS	MOGS	ortholog_one2one
IL18R1	IL18R1	ortholog_one2one
SELENON		ortholog_one2many
BOK	BOK	ortholog_one2one
OMA1	OMA1	ortholog_one2one
ARHGEF33	ARHGEF33	ortholog_one2one
CYS1	CYS1	ortholog_one2one
GKN2	GKN2	ortholog_one2one
KCNJ3	KCNJ3	ortholog_one2one
ERLEC1	ERLEC1	ortholog_one2one
GBA1	GBA1	ortholog_one2one
FNDC4	FNDC4	ortholog_one2one
SCTR	SCTR	ortholog_one2one
TAS1R1	TAS1R1	ortholog_one2one
EFR3B	EFR3B	ortholog_one2one
AIM2	AIM2	ortholog_one2one
ATG4C	ATG4C	ortholog_one2one
SH3YL1	SH3YL1	ortholog_one2one
RPE		ortholog_one2many
TXLNA	TXLNA	ortholog_one2one
DUSP11	DUSP11	ortholog_one2one
ABHD1	ABHD1	ortholog_one2one
BIRC6	BIRC6	ortholog_one2one
NRDC	NRDC	ortholog_one2one
CTLA4	CTLA4	ortholog_one2one
NRP2	NRP2	ortholog_one2one
CERKL	CERKL	ortholog_one2one
SSB		ortholog_one2one
FAM228B	FAM228B	ortholog_one2one
ARHGAP15	ARHGAP15	ortholog_one2one
CAD	CAD	ortholog_one2one
MORN2	MORN2	ortholog_one2one
RBMS1	RBMS1	ortholog_one2one
SP110	SP110	ortholog_one2one
CA14	CA14	ortholog_one2one
C1orf53	C1orf53	ortholog_one2one
ZNF691	ZNF691	ortholog_one2one
DESI2	DESI2	ortholog_one2one
LPGAT1	LPGAT1	ortholog_one2one
CDK15	CDK15	ortholog_one2one
MYCL	MYCL	ortholog_one2one
SLC27A3	SLC27A3	ortholog_one2one
ATF2	ATF2	ortholog_one2one
CD34	CD34	ortholog_one2one
PSRC1	PSRC1	ortholog_one2one
CLK2	CLK2	ortholog_one2one
MUL1	MUL1	ortholog_one2one
LMO4	LMO4	ortholog_one2one
UCHL5	UCHL5	ortholog_one2one
TNFRSF8	TNFRSF8	ortholog_one2one
CAMK1G	CAMK1G	ortholog_one2one
PLA2G2C	PLA2G2C	ortholog_one2one
MPHOSPH10	MPHOSPH10	ortholog_one2one
HP1BP3		ortholog_one2many
HP1BP3	HP1BP3	ortholog_one2many
WDCP	WDCP	ortholog_one2one
ANKAR	ANKAR	ortholog_one2one
PPIL3	PPIL3	ortholog_one2one
SASS6	SASS6	ortholog_one2one
SF3B4	SF3B4	ortholog_one2one
ISG20L2	ISG20L2	ortholog_one2one
WNT3A	WNT3A	ortholog_one2one
SH3RF3	SH3RF3	ortholog_one2one
PAX3	PAX3	ortholog_one2one
HNRNPU	HNRNPU	ortholog_one2one
FRZB	FRZB	ortholog_one2one
LRPPRC	LRPPRC	ortholog_one2one
TMEM35B	TMEM35B	ortholog_one2one
LMX1A	LMX1A	ortholog_one2one
C2orf81	C2orf81	ortholog_one2one
UBXN4	UBXN4	ortholog_one2one
GPSM2	GPSM2	ortholog_one2one
EFHD1	EFHD1	ortholog_one2one
HOXD13	HOXD13	ortholog_one2one
KLHL29	KLHL29	ortholog_one2one
PLEKHH2	PLEKHH2	ortholog_one2one
GLMP	GLMP	ortholog_one2one
HIBCH	HIBCH	ortholog_one2one
CLCNKB	CLCNKA	ortholog_one2many
C2orf15	C2orf15	ortholog_one2one
FKBP1B	FKBP1B	ortholog_one2one
SHC1	SHC1	ortholog_one2one
RASGRP3	RASGRP3	ortholog_one2one
PSMD14	PSMD14	ortholog_one2one
MRPL35	MRPL35	ortholog_one2one
PINK1	PINK1	ortholog_one2one
CCL20	CCL20	ortholog_one2one
RNF144A	RNF144A	ortholog_one2one
SRM	SRM	ortholog_one2one
MAB21L4	MAB21L4	ortholog_one2one
MNDA	MNDA	ortholog_one2one
CCDC88A	CCDC88A	ortholog_one2one
PRCC	PRCC	ortholog_one2one
C1orf226	C2H1orf226	ortholog_one2one
CACYBP		ortholog_one2one
AGRN	AGRN	ortholog_one2one
RHOU	RHOU	ortholog_one2one
HTR6	HTR6	ortholog_one2one
GBP5	GBP5	ortholog_one2one
CRYBG2	CRYBG2	ortholog_one2one
TDRD10	TDRD10	ortholog_one2one
RWDD3	RWDD3	ortholog_one2one
PHTF1	PHTF1	ortholog_one2one
ARHGAP25	ARHGAP25	ortholog_one2one
CEBPZ	CEBPZ	ortholog_one2one
LCT	LCT	ortholog_one2one
TNFRSF18	TNFRSF18	ortholog_one2one
SLC39A10	SLC39A10	ortholog_one2one
PHLDA3	PHLDA3	ortholog_one2one
MAGI3	MAGI3	ortholog_one2one
GORAB	GORAB	ortholog_one2one
RASAL2	RASAL2	ortholog_one2one
SLC20A1	SLC20A1	ortholog_one2one
MARK1	MARK1	ortholog_one2one
RNF103	RNF103	ortholog_one2one
ROCK2	ROCK2	ortholog_one2one
ARL8A	ARL8A	ortholog_one2one
PRDX1	PRDX1	ortholog_one2one
FAM98A		ortholog_one2many
CNIH4	CNIH4	ortholog_one2one
RAB10	RAB10	ortholog_one2one
MBOAT2	MBOAT2	ortholog_one2one
EIF2D	EIF2D	ortholog_one2one
NPPC	NPPC	ortholog_one2one
FAM237A	FAM237A	ortholog_one2one
ARL5A		ortholog_one2one
CPTP	CPTP	ortholog_one2one
MAP2	MAP2	ortholog_one2one
CZIB	CZIB	ortholog_one2one
FCGR2A	FCGR2B	ortholog_many2many
FCGR2A		ortholog_many2many
ABCB10	ABCB10	ortholog_one2one
DOCK7	DOCK7	ortholog_one2one
SLC38A11	SLC38A11	ortholog_one2one
HAT1	HAT1	ortholog_one2one
DCTN1	DCTN1	ortholog_one2one
WARS2	WARS2	ortholog_one2one
FAM228A	FAM228A	ortholog_one2one
GALNT13	GALNT13	ortholog_one2one
LYST	LYST	ortholog_one2one
RAPH1	RAPH1	ortholog_one2one
ODR4	ODR4	ortholog_one2one
FBXO11	FBXO11	ortholog_one2one
BUB1	BUB1	ortholog_one2one
UBAP2L	UBAP2L	ortholog_one2one
ITGB6	ITGB6	ortholog_one2one
SLC67A2	MFSD9	ortholog_one2one
CASP10	CASP10	ortholog_one2one
ORMDL1	ORMDL1	ortholog_one2one
CPSF3	CPSF3	ortholog_one2one
NCKAP1	NCKAP1	ortholog_one2one
PLXNA2	PLXNA2	ortholog_one2one
IGSF21	IGSF21	ortholog_one2one
DRC8	EFCAB2	ortholog_one2one
CNN3	CNN3	ortholog_one2one
TCF7L1	TCF7L1	ortholog_one2one
FBXO36	FBXO36	ortholog_one2one
EPHA2	EPHA2	ortholog_one2one
SMC6	SMC6	ortholog_one2one
HSD3B1	HSD3B2	ortholog_one2many
CEP104	CEP104	ortholog_one2one
NIF3L1		ortholog_one2many
NIF3L1	NIF3L1	ortholog_one2many
PARK7		ortholog_one2many
PARK7	PARK7	ortholog_one2many
QTMAN	GTDC1	ortholog_one2one
TENT5B	TENT5B	ortholog_one2one
INKA2	INKA2	ortholog_one2one
KHDC4	KHDC4	ortholog_one2one
MRPL55	MRPL55	ortholog_one2one
VIT	VIT	ortholog_one2one
SULT1C3	SULT1C3	ortholog_one2one
GEN1	GEN1	ortholog_one2one
HS6ST1	HS6ST1	ortholog_one2one
NOP58		ortholog_one2many
NOP58	NOP58	ortholog_one2many
CELF3	CELF3	ortholog_one2one
GUCA2A	GUCA2A	ortholog_one2one
TAF5L	TAF5L	ortholog_one2one
WDR54	WDR54	ortholog_one2one
GPA33	GPA33	ortholog_one2one
GPATCH2	GPATCH2	ortholog_one2one
RGS16	RGS16	ortholog_one2one
CLK1	CLK1	ortholog_one2one
MZT2B	MZT2B	ortholog_one2many
CFHR1	CFHR1	ortholog_one2many
VRK2	VRK2	ortholog_one2one
DCLRE1B	DCLRE1B	ortholog_one2one
PIGV	PIGV	ortholog_one2one
GSTM4	GSTM4	ortholog_one2one
SLC39A1	SLC39A1	ortholog_one2many
SLC39A1		ortholog_one2many
GLMN	GLMN	ortholog_one2one
PABPC4		ortholog_one2many
PABPC4	PABPC4	ortholog_one2many
DRC1	DRC1	ortholog_one2one
VAX2	VAX2	ortholog_one2one
PIKFYVE	PIKFYVE	ortholog_one2one
AMY1B		ortholog_many2many
PLA2G2D	PLA2G2D	ortholog_one2one
MMACHC	MMACHC	ortholog_one2one
PATJ	PATJ	ortholog_one2one
INHBB	INHBB	ortholog_one2one
PTPN4	PTPN4	ortholog_one2one
UCK2	UCK2	ortholog_one2one
CAPZA1	CAPZA1	ortholog_one2one
ELMOD3	ELMOD3	ortholog_one2one
RNF2	RNF2	ortholog_one2one
PEX19	PEX19	ortholog_one2one
LIX1L	LIX1L	ortholog_one2one
CHI3L1	CHI3L1	ortholog_one2one
DISP1	DISP1	ortholog_one2one
ZBTB48	ZBTB48	ortholog_one2one
MMEL1		ortholog_one2many
UXS1	UXS1	ortholog_one2one
ZYG11B	ZYG11B	ortholog_one2one
RGS13	RGS13	ortholog_one2one
MRPL20	MRPL20	ortholog_one2one
PEX13	PEX13	ortholog_one2one
ABCA4	ABCA4	ortholog_one2one
COX5B	COX5B	ortholog_one2one
ATG4B	ATG4B	ortholog_one2one
PAX7	PAX7	ortholog_one2one
CPLANE2	CPLANE2	ortholog_one2one
MTR	MTR	ortholog_one2one
MAEL	MAEL	ortholog_one2one
HLX	HLX	ortholog_one2one
B3GALT2	B3GALT2	ortholog_one2one
EYA3	EYA3	ortholog_one2one
WNT10A	WNT10A	ortholog_one2one
TRMT61B	TRMT61B	ortholog_one2one
PER3		ortholog_one2one
CRYBA2	CRYBA2	ortholog_one2one
COL6A3		ortholog_one2one
HORMAD1	HORMAD1	ortholog_one2one
DARS2	DARS2	ortholog_one2one
WDR64	WDR64	ortholog_one2one
REG1A	REG1A	ortholog_one2many
REG1A		ortholog_one2many
DCAF8	DCAF8	ortholog_one2one
D2HGDH	D2HGDH	ortholog_one2one
B3GNT7	B3GNT7	ortholog_one2one
CNNM4	CNNM4	ortholog_one2one
RFTN2	RFTN2	ortholog_one2one
EIF4E2	EIF4E2	ortholog_one2one
PAIP2B	PAIP2B	ortholog_one2one
ABCD3	ABCD3	ortholog_one2one
CD8B2	CD8B	ortholog_one2many
SLC4A10	SLC4A10	ortholog_one2one
RNASEL	RNASEL	ortholog_one2one
FOSL2	FOSL2	ortholog_one2one
C1orf141	C1orf141	ortholog_one2one
NABP1	NABP1	ortholog_one2one
TAF13		ortholog_one2one
AMPD2	AMPD2	ortholog_one2one
ERCC3	ERCC3	ortholog_one2one
ETNK2	ETNK2	ortholog_one2one
SLC35E2B	SLC35E2B	ortholog_one2one
LRRC39	LRRC39	ortholog_one2one
TRIM67	TRIM67	ortholog_one2one
AAMP	AAMP	ortholog_one2one
EPHB2	EPHB2	ortholog_one2one
ZSCAN20	ZSCAN20	ortholog_one2one
ARHGEF19	ARHGEF19	ortholog_one2one
ZBTB17	ZBTB17	ortholog_one2one
TTC27	TTC27	ortholog_one2one
INPP1	INPP1	ortholog_one2one
WDR47	WDR47	ortholog_one2one
CIMIP2C	CIMIP2C	ortholog_one2one
ALPL	ALPL	ortholog_one2one
UNC80	UNC80	ortholog_one2one
SH3BP4	SH3BP4	ortholog_one2one
MMADHC	MMADHC	ortholog_one2one
NIT1	NIT1	ortholog_one2one
FAM151A	FAM151A	ortholog_one2one
CD160	CD160	ortholog_one2one
PRKAG3	PRKAG3	ortholog_one2one
CCDC17	CCDC17	ortholog_one2one
ZAP70	ZAP70	ortholog_one2one
KYAT3	KYAT3	ortholog_one2one
MTERF4	MTERF4	ortholog_one2one
GYPC	GYPC	ortholog_one2one
CHMP3		ortholog_one2many
NFASC	NFASC	ortholog_one2one
HES6	HES6	ortholog_one2one
HSD17B7	HSD17B7	ortholog_one2one
COPS8	COPS8	ortholog_one2many
COPS8		ortholog_one2many
SEC16B	SEC16B	ortholog_one2one
LY75	LY75	ortholog_one2one
FHL3	FHL3	ortholog_one2one
COPS9	COPS9	ortholog_one2one
ACVR1	ACVR1	ortholog_one2one
TMEM39B	TMEM39B	ortholog_one2one
AGMAT	AGMAT	ortholog_one2one
GCLM	GCLM	ortholog_one2one
MSTO1	MSTO1	ortholog_one2one
AGAP1	AGAP1	ortholog_one2one
NAGK	NAGK	ortholog_one2one
TNNI3K	TNNI3K	ortholog_one2one
EML6	EML6	ortholog_one2one
MGAT5	MGAT5	ortholog_one2one
KLHL23	KLHL23	ortholog_one2one
CEBPZOS	CEBPZOS	ortholog_one2one
HEYL	HEYL	ortholog_one2one
POGZ	POGZ	ortholog_one2one
STAT1	STAT1	ortholog_one2one
DNAJC8	DNAJC8	ortholog_one2one
BCL2L15	BCL2L15	ortholog_one2one
FNDC7	FNDC7	ortholog_one2one
PHC2	PHC2	ortholog_one2one
ACBD3	ACBD3	ortholog_one2one
MMP23B	MMP23B	ortholog_one2one
MAPKAPK2	MAPKAPK2	ortholog_one2one
YY1AP1	GON4L	ortholog_one2many
WBP1	WBP1	ortholog_one2one
TCF23	TCF23	ortholog_one2one
FAHD2A	FAHD2A	ortholog_one2one
SEMA4C	SEMA4C	ortholog_one2one
CD207	CD207	ortholog_one2one
IL1RL1	IL1RL1	ortholog_one2one
SMAP2	SMAP2	ortholog_one2one
ACTR3	ACTR3	ortholog_one2many
ACTR3		ortholog_one2many
PLPPR5	PLPPR5	ortholog_one2one
FAM72D	FAM72A	ortholog_one2many
CHD1L	CHD1L	ortholog_one2one
KYNU		ortholog_one2many
ST6GAL2	ST6GAL2	ortholog_one2one
NYAP2	NYAP2	ortholog_one2one
CNRIP1	CNRIP1	ortholog_one2one
CDC42EP3	CDC42EP3	ortholog_one2one
CIB4	CIB4	ortholog_one2one
SLC4A1AP	SLC4A1AP	ortholog_one2one
SLC16A14	SLC16A14	ortholog_one2one
MOB4		ortholog_one2one
OTOF	OTOF	ortholog_one2one
IVNS1ABP	IVNS1ABP	ortholog_one2one
DRC11	IQCA1	ortholog_one2one
CNTNAP5	CNTNAP5	ortholog_one2one
STPG4	STPG4	ortholog_one2one
EPHX1	EPHX1	ortholog_one2one
BMPR2	BMPR2	ortholog_one2one
SLC9A4	SLC9A4	ortholog_one2one
TANC1	TANC1	ortholog_one2one
PPP1R1C	PPP1R1C	ortholog_one2one
SLC35F6	SLC35F6	ortholog_one2one
EIF4G3	EIF4G3	ortholog_one2one
PRADC1	PRADC1	ortholog_one2one
RHOQ	RHOQ	ortholog_one2one
LBH	LBH	ortholog_one2one
C2orf72	C2orf72	ortholog_one2one
POLR1B	POLR1B	ortholog_one2one
USP37	USP37	ortholog_one2one
S100A9	S100A9	ortholog_one2one
PBX1	PBX1	ortholog_one2one
ADAMTSL4	ADAMTSL4	ortholog_one2one
ZMPSTE24	ZMPSTE24	ortholog_one2one
MIB2	MIB2	ortholog_one2one
SLC5A6	SLC5A6	ortholog_one2one
C1D	C1D	ortholog_one2one
CFLAR	CFLAR	ortholog_one2one
CCDC138	CCDC138	ortholog_one2one
STAT4	STAT4	ortholog_one2one
DLX2	DLX2	ortholog_one2one
PAX8	PAX8	ortholog_one2one
TIMM17A		ortholog_one2many
TIMM17A	TIMM17A	ortholog_one2many
ZNF593OS	ZNF593OS	ortholog_one2one
S100A12	S100A12	ortholog_one2one
TNFRSF9	TNFRSF9	ortholog_one2one
ZMYM1	ZMYM1	ortholog_one2one
DIS3L2	DIS3L2	ortholog_one2one
ASH1L	ASH1L	ortholog_one2one
TRIB2	TRIB2	ortholog_one2one
SLC3A1	SLC3A1	ortholog_one2one
TTC4	TTC4	ortholog_one2one
MRPS14	MRPS14	ortholog_one2one
CREG1	CREG1	ortholog_one2one
RALGPS2	RALGPS2	ortholog_one2one
CPS1	CPS1	ortholog_one2one
ATF6	ATF6	ortholog_one2one
TOMM20	TOMM20	ortholog_one2one
TMEM52	TMEM52	ortholog_one2one
PRDM2	PRDM2	ortholog_one2one
HIVEP3	HIVEP3	ortholog_one2one
KLHL17	KLHL17	ortholog_one2one
NEK2	NEK2	ortholog_one2one
SDC3	SDC3	ortholog_one2one
CHRNB2	CHRNB2	ortholog_one2one
CYB5RL	CYB5RL	ortholog_one2one
APH1A	APH1A	ortholog_one2one
RNPEP	RNPEP	ortholog_one2one
BCL10	BCL10	ortholog_one2one
FAM131C	FAM131C	ortholog_one2one
REG3A	REG3G	ortholog_many2many
REG3A		ortholog_many2many
IL23R	IL23R	ortholog_one2one
B3GALT1	B3GALT1	ortholog_one2one
LOXL3	LOXL3	ortholog_one2one
PBXIP1	PBXIP1	ortholog_one2one
USP1	USP1	ortholog_one2one
SF3B6	SF3B6	ortholog_one2one
PRAMEF13		ortholog_one2many
GTF3C3	GTF3C3	ortholog_one2one
FBLIM1	FBLIM1	ortholog_one2one
DNER	DNER	ortholog_one2one
SSR2	SSR2	ortholog_one2one
FZD5	FZD5	ortholog_one2one
NDUFAF7	NDUFAF7	ortholog_one2one
SPAG17	SPAG17	ortholog_one2one
CDA	CDA	ortholog_one2one
GCA	GCA	ortholog_one2one
EVA1B	EVA1B	ortholog_one2one
VWA1	VWA1	ortholog_one2one
FCN3	FCN3	ortholog_one2one
RMND5A	RMND5A	ortholog_one2one
INTS11	INTS11	ortholog_one2one
XRCC5	XRCC5	ortholog_one2one
GCG	GCG	ortholog_one2one
LRRTM1	LRRTM1	ortholog_one2one
SIX3	SIX3	ortholog_one2one
IL1R1	IL1R1	ortholog_one2one
KCNK12	KCNK12	ortholog_one2one
CCDC74A	CCDC74B	ortholog_one2many
KCTD3	KCTD3	ortholog_one2one
IWS1	IWS1	ortholog_one2one
C1orf35	C1orf35	ortholog_one2one
NCAPH	NCAPH	ortholog_one2one
TYW3	TYW3	ortholog_one2one
NVL	NVL	ortholog_one2one
CCDC74B	CCDC74B	ortholog_one2many
SYT14	SYT14	ortholog_one2one
RAB17	RAB17	ortholog_one2one
PDE4B	PDE4B	ortholog_one2one
C1orf56	C1orf56	ortholog_one2one
RIMKLA	RIMKLA	ortholog_one2one
HOOK1	HOOK1	ortholog_one2one
GCC2	GCC2	ortholog_one2one
ARTN	ARTN	ortholog_one2one
THAP3	THAP3	ortholog_one2one
CNOT11	CNOT11	ortholog_one2one
LAMTOR5		ortholog_one2one
NDUFS5	NDUFS5	ortholog_one2one
MAP3K20	MAP3K20	ortholog_one2one
CFHR2	CFHR1	ortholog_one2many
CERS2	CERS2	ortholog_one2one
DARS1	DARS1	ortholog_one2one
CHRM3	CHRM3	ortholog_one2one
SPATA46	SPATA46	ortholog_one2one
MAST2	MAST2	ortholog_one2one
METTL5	METTL5	ortholog_one2one
COL3A1	COL3A1	ortholog_one2one
PAPPA2	PAPPA2	ortholog_one2one
NPR1	NPR1	ortholog_one2one
STON1	STON1	ortholog_one2one
ATL2	ATL2	ortholog_one2one
FCER1G	FCER1G	ortholog_one2one
DNM3	DNM3	ortholog_one2one
HK2	HK2	ortholog_one2one
KCNK2	KCNK2	ortholog_one2one
KLHL30	KLHL30	ortholog_one2one
ATP1B1	ATP1B1	ortholog_one2one
UBE2E3	UBE2E3	ortholog_one2one
EPRS1	EPRS1	ortholog_one2one
MLPH	MLPH	ortholog_one2one
SMYD2	SMYD2	ortholog_one2one
HCN3	HCN3	ortholog_one2one
RBBP4		ortholog_one2one
FCGR3A		ortholog_one2many
DBT	DBT	ortholog_one2many
DBT		ortholog_one2many
MFAP2	MFAP2	ortholog_one2one
MFSD6	MFSD6	ortholog_one2one
CNPPD1	CNPPD1	ortholog_one2one
ZBTB18	ZBTB18	ortholog_one2one
USF1	USF1	ortholog_one2one
PTCH2	PTCH2	ortholog_one2one
CLASP1	CLASP1	ortholog_one2one
PEX10	PEX10	ortholog_one2one
SYT6	SYT6	ortholog_one2one
DRAM2	DRAM2	ortholog_one2one
PALMD	PALMD	ortholog_one2one
NHEJ1	NHEJ1	ortholog_one2one
MTOR	MTOR	ortholog_one2one
FAAH	FAAH	ortholog_one2one
TMEM275	TMEM275	ortholog_one2one
KIRREL1	KIRREL1	ortholog_one2one
RGS18	RGS18	ortholog_one2one
TTC13	TTC13	ortholog_one2one
BCL9	BCL9	ortholog_one2one
AKNAD1	AKNAD1	ortholog_one2one
ITGA10	ITGA10	ortholog_one2one
SLC6A9	SLC6A9	ortholog_one2one
CFAP74	CFAP74	ortholog_one2one
NCDN	NCDN	ortholog_one2one
S100A2	S100A2	ortholog_one2one
SLC9A1	SLC9A1	ortholog_one2one
URB2	URB2	ortholog_one2one
VTCN1	VTCN1	ortholog_one2one
C1orf52	C1orf52	ortholog_one2one
ST7L	ST7L	ortholog_one2one
BSND	BSND	ortholog_one2one
PAFAH2	PAFAH2	ortholog_one2one
NOL9	NOL9	ortholog_one2one
CELA2B		ortholog_one2many
RPS27	RPS27	ortholog_one2one
NUP210L	NUP210L	ortholog_one2one
SELENOF	SELENOF	ortholog_one2one
MTF2	MTF2	ortholog_one2many
MTF2		ortholog_one2many
ALG6	ALG6	ortholog_one2one
SRGAP2B	SRGAP2	ortholog_one2many
DUSP12	DUSP12	ortholog_one2one
BCAS2	BCAS2	ortholog_one2one
RPL11		ortholog_one2one
RSPO1	RSPO1	ortholog_one2one
TSACC	TSACC	ortholog_one2one
SH2D1B	SH2D1B	ortholog_one2one
CNKSR1	CNKSR1	ortholog_one2one
SRGAP2C	SRGAP2	ortholog_one2many
WDR3	WDR3	ortholog_one2one
BNIPL	BNIPL	ortholog_one2one
CENPS	CENPS	ortholog_one2one
GPR161	GPR161	ortholog_one2one
ALDH9A1	ALDH9A1	ortholog_one2one
TRIM45	TRIM45	ortholog_one2one
RXRG	RXRG	ortholog_one2one
AK2	AK2	ortholog_one2one
DEPDC1	DEPDC1	ortholog_one2one
CIMAP3	CIMAP3	ortholog_one2one
ORC1	ORC1	ortholog_one2one
GPR3	GPR3	ortholog_one2one
CFAP107	CFAP107	ortholog_one2one
OSCP1	OSCP1	ortholog_one2one
S100A14	S100A14	ortholog_one2one
DDR2	DDR2	ortholog_one2one
ADGRL4	ADGRL4	ortholog_one2one
PLOD1	PLOD1	ortholog_one2one
PYHIN1		ortholog_one2one
KIF17	KIF17	ortholog_one2one
SCCPDH	SCCPDH	ortholog_one2one
RCSD1	RCSD1	ortholog_one2one
CTXND2	CTXND2	ortholog_one2one
RAB3B	RAB3B	ortholog_one2one
SPOCD1	SPOCD1	ortholog_one2one
USP21	USP21	ortholog_one2one
PLPPR4	PLPPR4	ortholog_one2one
C1orf146	C1orf146	ortholog_one2one
HCRTR1	HCRTR1	ortholog_one2one
YIPF1	YIPF1	ortholog_one2one
SNAPIN	SNAPIN	ortholog_one2one
SPRR1B		ortholog_one2many
CD247	CD247	ortholog_one2one
REN	REN	ortholog_one2one
RHD		ortholog_one2many
S100A3	S100A3	ortholog_one2one
ZYG11A	ZYG11A	ortholog_one2one
TPR	TPR	ortholog_one2one
SWT1	SWT1	ortholog_one2one
TMEM54	TMEM54	ortholog_one2many
TMEM54		ortholog_one2many
CASQ1	CASQ1	ortholog_one2one
AMY1A		ortholog_many2many
BMP8B		ortholog_many2many
UBE2J2	UBE2J2	ortholog_one2one
GRHL3	GRHL3	ortholog_one2one
RHBG	RHBG	ortholog_one2one
S100A4	S100A4	ortholog_one2one
ZMYM4	ZMYM4	ortholog_one2one
ACOT7	ACOT7	ortholog_one2one
IPO9	IPO9	ortholog_one2one
PCSK9	PCSK9	ortholog_one2one
TCEANC2	TCEANC2	ortholog_one2one
PDPN	PDPN	ortholog_one2one
PRELP	PRELP	ortholog_one2one
COA6		ortholog_one2one
RBM8A	RBM8A	ortholog_one2many
RBM8A		ortholog_one2many
SYCP1	SYCP1	ortholog_one2one
SVBP	SVBP	ortholog_one2one
PPFIA4	PPFIA4	ortholog_one2one
FIRRM	FIRRM	ortholog_one2one
UBE2U	UBE2U	ortholog_one2one
LRRIQ3		ortholog_one2one
MRTO4	MRTO4	ortholog_one2many
MRTO4		ortholog_one2many
YARS1	YARS1	ortholog_one2one
CYP4B1	CYP4B1	ortholog_one2one
AXDND1	AXDND1	ortholog_one2one
RPF1		ortholog_one2one
TRABD2B	TRABD2B	ortholog_one2one
VANGL2	VANGL2	ortholog_one2one
NOC2L	NOC2L	ortholog_one2one
ENTREP3	ENTREP3	ortholog_one2one
PRRX1	PRRX1	ortholog_one2one
F3	F3	ortholog_one2one
PDIK1L		ortholog_one2many
PDIK1L	PDIK1L	ortholog_one2many
SCNM1	SCNM1	ortholog_one2one
FDPS		ortholog_one2many
FDPS	FDPS	ortholog_one2many
SUSD4	SUSD4	ortholog_one2one
PYGO2	PYGO2	ortholog_one2one
SAMD13	SAMD13	ortholog_one2one
TMEM69	TMEM69	ortholog_one2one
CENPL	CENPL	ortholog_one2one
COL24A1	COL24A1	ortholog_one2one
KIF2C	KIF2C	ortholog_one2one
TTLL7	TTLL7	ortholog_one2one
PGLYRP3	PGLYRP3	ortholog_one2one
TIPRL		ortholog_one2many
TIPRL	TIPRL	ortholog_one2many
TMEM240	TMEM240	ortholog_one2one
UTS2	UTS2	ortholog_one2one
ZBTB40	ZBTB40	ortholog_one2one
SV2A	SV2A	ortholog_one2one
SELENBP1	SELENBP1	ortholog_one2one
COL11A1	COL11A1	ortholog_one2one
MRPL37	MRPL37	ortholog_one2one
MROH7	MROH7	ortholog_one2one
CDC42SE1	CDC42SE1	ortholog_one2one
STK40	STK40	ortholog_one2one
LIN9	LIN9	ortholog_one2one
SPSB1	SPSB1	ortholog_one2one
RAB29	RAB29	ortholog_one2one
SCYL3	SCYL3	ortholog_one2one
ELAVL4	ELAVL4	ortholog_one2one
FGR	FGR	ortholog_one2one
CTTNBP2NL	CTTNBP2NL	ortholog_one2one
KANK4	KANK4	ortholog_one2one
STMN1	STMN1	ortholog_one2one
XPR1	XPR1	ortholog_one2one
LPAR3	LPAR3	ortholog_one2one
ZZZ3	ZZZ3	ortholog_one2one
PEAR1	PEAR1	ortholog_one2one
NLRP3	NLRP3	ortholog_one2one
DDX59	DDX59	ortholog_one2one
THEM4		ortholog_one2many
THEM4	THEM4	ortholog_one2many
SPRTN	SPRTN	ortholog_one2one
C1orf50	C1orf50	ortholog_one2one
ALX3	ALX3	ortholog_one2one
ZBTB8A	ZBTB8A	ortholog_one2one
KCNH1	KCNH1	ortholog_one2one
CD53	CD53	ortholog_one2one
GPX7	GPX7	ortholog_one2one
UHMK1		ortholog_one2many
UHMK1	UHMK1	ortholog_one2many
RAD54L	RAD54L	ortholog_one2one
DPH5	DPH5	ortholog_one2one
TOE1		ortholog_one2many
TOE1	TOE1	ortholog_one2many
UBE2T	UBE2T	ortholog_one2one
LRRC7	LRRC7	ortholog_one2one
HPCA	HPCA	ortholog_one2one
SCMH1	SCMH1	ortholog_one2one
GALE	GALE	ortholog_one2one
GPR88	GPR88	ortholog_one2one
SLAMF1	SLAMF1	ortholog_one2one
ADIPOR1	ADIPOR1	ortholog_one2one
BRINP3	BRINP3	ortholog_one2one
TOR3A	TOR3A	ortholog_one2one
CCDC18	CCDC18	ortholog_one2many
CCDC18		ortholog_one2many
TADA1	TADA1	ortholog_one2one
LAD1	LAD1	ortholog_one2one
AGT	AGT	ortholog_one2one
GPATCH3	GPATCH3	ortholog_one2one
PRPF38A	PRPF38A	ortholog_one2one
ASPM	ASPM	ortholog_one2one
MPZL1	MPZL1	ortholog_one2one
EPHA8	EPHA8	ortholog_one2one
CLCA4	CLCA4	ortholog_one2one
ZNF362	ZNF362	ortholog_one2one
NSL1	NSL1	ortholog_one2one
RAVER2	RAVER2	ortholog_one2one
MAN1C1	MAN1C1	ortholog_one2one
EIF3I	EIF3I	ortholog_one2one
TRIM46	TRIM46	ortholog_one2one
MRPS21		ortholog_one2one
DDX20	DDX20	ortholog_one2one
E2F2	E2F2	ortholog_one2one
VWA5B1	VWA5B1	ortholog_one2one
SLC16A4	SLC16A4	ortholog_one2one
C1orf159	C1orf159	ortholog_one2one
SPRR2D		ortholog_one2many
B3GALNT2	B3GALNT2	ortholog_one2many
B3GALNT2		ortholog_one2many
CEP170	CEP170	ortholog_one2one
FAM163A	FAM163A	ortholog_one2one
FCGR1A	FCGR1A	ortholog_one2one
LRP8	LRP8	ortholog_one2one
SLC25A44	SLC25A44	ortholog_one2one
ESRRG	ESRRG	ortholog_one2one
C1QTNF12	C1QTNF12	ortholog_one2one
FBXO42	FBXO42	ortholog_one2one
IFNLR1	IFNLR1	ortholog_one2one
DNASE2B	DNASE2B	ortholog_one2one
PLEKHN1	PLEKHN1	ortholog_one2one
RNPC3	RNPC3	ortholog_one2one
PMVK	PMVK	ortholog_one2one
HFM1	HFM1	ortholog_one2one
ARHGAP29	ARHGAP29	ortholog_one2one
LRRC41	LRRC41	ortholog_one2one
GPR89A		ortholog_one2many
EBNA1BP2	EBNA1BP2	ortholog_one2one
SLC1A7	SLC1A7	ortholog_one2one
CHD5	CHD5	ortholog_one2one
AK5	AK5	ortholog_one2one
KCNJ9	KCNJ9	ortholog_one2one
MAB21L3	MAB21L3	ortholog_one2one
ERMAP	ERMAP	ortholog_one2one
PRSS38	PRSS38	ortholog_one2one
SLC16A1		ortholog_one2many
GLUL	GLUL	ortholog_one2one
INAVA	INAVA	ortholog_one2one
BTBD8	BTBD8	ortholog_one2one
YBX1	YBX1	ortholog_one2one
SZRD1		ortholog_one2many
SZRD1	SZRD1	ortholog_one2many
AGBL4	AGBL4	ortholog_one2one
CLCA1	CLCA1	ortholog_one2one
DNAJB4	DNAJB4	ortholog_one2one
IBA57	IBA57	ortholog_one2one
C1orf210	C1orf210	ortholog_one2one
MAN1A2	MAN1A2	ortholog_one2many
MAN1A2		ortholog_one2many
RCC2		ortholog_one2many
SDCCAG8	SDCCAG8	ortholog_one2one
CEPT1	CEPT1	ortholog_one2one
CTBS	CTBS	ortholog_one2one
SLC35D1	SLC35D1	ortholog_one2one
FCRL1	FCRL1	ortholog_one2one
IFFO2	IFFO2	ortholog_one2one
NTPCR	NTPCR	ortholog_one2one
ATXN7L2	ATXN7L2	ortholog_one2one
SPATA17	SPATA17	ortholog_one2one
SH3D21	SH3D21	ortholog_one2one
DENND2D	DENND2D	ortholog_one2one
CCDC30	CCDC30	ortholog_one2one
MYOM3	MYOM3	ortholog_one2one
NT5C1A	NT5C1A	ortholog_one2one
DCAF6	DCAF6	ortholog_one2one
MOV10	MOV10	ortholog_one2one
ZNF687	ZNF687	ortholog_one2one
JMJD4	JMJD4	ortholog_one2one
VANGL1	VANGL1	ortholog_one2one
SEMA6C	SEMA6C	ortholog_one2one
PRAMEF7		ortholog_one2many
OAZ3	OAZ3	ortholog_one2one
ATP1A1	ATP1A1	ortholog_one2one
TMEM222	TMEM222	ortholog_one2one
CHTOP	CHTOP	ortholog_one2one
DEDD	DEDD	ortholog_one2one
RPL22		ortholog_one2one
NTMT2	NTMT2	ortholog_one2one
RERE	RERE	ortholog_one2one
ATP13A2	ATP13A2	ortholog_one2one
CD1D	CD1D	ortholog_one2one
ZBTB41	ZBTB41	ortholog_one2one
LYPLA2	LYPLA2	ortholog_one2one
COQ8A	COQ8A	ortholog_one2one
WLS	WLS	ortholog_one2one
NHLH2	NHLH2	ortholog_one2one
GUCA2B	GUCA2B	ortholog_one2one
CD84	CD84	ortholog_one2one
CATSPERE	CATSPERE	ortholog_one2one
FUCA1	FUCA1	ortholog_one2one
PLEKHA6	PLEKHA6	ortholog_one2one
SCP2	SCP2	ortholog_one2one
TOR1AIP2	TOR1AIP2	ortholog_one2one
PKLR	PKLR	ortholog_one2one
RNF11		ortholog_one2many
RNF11	RNF11	ortholog_one2many
AGO4	AGO4	ortholog_one2one
B4GALT3	B4GALT3	ortholog_one2one
JTB	JTB	ortholog_one2one
NUDC	NUDC	ortholog_one2one
PTPRU	PTPRU	ortholog_one2one
HDGF	HDGF	ortholog_one2one
SLAMF7	SLAMF7	ortholog_one2one
KMO	KMO	ortholog_one2one
UBQLN4	UBQLN4	ortholog_one2one
PLEKHM2	PLEKHM2	ortholog_one2one
C4BPA	C4BPA	ortholog_one2one
PGLYRP4	PGLYRP4	ortholog_one2one
NEXN	NEXN	ortholog_one2one
PRDM16	PRDM16	ortholog_one2one
COG2	COG2	ortholog_one2one
INTS7	INTS7	ortholog_one2one
TSPAN1	TSPAN1	ortholog_one2one
RLF	RLF	ortholog_one2one
SSX2IP	SSX2IP	ortholog_one2one
S100A16	S100A16	ortholog_one2one
DDOST	DDOST	ortholog_one2one
SIKE1	SIKE1	ortholog_one2one
CKS1B	CKS1B	ortholog_one2one
GADD45A	GADD45A	ortholog_one2one
RABGAP1L	RABGAP1L	ortholog_one2one
ACBD6	ACBD6	ortholog_one2one
NIPAL3	NIPAL3	ortholog_one2one
SNRNP40		ortholog_one2one
HPCAL4	HPCAL4	ortholog_one2one
PNRC2		ortholog_one2many
COL8A2	COL8A2	ortholog_one2one
C4BPB	C4BPB	ortholog_one2one
EFCAB14	EFCAB14	ortholog_one2one
TENT5C	TENT5C	ortholog_one2one
CHI3L2	CHI3L2	ortholog_one2one
SLC60A1	MFSD4A	ortholog_one2one
EVI5	EVI5	ortholog_one2one
TNFRSF1B	TNFRSF1B	ortholog_one2one
SPRR1A		ortholog_one2many
KIF21B	KIF21B	ortholog_one2one
KCNAB2	KCNAB2	ortholog_one2one
FASLG	FASLG	ortholog_one2one
ASAP3	ASAP3	ortholog_one2one
MRPS15	MRPS15	ortholog_one2one
UFC1	UFC1	ortholog_one2many
UFC1		ortholog_one2many
SLC50A1	SLC50A1	ortholog_one2one
MUTYH	MUTYH	ortholog_one2one
IL20	IL20	ortholog_one2one
ERRFI1	ERRFI1	ortholog_one2many
ERRFI1		ortholog_one2many
RNF207	RNF207	ortholog_one2one
HYI	HYI	ortholog_one2one
GNAI3	GNAI3	ortholog_one2one
IGSF3	IGSF3	ortholog_one2one
IFI44L	IFI44L	ortholog_one2one
PEA15	PEA15	ortholog_one2one
SLC26A9	SLC26A9	ortholog_one2one
MEAF6		ortholog_one2one
PHF13	PHF13	ortholog_one2one
KIF26B	KIF26B	ortholog_one2one
ANGPTL7	ANGPTL7	ortholog_one2one
ICMT	ICMT	ortholog_one2one
ECHDC2	ECHDC2	ortholog_one2one
BSDC1	BSDC1	ortholog_one2one
UAP1	UAP1	ortholog_one2one
STPG1	STPG1	ortholog_one2one
S100A6	S100A6	ortholog_one2one
RBM34		ortholog_one2one
GDAP2	GDAP2	ortholog_one2one
CCDC27	CCDC27	ortholog_one2one
FCAMR	FCAMR	ortholog_one2one
KLHL21	KLHL21	ortholog_one2one
ZNHIT6	ZNHIT6	ortholog_one2one
HSPG2	HSPG2	ortholog_one2one
WNT4	WNT4	ortholog_one2one
CFAP276	CFAP276	ortholog_one2one
ZNF672	ZNF672	ortholog_one2one
BTBD19	BTBD19	ortholog_one2one
PLA2G2F	PLA2G2F	ortholog_one2one
PPIH	PPIH	ortholog_one2one
NPHS2	NPHS2	ortholog_one2one
PPM1J	PPM1J	ortholog_one2one
NMNAT2	NMNAT2	ortholog_one2one
PLD5	PLD5	ortholog_one2one
MGST3	MGST3	ortholog_one2one
SMG7	SMG7	ortholog_one2one
TEX46	TEX46	ortholog_one2one
ANXA9	ANXA9	ortholog_one2one
BPNT1	BPNT1	ortholog_one2one
MYBPH	MYBPH	ortholog_one2one
TMOD4	TMOD4	ortholog_one2one
MECR	MECR	ortholog_one2one
SUCO	SUCO	ortholog_one2one
ELK4	ELK4	ortholog_one2one
USP48	USP48	ortholog_one2one
CSMD2	CSMD2	ortholog_one2one
WNT2B	WNT2B	ortholog_one2one
S100A1	S100A1	ortholog_one2one
CD101	CD101	ortholog_one2one
SOX13	SOX13	ortholog_one2one
KIF14	KIF14	ortholog_one2one
HSD11B1	HSD11B1	ortholog_one2one
POU2F1	POU2F1	ortholog_one2one
NCF2	NCF2	ortholog_one2one
KISS1	KISS1	ortholog_one2one
SRRM1	SRRM1	ortholog_one2one
TMEM59	TMEM59	ortholog_one2one
METTL13	METTL13	ortholog_one2one
MTX1	MTX1	ortholog_one2one
SDHC	SDHC	ortholog_one2one
PFDN2	PFDN2	ortholog_one2one
LRRC8C	LRRC8C	ortholog_one2one
ACTN2	ACTN2	ortholog_one2one
FRRS1	FRRS1	ortholog_one2one
NKAIN1	NKAIN1	ortholog_one2one
TTC39A	TTC39A	ortholog_one2one
CYP4A22	CYP4A11	ortholog_one2many
ANP32E		ortholog_one2many
ANP32E	ANP32E	ortholog_one2many
PROK1	PROK1	ortholog_one2one
STX6	STX6	ortholog_one2one
ATP8B2	ATP8B2	ortholog_one2one
ARF1	ARF1	ortholog_one2one
L1TD1	L1TD1	ortholog_one2one
GABRD	GABRD	ortholog_one2one
ILF2		ortholog_one2many
ILF2	ILF2	ortholog_one2many
OLFML3	OLFML3	ortholog_one2one
FMO3	FMO3	ortholog_one2one
FNBP1L	FNBP1L	ortholog_one2one
SNAP47	SNAP47	ortholog_one2one
PITHD1	PITHD1	ortholog_one2one
SYNC	SYNC	ortholog_one2one
ADAM15	ADAM15	ortholog_one2one
PIP5K1A	PIP5K1A	ortholog_one2one
TEKT2	TEKT2	ortholog_one2one
BGLAP	BGLAP	ortholog_one2one
NASP	NASP	ortholog_one2one
TMEM82	TMEM82	ortholog_one2one
RO60	RO60	ortholog_one2one
CR1L		ortholog_one2one
RBP7	RBP7	ortholog_one2one
EXTL2	EXTL2	ortholog_one2one
STUM	STUM	ortholog_one2one
SORT1	SORT1	ortholog_one2one
CDC14A	CDC14A	ortholog_one2one
HES3	HES3	ortholog_one2one
KIAA2013	KIAA2013	ortholog_one2one
ARHGEF2	ARHGEF2	ortholog_one2one
ERICH3	ERICH3	ortholog_one2one
EPS8L3	EPS8L3	ortholog_one2one
TFB2M	TFB2M	ortholog_one2one
SLAMF9	SLAMF9	ortholog_one2one
PADI2	PADI2	ortholog_one2one
BTG2	BTG2	ortholog_one2one
IFT25	IFT25	ortholog_one2one
TMCO4	TMCO4	ortholog_one2one
YTHDF2	YTHDF2	ortholog_one2one
TNFRSF14		ortholog_one2one
HAPLN2	HAPLN2	ortholog_one2one
TMED5	TMED5	ortholog_one2one
MIXL1	MIXL1	ortholog_one2one
HENMT1	HENMT1	ortholog_one2one
C1orf162	C1orf162	ortholog_one2one
C1orf94	C1orf94	ortholog_one2one
FBXO6	FBXO6	ortholog_one2one
ACTL8	ACTL8	ortholog_one2one
HAX1	HAX1	ortholog_one2many
HAX1		ortholog_one2many
PCNX2	PCNX2	ortholog_one2one
PHGDH	PHGDH	ortholog_one2one
DNAH14	DNAH14	ortholog_one2one
RHBDL2	RHBDL2	ortholog_one2one
CDC20	CDC20	ortholog_one2one
IL6R	IL6R	ortholog_one2one
AGL	AGL	ortholog_one2one
NPL	NPL	ortholog_one2one
NECAP2	NECAP2	ortholog_one2one
MCOLN2	MCOLN2	ortholog_one2one
HMGCL	HMGCL	ortholog_one2one
CAMSAP2	CAMSAP2	ortholog_one2one
SERTAD4	SERTAD4	ortholog_one2one
THBS3	THBS3	ortholog_one2one
HES2	HES2	ortholog_one2one
BEST4	BEST4	ortholog_one2one
CIROZ	C1orf127	ortholog_one2one
GSTM3	GSTM3	ortholog_one2one
UBE4B	UBE4B	ortholog_one2one
B4GALT2	B4GALT2	ortholog_one2one
RAP1GAP	RAP1GAP	ortholog_one2one
SNIP1	SNIP1	ortholog_one2one
LDLRAD2	LDLRAD2	ortholog_one2one
CTSE	CTSE	ortholog_one2one
S100A10		ortholog_one2many
S100A10	S100A10	ortholog_one2many
IL19	IL19	ortholog_one2one
SARS1	SARS1	ortholog_one2one
THEMIS2	THEMIS2	ortholog_one2one
PRKAB2	PRKAB2	ortholog_one2one
CLIC4	CLIC4	ortholog_one2one
KDM5B	KDM5B	ortholog_one2one
XKR8	XKR8	ortholog_one2one
PSMB2	PSMB2	ortholog_one2one
BMP8A		ortholog_many2many
CLSPN	CLSPN	ortholog_one2one
RPAP2		ortholog_one2many
RPAP2	RPAP2	ortholog_one2many
CASQ2	CASQ2	ortholog_one2one
LYPLAL1	LYPLAL1	ortholog_one2one
DHDDS	DHDDS	ortholog_one2one
MIIP	MIIP	ortholog_one2one
PPP1R8	PPP1R8	ortholog_one2one
ELF3	ELF3	ortholog_one2one
ACAP3	ACAP3	ortholog_one2one
HAO2	HAO2	ortholog_one2one
S100A5	S100A5	ortholog_one2one
MAGOH	MAGOH	ortholog_one2many
MAGOH		ortholog_one2many
S100A8	S100A8	ortholog_one2one
DLGAP3	DLGAP3	ortholog_one2one
ZMYM6	ZMYM6	ortholog_one2one
OPRD1	OPRD1	ortholog_one2one
FSAF1	C17H1orf131	ortholog_one2many
FSAF1		ortholog_one2many
PRKACB	PRKACB	ortholog_one2one
NCSTN	NCSTN	ortholog_one2one
ENSA	ENSA	ortholog_one2one
CNIH3	CNIH3	ortholog_one2one
TNFRSF25	TNFRSF25	ortholog_one2one
SIPA1L2	SIPA1L2	ortholog_one2one
ST6GALNAC5	ST6GALNAC5	ortholog_one2one
GTF2B	GTF2B	ortholog_one2one
MCL1	MCL1	ortholog_one2one
TSPAN2	TSPAN2	ortholog_one2one
KRTCAP2	KRTCAP2	ortholog_one2one
RAP1A		ortholog_one2many
RAP1A	RAP1A	ortholog_one2many
MTFR1L	MTFR1L	ortholog_one2one
PPP2R5A	PPP2R5A	ortholog_one2one
PI4KB	PI4KB	ortholog_one2many
PI4KB		ortholog_one2many
EPHA10	EPHA10	ortholog_one2one
ZNF695		ortholog_one2one
NUF2	NUF2	ortholog_one2one
OTUD7B	OTUD7B	ortholog_one2one
ATP5IF1	ATP5IF1	ortholog_one2one
ARID4B	ARID4B	ortholog_one2one
OLFM3	OLFM3	ortholog_one2one
LCE1E		ortholog_one2many
WRAP73	WRAP73	ortholog_one2one
NBL1	NBL1	ortholog_one2one
C1orf54	C1orf54	ortholog_one2one
MTARC2	MTARC2	ortholog_one2one
CASP9	CASP9	ortholog_one2one
COPA	COPA	ortholog_one2one
STXBP3	STXBP3	ortholog_one2one
LAMC1	LAMC1	ortholog_one2one
SSU72	SSU72	ortholog_one2one
ID3	ID3	ortholog_one2one
DHX9	DHX9	ortholog_one2one
ATAD3A	ATAD3A	ortholog_one2one
CNTN2	CNTN2	ortholog_one2one
CIART	CIART	ortholog_one2one
SELL	SELL	ortholog_one2one
RRAGC	RRAGC	ortholog_one2one
WDR26	WDR26	ortholog_one2one
RGS1	RGS1	ortholog_one2one
IGFN1	IGFN1	ortholog_one2one
TMEM9	TMEM9	ortholog_one2one
AMY2B		ortholog_many2many
ITLN1		ortholog_one2many
PTGFR	PTGFR	ortholog_one2one
RGS5	RGS5	ortholog_one2one
DFFA	DFFA	ortholog_one2one
NUCKS1		ortholog_one2one
ETV3L	ETV3L	ortholog_one2one
OBSCN	OBSCN	ortholog_one2one
CASZ1	CASZ1	ortholog_one2one
SRGAP2	SRGAP2	ortholog_one2many
TRAF5	TRAF5	ortholog_one2one
ALDH4A1	ALDH4A1	ortholog_one2one
PTBP2	PTBP2	ortholog_one2one
SKI	SKI	ortholog_one2one
LAMC2	LAMC2	ortholog_one2one
RCOR3	RCOR3	ortholog_one2one
KLHL12	KLHL12	ortholog_one2one
FAM20B	FAM20B	ortholog_one2one
PODN	PODN	ortholog_one2one
NTNG1	NTNG1	ortholog_one2one
PPP1R12B	PPP1R12B	ortholog_one2one
EDN2	EDN2	ortholog_one2one
ANKRD35	ANKRD35	ortholog_one2one
EGLN1	EGLN1	ortholog_one2one
ALG14	ALG14	ortholog_one2one
MRPL9	MRPL9	ortholog_one2one
MIER1	MIER1	ortholog_one2one
CD55	CD55	ortholog_one2one
NADK	NADK	ortholog_one2one
USP24	USP24	ortholog_one2one
ADGRB2	ADGRB2	ortholog_one2one
BLZF1	BLZF1	ortholog_one2many
BLZF1		ortholog_one2many
ENO1	ENO1	ortholog_one2one
GPR137B	GPR137B	ortholog_one2one
TRIT1	TRIT1	ortholog_one2one
AJAP1	AJAP1	ortholog_one2one
SLC35F3	SLC35F3	ortholog_one2one
TNFSF4	TNFSF4	ortholog_one2one
SH2D5	SH2D5	ortholog_one2one
TESK2	TESK2	ortholog_one2one
ACOT11	ACOT11	ortholog_one2one
COA7		ortholog_one2many
RABGGTB	RABGGTB	ortholog_one2many
RABGGTB		ortholog_one2many
NPPB	NPPB	ortholog_one2one
DMBX1	DMBX1	ortholog_one2one
LY9	LY9	ortholog_one2one
CAPZB	CAPZB	ortholog_one2one
HIPK1	HIPK1	ortholog_one2one
SYF2	SYF2	ortholog_one2one
KHDRBS1	KHDRBS1	ortholog_one2one
PRKCZ	PRKCZ	ortholog_one2one
KCND3	KCND3	ortholog_one2one
GPR157	GPR157	ortholog_one2one
PTGFRN	PTGFRN	ortholog_one2one
MYOCOS		ortholog_one2one
EPB41	EPB41	ortholog_one2many
EPB41		ortholog_one2many
ITPKB	ITPKB	ortholog_one2one
DYRK3	DYRK3	ortholog_one2one
C1QC	C1QC	ortholog_one2one
SH3GLB1	SH3GLB1	ortholog_one2one
CCSAP	CCSAP	ortholog_one2one
RIMS3	RIMS3	ortholog_one2one
UTP11	UTP11	ortholog_one2one
FHAD1	FHAD1	ortholog_one2one
PUM1	PUM1	ortholog_one2many
PUM1		ortholog_one2many
ANGPTL1	ANGPTL1	ortholog_one2one
DMRTA2	DMRTA2	ortholog_one2one
FAF1	FAF1	ortholog_one2one
ITGB3BP	ITGB3BP	ortholog_one2many
ITGB3BP		ortholog_one2many
FAM78B	FAM78B	ortholog_one2one
DPYD	DPYD	ortholog_one2one
MPL	MPL	ortholog_one2one
EDARADD	EDARADD	ortholog_one2one
ILDR2	ILDR2	ortholog_one2one
EFNA1	EFNA1	ortholog_one2one
CFAP144	CFAP144	ortholog_one2many
PRPF3	PRPF3	ortholog_one2one
SLC66A1	SLC66A1	ortholog_one2one
RAB42	RAB42	ortholog_one2one
NEGR1	NEGR1	ortholog_one2one
FH	FH	ortholog_one2many
FH		ortholog_one2many
GPR153	GPR153	ortholog_one2one
INPP5B	INPP5B	ortholog_one2one
TMEM51	TMEM51	ortholog_one2one
SLC71A1	MFSD14A	ortholog_one2one
CLCNKA	CLCNKA	ortholog_one2many
PLA2G4A	PLA2G4A	ortholog_one2one
GON4L	GON4L	ortholog_one2many
TFAP2E	TFAP2E	ortholog_one2one
GRIK3	GRIK3	ortholog_one2one
ZNF683	ZNF683	ortholog_one2one
LRRC8B	LRRC8B	ortholog_one2one
SMIM1	SMIM1	ortholog_one2one
CENPF	CENPF	ortholog_one2one
SPATA21	SPATA21	ortholog_one2one
RGS2	RGS2	ortholog_one2one
ELOVL1	ELOVL1	ortholog_one2one
CDCA8	CDCA8	ortholog_one2many
CDCA8		ortholog_one2many
TAF12	TAF12	ortholog_one2one
SZT2	SZT2	ortholog_one2one
DAP3	DAP3	ortholog_one2one
NFYC	NFYC	ortholog_one2one
PIK3CD	PIK3CD	ortholog_one2one
ANKRD13C	ANKRD13C	ortholog_one2one
SRARP	SRARP	ortholog_one2one
DMRTB1	DMRTB1	ortholog_one2one
CLCC1	CLCC1	ortholog_one2one
EXTL1	EXTL1	ortholog_one2one
ZCCHC17		ortholog_one2many
ZCCHC17	ZCCHC17	ortholog_one2many
WASF2	WASF2	ortholog_one2one
RNF19B	RNF19B	ortholog_one2one
LUZP1	LUZP1	ortholog_one2one
CFH	CFH	ortholog_one2many
CFH		ortholog_one2many
GBP4	GBP4	ortholog_one2one
CREB3L4	CREB3L4	ortholog_one2one
TAL1	TAL1	ortholog_one2one
H6PD	H6PD	ortholog_one2one
LMNA	LMNA	ortholog_one2one
NDC1	NDC1	ortholog_one2one
PGBD2	PGBD2	ortholog_one2one
FGGY	FGGY	ortholog_one2one
TMCO1	TMCO1	ortholog_one2one
ARHGEF11	ARHGEF11	ortholog_one2one
ATP6V1G3	ATP6V1G3	ortholog_one2one
ERO1B	ERO1B	ortholog_one2one
STX12		ortholog_one2many
STX12	STX12	ortholog_one2many
NAV1	NAV1	ortholog_one2one
NPPA	NPPA	ortholog_one2one
MDM4	MDM4	ortholog_one2one
HMCN1	HMCN1	ortholog_one2one
LAMB3	LAMB3	ortholog_one2one
COX20	COX20	ortholog_one2one
TARDBP	TARDBP	ortholog_one2one
UBE2Q1	UBE2Q1	ortholog_one2one
CDK11A		ortholog_one2many
RBM15	RBM15	ortholog_one2one
CLSTN1	CLSTN1	ortholog_one2one
NR1I3	NR1I3	ortholog_one2one
CTSK	CTSK	ortholog_one2one
ZSWIM5	ZSWIM5	ortholog_one2one
SRP9		ortholog_one2many
SRP9	SRP9	ortholog_one2many
ACADM	ACADM	ortholog_one2one
CACNA1E	CACNA1E	ortholog_one2one
ACKR1	ACKR1	ortholog_one2one
LEFTY2		ortholog_one2many
POGK	POGK	ortholog_one2one
TRIM33	TRIM33	ortholog_one2one
FAAP20	FAAP20	ortholog_one2one
SPEN	SPEN	ortholog_one2one
PERM1	PERM1	ortholog_one2one
SLFNL1	SLFNL1	ortholog_one2one
SESN2	SESN2	ortholog_one2one
CR1		ortholog_one2one
DCDC2B	DCDC2B	ortholog_one2one
BCAN	BCAN	ortholog_one2one
DTL	DTL	ortholog_one2one
STIL	STIL	ortholog_one2one
SDHB	SDHB	ortholog_one2one
SNX7	SNX7	ortholog_one2many
SNX7		ortholog_one2many
ESPN	ESPN	ortholog_one2one
JAK1	JAK1	ortholog_one2one
TMCC2	TMCC2	ortholog_one2one
CCDC24	CCDC24	ortholog_one2one
BATF3	BATF3	ortholog_one2one
PSEN2	PSEN2	ortholog_one2one
AMPD1	AMPD1	ortholog_one2one
TNFRSF4	TNFRSF4	ortholog_one2one
CACNA1S	CACNA1S	ortholog_one2one
DNAI3	DNAI3	ortholog_one2one
MYSM1	MYSM1	ortholog_one2one
AURKAIP1	AURKAIP1	ortholog_one2one
LHX9	LHX9	ortholog_one2one
HSPB7	HSPB7	ortholog_one2one
PGBD5	PGBD5	ortholog_one2one
IFI6	IFI6	ortholog_one2one
TINAGL1	TINAGL1	ortholog_one2one
TARBP1	TARBP1	ortholog_one2one
SERBP1	SERBP1	ortholog_one2many
SERBP1		ortholog_one2many
ZNF644	ZNF644	ortholog_one2one
C1QA	C1QA	ortholog_one2one
CLDN19	CLDN19	ortholog_one2one
MYBPHL	MYBPHL	ortholog_one2one
TATDN3	TATDN3	ortholog_one2one
NES	NES	ortholog_one2one
